LocationID	Location	ParentLocationID	Latitude	Longitude
ABDV2	Abingdon	ABDV2	36.686111	-81.983330
ABVA1	Albertville	ABVA1	34.235554	-86.185837
ACIT1	Cumberland River at Ashland City	ACIT1	36.270556	-87.076111
AHNA1	Athens AL	AHNA1	34.790001	-86.965553
AHNT1	Athens TN	AHNT1	35.468056	-84.585831
ALBK2	Albany	ALBK2	36.746940	-85.123060
ALCT1	Little at Alcoa	ALCT1	35.808887	-83.926666
ALF	Allen Fossil Plant	ALF	35.069668	-90.138830
ALF-01	Allen-Unit1	ALF	35.075588	-90.148294
ALF-02	Allen-Unit2	ALF	35.075588	-90.148294
ALF-03	Allen-Unit3	ALF	35.075588	-90.148294
ALTT1	Altamont	ALTT1	35.431667	-85.716667
ANDT1	Anderson	ANDT1	35.003334	-85.896942
ANTT1	Mill Creek nr Antioch	ANTT1	36.081665	-86.680557
Apalachia_Powerhouse	Apalachia Powerhouse	Apalachia_Powerhouse	35.183000	-84.438000
APH-01	Apalachia-Unit1	HADT1	35.182499	-84.438332
APH-02	Apalachia-Unit2	HADT1	35.182499	-84.438332
APH-OG-01	Apalachia Dam	HADT1	35.168056	-84.295280
APH-OG-02	Apalachia Dam	HADT1	35.168056	-84.295280
APH-OG-03	Apalachia Dam	HADT1	35.168056	-84.295280
APH-OG-04	Apalachia Dam	HADT1	35.168056	-84.295280
APH-OG-05	Apalachia Dam	HADT1	35.168056	-84.295280
APH-OG-06	Apalachia Dam	HADT1	35.168056	-84.295280
APH-SP-01	Apalachia Dam	HADT1	35.168056	-84.295280
APH-SP-02	Apalachia Dam	HADT1	35.168056	-84.295280
APH-SP-03	Apalachia Dam	HADT1	35.168056	-84.295280
APH-SP-04	Apalachia Dam	HADT1	35.168056	-84.295280
APH-SP-05	Apalachia Dam	HADT1	35.168056	-84.295280
APH-SP-06	Apalachia Dam	HADT1	35.168056	-84.295280
APH-SP-07	Apalachia Dam	HADT1	35.168056	-84.295280
APH-SP-08	Apalachia Dam	HADT1	35.168056	-84.295280
APH-SP-09	Apalachia Dam	HADT1	35.168056	-84.295280
APH-SP-10	Apalachia Dam	HADT1	35.168056	-84.295280
APLV2	Appalachia	APLV2	36.901943	-82.788055
ARTT1	Powell nr Arthur	ARTT1	36.542500	-83.629997
AVLN7	French Broad at Asheville	AVLN7	35.609165	-82.578613
AVRN7	Asheville	AVRN7	35.622277	-82.578460
B	Browns Ferry Nuclear Plant	B	34.706699	-87.118896
B-DS	Browns Ferry-Downstream	B	34.704259	-87.118396
B-US	Browns Ferry-Upstream	B	34.704259	-87.118396
BAKN7	Relief	BAKN7	36.046391	-82.298332
BARK2	Barkley Dam	BARK2	37.024445	-88.222778
BARK2_Headwater_for_profile	Barkley  Dam, X-Y data at HP XS in RAS model (for profile calcs)	BARK2_Headwater_for_profile	37.020380	-88.223463
BARK2E	Little at Barkley Lake	BARK2E	36.858002	-87.974998
Barkley_Canal	Barkley Canal	Barkley_Canal	36.980058	-88.238571
BBKT1	Burbank	BBKT1	36.148330	-82.101390
BBVK2	Cumberland at Barbourville	BBVK2	36.862499	-83.886948
BCBA1	Bear Creek at Bishop	BCBA1	34.655800	-88.122500
BCHT1	Beech blw Wolf Creek	BCHT1	35.641388	-88.413330
BCKT1	Beech Dam	BCKT1	35.664166	-88.419998
BCLV2	Beaver Creek Dam	BCLV2	36.641666	-82.111389
BCR-OG-01	Bear Creek Dam	BCRA1	34.399166	-87.987778
BCR-OG-02	Bear Creek Dam	BCRA1	34.399166	-87.987778
BCR-OG-03	Bear Creek Dam	BCRA1	34.399166	-87.987778
BCR-OG-04	Bear Creek Dam	BCRA1	34.399166	-87.987778
BCR-OG-05	Bear Creek Dam	BCRA1	34.399166	-87.987778
BCR-SP-01	Bear Creek Dam	BCRA1	34.399166	-87.987778
BCRA1	Bear Creek Dam	BCRA1	34.399166	-87.987778
BCRN7	Bryson City	BCRN7	35.434722	-83.442222
Bear_Creek_mouth	Bear Creek mouth	Bear_Creek_mouth	34.895820	-88.098206
BEKN7	Banner Elk	BEKN7	36.161110	-81.884720
BELT1	Harpeth at Bellevue	BELT1	36.054443	-86.928337
BENK2	Benton	BENK2	36.853889	-88.293892
BFN 01 (DS, Middle)	BFN-(01)	B	34.706700	-87.128276
BFN 03	BFN-(03)	B	0.000000	0.000000
BFN 04 (US)	BFN-(04)	B	34.663980	-87.076962
BFN 05	BFN-(05)	B	0.000000	0.000000
BFN 06	BFN-(06)	B	0.000000	0.000000
BFN 07	BFN-(07)	B	0.000000	0.000000
BFN 08	BFN-(08)	B	0.000000	0.000000
BFN 09	BFN-(09)	B	0.000000	0.000000
BFN 1/2' D	0.5' D	BFN 04 (US)	34.663980	-87.076962
BFN 10	BFN-(10)	B	0.000000	0.000000
BFN 11	BFN-(11)	B	0.000000	0.000000
BFN 11' D	11' D	BFN 04 (US)	34.663980	-87.076962
BFN 12	BFN-(12)	B	0.000000	0.000000
BFN 13	BFN-(13)	B	0.000000	0.000000
BFN 13' D	13' D	BFN 04 (US)	34.663980	-87.076962
BFN 14 (US, Backup)	BFN-(14)	B	34.682215	-87.097214
BFN 15' D	15' D	BFN 04 (US)	34.663980	-87.076962
BFN 16 (DS, Right)	BFN-(16)	B	34.707210	-87.127842
BFN 17 (DS, Left)	BFN-(17)	B	34.703691	-87.130883
BFN 17' D	17' D	BFN 04 (US)	34.663980	-87.076962
BFN 18 (Gate Structure 1)	BFN-(18)	B	34.703464	-87.120768
BFN 19 (Skimmer Wall)	BFN-(19)	B	34.700733	-87.117587
BFN 20 (Met Station)	BFN-(20)	B	34.701040	-87.108283
BFN 20' D	20' D	BFN 04 (US)	34.663980	-87.076962
BFN 3' D	03' D	BFN 04 (US)	34.663980	-87.076962
BFN 49 (Summary)	BFN-(49)	B	34.701040	-87.108283
BFN 5' D	05' D	BFN 04 (US)	34.663980	-87.076962
BFN 50 (Summary)	BFN-(50)	B	34.701040	-87.108283
BFN 51 (Forecast)	BFN-(51)	B	34.701040	-87.108283
BFN 7' D	07' D	BFN 04 (US)	34.663980	-87.076962
BFN 9' D	09' D	BFN 04 (US)	34.663980	-87.076962
BFN Gate 1	BFN Gate 1	B	34.701040	-87.108283
BFN Gate 1a	BFN Gate 1a	B	34.701040	-87.108283
BFN Gate 1a Bypass	BFN Gate 1a Bypass	B	34.701040	-87.108283
BFN Gate 2	BFN Gate 2	B	34.701040	-87.108283
BFN Outfall 101 (Diffuser)	BFN-(101)	B	34.701040	-87.108283
BFN Tower 1	BFN Tower 1	B	34.701040	-87.108283
BFN Tower 2	BFN Tower 2	B	34.701040	-87.108283
BFN Tower 3	BFN Tower 3	B	34.701040	-87.108283
BFN Tower 4	BFN Tower 4	B	34.701040	-87.108283
BFN Tower 5	BFN Tower 5	B	34.701040	-87.108283
BFN Tower 6	BFN Tower 6	B	34.701040	-87.108283
BFN Tower 7	BFN Tower 7	B	34.701040	-87.108283
BFN Unit 1	BFN Unit 1	B	34.701040	-87.108283
BFN Unit 2	BFN Unit 2	B	34.701040	-87.108283
BFN Unit 3	BFN Unit 3	B	34.701040	-87.108283
BFN-01	Browns Ferry-Unit1	B	34.704259	-87.118396
BFN-02	Browns Ferry-Unit2	B	34.704259	-87.118396
BFN-03	Browns Ferry-Unit3	B	34.704259	-87.118396
BFN_52_(Validation)	BFN-(52)	B	34.701040	-87.108283
BFN_53_(Delft3D)	BFN-(53)	B	34.701040	-87.108283
BFN_53_(Delft3D)_48hours	BFN-(53)_48hr	B	34.701040	-87.108283
BFN_53_(Delft3D)_5day	BFN-(53)_5d	B	34.701040	-87.108283
BFN_Forebay	BFN_Forebay D3D profiles	BFN_Forebay	34.702143	-87.117764
BFN_Forebay_Layer_1	BFN_Forebay_Layer_1	BFN_Forebay	0.000000	0.000000
BFN_Forebay_Layer_10	BFN_Forebay_Layer_10	BFN_Forebay	0.000000	0.000000
BFN_Forebay_Layer_11	BFN_Forebay_Layer_11	BFN_Forebay	0.000000	0.000000
BFN_Forebay_Layer_12	BFN_Forebay_Layer_12	BFN_Forebay	0.000000	0.000000
BFN_Forebay_Layer_13	BFN_Forebay_Layer_13	BFN_Forebay	0.000000	0.000000
BFN_Forebay_Layer_14	BFN_Forebay_Layer_14	BFN_Forebay	0.000000	0.000000
BFN_Forebay_Layer_15	BFN_Forebay_Layer_15	BFN_Forebay	0.000000	0.000000
BFN_Forebay_Layer_16	BFN_Forebay_Layer_16	BFN_Forebay	0.000000	0.000000
BFN_Forebay_Layer_17	BFN_Forebay_Layer_17	BFN_Forebay	0.000000	0.000000
BFN_Forebay_Layer_18	BFN_Forebay_Layer_18	BFN_Forebay	0.000000	0.000000
BFN_Forebay_Layer_19	BFN_Forebay_Layer_19	BFN_Forebay	0.000000	0.000000
BFN_Forebay_Layer_2	BFN_Forebay_Layer_2	BFN_Forebay	0.000000	0.000000
BFN_Forebay_Layer_20	BFN_Forebay_Layer_20	BFN_Forebay	0.000000	0.000000
BFN_Forebay_Layer_21	BFN_Forebay_Layer_21	BFN_Forebay	0.000000	0.000000
BFN_Forebay_Layer_22	BFN_Forebay_Layer_22	BFN_Forebay	0.000000	0.000000
BFN_Forebay_Layer_23	BFN_Forebay_Layer_23	BFN_Forebay	0.000000	0.000000
BFN_Forebay_Layer_24	BFN_Forebay_Layer_24	BFN_Forebay	0.000000	0.000000
BFN_Forebay_Layer_25	BFN_Forebay_Layer_25	BFN_Forebay	0.000000	0.000000
BFN_Forebay_Layer_26	BFN_Forebay_Layer_26	BFN_Forebay	0.000000	0.000000
BFN_Forebay_Layer_27	BFN_Forebay_Layer_27	BFN_Forebay	0.000000	0.000000
BFN_Forebay_Layer_28	BFN_Forebay_Layer_28	BFN_Forebay	0.000000	0.000000
BFN_Forebay_Layer_29	BFN_Forebay_Layer_29	BFN_Forebay	0.000000	0.000000
BFN_Forebay_Layer_3	BFN_Forebay_Layer_3	BFN_Forebay	0.000000	0.000000
BFN_Forebay_Layer_30	BFN_Forebay_Layer_30	BFN_Forebay	0.000000	0.000000
BFN_Forebay_Layer_4	BFN_Forebay_Layer_4	BFN_Forebay	0.000000	0.000000
BFN_Forebay_Layer_5	BFN_Forebay_Layer_5	BFN_Forebay	0.000000	0.000000
BFN_Forebay_Layer_6	BFN_Forebay_Layer_6	BFN_Forebay	0.000000	0.000000
BFN_Forebay_Layer_7	BFN_Forebay_Layer_7	BFN_Forebay	0.000000	0.000000
BFN_Forebay_Layer_8	BFN_Forebay_Layer_8	BFN_Forebay	0.000000	0.000000
BFN_Forebay_Layer_9	BFN_Forebay_Layer_9	BFN_Forebay	0.000000	0.000000
BFN_XSection	BFN_XSection	B	34.701040	-87.108283
BFN01_3ft	BFN01_3ft	BFN 01 (DS, Middle)	34.706700	-87.128276
BFN01_535ft_elev	BFN01_535ft_elev	BFN 01 (DS, Middle)	34.706700	-87.128276
BFN01_545ft_elev	BFN01_545ft_elev	BFN 01 (DS, Middle)	34.706700	-87.128276
BFN01_5ft	BFN01_5ft	BFN 01 (DS, Middle)	34.706700	-87.128276
BFN01_7ft	BFN01_7ft	BFN 01 (DS, Middle)	34.706700	-87.128276
BFN01_Layer_1	BFN01_Layer_1	BFN01_Layers	0.000000	0.000000
BFN01_Layer_10	BFN01_Layer_10	BFN01_Layers	0.000000	0.000000
BFN01_Layer_11	BFN01_Layer_11	BFN01_Layers	0.000000	0.000000
BFN01_Layer_12	BFN01_Layer_12	BFN01_Layers	0.000000	0.000000
BFN01_Layer_13	BFN01_Layer_13	BFN01_Layers	0.000000	0.000000
BFN01_Layer_14	BFN01_Layer_14	BFN01_Layers	0.000000	0.000000
BFN01_Layer_15	BFN01_Layer_15	BFN01_Layers	0.000000	0.000000
BFN01_Layer_16	BFN01_Layer_16	BFN01_Layers	0.000000	0.000000
BFN01_Layer_17	BFN01_Layer_17	BFN01_Layers	0.000000	0.000000
BFN01_Layer_18	BFN01_Layer_18	BFN01_Layers	0.000000	0.000000
BFN01_Layer_19	BFN01_Layer_19	BFN01_Layers	0.000000	0.000000
BFN01_Layer_2	BFN01_Layer_2	BFN01_Layers	0.000000	0.000000
BFN01_Layer_20	BFN01_Layer_20	BFN01_Layers	0.000000	0.000000
BFN01_Layer_21	BFN01_Layer_21	BFN01_Layers	0.000000	0.000000
BFN01_Layer_22	BFN01_Layer_22	BFN01_Layers	0.000000	0.000000
BFN01_Layer_23	BFN01_Layer_23	BFN01_Layers	0.000000	0.000000
BFN01_Layer_24	BFN01_Layer_24	BFN01_Layers	0.000000	0.000000
BFN01_Layer_25	BFN01_Layer_25	BFN01_Layers	0.000000	0.000000
BFN01_Layer_26	BFN01_Layer_26	BFN01_Layers	0.000000	0.000000
BFN01_Layer_27	BFN01_Layer_27	BFN01_Layers	0.000000	0.000000
BFN01_Layer_28	BFN01_Layer_28	BFN01_Layers	0.000000	0.000000
BFN01_Layer_29	BFN01_Layer_29	BFN01_Layers	0.000000	0.000000
BFN01_Layer_3	BFN01_Layer_3	BFN01_Layers	0.000000	0.000000
BFN01_Layer_30	BFN01_Layer_30	BFN01_Layers	0.000000	0.000000
BFN01_Layer_4	BFN01_Layer_4	BFN01_Layers	0.000000	0.000000
BFN01_Layer_5	BFN01_Layer_5	BFN01_Layers	0.000000	0.000000
BFN01_Layer_6	BFN01_Layer_6	BFN01_Layers	0.000000	0.000000
BFN01_Layer_7	BFN01_Layer_7	BFN01_Layers	0.000000	0.000000
BFN01_Layer_8	BFN01_Layer_8	BFN01_Layers	0.000000	0.000000
BFN01_Layer_9	BFN01_Layer_9	BFN01_Layers	0.000000	0.000000
BFN01_Layers	BFN01 D3D profiles	BFN01_Layers	34.706700	-87.128276
BFN04_1/2ft	BFN04_1/2ft	BFN 04 (US)	34.663980	-87.076962
BFN04_11ft	BFN04_11ft	BFN 04 (US)	34.663980	-87.076962
BFN04_13ft	BFN04_13ft	BFN 04 (US)	34.663980	-87.076962
BFN04_15ft	BFN04_15ft	BFN 04 (US)	34.663980	-87.076962
BFN04_17ft	BFN04_17ft	BFN 04 (US)	34.663980	-87.076962
BFN04_20ft	BFN04_20ft	BFN 04 (US)	34.663980	-87.076962
BFN04_3ft	BFN04_3ft	BFN 04 (US)	34.663980	-87.076962
BFN04_5ft	BFN04_5ft	BFN 04 (US)	34.663980	-87.076962
BFN04_7ft	BFN04_7ft	BFN 04 (US)	34.663980	-87.076962
BFN04_9ft	BFN04_9ft	BFN 04 (US)	34.663980	-87.076962
BFN04_Layer_1	BFN04_Layer_1	BFN04_Layers	0.000000	0.000000
BFN04_Layer_10	BFN04_Layer_10	BFN04_Layers	0.000000	0.000000
BFN04_Layer_11	BFN04_Layer_11	BFN04_Layers	0.000000	0.000000
BFN04_Layer_12	BFN04_Layer_12	BFN04_Layers	0.000000	0.000000
BFN04_Layer_13	BFN04_Layer_13	BFN04_Layers	0.000000	0.000000
BFN04_Layer_14	BFN04_Layer_14	BFN04_Layers	0.000000	0.000000
BFN04_Layer_15	BFN04_Layer_15	BFN04_Layers	0.000000	0.000000
BFN04_Layer_16	BFN04_Layer_16	BFN04_Layers	0.000000	0.000000
BFN04_Layer_17	BFN04_Layer_17	BFN04_Layers	0.000000	0.000000
BFN04_Layer_18	BFN04_Layer_18	BFN04_Layers	0.000000	0.000000
BFN04_Layer_19	BFN04_Layer_19	BFN04_Layers	0.000000	0.000000
BFN04_Layer_2	BFN04_Layer_2	BFN04_Layers	0.000000	0.000000
BFN04_Layer_20	BFN04_Layer_20	BFN04_Layers	0.000000	0.000000
BFN04_Layer_21	BFN04_Layer_21	BFN04_Layers	0.000000	0.000000
BFN04_Layer_22	BFN04_Layer_22	BFN04_Layers	0.000000	0.000000
BFN04_Layer_23	BFN04_Layer_23	BFN04_Layers	0.000000	0.000000
BFN04_Layer_24	BFN04_Layer_24	BFN04_Layers	0.000000	0.000000
BFN04_Layer_25	BFN04_Layer_25	BFN04_Layers	0.000000	0.000000
BFN04_Layer_26	BFN04_Layer_26	BFN04_Layers	0.000000	0.000000
BFN04_Layer_27	BFN04_Layer_27	BFN04_Layers	0.000000	0.000000
BFN04_Layer_28	BFN04_Layer_28	BFN04_Layers	0.000000	0.000000
BFN04_Layer_29	BFN04_Layer_29	BFN04_Layers	0.000000	0.000000
BFN04_Layer_3	BFN04_Layer_3	BFN04_Layers	0.000000	0.000000
BFN04_Layer_30	BFN04_Layer_30	BFN04_Layers	0.000000	0.000000
BFN04_Layer_4	BFN04_Layer_4	BFN04_Layers	0.000000	0.000000
BFN04_Layer_5	BFN04_Layer_5	BFN04_Layers	0.000000	0.000000
BFN04_Layer_6	BFN04_Layer_6	BFN04_Layers	0.000000	0.000000
BFN04_Layer_7	BFN04_Layer_7	BFN04_Layers	0.000000	0.000000
BFN04_Layer_8	BFN04_Layer_8	BFN04_Layers	0.000000	0.000000
BFN04_Layer_9	BFN04_Layer_9	BFN04_Layers	0.000000	0.000000
BFN04_Layers	BFN04 D3D profiles	BFN04_Layers	34.663980	-87.076962
BFN14_3ft	BFN14_3ft	BFN 14 (US, Backup)	34.682215	-87.097214
BFN14_5ft	BFN14_5ft	BFN 14 (US, Backup)	34.682215	-87.097214
BFN14_7ft	BFN14_7ft	BFN 14 (US, Backup)	34.682215	-87.097214
BFN14_Layer_1	BFN14_Layer_1	BFN14_Layers	0.000000	0.000000
BFN14_Layer_10	BFN14_Layer_10	BFN14_Layers	0.000000	0.000000
BFN14_Layer_11	BFN14_Layer_11	BFN14_Layers	0.000000	0.000000
BFN14_Layer_12	BFN14_Layer_12	BFN14_Layers	0.000000	0.000000
BFN14_Layer_13	BFN14_Layer_13	BFN14_Layers	0.000000	0.000000
BFN14_Layer_14	BFN14_Layer_14	BFN14_Layers	0.000000	0.000000
BFN14_Layer_15	BFN14_Layer_15	BFN14_Layers	0.000000	0.000000
BFN14_Layer_16	BFN14_Layer_16	BFN14_Layers	0.000000	0.000000
BFN14_Layer_17	BFN14_Layer_17	BFN14_Layers	0.000000	0.000000
BFN14_Layer_18	BFN14_Layer_18	BFN14_Layers	0.000000	0.000000
BFN14_Layer_19	BFN14_Layer_19	BFN14_Layers	0.000000	0.000000
BFN14_Layer_2	BFN14_Layer_2	BFN14_Layers	0.000000	0.000000
BFN14_Layer_20	BFN14_Layer_20	BFN14_Layers	0.000000	0.000000
BFN14_Layer_21	BFN14_Layer_21	BFN14_Layers	0.000000	0.000000
BFN14_Layer_22	BFN14_Layer_22	BFN14_Layers	0.000000	0.000000
BFN14_Layer_23	BFN14_Layer_23	BFN14_Layers	0.000000	0.000000
BFN14_Layer_24	BFN14_Layer_24	BFN14_Layers	0.000000	0.000000
BFN14_Layer_25	BFN14_Layer_25	BFN14_Layers	0.000000	0.000000
BFN14_Layer_26	BFN14_Layer_26	BFN14_Layers	0.000000	0.000000
BFN14_Layer_27	BFN14_Layer_27	BFN14_Layers	0.000000	0.000000
BFN14_Layer_28	BFN14_Layer_28	BFN14_Layers	0.000000	0.000000
BFN14_Layer_29	BFN14_Layer_29	BFN14_Layers	0.000000	0.000000
BFN14_Layer_3	BFN14_Layer_3	BFN14_Layers	0.000000	0.000000
BFN14_Layer_30	BFN14_Layer_30	BFN14_Layers	0.000000	0.000000
BFN14_Layer_4	BFN14_Layer_4	BFN14_Layers	0.000000	0.000000
BFN14_Layer_5	BFN14_Layer_5	BFN14_Layers	0.000000	0.000000
BFN14_Layer_6	BFN14_Layer_6	BFN14_Layers	0.000000	0.000000
BFN14_Layer_7	BFN14_Layer_7	BFN14_Layers	0.000000	0.000000
BFN14_Layer_8	BFN14_Layer_8	BFN14_Layers	0.000000	0.000000
BFN14_Layer_9	BFN14_Layer_9	BFN14_Layers	0.000000	0.000000
BFN14_Layers	BFN14 D3D profiles	BFN14_Layers	34.682215	-87.097214
BFN16_10ft	BFN16_10ft	BFN 16 (DS, Right)	34.707210	-87.127842
BFN16_20ft	BFN16_20ft	BFN 16 (DS, Right)	34.707210	-87.127842
BFN16_3ft	BFN16_3ft	BFN 16 (DS, Right)	34.707210	-87.127842
BFN16_5ft	BFN16_5ft	BFN 16 (DS, Right)	34.707210	-87.127842
BFN16_7ft	BFN16_7ft	BFN 16 (DS, Right)	34.707210	-87.127842
BFN16_Layer_1	BFN16_Layer_1	BFN16_Layers	0.000000	0.000000
BFN16_Layer_10	BFN16_Layer_10	BFN16_Layers	0.000000	0.000000
BFN16_Layer_11	BFN16_Layer_11	BFN16_Layers	0.000000	0.000000
BFN16_Layer_12	BFN16_Layer_12	BFN16_Layers	0.000000	0.000000
BFN16_Layer_13	BFN16_Layer_13	BFN16_Layers	0.000000	0.000000
BFN16_Layer_14	BFN16_Layer_14	BFN16_Layers	0.000000	0.000000
BFN16_Layer_15	BFN16_Layer_15	BFN16_Layers	0.000000	0.000000
BFN16_Layer_16	BFN16_Layer_16	BFN16_Layers	0.000000	0.000000
BFN16_Layer_17	BFN16_Layer_17	BFN16_Layers	0.000000	0.000000
BFN16_Layer_18	BFN16_Layer_18	BFN16_Layers	0.000000	0.000000
BFN16_Layer_19	BFN16_Layer_19	BFN16_Layers	0.000000	0.000000
BFN16_Layer_2	BFN16_Layer_2	BFN16_Layers	0.000000	0.000000
BFN16_Layer_20	BFN16_Layer_20	BFN16_Layers	0.000000	0.000000
BFN16_Layer_21	BFN16_Layer_21	BFN16_Layers	0.000000	0.000000
BFN16_Layer_22	BFN16_Layer_22	BFN16_Layers	0.000000	0.000000
BFN16_Layer_23	BFN16_Layer_23	BFN16_Layers	0.000000	0.000000
BFN16_Layer_24	BFN16_Layer_24	BFN16_Layers	0.000000	0.000000
BFN16_Layer_25	BFN16_Layer_25	BFN16_Layers	0.000000	0.000000
BFN16_Layer_26	BFN16_Layer_26	BFN16_Layers	0.000000	0.000000
BFN16_Layer_27	BFN16_Layer_27	BFN16_Layers	0.000000	0.000000
BFN16_Layer_28	BFN16_Layer_28	BFN16_Layers	0.000000	0.000000
BFN16_Layer_29	BFN16_Layer_29	BFN16_Layers	0.000000	0.000000
BFN16_Layer_3	BFN16_Layer_3	BFN16_Layers	0.000000	0.000000
BFN16_Layer_30	BFN16_Layer_30	BFN16_Layers	0.000000	0.000000
BFN16_Layer_4	BFN16_Layer_4	BFN16_Layers	0.000000	0.000000
BFN16_Layer_5	BFN16_Layer_5	BFN16_Layers	0.000000	0.000000
BFN16_Layer_6	BFN16_Layer_6	BFN16_Layers	0.000000	0.000000
BFN16_Layer_7	BFN16_Layer_7	BFN16_Layers	0.000000	0.000000
BFN16_Layer_8	BFN16_Layer_8	BFN16_Layers	0.000000	0.000000
BFN16_Layer_9	BFN16_Layer_9	BFN16_Layers	0.000000	0.000000
BFN16_Layers	BFN16 D3D profiles	BFN16_Layers	34.707210	-87.127842
BFN17_10ft	BFN17_10ft	BFN 17 (DS, Left)	34.703691	-87.130883
BFN17_20ft	BFN17_20ft	BFN 17 (DS, Left)	34.703691	-87.130883
BFN17_3ft	BFN17_3ft	BFN 17 (DS, Left)	34.703691	-87.130883
BFN17_5ft	BFN17_5ft	BFN 17 (DS, Left)	34.703691	-87.130883
BFN17_7ft	BFN17_7ft	BFN 17 (DS, Left)	34.703691	-87.130883
BFN17_Layer_1	BFN17_Layer_1	BFN17_Layers	0.000000	0.000000
BFN17_Layer_10	BFN17_Layer_10	BFN17_Layers	0.000000	0.000000
BFN17_Layer_11	BFN17_Layer_11	BFN17_Layers	0.000000	0.000000
BFN17_Layer_12	BFN17_Layer_12	BFN17_Layers	0.000000	0.000000
BFN17_Layer_13	BFN17_Layer_13	BFN17_Layers	0.000000	0.000000
BFN17_Layer_14	BFN17_Layer_14	BFN17_Layers	0.000000	0.000000
BFN17_Layer_15	BFN17_Layer_15	BFN17_Layers	0.000000	0.000000
BFN17_Layer_16	BFN17_Layer_16	BFN17_Layers	0.000000	0.000000
BFN17_Layer_17	BFN17_Layer_17	BFN17_Layers	0.000000	0.000000
BFN17_Layer_18	BFN17_Layer_18	BFN17_Layers	0.000000	0.000000
BFN17_Layer_19	BFN17_Layer_19	BFN17_Layers	0.000000	0.000000
BFN17_Layer_2	BFN17_Layer_2	BFN17_Layers	0.000000	0.000000
BFN17_Layer_20	BFN17_Layer_20	BFN17_Layers	0.000000	0.000000
BFN17_Layer_21	BFN17_Layer_21	BFN17_Layers	0.000000	0.000000
BFN17_Layer_22	BFN17_Layer_22	BFN17_Layers	0.000000	0.000000
BFN17_Layer_23	BFN17_Layer_23	BFN17_Layers	0.000000	0.000000
BFN17_Layer_24	BFN17_Layer_24	BFN17_Layers	0.000000	0.000000
BFN17_Layer_25	BFN17_Layer_25	BFN17_Layers	0.000000	0.000000
BFN17_Layer_26	BFN17_Layer_26	BFN17_Layers	0.000000	0.000000
BFN17_Layer_27	BFN17_Layer_27	BFN17_Layers	0.000000	0.000000
BFN17_Layer_28	BFN17_Layer_28	BFN17_Layers	0.000000	0.000000
BFN17_Layer_29	BFN17_Layer_29	BFN17_Layers	0.000000	0.000000
BFN17_Layer_3	BFN17_Layer_3	BFN17_Layers	0.000000	0.000000
BFN17_Layer_30	BFN17_Layer_30	BFN17_Layers	0.000000	0.000000
BFN17_Layer_4	BFN17_Layer_4	BFN17_Layers	0.000000	0.000000
BFN17_Layer_5	BFN17_Layer_5	BFN17_Layers	0.000000	0.000000
BFN17_Layer_6	BFN17_Layer_6	BFN17_Layers	0.000000	0.000000
BFN17_Layer_7	BFN17_Layer_7	BFN17_Layers	0.000000	0.000000
BFN17_Layer_8	BFN17_Layer_8	BFN17_Layers	0.000000	0.000000
BFN17_Layer_9	BFN17_Layer_9	BFN17_Layers	0.000000	0.000000
BFN17_Layers	BFN17 D3D profiles	BFN17_Layers	34.703691	-87.130883
BFN18_Layer_1	BFN18_Layer_1	BFN18_Layers	0.000000	0.000000
BFN18_Layer_10	BFN18_Layer_10	BFN18_Layers	0.000000	0.000000
BFN18_Layer_11	BFN18_Layer_11	BFN18_Layers	0.000000	0.000000
BFN18_Layer_12	BFN18_Layer_12	BFN18_Layers	0.000000	0.000000
BFN18_Layer_13	BFN18_Layer_13	BFN18_Layers	0.000000	0.000000
BFN18_Layer_14	BFN18_Layer_14	BFN18_Layers	0.000000	0.000000
BFN18_Layer_15	BFN18_Layer_15	BFN18_Layers	0.000000	0.000000
BFN18_Layer_16	BFN18_Layer_16	BFN18_Layers	0.000000	0.000000
BFN18_Layer_17	BFN18_Layer_17	BFN18_Layers	0.000000	0.000000
BFN18_Layer_18	BFN18_Layer_18	BFN18_Layers	0.000000	0.000000
BFN18_Layer_19	BFN18_Layer_19	BFN18_Layers	0.000000	0.000000
BFN18_Layer_2	BFN18_Layer_2	BFN18_Layers	0.000000	0.000000
BFN18_Layer_20	BFN18_Layer_20	BFN18_Layers	0.000000	0.000000
BFN18_Layer_21	BFN18_Layer_21	BFN18_Layers	0.000000	0.000000
BFN18_Layer_22	BFN18_Layer_22	BFN18_Layers	0.000000	0.000000
BFN18_Layer_23	BFN18_Layer_23	BFN18_Layers	0.000000	0.000000
BFN18_Layer_24	BFN18_Layer_24	BFN18_Layers	0.000000	0.000000
BFN18_Layer_25	BFN18_Layer_25	BFN18_Layers	0.000000	0.000000
BFN18_Layer_26	BFN18_Layer_26	BFN18_Layers	0.000000	0.000000
BFN18_Layer_27	BFN18_Layer_27	BFN18_Layers	0.000000	0.000000
BFN18_Layer_28	BFN18_Layer_28	BFN18_Layers	0.000000	0.000000
BFN18_Layer_29	BFN18_Layer_29	BFN18_Layers	0.000000	0.000000
BFN18_Layer_3	BFN18_Layer_3	BFN18_Layers	0.000000	0.000000
BFN18_Layer_30	BFN18_Layer_30	BFN18_Layers	0.000000	0.000000
BFN18_Layer_4	BFN18_Layer_4	BFN18_Layers	0.000000	0.000000
BFN18_Layer_5	BFN18_Layer_5	BFN18_Layers	0.000000	0.000000
BFN18_Layer_6	BFN18_Layer_6	BFN18_Layers	0.000000	0.000000
BFN18_Layer_7	BFN18_Layer_7	BFN18_Layers	0.000000	0.000000
BFN18_Layer_8	BFN18_Layer_8	BFN18_Layers	0.000000	0.000000
BFN18_Layer_9	BFN18_Layer_9	BFN18_Layers	0.000000	0.000000
BFN18_Layers	BFN18 D3D profiles	BFN18_Layers	34.703464	-87.120768
BFN19_3ft	BFN19_3ft	BFN 19 (Skimmer Wall)	34.700733	-87.117587
BFN19_535ft_elev	BFN19_535ft_elev	BFN 19 (Skimmer Wall)	34.700733	-87.117587
BFN19_545ft_elev	BFN19_545ft_elev	BFN 19 (Skimmer Wall)	34.700733	-87.117587
BFN19_5ft	BFN19_5ft	BFN 19 (Skimmer Wall)	34.700733	-87.117587
BFN19_7ft	BFN19_7ft	BFN 19 (Skimmer Wall)	34.700733	-87.117587
BFN19_Layer_1	BFN19_Layer_1	BFN19_Layers	0.000000	0.000000
BFN19_Layer_10	BFN19_Layer_10	BFN19_Layers	0.000000	0.000000
BFN19_Layer_11	BFN19_Layer_11	BFN19_Layers	0.000000	0.000000
BFN19_Layer_12	BFN19_Layer_12	BFN19_Layers	0.000000	0.000000
BFN19_Layer_13	BFN19_Layer_13	BFN19_Layers	0.000000	0.000000
BFN19_Layer_14	BFN19_Layer_14	BFN19_Layers	0.000000	0.000000
BFN19_Layer_15	BFN19_Layer_15	BFN19_Layers	0.000000	0.000000
BFN19_Layer_16	BFN19_Layer_16	BFN19_Layers	0.000000	0.000000
BFN19_Layer_17	BFN19_Layer_17	BFN19_Layers	0.000000	0.000000
BFN19_Layer_18	BFN19_Layer_18	BFN19_Layers	0.000000	0.000000
BFN19_Layer_19	BFN19_Layer_19	BFN19_Layers	0.000000	0.000000
BFN19_Layer_2	BFN19_Layer_2	BFN19_Layers	0.000000	0.000000
BFN19_Layer_20	BFN19_Layer_20	BFN19_Layers	0.000000	0.000000
BFN19_Layer_21	BFN19_Layer_21	BFN19_Layers	0.000000	0.000000
BFN19_Layer_22	BFN19_Layer_22	BFN19_Layers	0.000000	0.000000
BFN19_Layer_23	BFN19_Layer_23	BFN19_Layers	0.000000	0.000000
BFN19_Layer_24	BFN19_Layer_24	BFN19_Layers	0.000000	0.000000
BFN19_Layer_25	BFN19_Layer_25	BFN19_Layers	0.000000	0.000000
BFN19_Layer_26	BFN19_Layer_26	BFN19_Layers	0.000000	0.000000
BFN19_Layer_27	BFN19_Layer_27	BFN19_Layers	0.000000	0.000000
BFN19_Layer_28	BFN19_Layer_28	BFN19_Layers	0.000000	0.000000
BFN19_Layer_29	BFN19_Layer_29	BFN19_Layers	0.000000	0.000000
BFN19_Layer_3	BFN19_Layer_3	BFN19_Layers	0.000000	0.000000
BFN19_Layer_30	BFN19_Layer_30	BFN19_Layers	0.000000	0.000000
BFN19_Layer_4	BFN19_Layer_4	BFN19_Layers	0.000000	0.000000
BFN19_Layer_5	BFN19_Layer_5	BFN19_Layers	0.000000	0.000000
BFN19_Layer_6	BFN19_Layer_6	BFN19_Layers	0.000000	0.000000
BFN19_Layer_7	BFN19_Layer_7	BFN19_Layers	0.000000	0.000000
BFN19_Layer_8	BFN19_Layer_8	BFN19_Layers	0.000000	0.000000
BFN19_Layer_9	BFN19_Layer_9	BFN19_Layers	0.000000	0.000000
BFN19_Layers	BFN19 D3D profiles	BFN19_Layers	34.700733	-87.117587
BFN20_10m	BFN20_10m	BFN 20 (Met Station)	34.701040	-87.108283
BFN20_46m	BFN20_46m	BFN 20 (Met Station)	34.701040	-87.108283
BFN20_91m	BFN20_91m	BFN 20 (Met Station)	34.701040	-87.108283
BFNReach1	BFN Travel Time Reach 1	BFNReach1	34.706699	-87.118896
BFNReach2	BFN Travel Time Reach 2	BFNReach2	34.706699	-87.118896
BFNReach3	BFN Travel Time Reach 3	BFNReach3	34.706699	-87.118896
BGLT1	Big Lick	BGLT1	35.817223	-85.036110
BIGT1	Big Sandy at Bruceton	BIGT1	36.036945	-88.228889
BIRN7	Oconaluftee at Birdtown	BIRN7	35.461388	-83.353615
BKY-01	Barkley-Unit1	BARK2	37.021667	-88.221111
BKY-02	Barkley-Unit2	BARK2	37.021667	-88.221111
BKY-03	Barkley-Unit3	BARK2	37.021667	-88.221111
BKY-04	Barkley-Unit4	BARK2	37.021667	-88.221111
BLAN7	French Broad at Blantyre	BLAN7	35.299168	-82.623886
BLCT1	Bledsoe Creek	BLCT1	36.445657	-86.332202
BLTN7	Swannanoa at Biltmore	BLTN7	35.568333	-82.544724
BLUERIDGE_CE-QUAL-W2_mainstem	BLUERIDGE_CE-QUAL-W2 mainstem	BRDG1	0.000000	0.000000
BLUERIDGE_CE-QUAL-W2_mainstem_DO	BLUERIDGE_CE-QUAL-W2_mainstem_DO	BRDG1	0.000000	0.000000
BLVG1	Nottely at Blairsville (TVA)	BLVG1	34.845001	-83.938332
BLWK2	Rockcastle at Billows	BLWK2	37.171112	-84.296669
BNAA1	Big Nance Creek at Courtland	BNAA1	34.669998	-87.317223
BOH-01	Boone-Unit1	BOOT1	36.858002	-87.974998
BOH-02	Boone-Unit2	BOOT1	36.441666	-82.436386
BOH-03	Boone-Unit3	BOOT1	36.441666	-82.436386
BOH-OG-01	Boone Dam	BOOT1	36.441666	-82.436386
BOH-OG-02	Boone Dam	BOOT1	36.441666	-82.436386
BOH-OG-03	Boone Dam	BOOT1	36.441666	-82.436386
BOH-OG-04	Boone Dam	BOOT1	36.441666	-82.436386
BOH-SL-01	Boone Dam	BOOT1	36.441666	-82.436386
BOH-SP-01	Boone Dam	BOOT1	36.441666	-82.436386
BOH-SP-02	Boone Dam	BOOT1	36.441666	-82.436386
BOH-SP-03	Boone Dam	BOOT1	36.441666	-82.436386
BOH-SP-04	Boone Dam	BOOT1	36.441666	-82.436386
BOH-SP-05	Boone Dam	BOOT1	36.441666	-82.436386
BONN7	Boone	BONN7	36.196667	-81.669441
BOOT1	Boone Dam	BOOT1	36.441666	-82.436386
BOOT1-FB	Boone-Forebay	BOOT1	36.858002	-87.974998
BOOT1-TD	Boone-Taildeck	BOOT1	36.858002	-87.974998
BPGT1	Bethpage	BPGT1	36.486111	-86.310278
BRCT1	BullRun Creek Near Halls Crossroads, TN	BRCT1	36.114413	-83.988174
BRDG1	Blue Ridge Dam	BRDG1	34.880554	-84.281670
BRF-01	Bull Run-Unit1	BRST1	36.019201	-84.159855
BRF-bottom-(1)	BRF-(1)	BRST1	36.018612	-84.158890
BRF-skimmer-(3)	BRF-(3)	BRST1	36.024328	-84.167297
BRF-SW	Bull Run-Skimmer Wall	BRST1	36.019201	-84.159855
BRF-upstream-(1)	BRF-(1)	BRST1	36.018612	-84.158890
BRF-upstream-(3)	BRF-(3)	BRST1	36.024328	-84.167297
BRF_evap	BRF_evap	BRST1	36.018612	-84.158890
BRFBranch1	BRFBranch1	BRST1	0.000000	0.000000
BRH-01	Blue Ridge-Unit1	BRDG1	36.858002	-87.974998
BRH-02	Blue Ridge-Unit2	BRDG1	36.858002	-87.974998
BRH-DS	Blue Ridge-Downstream	BRDG1	36.858002	-87.974998
BRH-OG-01	Blue Ridge Dam	BRDG1	34.880554	-84.281670
BRH-OG-02	Blue Ridge Dam	BRDG1	34.880554	-84.281670
BRH-SL-01	Blue Ridge Dam	BRDG1	34.880554	-84.281670
BRH-SL-02	Blue Ridge Dam	BRDG1	34.880554	-84.281670
BRH-SP-01	Blue Ridge Dam	BRDG1	34.880554	-84.281670
BRH-SP-02	Blue Ridge Dam	BRDG1	34.880554	-84.281670
BRH-SP-03	Blue Ridge Dam	BRDG1	34.880554	-84.281670
BRH-SP-04	Blue Ridge Dam	BRDG1	34.880554	-84.281670
BRH-SP-05	Blue Ridge Dam	BRDG1	34.880554	-84.281670
BRH-SP-06	Blue Ridge Dam	BRDG1	34.880554	-84.281670
BRH-SP-07	Blue Ridge Dam	BRDG1	34.880554	-84.281670
BRH-SP-08	Blue Ridge Dam	BRDG1	34.880554	-84.281670
Bridgeport_AL	Bridgeport, AL	Bridgeport_AL	34.952887	-85.692945
BRKI2	Ohio River at Brookport	BRKI2	37.127500	-88.653056
BRKK2	Cumberland at Burkesville	BRKK2	36.780834	-85.371109
BROOKFIELD	Brookfield Projects	BROOKFIELD	35.326330	-84.902344
BRRT1	Red blw Highway 61	BRRT1	36.641350	-86.985924
BRST1	Bull Run Fossil Plant	BRST1	36.018612	-84.158890
BRST1_Discharge_221.80	BRST1_Discharge_221.80	BullRunDischarge	0.000000	0.000000
BRST1_Discharge_224.80	BRST1_Discharge_224.80	BullRunDischarge	0.000000	0.000000
BRST1_Discharge_227.80	BRST1_Discharge_227.80	BullRunDischarge	0.000000	0.000000
BRST1_Discharge_229.80	BRST1_Discharge_229.80	BullRunDischarge	0.000000	0.000000
BRST1_Discharge_231.80	BRST1_Discharge_231.80	BullRunDischarge	0.000000	0.000000
BRST1_Discharge_233.80	BRST1_Discharge_233.80	BullRunDischarge	0.000000	0.000000
BRST1_Discharge_235.80	BRST1_Discharge_235.80	BullRunDischarge	0.000000	0.000000
BRST1_Discharge_237.80	BRST1_Discharge_237.80	BullRunDischarge	0.000000	0.000000
BRST1_Discharge_239.80	BRST1_Discharge_239.80	BullRunDischarge	0.000000	0.000000
BRST1_Discharge_241.30	BRST1_Discharge_241.30	BullRunDischarge	0.000000	0.000000
BRST1_Intake_221.80	BRST1_Intake_221.80	BullRunIntake	0.000000	0.000000
BRST1_Intake_224.80	BRST1_Intake_224.80	BullRunIntake	0.000000	0.000000
BRST1_Intake_227.80	BRST1_Intake_227.80	BullRunIntake	0.000000	0.000000
BRST1_Intake_229.80	BRST1_Intake_229.80	BullRunIntake	0.000000	0.000000
BRST1_Intake_231.80	BRST1_Intake_231.80	BullRunIntake	0.000000	0.000000
BRST1_Intake_233.80	BRST1_Intake_233.80	BullRunIntake	0.000000	0.000000
BRST1_Intake_235.80	BRST1_Intake_235.80	BullRunIntake	0.000000	0.000000
BRST1_Intake_237.80	BRST1_Intake_237.80	BullRunIntake	0.000000	0.000000
BRST1_Intake_239.80	BRST1_Intake_239.80	BullRunIntake	0.000000	0.000000
BRST1_Intake_241.30	BRST1_Intake_241.30	BullRunIntake	0.000000	0.000000
BRUT1	Bruceton	BRUT1	36.043056	-88.261391
BRVG1	Nottely nr Blairsville (USGS)	BRVG1	34.841111	-83.936111
BSBA1	Flint at Brownsboro	BSBA1	34.749168	-86.446663
BSGV2	Powell River at Big Stone Gap, VA	BSGV2	36.868985	-82.775439
BTDN7	Beetree Dam	BTDN7	35.641666	-82.397781
Buckingham_Island	Buckingham Island	Buckingham_Island	35.929947	-83.621955
BULLRUN_CE-QUAL-W2_mainstem	BULLRUN_CE-QUAL-W2_mainstem	BRST1	0.000000	0.000000
BULLRUN_CE-QUAL-W2_mainstem_DO	BULLRUN_CE-QUAL-W2_mainstem_DO	BRST1	0.000000	0.000000
BULLRUN_CE-QUAL-W2_v4_mainstem	BULLRUN_CE-QUAL-W2_v4_mainstem	BRST1	0.000000	0.000000
BullRunDischarge	Bull Run Discharge W2 profiles	BullRunDischarge	36.018612	-84.158890
BullRunIntake	Bull Run Intake W2 profiles	BullRunIntake	36.018612	-84.158890
BVDN7	Brevard	BVDN7	35.249443	-82.696663
BYGT1	Wolf nr Byrdstown	BYGT1	36.560276	-85.073059
CAFT1	Calfkiller blw Sparta	CAFT1	35.911945	-85.476112
CALT1	Calderwood Dam	CALT1	35.494720	-83.988335
CAMERA-BargeWall	FAV Camera Barge Wall	CAMERA-BargeWall	34.699800	-87.118000
CAMERA-BFNIntake	FAV Camera BFN Intake	CAMERA-BFNIntake	34.700733	-87.117587
CAMERA-Dumpster	FAV Camera Dumpster	CAMERA-Dumpster	34.702000	-87.121000
CAMERA-GUH	FAV Camera GUH	CAMERA-GUH	34.423500	-86.392000
CAMERA-TrinityLine	FAV Camera Trinity Line	CAMERA-TrinityLine	34.674000	-87.078000
CBBK2	Cobb	CBBK2	36.983334	-87.766670
CBNK2	Corbin North	CBNK2	36.970554	-84.119446
CBOT1	Crab Orchard	CBOT1	35.911388	-84.889442
CBYT1	Cosby	CBYT1	35.808887	-83.248886
CCLT1	Clinch at Clinton	CCLT1	36.095330	-84.132670
CCLV2	Clear Creek Dam	CCLV2	36.661670	-82.120280
CCR-OG-01	Cedar Creek Dam	CCRA1	34.545555	-87.973335
CCR-SL-01	Cedar Creek Dam	CCRA1	34.545555	-87.973335
CCR-SL-02	Cedar Creek Dam	CCRA1	34.545555	-87.973335
CCR-SP-01	Cedar Creek Dam	CCRA1	34.545555	-87.973335
CCRA1	Cedar Creek Dam	CCRA1	34.545555	-87.973335
CCVT1	Cades Cove	CCVT1	35.603889	-83.782776
CDH-01	Cordell Hull-Unit1	COHT1	36.290278	-85.943611
CDH-02	Cordell Hull-Unit2	COHT1	36.290278	-85.943611
CDH-03	Cordell Hull-Unit3	COHT1	36.290278	-85.943611
CDZK2	Little nr Cadiz	CDZK2	36.777802	-87.721703
CEDT1	Cedar Dam	CEDT1	35.671391	-88.321388
CEH-01	Cheoah-Unit1	CHEN7	35.447777	-83.939720
CEH-02	Cheoah-Unit2	CHEN7	35.447777	-83.939720
CEH-03	Cheoah-Unit3	CHEN7	35.447777	-83.939720
CEH-04	Cheoah-Unit4	CHEN7	35.447777	-83.939720
CEH-05	Cheoah-Unit5	CHEN7	35.447777	-83.939720
CEHT1	Center Hill Dam	CEHT1	36.097500	-85.827225
CEPN7	East Fork Pigeon at Canton	CEPN7	35.461666	-82.870277
CFKT1	Clear Fork nr Robbins	CFKT1	36.388332	-84.630280
CHAN7	Chatuge Dam	CHAN7	35.019722	-83.790558
CHAT1	Tennessee at Chattanooga (Selected)	CHAT1	35.056110	-85.306664
CHAT1_ABOVE	Above Chattanooga	CHAT1_ABOVE	35.056110	-85.306664
CHAT1_BELOW	Below Chattanooga	CHAT1_BELOW	35.056110	-85.306664
CHAT1_RDR	Tennessee at Chattanooga (Radar)	CHAT1_RDR	35.056110	-85.306664
CHAT1_WSB	Tennessee at Chattanooga (Pressure)	CHAT1_WSB	35.056110	-85.306664
CHE-01	Cheatham-Unit1	CHPT1	36.315556	-87.219444
CHE-02	Cheatham-Unit2	CHPT1	36.315556	-87.219444
CHE-03	Cheatham-Unit3	CHPT1	36.315556	-87.219444
CHEN7	Cheoah Dam	CHEN7	35.447777	-83.939720
Cherokee Dam	Cherokee Dam	CRKT1	36.168888	-83.500832
Cherokee_AL	Cherokee AL	Cherokee_AL	34.801168	-87.916935
CHET1	Cumberland River at Cheatham Lock and Dam	CHET1	36.324444	-87.224444
CHH-01	Chickamauga-Unit1	CKDT1	35.099998	-85.229446
CHH-02	Chickamauga-Unit2	CKDT1	35.099998	-85.229446
CHH-03	Chickamauga-Unit3	CKDT1	35.099998	-85.229446
CHH-04	Chickamauga-Unit4	CKDT1	35.099998	-85.229446
CHH-OG-01	Chickamauga Dam	CKDT1	35.099998	-85.229446
CHH-OG-02	Chickamauga Dam	CKDT1	35.099998	-85.229446
CHH-OG-03	Chickamauga Dam	CKDT1	35.099998	-85.229446
CHH-OG-04	Chickamauga Dam	CKDT1	35.099998	-85.229446
CHH-OG-05	Chickamauga Dam	CKDT1	35.099998	-85.229446
CHH-OG-06	Chickamauga Dam	CKDT1	35.099998	-85.229446
CHH-OG-07	Chickamauga Dam	CKDT1	35.099998	-85.229446
CHH-OG-08	Chickamauga Dam	CKDT1	35.099998	-85.229446
CHH-OG-09	Chickamauga Dam	CKDT1	35.099998	-85.229446
CHH-OG-10	Chickamauga Dam	CKDT1	35.099998	-85.229446
CHH-OG-11	Chickamauga Dam	CKDT1	35.099998	-85.229446
CHH-OG-12	Chickamauga Dam	CKDT1	35.099998	-85.229446
CHH-OG-13	Chickamauga Dam	CKDT1	35.099998	-85.229446
CHH-OG-14	Chickamauga Dam	CKDT1	35.099998	-85.229446
CHH-SP-01	Chickamauga Dam	CKDT1	35.099998	-85.229446
CHH-SP-02	Chickamauga Dam	CKDT1	35.099998	-85.229446
CHH-SP-03	Chickamauga Dam	CKDT1	35.099998	-85.229446
CHH-SP-04	Chickamauga Dam	CKDT1	35.099998	-85.229446
CHH-SP-05	Chickamauga Dam	CKDT1	35.099998	-85.229446
CHH-SP-06	Chickamauga Dam	CKDT1	35.099998	-85.229446
CHH-SP-07	Chickamauga Dam	CKDT1	35.099998	-85.229446
CHH-SP-08	Chickamauga Dam	CKDT1	35.099998	-85.229446
CHH-SP-09	Chickamauga Dam	CKDT1	35.099998	-85.229446
CHH-SP-10	Chickamauga Dam	CKDT1	35.099998	-85.229446
CHH-SP-11	Chickamauga Dam	CKDT1	35.099998	-85.229446
CHH-SP-12	Chickamauga Dam	CKDT1	35.099998	-85.229446
CHHT1	Church Hill	CHHT1	36.521111	-82.737221
CHKT1	South Chickamauga Creek nr Chickamauga	CHKT1	35.013332	-85.209724
CHLT1	Hiwassee at Charleston	CHLT1	35.294998	-84.760002
CHOG1	Choestoe	CHOG1	34.802776	-83.898331
CHPT1	Cheatham Dam	CHPT1	36.314446	-87.216110
CHSA1	Flint nr Chase	CHSA1	34.823055	-86.482224
CHTT1	Charleston	CHTT1	35.281666	-84.773056
CIRI2	Ohio at Cairo	CIRI2	37.000000	-89.162498
CKDT1	Chickamauga Dam	CKDT1	35.099998	-85.229446
CKDT1_BCT_XSection	CKDT1_BCT_XSection	SQNT1	35.126710	-85.185390
CKEN7	Cherokee	CKEN7	35.578888	-83.242500
CKMG1	Chickamauga GA	CKMG1	34.865833	-85.288887
CKVT1	Cumberland at Clarksville	CKVT1	36.521946	-87.364723
CKVT1N	Red at Clarksville	CKVT1N	36.536999	-87.370003
CKYT1	Chuckey	CKYT1	36.219166	-82.702774
CLAT1	Cumberland at Celina	CLAT1	36.554165	-85.514442
CLBT1	Columbia	CLBT1	35.664166	-87.032501
CLET1	Cleveland TN	CLET1	35.183887	-84.821388
CLFT1	Clifton City	CLFT1	35.372776	-87.983612
CLH-01	Chilhowee-Unit1	CLTT1	35.545277	-84.050278
CLH-02	Chilhowee-Unit2	CLTT1	35.545277	-84.050278
CLH-03	Chilhowee-Unit3	CLTT1	35.545277	-84.050278
CLLT1	Collinwood	CLLT1	35.162777	-87.744446
CLMT1	Coalmont	CLMT1	35.345276	-85.697777
CLNT1	Tennessee R at Clifton	CLNT1	35.388906	-87.995477
CLTT1	Chilhowee Dam	CLTT1	35.545277	-84.050278
CLVV2	Clinch at Cleveland	CLVV2	36.944721	-82.154999
CNH-01	Center Hill-Unit1	CEHT1	36.096667	-85.827222
CNH-02	Center Hill-Unit2	CEHT1	36.096667	-85.827222
CNH-03	Center Hill-Unit3	CEHT1	36.096667	-85.827222
CNTT1	Centerville	CNTT1	35.808056	-87.438057
CNVT1	Duck at Centerville	CNVT1	35.783333	-87.459999
COEV2	Coeburn	COEV2	36.928890	-82.481941
COF	Colbert Fossil Plant	COF	34.744701	-87.849403
COF-01	Colbert-Unit1	COF	34.745258	-87.848509
COF-02	Colbert-Unit2	COF	34.745258	-87.848509
COF-03	Colbert-Unit3	COF	34.745258	-87.848509
COF-04	Colbert-Unit4	COF	34.745258	-87.848509
COF-05	Colbert-Unit5	COF	34.745258	-87.848509
COF-SW	Colbert-Skimmer Wall	COF	34.745258	-87.848509
COF_evap	COF_evap	COF	34.744701	-87.849403
COFBranch1	COFBranch1	COF	0.000000	0.000000
COFBranch2	COFBranch2	COF	0.000000	0.000000
COHT1	Cordell Hull Dam	COHT1	36.286667	-85.940834
COLT1	Duck at Columbia	COLT1	35.618057	-87.032219
COOG1	Coosa River at State Line	COOG1	34.201670	-85.447500
COOT1	Cookeville	COOT1	36.107498	-85.503334
CORK2	Corbin South	CORK2	36.951389	-84.093613
CORPS	USACE Projects	CORPS	35.326330	-84.902344
CPHT1	Ocoee at Copperhill	CPHT1	34.991665	-84.377220
CPRT1	Copperhill	CPRT1	35.003889	-84.386944
CRH-01	Cherokee-Unit1	CRKT1	36.168888	-83.500832
CRH-01-DS	Cherokee-Unit1-Downstream	CRH-01	36.168888	-83.500832
CRH-02	Cherokee-Unit2	CRKT1	36.168888	-83.500832
CRH-02-DS	Cherokee-Unit2-Downstream	CRH-02	36.168888	-83.500832
CRH-03	Cherokee-Unit3	CRKT1	36.168888	-83.500832
CRH-04	Cherokee-Unit4	CRKT1	36.168888	-83.500832
CRH-OG-01	Cherokee Dam	CRKT1	36.168888	-83.500832
CRH-OG-02	Cherokee Dam	CRKT1	36.168888	-83.500832
CRH-OG-03	Cherokee Dam	CRKT1	36.168888	-83.500832
CRH-OG-04	Cherokee Dam	CRKT1	36.168888	-83.500832
CRH-OG-05	Cherokee Dam	CRKT1	36.168888	-83.500832
CRH-SL-01	Cherokee Dam	CRKT1	36.168888	-83.500832
CRH-SL-02	Cherokee Dam	CRKT1	36.168888	-83.500832
CRH-SL-03	Cherokee Dam	CRKT1	36.168888	-83.500832
CRH-SL-04	Cherokee Dam	CRKT1	36.168888	-83.500832
CRH-SL-05	Cherokee Dam	CRKT1	36.168888	-83.500832
CRH-SL-06	Cherokee Dam	CRKT1	36.168888	-83.500832
CRH-SL-07	Cherokee Dam	CRKT1	36.168888	-83.500832
CRH-SL-08	Cherokee Dam	CRKT1	36.168888	-83.500832
CRH-SP-01	Cherokee Dam	CRKT1	36.168888	-83.500832
CRH-SP-02	Cherokee Dam	CRKT1	36.168888	-83.500832
CRH-SP-03	Cherokee Dam	CRKT1	36.168888	-83.500832
CRH-SP-04	Cherokee Dam	CRKT1	36.168888	-83.500832
CRH-SP-05	Cherokee Dam	CRKT1	36.168888	-83.500832
CRH-SP-06	Cherokee Dam	CRKT1	36.168888	-83.500832
CRH-SP-07	Cherokee Dam	CRKT1	36.168888	-83.500832
CRH-SP-08	Cherokee Dam	CRKT1	36.168888	-83.500832
CRH-SP-09	Cherokee Dam	CRKT1	36.168888	-83.500832
CRKT1	Cherokee Dam	CRKT1	36.168888	-83.500832
CRKT1_evap	CRKT1_evap	CRKT1	36.168888	-83.500832
CRKT1Branch1	CRKT1Branch1	CRKT1	0.000000	0.000000
CSEA1	Chase	CSEA1	34.793889	-86.518889
CTH-01	Chatuge-Unit1	CHAN7	35.019722	-83.790558
CTH-OG-01	Chatuge Dam	CHAN7	35.019722	-83.790558
CTH-SP-01	Chatuge Dam	CHAN7	35.019722	-83.790558
CTH-SP-02	Chatuge Dam	CHAN7	35.019722	-83.790558
CTH-SP-03	Chatuge Dam	CHAN7	35.019722	-83.790558
CTH-SP-04	Chatuge Dam	CHAN7	35.019722	-83.790558
CTH-SP-05	Chatuge Dam	CHAN7	35.019722	-83.790558
CTH-SP-06	Chatuge Dam	CHAN7	35.019722	-83.790558
CTH-SP-07	Chatuge Dam	CHAN7	35.019722	-83.790558
CTH-SP-08	Chatuge Dam	CHAN7	35.019722	-83.790558
CTH-SP-09	Chatuge Dam	CHAN7	35.019722	-83.790558
CTH-SP-10	Chatuge Dam	CHAN7	35.019722	-83.790558
CTH-SP-11	Chatuge Dam	CHAN7	35.019722	-83.790558
CTH-SP-12	Chatuge Dam	CHAN7	35.019722	-83.790558
CTH-SP-13	Chatuge Dam	CHAN7	35.019722	-83.790558
CTH-SP-14	Chatuge Dam	CHAN7	35.019722	-83.790558
CTH-SP-15	Chatuge Dam	CHAN7	35.019722	-83.790558
CTH-SP-16	Chatuge Dam	CHAN7	35.019722	-83.790558
CTH-SP-17	Chatuge Dam	CHAN7	35.019722	-83.790558
CTH-SP-18	Chatuge Dam	CHAN7	35.019722	-83.790558
CTH-SP-19	Chatuge Dam	CHAN7	35.019722	-83.790558
CTH-SP-20	Chatuge Dam	CHAN7	35.019722	-83.790558
CTH-SP-21	Chatuge Dam	CHAN7	35.019722	-83.790558
CTH-SP-22	Chatuge Dam	CHAN7	35.019722	-83.790558
CTH-SP-23	Chatuge Dam	CHAN7	35.019722	-83.790558
CTH-SP-24	Chatuge Dam	CHAN7	35.019722	-83.790558
CTH-SP-25	Chatuge Dam	CHAN7	35.019722	-83.790558
CTH-SP-26	Chatuge Dam	CHAN7	35.019722	-83.790558
CTH-SP-27	Chatuge Dam	CHAN7	35.019722	-83.790558
CTH-SP-28	Chatuge Dam	CHAN7	35.019722	-83.790558
CTH-SP-29	Chatuge Dam	CHAN7	35.019722	-83.790558
CTH-SP-30	Chatuge Dam	CHAN7	35.019722	-83.790558
CTH-SP-31	Chatuge Dam	CHAN7	35.019722	-83.790558
CTH-SP-32	Chatuge Dam	CHAN7	35.019722	-83.790558
CTH-SP-33	Chatuge Dam	CHAN7	35.019722	-83.790558
CTH-SP-34	Chatuge Dam	CHAN7	35.019722	-83.790558
CTH-SP-35	Chatuge Dam	CHAN7	35.019722	-83.790558
CTH-SP-36	Chatuge Dam	CHAN7	35.019722	-83.790558
CTH-SP-37	Chatuge Dam	CHAN7	35.019722	-83.790558
CTH-SP-38	Chatuge Dam	CHAN7	35.019722	-83.790558
CTH-SP-39	Chatuge Dam	CHAN7	35.019722	-83.790558
CTH-SP-40	Chatuge Dam	CHAN7	35.019722	-83.790558
CTH-SP-41	Chatuge Dam	CHAN7	35.019722	-83.790558
CTH-SP-42	Chatuge Dam	CHAN7	35.019722	-83.790558
CTH-SP-43	Chatuge Dam	CHAN7	35.019722	-83.790558
CTH-SP-44	Chatuge Dam	CHAN7	35.019722	-83.790558
CTH-SP-45	Chatuge Dam	CHAN7	35.019722	-83.790558
CTH-SP-46	Chatuge Dam	CHAN7	35.019722	-83.790558
CTH-SP-47	Chatuge Dam	CHAN7	35.019722	-83.790558
CTH-SP-48	Chatuge Dam	CHAN7	35.019722	-83.790558
CTH-SP-49	Chatuge Dam	CHAN7	35.019722	-83.790558
CTH-SP-50	Chatuge Dam	CHAN7	35.019722	-83.790558
CTHT1	Cumberland at Carthage	CTHT1	36.248055	-85.955276
CTNK2	Canton KY	CTNK2	36.799999	-87.966667
CTNN7	Canton NC	CTNN7	35.548611	-82.828331
CTPN7	Pigeon at Canton	CTPN7	35.523056	-82.846664
CUF	Cumberland Fossil Plant	CUF	36.391201	-87.655098
CUF-01	Cumberland-Unit1	CUF	36.393712	-87.653829
CUF-02	Cumberland-Unit2	CUF	36.393712	-87.653829
CUF-DS	Cumberland-Downstream	CUF	36.393712	-87.653829
CUF-DS-L	Cumberland-Downstream-Left	CUF	36.393712	-87.653829
CUF-DS-R	Cumberland-Downstream-Right	CUF	36.393712	-87.653829
CUF-IN	Cumberland-Intake	CUF	36.393712	-87.653829
CUF-US-L	Cumberland-Upstream-Left	CUF	36.393712	-87.653829
CUF-US-R	Cumberland-Upstream-Right	CUF	36.393712	-87.653829
CUF_BAH_KYH_evap	CUF_BAH_KYH_evap	CUF	36.323000	-87.556000
CUF_BAH_KYHBranch1	CUF_BAH_KYHBranch1	CUF	0.000000	0.000000
CUF_BAH_KYHBranch2	CUF_BAH_KYHBranch2	CUF	0.000000	0.000000
CUF_evap	CUF_evap	CUF	36.323000	-87.556000
CUFBranch1	CUFBranch1	CUF	0.000000	0.000000
CWH-01	Calderwood-Unit1	CALT1	35.494720	-83.988335
CWH-02	Calderwood-Unit2	CALT1	35.494720	-83.988335
CWH-03	Calderwood-Unit3	CALT1	35.494720	-83.988335
DECA1	Tennessee at Decatur	DECA1	34.613056	-86.973892
DECT1	Decatur	DECT1	35.491390	-84.813332
DELT1	Del Rio	DELT1	35.886665	-82.974442
DERT1	De Rossett	DERT1	35.963055	-85.281387
DGH-01	Douglas-Unit1	DUGT1	35.962776	-83.541115
DGH-01-DS	Douglas-Unit1-Downstream	DGH-01	35.962776	-83.541115
DGH-02	Douglas-Unit2	DUGT1	35.962776	-83.541115
DGH-02-DS	Douglas-Unit2-Downstream	DGH-02	35.962776	-83.541115
DGH-03	Douglas-Unit3	DUGT1	35.962776	-83.541115
DGH-04	Douglas-Unit4	DUGT1	35.962776	-83.541115
DGH-OG-01	Douglas Dam	DUGT1	35.962776	-83.541115
DGH-OG-02	Douglas Dam	DUGT1	35.962776	-83.541115
DGH-OG-03	Douglas Dam	DUGT1	35.962776	-83.541115
DGH-OG-04	Douglas Dam	DUGT1	35.962776	-83.541115
DGH-OG-05	Douglas Dam	DUGT1	35.962776	-83.541115
DGH-SL-01	Douglas Dam	DUGT1	35.962776	-83.541115
DGH-SL-02	Douglas Dam	DUGT1	35.962776	-83.541115
DGH-SL-03	Douglas Dam	DUGT1	35.962776	-83.541115
DGH-SL-04	Douglas Dam	DUGT1	35.962776	-83.541115
DGH-SL-05	Douglas Dam	DUGT1	35.962776	-83.541115
DGH-SL-06	Douglas Dam	DUGT1	35.962776	-83.541115
DGH-SL-07	Douglas Dam	DUGT1	35.962776	-83.541115
DGH-SL-08	Douglas Dam	DUGT1	35.962776	-83.541115
DGH-SP-01	Douglas Dam	DUGT1	35.962776	-83.541115
DGH-SP-02	Douglas Dam	DUGT1	35.962776	-83.541115
DGH-SP-03	Douglas Dam	DUGT1	35.962776	-83.541115
DGH-SP-04	Douglas Dam	DUGT1	35.962776	-83.541115
DGH-SP-05	Douglas Dam	DUGT1	35.962776	-83.541115
DGH-SP-06	Douglas Dam	DUGT1	35.962776	-83.541115
DGH-SP-07	Douglas Dam	DUGT1	35.962776	-83.541115
DGH-SP-08	Douglas Dam	DUGT1	35.962776	-83.541115
DGH-SP-09	Douglas Dam	DUGT1	35.962776	-83.541115
DGH-SP-10	Douglas Dam	DUGT1	35.962776	-83.541115
DGH-SP-11	Douglas Dam	DUGT1	35.962776	-83.541115
DHO-01	Dale Hollow-Unit1	DLHT1	36.538611	-85.451389
DHO-02	Dale Hollow-Unit2	DLHT1	36.538611	-85.451389
DHO-03	Dale Hollow-Unit3	DLHT1	36.538611	-85.451389
DILN7	Tuckasegee nr Dillsboro	DILN7	35.384445	-83.291664
DLHT1	Dale Hollow Dam	DLHT1	36.541389	-85.456390
DMEA1	Dime	DMEA1	34.333890	-87.650560
DNNM6	Jamie Whitten Lock and Dam	DNNM6	34.522222	-88.325000
DNNT1	Dunn	DNNT1	35.198055	-87.325554
DOET1	Doe at Elizabethton	DOET1	36.344444	-82.209999
DOGT1	Dogwood Dam	DOGT1	35.696667	-88.241943
DOVT1	Cumberland at Dover	DOVT1	36.493332	-87.838890
DUFV2	Duffield	DUFV2	36.711945	-82.796112
DUGT1	Douglas Dam	DUGT1	35.962776	-83.541115
DUGT1_evap	DUGT1_evap	DUGT1	35.962776	-83.541115
DUGT1Branch1	DUGT1Branch1	DUGT1	0.000000	0.000000
DUKE	Duke Projects	DUKE	35.326330	-84.902344
DUNT1	Dunlap	DUNT1	35.402500	-85.373055
DYNT1	Dayton	DYNT1	35.496666	-85.016388
EBVT1	Embreeville	EBVT1	36.182500	-82.456667
ECHO-DTX	DTX inside BFN barge	ECHO-DTX	34.699974	-87.118456
ECHO-TVA1	TVA1 BFN barge DS	ECHO-TVA1	34.699774	-87.118413
ECHO-TVA2	TVA2 BFN barge US	ECHO-TVA2	34.699665	-87.117318
ECHO-TVA3	TVA3 GUH powerhouse	ECHO-TVA3	34.422053	-86.392755
ECHO-TVA4	TVA4 GUH lock	ECHO-TVA4	34.425173	-86.391055
ECHO_AGG-BFN	Aggregate ECHO BFN	ECHO_AGG-BFN	34.699800	-87.118000
ECHO_AGG-GUH	Aggregate ECHO GUH	ECHO_AGG-GUH	34.423500	-86.392000
EgnerFerry	Egner Ferry Bridge	EgnerFerry	36.773931	-88.120252
EKTK2	Elkton KY	EKTK2	36.783333	-87.166664
Elk_BCT_XSection	Elk_BCT_XSection	B	34.761542	-87.264266
Elk_confluence	TennTom Elk Confluence	Elk_confluence	34.750507	-87.244354
ELKT1	Elkton TN	ELKT1	35.036110	-86.887497
EMBT1	Nolichucky at Embreeville	EMBT1	36.176388	-82.457497
EMGT1	Yellow Creek at Ellis Mills	EMGT1	36.310833	-87.553612
ENGG1	Lookout at New England	ENGG1	34.897499	-85.463058
EPWG1	Higdons Store	EPWG1	34.903332	-84.436111
ES_Utility	East Side Utility	ES_Utility	35.115000	-85.199000
ETOT1	Etowah	ETOT1	35.330276	-84.521111
EZBT1	Watauga at Elizabethton	EZBT1	36.355835	-82.223610
FALT1	Falls Creek	FALT1	35.679722	-85.308334
FGPT1	Fitts Gap	FGPT1	36.589443	-83.228058
FKVA1	Falkville	FKVA1	34.374168	-86.912781
FLCN7	French Broad at Fletcher	FLCN7	35.427502	-82.548058
FLDT1	Fort Loudoun Dam	FLDT1	35.792221	-84.245277
FLH-01	Fort Loudoun-Unit1	FLDT1	35.792221	-84.245277
FLH-01-TD	Fort Loudoun-Unit1-Taildeck	FLH-01	35.792221	-84.245277
FLH-02	Fort Loudoun-Unit2	FLDT1	35.792221	-84.245277
FLH-03	Fort Loudoun-Unit3	FLDT1	35.792221	-84.245277
FLH-04	Fort Loudoun-Unit4	FLDT1	35.792221	-84.245277
FLH-04-TD	Fort Loudoun-Unit4-Taildeck	FLH-04	35.792221	-84.245277
FLH-OG-01	Fort Loudoun Dam	FLDT1	35.792221	-84.245277
FLH-OG-02	Fort Loudoun Dam	FLDT1	35.792221	-84.245277
FLH-OG-03	Fort Loudoun Dam	FLDT1	35.792221	-84.245277
FLH-OG-04	Fort Loudoun Dam	FLDT1	35.792221	-84.245277
FLH-OG-05	Fort Loudoun Dam	FLDT1	35.792221	-84.245277
FLH-OG-06	Fort Loudoun Dam	FLDT1	35.792221	-84.245277
FLH-OG-07	Fort Loudoun Dam	FLDT1	35.792221	-84.245277
FLH-OG-08	Fort Loudoun Dam	FLDT1	35.792221	-84.245277
FLH-OG-09	Fort Loudoun Dam	FLDT1	35.792221	-84.245277
FLH-OG-10	Fort Loudoun Dam	FLDT1	35.792221	-84.245277
FLH-SP-01	Fort Loudoun Dam	FLDT1	35.792221	-84.245277
FLH-SP-02	Fort Loudoun Dam	FLDT1	35.792221	-84.245277
FLH-SP-03	Fort Loudoun Dam	FLDT1	35.792221	-84.245277
FLH-SP-04	Fort Loudoun Dam	FLDT1	35.792221	-84.245277
FLH-SP-05	Fort Loudoun Dam	FLDT1	35.792221	-84.245277
FLH-SP-06	Fort Loudoun Dam	FLDT1	35.792221	-84.245277
FLH-SP-07	Fort Loudoun Dam	FLDT1	35.792221	-84.245277
FLH-SP-08	Fort Loudoun Dam	FLDT1	35.792221	-84.245277
FLH-SP-09	Fort Loudoun Dam	FLDT1	35.792221	-84.245277
FLH-SP-10	Fort Loudoun Dam	FLDT1	35.792221	-84.245277
FLH-SP-11	Fort Loudoun Dam	FLDT1	35.792221	-84.245277
FLH-SP-12	Fort Loudoun Dam	FLDT1	35.792221	-84.245277
FLH-SP-13	Fort Loudoun Dam	FLDT1	35.792221	-84.245277
FLH-SP-14	Fort Loudoun Dam	FLDT1	35.792221	-84.245277
FLOA1	Tennessee at Florence	FLOA1	34.786945	-87.669998
Florence_AL	Florence, AL (upstream end of city)	Florence_AL	34.810000	-87.617000
FLRA1	Flat Rock	FLRA1	34.768055	-85.701111
FLTT1	Buffalo nr Flat Woods	FLTT1	35.495834	-87.832779
FNH-01	Fontana-Unit1	FONN7	35.450279	-83.805275
FNH-02	Fontana-Unit2	FONN7	35.450279	-83.805275
FNH-03	Fontana-Unit3	FONN7	35.450279	-83.805275
FNH-OG-01	Fontana Dam	FONN7	35.450279	-83.805275
FNH-OG-02	Fontana Dam	FONN7	35.450279	-83.805275
FNH-OG-03	Fontana Dam	FONN7	35.450279	-83.805275
FNH-OG-04	Fontana Dam	FONN7	35.450279	-83.805275
FNH-OG-05	Fontana Dam	FONN7	35.450279	-83.805275
FNH-OG-06	Fontana Dam	FONN7	35.450279	-83.805275
FNH-SL-01	Fontana Dam	FONN7	35.450279	-83.805275
FNH-SL-02	Fontana Dam	FONN7	35.450279	-83.805275
FNH-SL-03	Fontana Dam	FONN7	35.450279	-83.805275
FNH-SL-04	Fontana Dam	FONN7	35.450279	-83.805275
FNH-SL-05	Fontana Dam	FONN7	35.450279	-83.805275
FNH-SL-06	Fontana Dam	FONN7	35.450279	-83.805275
FNH-SP-01	Fontana Dam	FONN7	35.450279	-83.805275
FNH-SP-02	Fontana Dam	FONN7	35.450279	-83.805275
FNH-SP-03	Fontana Dam	FONN7	35.450279	-83.805275
FNH-SP-04	Fontana Dam	FONN7	35.450279	-83.805275
FNKN7	Franklin NC	FNKN7	35.199722	-83.380280
FNVT1	Flintville	FNVT1	35.063889	-86.413612
FONN7	Fontana Dam	FONN7	35.450279	-83.805275
Forks_of_River	Forks of River	Forks_of_River	35.958908	-83.850520
FortLoudoun_CE-QUAL-W2_mainstem	FortLoudoun_CE-QUAL-W2 mainstem	FLDT1	0.000000	0.000000
FPH-01	Fort Patrick Henry-Unit1	FPHT1	36.498901	-82.509102
FPH-02	Fort Patrick Henry-Unit2	FPHT1	36.498901	-82.509102
FPH-OG-01	Fort Patrick Henry Dam	FPHT1	36.498901	-82.509102
FPH-OG-02	Fort Patrick Henry Dam	FPHT1	36.498901	-82.509102
FPH-OG-03	Fort Patrick Henry Dam	FPHT1	36.498901	-82.509102
FPH-SP-01	Fort Patrick Henry Dam	FPHT1	36.498901	-82.509102
FPH-SP-02	Fort Patrick Henry Dam	FPHT1	36.498901	-82.509102
FPH-SP-03	Fort Patrick Henry Dam	FPHT1	36.498901	-82.509102
FPH-SP-04	Fort Patrick Henry Dam	FPHT1	36.498901	-82.509102
FPH-SP-05	Fort Patrick Henry Dam	FPHT1	36.498901	-82.509102
FPHT1	Fort Patrick Henry Dam	FPHT1	36.498901	-82.509102
FRAT1	Harpeth at Franklin TN	FRAT1	35.920555	-86.865555
FRYN7	Frying Pan	FRYN7	35.393330	-82.774170
FTCT1	Fightingtown Creek at Copperhill	FTCT1	34.992222	-84.381111
FTVT1	Fayetteville	FTVT1	35.134444	-86.539444
FW_Utility	Falling Water Utility	FW_Utility	35.271000	-85.107000
FYTT1	Elk abv Fayetteville	FYTT1	35.134445	-86.539444
GAF	Gallatin Fossil Plant	GAF	36.315102	-86.399902
GAF-01	Gallatin-Unit1	GAF	36.313154	-86.398888
GAF-02	Gallatin-Unit2	GAF	36.313154	-86.398888
GAF-03	Gallatin-Unit3	GAF	36.313154	-86.398888
GAF-04	Gallatin-Unit4	GAF	36.313154	-86.398888
GAF_Discharge_120.86	GAF_Discharge_120.86	GallatinDischarge	0.000000	0.000000
GAF_Discharge_122.86	GAF_Discharge_122.86	GallatinDischarge	0.000000	0.000000
GAF_Discharge_124.86	GAF_Discharge_124.86	GallatinDischarge	0.000000	0.000000
GAF_Discharge_126.86	GAF_Discharge_126.86	GallatinDischarge	0.000000	0.000000
GAF_Discharge_128.86	GAF_Discharge_128.86	GallatinDischarge	0.000000	0.000000
GAF_Discharge_130.86	GAF_Discharge_130.86	GallatinDischarge	0.000000	0.000000
GAF_Discharge_132.86	GAF_Discharge_132.86	GallatinDischarge	0.000000	0.000000
GAF_Discharge_134.86	GAF_Discharge_134.86	GallatinDischarge	0.000000	0.000000
GAF_Discharge_136.86	GAF_Discharge_136.86	GallatinDischarge	0.000000	0.000000
GAF_Discharge_138.86	GAF_Discharge_138.86	GallatinDischarge	0.000000	0.000000
GAF_evap	GAF_evap	GAF	36.299000	-86.260000
GAF_Intake_120.86	GAF_Intake_120.86	GallatinIntake	0.000000	0.000000
GAF_Intake_122.86	GAF_Intake_122.86	GallatinIntake	0.000000	0.000000
GAF_Intake_124.86	GAF_Intake_124.86	GallatinIntake	0.000000	0.000000
GAF_Intake_126.86	GAF_Intake_126.86	GallatinIntake	0.000000	0.000000
GAF_Intake_128.86	GAF_Intake_128.86	GallatinIntake	0.000000	0.000000
GAF_Intake_130.86	GAF_Intake_130.86	GallatinIntake	0.000000	0.000000
GAF_Intake_132.86	GAF_Intake_132.86	GallatinIntake	0.000000	0.000000
GAF_Intake_134.86	GAF_Intake_134.86	GallatinIntake	0.000000	0.000000
GAF_Intake_136.86	GAF_Intake_136.86	GallatinIntake	0.000000	0.000000
GAF_Intake_138.86	GAF_Intake_138.86	GallatinIntake	0.000000	0.000000
GAFBranch1	GAFBranch1	GAF	0.000000	0.000000
GALLATIN_CE-QUAL-W2_mainstem	GALLATIN_CE-QUAL-W2_mainstem	GAF	0.000000	0.000000
GALLATIN_CE-QUAL-W2_mainstem_DO	GALLATIN_CE-QUAL-W2_mainstem_DO	GAF	0.000000	0.000000
GallatinDischarge	Gallatin Discharge W2 profiles	GallatinDischarge	36.315102	-86.399902
GallatinIntake	Gallatin Intake W2 profiles	GallatinIntake	36.315102	-86.399902
GATV2	North Fork Holston nr Gate City	GATV2	36.608612	-82.568054
GBOT1	Roaring River above Gainsboro	GBOT1	36.351110	-85.545830
GEOT1	Georgetown	GEOT1	35.299446	-84.957779
GERA1	Town Creek nr Geraldine	GERA1	34.378334	-85.990280
GFH-01	Great Falls-Unit1	GGRT1	35.807499	-85.634163
GFH-02	Great Falls-Unit2	GGRT1	35.807499	-85.634163
GFH-OG-01	Great Falls Dam	GGRT1	35.807499	-85.634163
GFH-OG-02	Great Falls Dam	GGRT1	35.807499	-85.634163
GFH-OG-03	Great Falls Dam	GGRT1	35.807499	-85.634163
GFH-SP-01	Great Falls Dam	GGRT1	35.807499	-85.634163
GFH-SP-02	Great Falls Dam	GGRT1	35.807499	-85.634163
GGRT1	Great Falls Dam	GGRT1	35.807499	-85.634163
GRHK2	Grey Hawk	GRHK2	37.391110	-83.936390
GTTT1	Gatlinburg	GTTT1	35.691666	-83.534447
GUH-01	Guntersville-Unit1	GVDA1	34.421112	-86.393059
GUH-02	Guntersville-Unit2	GVDA1	34.421112	-86.393059
GUH-03	Guntersville-Unit3	GVDA1	34.421112	-86.393059
GUH-04	Guntersville-Unit4	GVDA1	34.421112	-86.393059
GUH-OG-01	Guntersville Dam	GVDA1	34.421112	-86.393059
GUH-OG-02	Guntersville Dam	GVDA1	34.421112	-86.393059
GUH-OG-03	Guntersville Dam	GVDA1	34.421112	-86.393059
GUH-OG-04	Guntersville Dam	GVDA1	34.421112	-86.393059
GUH-OG-05	Guntersville Dam	GVDA1	34.421112	-86.393059
GUH-OG-06	Guntersville Dam	GVDA1	34.421112	-86.393059
GUH-OG-07	Guntersville Dam	GVDA1	34.421112	-86.393059
GUH-OG-08	Guntersville Dam	GVDA1	34.421112	-86.393059
GUH-OG-09	Guntersville Dam	GVDA1	34.421112	-86.393059
GUH-OG-10	Guntersville Dam	GVDA1	34.421112	-86.393059
GUH-SP-01	Guntersville Dam	GVDA1	34.421112	-86.393059
GUH-SP-02	Guntersville Dam	GVDA1	34.421112	-86.393059
GUH-SP-03	Guntersville Dam	GVDA1	34.421112	-86.393059
GUH-SP-04	Guntersville Dam	GVDA1	34.421112	-86.393059
GUH-SP-05	Guntersville Dam	GVDA1	34.421112	-86.393059
GUH-SP-06	Guntersville Dam	GVDA1	34.421112	-86.393059
GUH-SP-07	Guntersville Dam	GVDA1	34.421112	-86.393059
GUH-SP-08	Guntersville Dam	GVDA1	34.421112	-86.393059
GUH-SP-09	Guntersville Dam	GVDA1	34.421112	-86.393059
GUH-SP-10	Guntersville Dam	GVDA1	34.421112	-86.393059
GUH-SP-11	Guntersville Dam	GVDA1	34.421112	-86.393059
GUH-SP-12	Guntersville Dam	GVDA1	34.421112	-86.393059
GUH-SP-13	Guntersville Dam	GVDA1	34.421112	-86.393059
GUH-SP-14	Guntersville Dam	GVDA1	34.421112	-86.393059
GUH-SP-15	Guntersville Dam	GVDA1	34.421112	-86.393059
GUH-SP-16	Guntersville Dam	GVDA1	34.421112	-86.393059
GUH-SP-17	Guntersville Dam	GVDA1	34.421112	-86.393059
GUH-SP-18	Guntersville Dam	GVDA1	34.421112	-86.393059
GUH-TD	Guntersville	GVDA1	34.424629	-86.392214
Guntersville_AL	Guntersville, AL	Guntersville_AL	34.373630	-86.288411
GVDA1	Guntersville Dam	GVDA1	34.421112	-86.393059
GVOA1	Grove Oak	GVOA1	34.423611	-86.022499
GVST1	Smiths Fork at Temperance Hall	GVST1	36.087223	-85.908058
HADT1	Apalachia Dam	HADT1	35.168056	-84.295280
HART1	Emory at Harriman	HART1	35.928611	-84.555833
HCTM6	Holcut	HCTM6	34.724998	-88.291946
HDSN7	Highlands	HDSN7	35.070278	-83.216667
HENA1	Henagar	HENA1	34.627224	-85.752220
HEPN7	Pigeon nr Hepco	HEPN7	35.634724	-82.989166
HGSA1	Hodges	HGSA1	34.393333	-87.885834
HIH-01	Hiwassee-Unit1	HIWN7	35.147221	-84.178612
HIH-01-DS	Hiwassee-Unit1-Downstream	HIH-01	35.147221	-84.178612
HIH-01-SC	Hiwassee-Unit1-Scrollcase	HIH-01	35.147221	-84.178612
HIH-02	Hiwassee-Unit2	HIWN7	35.147221	-84.178612
HIH-02-DS	Hiwassee-Unit2-Downstream	HIH-02	35.147221	-84.178612
HIH-02-SC	Hiwassee-Unit2-Scrollcase	HIH-02	35.147221	-84.178612
HIH-OG-01	Hiwassee Dam	HIWN7	35.147221	-84.178612
HIH-OG-02	Hiwassee Dam	HIWN7	35.147221	-84.178612
HIH-OG-03	Hiwassee Dam	HIWN7	35.147221	-84.178612
HIH-OG-04	Hiwassee Dam	HIWN7	35.147221	-84.178612
HIH-SL-01	Hiwassee Dam	HIWN7	35.147221	-84.178612
HIH-SL-02	Hiwassee Dam	HIWN7	35.147221	-84.178612
HIH-SL-03	Hiwassee Dam	HIWN7	35.147221	-84.178612
HIH-SL-04	Hiwassee Dam	HIWN7	35.147221	-84.178612
HIH-SP-01	Hiwassee Dam	HIWN7	35.147221	-84.178612
HIH-SP-02	Hiwassee Dam	HIWN7	35.147221	-84.178612
HIH-SP-03	Hiwassee Dam	HIWN7	35.147221	-84.178612
HIH-SP-04	Hiwassee Dam	HIWN7	35.147221	-84.178612
HIH-SP-05	Hiwassee Dam	HIWN7	35.147221	-84.178612
HIH-SP-06	Hiwassee Dam	HIWN7	35.147221	-84.178612
HIH-SP-07	Hiwassee Dam	HIWN7	35.147221	-84.178612
HIWN7	Hiwassee Dam	HIWN7	35.147221	-84.178612
HLTV2	Hiltons	HLTV2	36.644165	-82.493614
HMLT1	Duck abv Hurricane Mills	HMLT1	35.930000	-87.743057
HNTT1	Cumberland at Hunters Point	HNTT1	36.299168	-86.263611
HOHT1	Hohenwald	HOHT1	35.543888	-87.548615
HORT1	Horse Creek nr Savannah	HORT1	35.179722	-88.209724
HOTN7	Walnut	HOTN7	35.883335	-82.739441
HPKK2	South Fork Little at Hopkinsville	HPKK2	36.849444	-87.428889
HRFT1	Pigeon at Waterville	HRFT1	35.783890	-83.112221
HRRT1	Hiwassee River above Reliance	HRRT1	35.188333	-84.502500
HRSG1	Dial	HRSG1	34.760277	-84.218613
HSPN7	French Broad at Hot Springs	HSPN7	35.889721	-82.821114
Huntsville_AL	Huntsville, AL	Huntsville_AL	34.570327	-86.561357
HURG1	Toccoa near Dial	HURG1	34.790279	-84.239166
HVLN7	Hendersonville	HVLN7	35.352222	-82.465279
HWEG1	Hiwassee nr Hiawassee	HWEG1	34.883888	-83.721664
ICCN7	Cedar Cliff Dam	ICCN7	35.251667	-83.100281
IRCT1	Shoal Creek at Iron City	IRCT1	35.024166	-87.578888
Island_Home_Airport	Island Home Airport	Island_Home_Airport	35.961926	-83.864256
ISOT1	Isoline	ISOT1	36.078335	-85.061386
IVYN7	Ivy at Marshall	IVYN7	35.769722	-82.620834
JAGT1	East Fork Obey nr Jamestown	JAGT1	36.416111	-85.026390
JENT1	Jena	JENT1	35.653889	-84.151947
JNSV2	Powell nr Jonesville	JNSV2	36.661945	-83.094444
JNVT1	Johnsonville	JNVT1	36.030830	-87.975830
JOF	Johnsonville Fossil Plant	JOF	36.026199	-87.985901
JOF-01	Johnsonville-Unit1	JOF	36.025987	-87.986004
JOF-02	Johnsonville-Unit2	JOF	36.025987	-87.986004
JOF-03	Johnsonville-Unit3	JOF	36.025987	-87.986004
JOF-04	Johnsonville-Unit4	JOF	36.025987	-87.986004
JOF-05	Johnsonville-Unit5	JOF	36.025987	-87.986004
JOF-06	Johnsonville-Unit6	JOF	36.025987	-87.986004
JOF-07	Johnsonville-Unit7	JOF	36.025987	-87.986004
JOF-08	Johnsonville-Unit8	JOF	36.025987	-87.986004
JOF-09	Johnsonville-Unit9	JOF	36.025987	-87.986004
JOF-10	Johnsonville-Unit10	JOF	36.025987	-87.986004
JOF-11	Johnsonville-Unit11	JOF	36.025987	-87.986004
JPHT1	J Percy Priest Dam	JPHT1	36.148888	-86.619446
JPP-01	J. Percy Priest-Unit1	JPHT1	36.156389	-86.618611
JSC-01	John Sevier-Unit1	JSST1	36.378510	-82.960843
JSC-02	John Sevier-Unit2	JSST1	36.378510	-82.960843
JSC-03	John Sevier-Unit3	JSST1	36.378510	-82.960843
JSF-01	John Sevier-Unit1	JSST1	36.378510	-82.960843
JSF-02	John Sevier-Unit2	JSST1	36.378510	-82.960843
JSF-03	John Sevier-Unit3	JSST1	36.378510	-82.960843
JSF-04	John Sevier-Unit4	JSST1	36.378510	-82.960843
JSF-bypass dam-(2)	JSF-(2)	JSST1	36.380984	-82.961916
JSF-DS	John Sevier-Downstream	JSST1	36.378510	-82.960843
JSST1	John Sevier Combined Cycle Plant	JSST1	36.376110	-82.961113
KAVL	Asheville Airport	KAVL	35.436077	-82.541298
KBNA	Nashville Airport	KBNA	36.116665	-86.683334
KCHA	Chattanooga Airport	KCHA	35.033333	-85.199997
KGTT1	Tennessee nr Kingston	KGTT1	35.856388	-84.529167
KHSV	Huntsville Airport	KHSV	34.643890	-86.768890
KIF-01	Kingston-Unit1	KNST1	35.900401	-84.517307
KIF-02	Kingston-Unit2	KNST1	35.900401	-84.517307
KIF-03	Kingston-Unit3	KNST1	35.900401	-84.517307
KIF-04	Kingston-Unit4	KNST1	35.900401	-84.517307
KIF-05	Kingston-Unit5	KNST1	35.900401	-84.517307
KIF-06	Kingston-Unit6	KNST1	35.900401	-84.517307
KIF-07	Kingston-Unit7	KNST1	35.900401	-84.517307
KIF-08	Kingston-Unit8	KNST1	35.900401	-84.517307
KIF-09	Kingston-Unit9	KNST1	35.900401	-84.517307
KIF-unit 2(3)	KNF-(3)	KNST1	35.900430	-84.517331
KIF-unit 5(3)	KNF-(3)	KNST1	35.900430	-84.517331
KIF-unit 8(3)	KNF-(3)	KNST1	35.900430	-84.517331
KIF-weir-(3)	KNF-(3)	KNST1	35.900430	-84.517331
KIF_evap	KIF_evap	KNST1	35.900430	-84.517331
KIFBranch1	KIFBranch1	KNST1	0.000000	0.000000
KINGSTON_CE-QUAL-W2_mainstem	KINGSTON_CE-QUAL-W2_mainstem	KNST1	0.000000	0.000000
KINGSTON_CE-QUAL-W2_mainstem_DO	KINGSTON_CE-QUAL-W2_mainstem_DO	KNST1	0.000000	0.000000
KINGSTON_CE-QUAL-W2_v4_mainstem	KINGSTON_CE-QUAL-W2_v4_mainstem	KNST1	0.000000	0.000000
KingstonDischarge	Kingston Discharge W2 profiles	KingstonDischarge	35.901943	-84.518608
KingstonIntake	Kingston Intake W2 profiles	KingstonIntake	35.901943	-84.518608
KINT1	Harpeth nr Kingston Springs	KINT1	36.121944	-87.098892
KMEM	Memphis Airport	KMEM	35.049999	-90.000000
KNOT1	Tennessee blw Knoxville	KNOT1	35.945557	-83.946388
KNST1	Kingston Fossil Plant	KNST1	35.901943	-84.518608
KNST1_Discharge_215.18	KNST1_Discharge_215.18	KingstonDischarge	0.000000	0.000000
KNST1_Discharge_217.18	KNST1_Discharge_217.18	KingstonDischarge	0.000000	0.000000
KNST1_Discharge_219.18	KNST1_Discharge_219.18	KingstonDischarge	0.000000	0.000000
KNST1_Discharge_220.37	KNST1_Discharge_220.37	KingstonDischarge	0.000000	0.000000
KNST1_Discharge_221.18	KNST1_Discharge_221.18	KingstonDischarge	0.000000	0.000000
KNST1_Discharge_222.18	KNST1_Discharge_222.18	KingstonDischarge	0.000000	0.000000
KNST1_Discharge_223.18	KNST1_Discharge_223.18	KingstonDischarge	0.000000	0.000000
KNST1_Discharge_224.18	KNST1_Discharge_224.18	KingstonDischarge	0.000000	0.000000
KNST1_Discharge_225.18	KNST1_Discharge_225.18	KingstonDischarge	0.000000	0.000000
KNST1_Discharge_226.18	KNST1_Discharge_226.18	KingstonDischarge	0.000000	0.000000
KNST1_Intake_220.37	KNST1_Intake_220.37	KingstonIntake	0.000000	0.000000
KNST1_Intake_221.18	KNST1_Intake_221.18	KingstonIntake	0.000000	0.000000
KNST1_Intake_222.18	KNST1_Intake_222.18	KingstonIntake	0.000000	0.000000
KNST1_Intake_223.18	KNST1_Intake_223.18	KingstonIntake	0.000000	0.000000
KNST1_Intake_224.18	KNST1_Intake_224.18	KingstonIntake	0.000000	0.000000
KNST1_Intake_225.18	KNST1_Intake_225.18	KingstonIntake	0.000000	0.000000
KNST1_Intake_226.18	KNST1_Intake_226.18	KingstonIntake	0.000000	0.000000
KRKV2	Konnarock	KRKV2	36.674999	-81.591667
KTRI	Bristol Airport	KTRI	36.483334	-82.400002
KTYS	Knoxville Airport	KTYS	35.810276	-83.986664
KWTT1	Knoxville WTP	KWTT1	35.945278	-83.926666
KYDK2	Kentucky Dam	KYDK2	37.014446	-88.267776
KYDK2_Headwater_for_profile	Kentucky Dam, X-Y data at HP XS in RAS model (for profile calcs)	KYDK2_Headwater_for_profile	37.011471	-88.270177
KYH-01	Kentucky-Unit1	KYDK2	37.014446	-88.267776
KYH-02	Kentucky-Unit2	KYDK2	37.014446	-88.267776
KYH-03	Kentucky-Unit3	KYDK2	37.014446	-88.267776
KYH-04	Kentucky-Unit4	KYDK2	37.014446	-88.267776
KYH-05	Kentucky-Unit5	KYDK2	37.014446	-88.267776
KYH-SP-01	Kentucky Dam	KYDK2	37.014446	-88.267776
KYH-SP-02	Kentucky Dam	KYDK2	37.014446	-88.267776
KYH-SP-03	Kentucky Dam	KYDK2	37.014446	-88.267776
KYH-SP-04	Kentucky Dam	KYDK2	37.014446	-88.267776
KYH-SP-05	Kentucky Dam	KYDK2	37.014446	-88.267776
KYH-SP-06	Kentucky Dam	KYDK2	37.014446	-88.267776
KYH-SP-07	Kentucky Dam	KYDK2	37.014446	-88.267776
KYH-SP-08	Kentucky Dam	KYDK2	37.014446	-88.267776
KYH-SP-09	Kentucky Dam	KYDK2	37.014446	-88.267776
KYH-SP-10	Kentucky Dam	KYDK2	37.014446	-88.267776
KYH-SP-11	Kentucky Dam	KYDK2	37.014446	-88.267776
KYH-SP-12	Kentucky Dam	KYDK2	37.014446	-88.267776
KYH-SP-13	Kentucky Dam	KYDK2	37.014446	-88.267776
KYH-SP-14	Kentucky Dam	KYDK2	37.014446	-88.267776
KYH-SP-15	Kentucky Dam	KYDK2	37.014446	-88.267776
KYH-SP-16	Kentucky Dam	KYDK2	37.014446	-88.267776
KYH-SP-17	Kentucky Dam	KYDK2	37.014446	-88.267776
KYH-SP-18	Kentucky Dam	KYDK2	37.014446	-88.267776
KYH-SP-19	Kentucky Dam	KYDK2	37.014446	-88.267776
KYH-SP-20	Kentucky Dam	KYDK2	37.014446	-88.267776
KYH-SP-21	Kentucky Dam	KYDK2	37.014446	-88.267776
KYH-SP-22	Kentucky Dam	KYDK2	37.014446	-88.267776
KYH-SP-23	Kentucky Dam	KYDK2	37.014446	-88.267776
KYH-SP-24	Kentucky Dam	KYDK2	37.014446	-88.267776
LABT1	Laurel Bloomery	LABT1	36.566666	-81.759163
LAST1	East Fork Stones nr Lascassas	LAST1	35.918335	-86.333611
LBC-OG-01	Little Bear Creek	LBRA1	34.451946	-87.976944
LBC-OG-02	Little Bear Creek	LBRA1	34.451946	-87.976944
LBC-SL-01	Little Bear Creek	LBRA1	34.451946	-87.976944
LBC-SL-02	Little Bear Creek	LBRA1	34.451946	-87.976944
LBC-SP-01	Little Bear Creek	LBRA1	34.451946	-87.976944
LBRA1	Little Bear Creek Dam	LBRA1	34.451946	-87.976944
LBVT1	Buffalo blw Lobelville	LBVT1	35.810833	-87.777779
LCLK2	Laurel Lake Dam	LCLK2	36.961666	-84.270279
LDNT1	Linden	LDNT1	35.621387	-87.834167
LEBT1	Lebanon TN	LEBT1	36.228330	-86.318060
LEBV2	Lebanon VA	LEBV2	36.909168	-82.060280
Lenoir_City_TN	Lenoir City, TN	Lenoir_City_TN	35.778178	-84.272348
LFTT1	Lafayette	LFTT1	36.518833	-86.029972
LIMA1	Lim Rock	LIMA1	34.679165	-86.188889
LLDT1	Nolichucky at Lowlands	LLDT1	36.126110	-83.175552
LOST1	Lost Creek Dam	LOST1	35.579166	-88.343330
Loudon	Tennessee at Loudon	Loudon	35.737148	-84.328249
LUTT1	Luttrell	LUTT1	36.207779	-83.746109
LVGT1	Livingston	LVGT1	36.349444	-85.343889
LVLT1	Lobelville	LVLT1	35.782778	-87.774722
LXNT1	Lexington	LXNT1	35.643890	-88.386665
MANT1	Manchester	MANT1	35.482224	-86.098053
MARN7	French Broad at Marshall	MARN7	35.786388	-82.660835
MBLN7	Marble	MBLN7	35.188057	-83.918335
MCDT1	McDonald	MCDT1	35.096668	-84.989998
MCET1	McEwen	MCET1	36.106667	-87.637222
MCGT1	Collins nr McMinnville	MCGT1	35.725555	-85.729446
MCST1	Duck blw Manchester	MCST1	35.470833	-86.121666
MDGT1	Milledgeville	MDGT1	35.357498	-88.373611
MDLK2	Yellow Creek nr Middlesboro	MDLK2	36.668056	-83.688614
MDNT1	Harpeth at McDaniel	MDNT1	35.832500	-86.698890
MeltonHillDam	Melton Hill Dam W2 profiles	MeltonHillDam	35.884445	-84.300552
MeltonHillDam_v4	Melton Hill Dam W2 v4 profiles	MeltonHillDam_v4	35.884445	-84.300552
MGNT1	Milligan College	MGNT1	36.305557	-82.305832
MHDT1	Melton Hill Dam	MHDT1	35.884445	-84.300552
MHDT1_221.80	MHDT1_221.80	MeltonHillDam	0.000000	0.000000
MHDT1_224.80	MHDT1_224.80	MeltonHillDam	0.000000	0.000000
MHDT1_227.80	MHDT1_227.80	MeltonHillDam	0.000000	0.000000
MHDT1_229.80	MHDT1_229.80	MeltonHillDam	0.000000	0.000000
MHDT1_231.80	MHDT1_231.80	MeltonHillDam	0.000000	0.000000
MHDT1_233.80	MHDT1_233.80	MeltonHillDam	0.000000	0.000000
MHDT1_235.80	MHDT1_235.80	MeltonHillDam	0.000000	0.000000
MHDT1_237.80	MHDT1_237.80	MeltonHillDam	0.000000	0.000000
MHDT1_239.80	MHDT1_239.80	MeltonHillDam	0.000000	0.000000
MHDT1_241.30	MHDT1_241.30	MeltonHillDam	0.000000	0.000000
MHDT1_v4_225.30	MHDT1_v4_225.30	MeltonHillDam_v4	0.000000	0.000000
MHDT1_v4_227.30	MHDT1_v4_227.30	MeltonHillDam_v4	0.000000	0.000000
MHDT1_v4_229.30	MHDT1_v4_229.30	MeltonHillDam_v4	0.000000	0.000000
MHDT1_v4_231.30	MHDT1_v4_231.30	MeltonHillDam_v4	0.000000	0.000000
MHDT1_v4_233.30	MHDT1_v4_233.30	MeltonHillDam_v4	0.000000	0.000000
MHDT1_v4_235.30	MHDT1_v4_235.30	MeltonHillDam_v4	0.000000	0.000000
MHDT1_v4_237.30	MHDT1_v4_237.30	MeltonHillDam_v4	0.000000	0.000000
MHDT1_v4_239.30	MHDT1_v4_239.30	MeltonHillDam_v4	0.000000	0.000000
MHDT1_v4_241.30	MHDT1_v4_241.30	MeltonHillDam_v4	0.000000	0.000000
MHDT1_v4_243.30	MHDT1_v4_243.30	MeltonHillDam_v4	0.000000	0.000000
MHH-01	Melton Hill-Unit1	MHDT1	35.884445	-84.300552
MHH-01-TD	Melton Hill-Unit1-Taildeck	MHH-01	35.884445	-84.300552
MHH-02	Melton Hill-Unit2	MHDT1	35.884445	-84.300552
MHH-02-TD	Melton Hill-Unit2-Taildeck	MHH-02	35.884445	-84.300552
MHH-OG-01	Melton Hill Dam	MHDT1	35.884445	-84.300552
MHH-OG-02	Melton Hill Dam	MHDT1	35.884445	-84.300552
MHH-OG-03	Melton Hill Dam	MHDT1	35.884445	-84.300552
MHH-SP-01	Melton Hill Dam	MHDT1	35.884445	-84.300552
MHH-SP-02	Melton Hill Dam	MHDT1	35.884445	-84.300552
MHH-SP-03	Melton Hill Dam	MHDT1	35.884445	-84.300552
MHH-TD	Melton Hill-Taildeck	MHDT1	35.884445	-84.300552
MHLN7	Leicester	MHLN7	35.723610	-82.660278
Mile_16_5	Mile 16.5	Mile_16_5	34.872852	-87.107561
MLTA1	Moulton	MLTA1	34.403889	-87.316109
MLTT1	Duck at Milltown	MLTT1	35.576389	-86.778893
MMTN7	Mount Mitchell	MMTN7	35.758610	-82.270554
MMVT1	McMinnville	MMVT1	35.704444	-85.744722
MNYT1	Monterey	MNYT1	36.150002	-85.241669
MPHN7	Hiwassee at Murphy	MPHN7	35.080555	-84.004166
MPLT1	Mount Pleasant	MPLT1	35.522778	-87.227219
MPYN7	Murphy	MPYN7	35.077778	-84.028336
MRNV2	Marion	MRNV2	36.854721	-81.481941
MRST1	Morrison	MRST1	35.616390	-85.894165
MSTT1	Morristown	MSTT1	36.272499	-83.226112
MTCK2	Beaver Creek nr Monticello	MTCK2	36.797501	-84.896111
MTRI2	Ohio River at Metropolis	MTRI2	37.147500	88.740833
MUGT1	West Fork Stones at Murfreesboro	MUGT1	35.902779	-86.430000
Muscle_Shoals_AL	Muscle Shoals AL	Muscle_Shoals_AL	34.794000	-87.641000
MYVT1	Little nr Maryville	MYVT1	35.785278	-83.884720
N/A	Blank t.s.	N/A	0.000000	0.000000
NANN7	Nantahala Power House	NANN7	35.273056	-83.680000
NAST1	Cumberland at Nashville	NAST1	36.167221	-86.776390
NBLV2	North Bristol	NBLV2	36.624722	-82.188332
NDMN7	Needmore Rain	NDMN7	35.323056	-83.534167
NEEN7	Little Tennessee at Needmore	NEEN7	35.336388	-83.527222
NEPT1	Pigeon at Newport	NEPT1	35.960556	-83.174164
NEWT1	Newcomb	NEWT1	36.544445	-84.173058
NFGT1	Newfound Gap	NFGT1	35.611389	-83.428886
NJH-01	Nickajack-Unit1	NKJT1	35.001667	-85.621948
NJH-01-TD	Nickajack-Unit1-Taildeck	NJH-01	35.001667	-85.621948
NJH-02	Nickajack-Unit2	NKJT1	35.001667	-85.621948
NJH-02-TD	Nickajack-Unit2-Taildeck	NJH-02	35.001667	-85.621948
NJH-03	Nickajack-Unit3	NKJT1	35.001667	-85.621948
NJH-03-TD	Nickajack-Unit3-Taildeck	NJH-03	35.001667	-85.621948
NJH-04	Nickajack-Unit4	NKJT1	35.001667	-85.621948
NJH-04-TD	Nickajack-Unit4-Taildeck	NJH-04	35.001667	-85.621948
NJH-OG-01	Nickajack Dam	NKJT1	35.001667	-85.621948
NJH-OG-02	Nickajack Dam	NKJT1	35.001667	-85.621948
NJH-OG-03	Nickajack Dam	NKJT1	35.001667	-85.621948
NJH-OG-04	Nickajack Dam	NKJT1	35.001667	-85.621948
NJH-OG-05	Nickajack Dam	NKJT1	35.001667	-85.621948
NJH-OG-06	Nickajack Dam	NKJT1	35.001667	-85.621948
NJH-OG-07	Nickajack Dam	NKJT1	35.001667	-85.621948
NJH-OG-08	Nickajack Dam	NKJT1	35.001667	-85.621948
NJH-OG-09	Nickajack Dam	NKJT1	35.001667	-85.621948
NJH-OG-10	Nickajack Dam	NKJT1	35.001667	-85.621948
NJH-OG-11	Nickajack Dam	NKJT1	35.001667	-85.621948
NJH-SP-01	Nickajack Dam	NKJT1	35.001667	-85.621948
NJH-SP-02	Nickajack Dam	NKJT1	35.001667	-85.621948
NJH-SP-03	Nickajack Dam	NKJT1	35.001667	-85.621948
NJH-SP-04	Nickajack Dam	NKJT1	35.001667	-85.621948
NJH-SP-05	Nickajack Dam	NKJT1	35.001667	-85.621948
NJH-SP-06	Nickajack Dam	NKJT1	35.001667	-85.621948
NJH-SP-07	Nickajack Dam	NKJT1	35.001667	-85.621948
NJH-SP-08	Nickajack Dam	NKJT1	35.001667	-85.621948
NJH-SP-09	Nickajack Dam	NKJT1	35.001667	-85.621948
NJH-SP-10	Nickajack Dam	NKJT1	35.001667	-85.621948
NJNT1	Tennessee nr Johnsonville	NJNT1	36.017502	-88.003891
NKJT1	Nickajack Dam	NKJT1	35.001667	-85.621948
NOC-OG-01	Normandy Dam	NRMT1	35.465279	-86.248886
NOC-OG-02	Normandy Dam	NRMT1	35.465279	-86.248886
NOC-SL-01	Normandy Dam	NRMT1	35.465279	-86.248886
NOC-SL-02	Normandy Dam	NRMT1	35.465279	-86.248886
NOC-SL-03	Normandy Dam	NRMT1	35.465279	-86.248886
NOC-SL-04	Normandy Dam	NRMT1	35.465279	-86.248886
NOC-SP-01	Normandy Dam	NRMT1	35.465279	-86.248886
NOC-SP-02	Normandy Dam	NRMT1	35.465279	-86.248886
NOH-01	Norris-Unit1	NRST1	36.223057	-84.089996
NOH-01-DS	Norris-Unit1-Downstream	NOH-01	36.223057	-84.089996
NOH-02	Norris-Unit2	NRST1	36.223057	-84.089996
NOH-02-DS	Norris-Unit2-Downstream	NOH-02	36.223057	-84.089996
NOH-OG-01	Norris Dam	NRST1	36.223057	-84.089996
NOH-RRBR	Norris-RiverRoadBoatRamp	NRST1	36.223057	-84.089996
NOH-SL-01	Norris Dam	NRST1	36.223057	-84.089996
NOH-SL-02	Norris Dam	NRST1	36.223057	-84.089996
NOH-SL-03	Norris Dam	NRST1	36.223057	-84.089996
NOH-SL-04	Norris Dam	NRST1	36.223057	-84.089996
NOH-SL-05	Norris Dam	NRST1	36.223057	-84.089996
NOH-SL-06	Norris Dam	NRST1	36.223057	-84.089996
NOH-SL-07	Norris Dam	NRST1	36.223057	-84.089996
NOH-SL-08	Norris Dam	NRST1	36.223057	-84.089996
NOH-SP-01	Norris Dam	NRST1	36.223057	-84.089996
NOH-SP-02	Norris Dam	NRST1	36.223057	-84.089996
NOH-SP-03	Norris Dam	NRST1	36.223057	-84.089996
NOLT1	Nolichucky Dam	NOLT1	36.065556	-82.866386
Norfolk_Southern_Rail_Yard	Norfolk-Southern Rail Yard	Norfolk_Southern_Rail_Yard	36.031352	-83.814947
NOTG1	Nottely Dam	NOTG1	34.960835	-84.086945
NPRT1	Newport	NPRT1	35.970556	-83.203611
NRMT1	Normandy Dam	NRMT1	35.465279	-86.248886
NRST1	Norris Dam	NRST1	36.223057	-84.089996
NRST1_evap	NRST1_evap	NRST1	36.223057	-84.089996
NRST1Branch1	NRST1Branch1	NRST1	0.000000	0.000000
NRVT1	New nr Robbins	NRVT1	36.385555	-84.554726
NTH-01	Nottely-Unit1	NOTG1	34.960835	-84.086945
NTH-01-DS	Nottelly-Unit1-Downstream	NTH-01	34.960835	-84.086945
NTH-02	Nottely-Unit2	NOTG1	34.960835	-84.086945
NTH-02-DS	Nottelly-Unit2-Downstream	NTH-02	34.960835	-84.086945
NTH-OG-01	Nottely Dam	NOTG1	34.960835	-84.086945
NTH-SP-01	Nottely Dam	NOTG1	34.960835	-84.086945
NTH-SP-02	Nottely Dam	NOTG1	34.960835	-84.086945
NTH-SP-03	Nottely Dam	NOTG1	34.960835	-84.086945
NTH-SP-04	Nottely Dam	NOTG1	34.960835	-84.086945
NTH-SP-05	Nottely Dam	NOTG1	34.960835	-84.086945
NTH-SP-06	Nottely Dam	NOTG1	34.960835	-84.086945
NTH-SP-07	Nottely Dam	NOTG1	34.960835	-84.086945
NTH-SP-08	Nottely Dam	NOTG1	34.960835	-84.086945
NTH-SP-09	Nottely Dam	NOTG1	34.960835	-84.086945
NTH-SP-10	Nottely Dam	NOTG1	34.960835	-84.086945
NTH-SP-11	Nottely Dam	NOTG1	34.960835	-84.086945
NTH-SP-12	Nottely Dam	NOTG1	34.960835	-84.086945
NTH-SP-13	Nottely Dam	NOTG1	34.960835	-84.086945
NTH-SP-14	Nottely Dam	NOTG1	34.960835	-84.086945
NTH-SP-15	Nottely Dam	NOTG1	34.960835	-84.086945
NTH-SP-16	Nottely Dam	NOTG1	34.960835	-84.086945
NTH-SP-17	Nottely Dam	NOTG1	34.960835	-84.086945
NTH-SP-18	Nottely Dam	NOTG1	34.960835	-84.086945
NTH-SP-19	Nottely Dam	NOTG1	34.960835	-84.086945
NTH-SP-20	Nottely Dam	NOTG1	34.960835	-84.086945
NTH-SP-21	Nottely Dam	NOTG1	34.960835	-84.086945
NTH-SP-22	Nottely Dam	NOTG1	34.960835	-84.086945
NTH-SP-23	Nottely Dam	NOTG1	34.960835	-84.086945
NTH-SP-24	Nottely Dam	NOTG1	34.960835	-84.086945
NTH-SP-25	Nottely Dam	NOTG1	34.960835	-84.086945
NTH-SP-26	Nottely Dam	NOTG1	34.960835	-84.086945
NTH-SP-27	Nottely Dam	NOTG1	34.960835	-84.086945
NTH-SP-28	Nottely Dam	NOTG1	34.960835	-84.086945
NTH-SP-29	Nottely Dam	NOTG1	34.960835	-84.086945
NTH-SP-30	Nottely Dam	NOTG1	34.960835	-84.086945
NTH-SP-31	Nottely Dam	NOTG1	34.960835	-84.086945
NTH-SP-32	Nottely Dam	NOTG1	34.960835	-84.086945
NTH-SP-33	Nottely Dam	NOTG1	34.960835	-84.086945
NTH-SP-34	Nottely Dam	NOTG1	34.960835	-84.086945
NTH-SP-35	Nottely Dam	NOTG1	34.960835	-84.086945
NTH-SP-36	Nottely Dam	NOTG1	34.960835	-84.086945
NTH-SP-37	Nottely Dam	NOTG1	34.960835	-84.086945
NTH-SP-38	Nottely Dam	NOTG1	34.960835	-84.086945
NTH-SP-39	Nottely Dam	NOTG1	34.960835	-84.086945
NTH-SP-40	Nottely Dam	NOTG1	34.960835	-84.086945
NTH-SP-41	Nottely Dam	NOTG1	34.960835	-84.086945
NTH-SP-42	Nottely Dam	NOTG1	34.960835	-84.086945
NTH-SP-43	Nottely Dam	NOTG1	34.960835	-84.086945
NTH-SP-44	Nottely Dam	NOTG1	34.960835	-84.086945
NTH-SP-45	Nottely Dam	NOTG1	34.960835	-84.086945
NTH-SP-46	Nottely Dam	NOTG1	34.960835	-84.086945
NTH-SP-47	Nottely Dam	NOTG1	34.960835	-84.086945
NTH-SP-48	Nottely Dam	NOTG1	34.960835	-84.086945
NTH-SP-49	Nottely Dam	NOTG1	34.960835	-84.086945
NTH-SP-50	Nottely Dam	NOTG1	34.960835	-84.086945
NWPT1	French Broad nr Newport	NWPT1	35.982498	-83.160835
O1H-01	Ocoee1-Unit1	OCAT1	35.095554	-84.647499
O1H-02	Ocoee1-Unit2	OCAT1	35.095554	-84.647499
O1H-03	Ocoee1-Unit3	OCAT1	35.095554	-84.647499
O1H-04	Ocoee1-Unit4	OCAT1	35.095554	-84.647499
O1H-05	Ocoee1-Unit5	OCAT1	35.095554	-84.647499
O1H-SP-01	Ocoee No. 1 Dam	OCAT1	35.095554	-84.647499
O1H-SP-02	Ocoee No. 1 Dam	OCAT1	35.095554	-84.647499
O1H-SP-03	Ocoee No. 1 Dam	OCAT1	35.095554	-84.647499
O1H-SP-04	Ocoee No. 1 Dam	OCAT1	35.095554	-84.647499
O2H-01	Ocoee2-Unit1	OCBT1	35.095001	-84.534721
O2H-02	Ocoee2-Unit2	OCBT1	35.095001	-84.534721
O2H-OG-01	Ocoee No. 2 Dam	OCBT1	35.147221	-84.178612
O2H-OG-02	Ocoee No. 2 Dam	OCBT1	35.147221	-84.178612
O2H-SP-01	Ocoee No. 2 Dam	OCBT1	35.095001	-84.534721
O3H-01	Ocoee3-Unit1	OCCT1	35.040554	-84.466667
O3H-OG-01	Ocoee No. 3 Dam	OCCT1	35.040554	-84.466667
O3H-OG-02	Ocoee No. 3 Dam	OCCT1	35.040554	-84.466667
O3H-OG-03	Ocoee No. 3 Dam	OCCT1	35.040554	-84.466667
O3H-OG-04	Ocoee No. 3 Dam	OCCT1	35.040554	-84.466667
O3H-SL-01	Ocoee No. 3 Dam	OCCT1	35.040554	-84.466667
O3H-SL-02	Ocoee No. 3 Dam	OCCT1	35.040554	-84.466667
O3H-SP-01	Ocoee No. 3 Dam	OCCT1	35.040554	-84.466667
O3H-SP-02	Ocoee No. 3 Dam	OCCT1	35.040554	-84.466667
O3H-SP-03	Ocoee No. 3 Dam	OCCT1	35.040554	-84.466667
O3H-SP-04	Ocoee No. 3 Dam	OCCT1	35.040554	-84.466667
O3H-SP-05	Ocoee No. 3 Dam	OCCT1	35.040554	-84.466667
O3H-SP-06	Ocoee No. 3 Dam	OCCT1	35.040554	-84.466667
O3H-SP-07	Ocoee No. 3 Dam	OCCT1	35.040554	-84.466667
OAKT1	Emory at Oakdale	OAKT1	35.983055	-84.558052
OBDT1	Obed River nr Adams Bridge	OBDT1	36.061667	-84.961389
OCAT1	Ocoee No. 1 Dam	OCAT1	35.095554	-84.647499
OCBT1	Ocoee No. 2 Dam	OCBT1	35.095001	-84.534721
OCCT1	Ocoee No. 3 Dam	OCCT1	35.040554	-84.466667
OCET1	Ocoee near Archville	OCET1	35.096944	-84.535278
OHHT1	Old Hickory Dam	OHHT1	36.297779	-86.654999
OHHT1_120.86	OHHT1_120.86	OldHickoryDam	0.000000	0.000000
OHHT1_122.86	OHHT1_122.86	OldHickoryDam	0.000000	0.000000
OHHT1_124.86	OHHT1_124.86	OldHickoryDam	0.000000	0.000000
OHHT1_126.86	OHHT1_126.86	OldHickoryDam	0.000000	0.000000
OHHT1_128.86	OHHT1_128.86	OldHickoryDam	0.000000	0.000000
OHHT1_130.86	OHHT1_130.86	OldHickoryDam	0.000000	0.000000
OHHT1_132.86	OHHT1_132.86	OldHickoryDam	0.000000	0.000000
OHHT1_134.86	OHHT1_134.86	OldHickoryDam	0.000000	0.000000
OHHT1_136.86	OHHT1_136.86	OldHickoryDam	0.000000	0.000000
OHHT1_138.86	OHHT1_138.86	OldHickoryDam	0.000000	0.000000
OHIT1	Cumberland River below Old Hickory Dam Near Old Hickory	OHIT1	36.296944	-86.658611
OKGT1	Oak Grove	OKGT1	36.044724	-83.344444
OldHickoryDam	Old Hickory Dam W2 profiles	OldHickoryDam	36.297779	-86.654999
OLH-01	Old Hickory-Unit1	OHHT1	36.297222	-86.655556
OLH-02	Old Hickory-Unit2	OHHT1	36.297222	-86.655556
OLH-03	Old Hickory-Unit3	OHHT1	36.297222	-86.655556
OLH-04	Old Hickory-Unit4	OHHT1	36.297222	-86.655556
OLMI2	Olmstead Lock and Dam	OLMI2	37.179520	-89.058570
ONIT1	Oneida	ONIT1	36.500000	-84.483330
ORLT1	Orlinda	ORLT1	36.599998	-86.766670
ORNL	ORNL	ORNL	35.925417	-84.411009
PADK2	Tennessee nr Paducah	PADK2	37.021111	-88.529442
PAF	Paradise Fossil Plant	PAF	37.261188	-86.989968
PAF-01	Paradise-Unit1	PAF	37.259760	-86.973857
PAF-02	Paradise-Unit2	PAF	37.259760	-86.973857
PAF-03	Paradise-Unit3	PAF	37.259760	-86.973857
PAHK2	Ohio at Paducah	PAHK2	37.089443	-88.594444
PANT1	Pandora	PANT1	36.440556	-81.940277
ParisLanding	Paris Landing State Park	ParisLanding	36.424446	-88.129166
PEGV2	Pennington Gap	PEGV2	36.746387	-83.038887
PELT1	Elk River nr Pelham	PELT1	35.296665	-85.869720
PENT1	Cumberland at Penitentiary Branch	PENT1	36.439167	-85.595001
PICT1	Pickwick Dam	PICT1	35.063610	-88.249725
PIDT1	Pine Dam	PIDT1	35.569443	-88.406944
PIOT1	Pin Oak Dam	PIOT1	35.679443	-88.282219
PKH-01	Pickwick-Unit1	PICT1	35.063610	-88.249725
PKH-02	Pickwick-Unit2	PICT1	35.063610	-88.249725
PKH-03	Pickwick-Unit3	PICT1	35.063610	-88.249725
PKH-04	Pickwick-Unit4	PICT1	35.063610	-88.249725
PKH-05	Pickwick-Unit5	PICT1	35.063610	-88.249725
PKH-06	Pickwick-Unit6	PICT1	35.063610	-88.249725
PKH-OG-01	Pickwick Dam	PICT1	35.063610	-88.249725
PKH-OG-02	Pickwick Dam	PICT1	35.063610	-88.249725
PKH-OG-03	Pickwick Dam	PICT1	35.063610	-88.249725
PKH-OG-04	Pickwick Dam	PICT1	35.063610	-88.249725
PKH-SP-01	Pickwick Dam	PICT1	35.063610	-88.249725
PKH-SP-02	Pickwick Dam	PICT1	35.063610	-88.249725
PKH-SP-03	Pickwick Dam	PICT1	35.063610	-88.249725
PKH-SP-04	Pickwick Dam	PICT1	35.063610	-88.249725
PKH-SP-05	Pickwick Dam	PICT1	35.063610	-88.249725
PKH-SP-06	Pickwick Dam	PICT1	35.063610	-88.249725
PKH-SP-07	Pickwick Dam	PICT1	35.063610	-88.249725
PKH-SP-08	Pickwick Dam	PICT1	35.063610	-88.249725
PKH-SP-09	Pickwick Dam	PICT1	35.063610	-88.249725
PKH-SP-10	Pickwick Dam	PICT1	35.063610	-88.249725
PKH-SP-11	Pickwick Dam	PICT1	35.063610	-88.249725
PKH-SP-12	Pickwick Dam	PICT1	35.063610	-88.249725
PKH-SP-13	Pickwick Dam	PICT1	35.063610	-88.249725
PKH-SP-14	Pickwick Dam	PICT1	35.063610	-88.249725
PKH-SP-15	Pickwick Dam	PICT1	35.063610	-88.249725
PKH-SP-16	Pickwick Dam	PICT1	35.063610	-88.249725
PKH-SP-17	Pickwick Dam	PICT1	35.063610	-88.249725
PKH-SP-18	Pickwick Dam	PICT1	35.063610	-88.249725
PKH-SP-19	Pickwick Dam	PICT1	35.063610	-88.249725
PKH-SP-20	Pickwick Dam	PICT1	35.063610	-88.249725
PKH-SP-21	Pickwick Dam	PICT1	35.063610	-88.249725
PKH-SP-22	Pickwick Dam	PICT1	35.063610	-88.249725
PKST1	Parksville	PKST1	35.095000	-84.649167
PKVT1	Pikeville	PKVT1	35.608891	-85.193886
PLKT1	Richland at Pulaski	PLKT1	35.195000	-87.063889
PLMN7	Plumtree	PLMN7	36.041668	-82.011948
PLYG1	Presley	PLYG1	34.906944	-83.725830
POF	Tennessee at Port of Florence	POF	34.784364	-87.671805
PORT1	Red at Port Royal	PORT1	36.554722	-87.141945
PORT1S	Sulphur Fork of the Red nr Adams	PORT1S	36.516998	-87.056999
PPLT1	Bradley Creek nr Prairie Plains	PPLT1	35.355835	-85.979164
PRDK2	Green at Paradise	PRDK2	37.263889	-86.977776
PRST1	Parsons	PRST1	35.648335	-88.130280
PRTN7	Little Tennessee at Prentiss	PRTN7	35.150002	-83.379723
PRVT1	Tennessee at Perryville	PRVT1	35.624722	-88.038887
PSKT1	Pulaski	PSKT1	35.188889	-87.032219
PSLT1	Paris Landing	PSLT1	36.424446	-88.129166
PSPT1	Elk at Prospect	PSPT1	35.014446	-86.994446
PSYG1	Hiwassee at Presley	PSYG1	34.905556	-83.716942
PTBT1	Petersburg	PTBT1	35.326389	-86.653336
PTST1	Petros	PTST1	36.098888	-84.445557
PVLK2	Cumberland at Pineville	PVLK2	36.764446	-83.692497
RACT1	Raccoon Mountain Pumped Storage	RACT1	35.056389	-85.387497
RBYA1	Bear Creek nr Red Bay	RBYA1	34.443333	-88.115555
RDDT1	Roddy	RDDT1	35.765556	-84.777496
Redstone	Tennessee nr Redstone Aresenal	Redstone	34.592036	-86.724091
REDT1	Redbud Dam	REDT1	35.685276	-88.259445
RHBG1	R. H. Bandy	RHBG1	34.903332	-85.078056
RHF	Red Hills Fossil Plant	RHF	34.106538	-82.891245
RLDV2	Richlands	RLDV2	37.096111	-81.835556
RLRV2	Clinch at Richlands	RLRV2	37.083332	-81.773888
RMNN7	Rosman	RMNN7	35.136944	-82.820274
RMP-01	Raccoon Mountain-Unit1	RACT1	35.056389	-85.387497
RMP-02	Raccoon Mountain-Unit2	RACT1	35.056389	-85.387497
RMP-03	Raccoon Mountain-Unit3	RACT1	35.056389	-85.387497
RMP-04	Raccoon Mountain-Unit4	RACT1	35.056389	-85.387497
ROSN7	French Broad at Rosman	ROSN7	35.143333	-82.824722
RTRN7	West Fork Pigeon at Retreat	RTRN7	35.426666	-82.919998
SALT1	Tennessee R at Saltillo	SALT1	35.375136	-88.199288
SALV2	North Fork Holston at Saltville	SALV2	36.896667	-81.746109
SAMN7	Sams Gap	SAMN7	35.954166	-82.561668
SAVT1	Tennessee at Savannah	SAVT1	35.224445	-88.256668
SBTT1	Sunbright	SBTT1	36.248890	-84.661110
SCBA1	Scottsboro	SCBA1	34.649166	-85.985275
SCHG1	Grizzle Creek	SCHG1	34.719723	-84.065002
SCRA1	Tennessee nr Scottsboro	SCRA1	34.643612	-85.980278
Sea_Ray_boats	Sea Ray boats	Sea_Ray_boats	35.617067	-84.249414
SEET1	Sewee Creek near Decatur	SEET1	35.581112	-84.748055
SEPA	Southeast Power Administration	SEPA	35.099998	-85.229446
SEVT1	Little Pigeon at Sevierville	SEVT1	35.878334	-83.577774
SEWT1	Sewanee	SEWT1	35.196945	-85.917778
SFYV2	Clinch at Speers Ferry	SFYV2	36.648613	-82.750557
SGWN7	Watauga nr Sugar Grove	SGWN7	36.238335	-81.822777
SHDT1	South Holston Dam	SHDT1	36.520279	-82.095276
Sheffield_AL	Sheffield, AL	Sheffield_AL	34.774000	-87.694000
SHET1	Duck at Shelbyville	SHET1	35.482498	-86.462219
SHF	Shawnee Fossil Plant	SHF	37.141066	-88.765346
SHF-01	Shawnee-Unit1	SHF	37.152706	-88.775475
SHF-02	Shawnee-Unit2	SHF	37.152706	-88.775475
SHF-03	Shawnee-Unit3	SHF	37.152706	-88.775475
SHF-04	Shawnee-Unit4	SHF	37.152706	-88.775475
SHF-05	Shawnee-Unit5	SHF	37.152706	-88.775475
SHF-06	Shawnee-Unit6	SHF	37.152706	-88.775475
SHF-07	Shawnee-Unit7	SHF	37.152706	-88.775475
SHF-08	Shawnee-Unit8	SHF	37.152706	-88.775475
SHF-09	Shawnee-Unit9	SHF	37.152706	-88.775475
SHF-10	Shawnee-Unit10	SHF	37.152706	-88.775475
SHH-01	South Holston-unit1	SHDT1	36.520279	-82.095276
SHH-OG-01	South Holston Dam	SHDT1	36.520279	-82.095276
SHH-SL-01	South Holston Dam	SHDT1	36.520279	-82.095276
SHH-SL-02	South Holston Dam	SHDT1	36.520279	-82.095276
SHH-SP-01	South Holston Dam	SHDT1	36.520279	-82.095276
SHKT1	South Fork Holston River at Kingsport (TEC)	SHKT1	36.517776	-82.541115
SHVT1	Duck nr Shelbyville	SHVT1	35.480000	-86.499168
SLMT1	Salem	SLMT1	35.085835	-86.252777
SMFV2	Middle Fork Holston at 7 Mile Ford	SMFV2	36.807220	-81.622223
SMLI2	Ohio River at Smithland Lock And Dam	SMLI2	37.158333	-88.426111
SMLK2	Cumberland at Smithland	SMLK2	37.147778	-88.400002
SNNT1	Savannah	SNNT1	35.179720	-88.209720
SNTN7	Santeetlah Dam	SNTN7	35.378056	-83.876663
SNTN7_QG	Santeetlah Dam - Generator Flow	SNTN7_QG	35.378056	-83.876663
SNTN7_QS	Santeetlah Dam - Spill Flow	SNTN7_QS	35.378056	-83.876663
SOLT1	Beaver Creek at Solway, TN	SOLT1	35.964936	-84.178744
Spring_City_WB_WSD	Spring City/WB WSD	Spring_City_WB_WSD	35.649227	-84.777492
SPST1	Springfield	SPST1	36.471111	-86.841667
SPTT1	Tennessee at South Pittsburg	SPTT1	35.011112	-85.697220
SPWT1	Speedwell	SPWT1	36.457222	-83.883614
SQN 01	SQN-(01)	SQNT1	35.219638	-85.101257
SQN 02	SQN-(02)	SQNT1	0.000000	0.000000
SQN 03	SQN-(03)	SQNT1	0.000000	0.000000
SQN 04	SQN-(04)	SQNT1	0.000000	0.000000
SQN 05	SQN-(05)	SQNT1	0.000000	0.000000
SQN 06	SQN-(06)	SQNT1	0.000000	0.000000
SQN 07	SQN-(07)	SQNT1	34.688056	-87.093889
SQN 08 (DS)	SQN-(08)	SQNT1	35.211270	-85.091206
SQN 09	SQN-(09)	SQNT1	0.000000	0.000000
SQN 1/2' D	0.5' D	SQN 13 (Skimmer Wall)	35.229687	-85.084328
SQN 10	SQN-(10)	SQNT1	35.384358	-85.031717
SQN 11	SQN-(11)	SQNT1	0.000000	0.000000
SQN 12 (Diffuser Pond)	SQN-(12)	SQNT1	35.216597	-85.089834
SQN 13 (Skimmer Wall)	SQN-(13)	SQNT1	35.229687	-85.084328
SQN 14 (US)	SQN-(14)	SQNT1	35.300158	-85.076671
SQN 15 (Met Station)	SQN-(15)	SQNT1	35.219638	-85.101257
SQN 3' D	03' D	SQN 13 (Skimmer Wall)	35.229687	-85.084328
SQN 49 (Summary)	SQN-(49)	SQNT1	35.219638	-85.101257
SQN 5' D	05' D	SQN 13 (Skimmer Wall)	35.229687	-85.084328
SQN 50 (Summary)	SQN-(50)	SQNT1	35.219638	-85.101257
SQN 51 (Forecast)	SQN-(51)	SQNT1	35.219638	-85.101257
SQN 637' EL	~45' D 637' EL	SQN 13 (Skimmer Wall)	35.229687	-85.084328
SQN 646' EL	~36' D 646' EL	SQN 13 (Skimmer Wall)	35.229687	-85.084328
SQN 656' EL	~26' D 656' EL	SQN 13 (Skimmer Wall)	35.229687	-85.084328
SQN 667' EL	~15' D 667' EL	SQN 13 (Skimmer Wall)	35.229687	-85.084328
SQN 671' EL	~11' D 671' EL	SQN 13 (Skimmer Wall)	35.229687	-85.084328
SQN 673' EL	~09' D 673' EL	SQN 13 (Skimmer Wall)	35.229687	-85.084328
SQN 7' D	07' D	SQN 13 (Skimmer Wall)	35.229687	-85.084328
SQN Diffuser TRM 483.65	SQN Diffuser TRM 483.65	SQNT1	35.214000	-85.089000
SQN DS Mixing Zone Center	SQN DS Mixing Zone Center	SQNT1	35.212631	-85.091516
SQN DS Mixing Zone Left	SQN DS Mixing Zone Left	SQNT1	35.211489	-85.090822
SQN DS Mixing Zone Right	SQN DS Mixing Zone Right	SQNT1	35.213774	-85.092211
SQN Mixing Zone	SQN Mixing Zone	SQNT1	35.213250	-85.092500
SQN Outfall 101 (Diffuser)	SQN-(101)	SQNT1	35.219638	-85.101257
SQN Pump Deck	SQN Pump Deck	SQNT1	35.219638	-85.101257
SQN Tower 1	SQN Tower 1	SQNT1	35.219638	-85.101257
SQN Tower 2	SQN Tower 2	SQNT1	35.219638	-85.101257
SQN-01	Sequoyah-Unit1	SQNT1	35.226849	-85.092545
SQN-02	Sequoyah-Unit2	SQNT1	35.226849	-85.092545
SQN_52_(Validation)	SQN-(52)	SQNT1	35.219638	-85.101257
SQN_53_(Delft3D)	SQN-(53)	SQNT1	35.219638	-85.101257
SQN_53_(Delft3D)_48hours	SQN-(53)_48hr	SQNT1	35.219638	-85.101257
SQN_53_(Delft3D)_5day	SQN-(53)_5d	SQNT1	35.219638	-85.101257
SQN_DSMixingZoneCenter	SQN_DSMixingZoneCenter D3D profiles	SQN_DSMixingZoneCenter	35.212631	-85.091516
SQN_DSMixingZoneCenter_3ft	SQN_DSMixingZoneCenter_3ft	SQN DS Mixing Zone Center	35.212631	-85.091516
SQN_DSMixingZoneCenter_5ft	SQN_DSMixingZoneCenter_5ft	SQN DS Mixing Zone Center	35.212631	-85.091516
SQN_DSMixingZoneCenter_7ft	SQN_DSMixingZoneCenter_7ft	SQN DS Mixing Zone Center	35.212631	-85.091516
SQN_DSMixingZoneCenter_Layer_1	SQN_DSMixingZoneCenter_Layer_1	SQN_DSMixingZoneCenter	0.000000	0.000000
SQN_DSMixingZoneCenter_Layer_10	SQN_DSMixingZoneCenter_Layer_10	SQN_DSMixingZoneCenter	0.000000	0.000000
SQN_DSMixingZoneCenter_Layer_11	SQN_DSMixingZoneCenter_Layer_11	SQN_DSMixingZoneCenter	0.000000	0.000000
SQN_DSMixingZoneCenter_Layer_12	SQN_DSMixingZoneCenter_Layer_12	SQN_DSMixingZoneCenter	0.000000	0.000000
SQN_DSMixingZoneCenter_Layer_13	SQN_DSMixingZoneCenter_Layer_13	SQN_DSMixingZoneCenter	0.000000	0.000000
SQN_DSMixingZoneCenter_Layer_14	SQN_DSMixingZoneCenter_Layer_14	SQN_DSMixingZoneCenter	0.000000	0.000000
SQN_DSMixingZoneCenter_Layer_15	SQN_DSMixingZoneCenter_Layer_15	SQN_DSMixingZoneCenter	0.000000	0.000000
SQN_DSMixingZoneCenter_Layer_16	SQN_DSMixingZoneCenter_Layer_16	SQN_DSMixingZoneCenter	0.000000	0.000000
SQN_DSMixingZoneCenter_Layer_17	SQN_DSMixingZoneCenter_Layer_17	SQN_DSMixingZoneCenter	0.000000	0.000000
SQN_DSMixingZoneCenter_Layer_18	SQN_DSMixingZoneCenter_Layer_18	SQN_DSMixingZoneCenter	0.000000	0.000000
SQN_DSMixingZoneCenter_Layer_19	SQN_DSMixingZoneCenter_Layer_19	SQN_DSMixingZoneCenter	0.000000	0.000000
SQN_DSMixingZoneCenter_Layer_2	SQN_DSMixingZoneCenter_Layer_2	SQN_DSMixingZoneCenter	0.000000	0.000000
SQN_DSMixingZoneCenter_Layer_20	SQN_DSMixingZoneCenter_Layer_20	SQN_DSMixingZoneCenter	0.000000	0.000000
SQN_DSMixingZoneCenter_Layer_21	SQN_DSMixingZoneCenter_Layer_21	SQN_DSMixingZoneCenter	0.000000	0.000000
SQN_DSMixingZoneCenter_Layer_22	SQN_DSMixingZoneCenter_Layer_22	SQN_DSMixingZoneCenter	0.000000	0.000000
SQN_DSMixingZoneCenter_Layer_23	SQN_DSMixingZoneCenter_Layer_23	SQN_DSMixingZoneCenter	0.000000	0.000000
SQN_DSMixingZoneCenter_Layer_24	SQN_DSMixingZoneCenter_Layer_24	SQN_DSMixingZoneCenter	0.000000	0.000000
SQN_DSMixingZoneCenter_Layer_25	SQN_DSMixingZoneCenter_Layer_25	SQN_DSMixingZoneCenter	0.000000	0.000000
SQN_DSMixingZoneCenter_Layer_26	SQN_DSMixingZoneCenter_Layer_26	SQN_DSMixingZoneCenter	0.000000	0.000000
SQN_DSMixingZoneCenter_Layer_27	SQN_DSMixingZoneCenter_Layer_27	SQN_DSMixingZoneCenter	0.000000	0.000000
SQN_DSMixingZoneCenter_Layer_28	SQN_DSMixingZoneCenter_Layer_28	SQN_DSMixingZoneCenter	0.000000	0.000000
SQN_DSMixingZoneCenter_Layer_29	SQN_DSMixingZoneCenter_Layer_29	SQN_DSMixingZoneCenter	0.000000	0.000000
SQN_DSMixingZoneCenter_Layer_3	SQN_DSMixingZoneCenter_Layer_3	SQN_DSMixingZoneCenter	0.000000	0.000000
SQN_DSMixingZoneCenter_Layer_30	SQN_DSMixingZoneCenter_Layer_30	SQN_DSMixingZoneCenter	0.000000	0.000000
SQN_DSMixingZoneCenter_Layer_4	SQN_DSMixingZoneCenter_Layer_4	SQN_DSMixingZoneCenter	0.000000	0.000000
SQN_DSMixingZoneCenter_Layer_5	SQN_DSMixingZoneCenter_Layer_5	SQN_DSMixingZoneCenter	0.000000	0.000000
SQN_DSMixingZoneCenter_Layer_6	SQN_DSMixingZoneCenter_Layer_6	SQN_DSMixingZoneCenter	0.000000	0.000000
SQN_DSMixingZoneCenter_Layer_7	SQN_DSMixingZoneCenter_Layer_7	SQN_DSMixingZoneCenter	0.000000	0.000000
SQN_DSMixingZoneCenter_Layer_8	SQN_DSMixingZoneCenter_Layer_8	SQN_DSMixingZoneCenter	0.000000	0.000000
SQN_DSMixingZoneCenter_Layer_9	SQN_DSMixingZoneCenter_Layer_9	SQN_DSMixingZoneCenter	0.000000	0.000000
SQN_DSMixingZoneLeft	SQN_DSMixingZoneLeft D3D profiles	SQN_DSMixingZoneLeft	35.211489	-85.090822
SQN_DSMixingZoneLeft_3ft	SQN_DSMixingZoneLeft_3ft	SQN DS Mixing Zone Left	35.211489	-85.090822
SQN_DSMixingZoneLeft_5ft	SQN_DSMixingZoneLeft_5ft	SQN DS Mixing Zone Left	35.211489	-85.090822
SQN_DSMixingZoneLeft_7ft	SQN_DSMixingZoneLeft_7ft	SQN DS Mixing Zone Left	35.211489	-85.090822
SQN_DSMixingZoneLeft_Layer_1	SQN_DSMixingZoneLeft_Layer_1	SQN_DSMixingZoneLeft	0.000000	0.000000
SQN_DSMixingZoneLeft_Layer_10	SQN_DSMixingZoneLeft_Layer_10	SQN_DSMixingZoneLeft	0.000000	0.000000
SQN_DSMixingZoneLeft_Layer_11	SQN_DSMixingZoneLeft_Layer_11	SQN_DSMixingZoneLeft	0.000000	0.000000
SQN_DSMixingZoneLeft_Layer_12	SQN_DSMixingZoneLeft_Layer_12	SQN_DSMixingZoneLeft	0.000000	0.000000
SQN_DSMixingZoneLeft_Layer_13	SQN_DSMixingZoneLeft_Layer_13	SQN_DSMixingZoneLeft	0.000000	0.000000
SQN_DSMixingZoneLeft_Layer_14	SQN_DSMixingZoneLeft_Layer_14	SQN_DSMixingZoneLeft	0.000000	0.000000
SQN_DSMixingZoneLeft_Layer_15	SQN_DSMixingZoneLeft_Layer_15	SQN_DSMixingZoneLeft	0.000000	0.000000
SQN_DSMixingZoneLeft_Layer_16	SQN_DSMixingZoneLeft_Layer_16	SQN_DSMixingZoneLeft	0.000000	0.000000
SQN_DSMixingZoneLeft_Layer_17	SQN_DSMixingZoneLeft_Layer_17	SQN_DSMixingZoneLeft	0.000000	0.000000
SQN_DSMixingZoneLeft_Layer_18	SQN_DSMixingZoneLeft_Layer_18	SQN_DSMixingZoneLeft	0.000000	0.000000
SQN_DSMixingZoneLeft_Layer_19	SQN_DSMixingZoneLeft_Layer_19	SQN_DSMixingZoneLeft	0.000000	0.000000
SQN_DSMixingZoneLeft_Layer_2	SQN_DSMixingZoneLeft_Layer_2	SQN_DSMixingZoneLeft	0.000000	0.000000
SQN_DSMixingZoneLeft_Layer_20	SQN_DSMixingZoneLeft_Layer_20	SQN_DSMixingZoneLeft	0.000000	0.000000
SQN_DSMixingZoneLeft_Layer_21	SQN_DSMixingZoneLeft_Layer_21	SQN_DSMixingZoneLeft	0.000000	0.000000
SQN_DSMixingZoneLeft_Layer_22	SQN_DSMixingZoneLeft_Layer_22	SQN_DSMixingZoneLeft	0.000000	0.000000
SQN_DSMixingZoneLeft_Layer_23	SQN_DSMixingZoneLeft_Layer_23	SQN_DSMixingZoneLeft	0.000000	0.000000
SQN_DSMixingZoneLeft_Layer_24	SQN_DSMixingZoneLeft_Layer_24	SQN_DSMixingZoneLeft	0.000000	0.000000
SQN_DSMixingZoneLeft_Layer_25	SQN_DSMixingZoneLeft_Layer_25	SQN_DSMixingZoneLeft	0.000000	0.000000
SQN_DSMixingZoneLeft_Layer_26	SQN_DSMixingZoneLeft_Layer_26	SQN_DSMixingZoneLeft	0.000000	0.000000
SQN_DSMixingZoneLeft_Layer_27	SQN_DSMixingZoneLeft_Layer_27	SQN_DSMixingZoneLeft	0.000000	0.000000
SQN_DSMixingZoneLeft_Layer_28	SQN_DSMixingZoneLeft_Layer_28	SQN_DSMixingZoneLeft	0.000000	0.000000
SQN_DSMixingZoneLeft_Layer_29	SQN_DSMixingZoneLeft_Layer_29	SQN_DSMixingZoneLeft	0.000000	0.000000
SQN_DSMixingZoneLeft_Layer_3	SQN_DSMixingZoneLeft_Layer_3	SQN_DSMixingZoneLeft	0.000000	0.000000
SQN_DSMixingZoneLeft_Layer_30	SQN_DSMixingZoneLeft_Layer_30	SQN_DSMixingZoneLeft	0.000000	0.000000
SQN_DSMixingZoneLeft_Layer_4	SQN_DSMixingZoneLeft_Layer_4	SQN_DSMixingZoneLeft	0.000000	0.000000
SQN_DSMixingZoneLeft_Layer_5	SQN_DSMixingZoneLeft_Layer_5	SQN_DSMixingZoneLeft	0.000000	0.000000
SQN_DSMixingZoneLeft_Layer_6	SQN_DSMixingZoneLeft_Layer_6	SQN_DSMixingZoneLeft	0.000000	0.000000
SQN_DSMixingZoneLeft_Layer_7	SQN_DSMixingZoneLeft_Layer_7	SQN_DSMixingZoneLeft	0.000000	0.000000
SQN_DSMixingZoneLeft_Layer_8	SQN_DSMixingZoneLeft_Layer_8	SQN_DSMixingZoneLeft	0.000000	0.000000
SQN_DSMixingZoneLeft_Layer_9	SQN_DSMixingZoneLeft_Layer_9	SQN_DSMixingZoneLeft	0.000000	0.000000
SQN_DSMixingZoneRight	SQN_DSMixingZoneRight D3D profiles	SQN_DSMixingZoneRight	35.213774	-85.092211
SQN_DSMixingZoneRight_3ft	SQN_DSMixingZoneRight_3ft	SQN DS Mixing Zone Right	35.213774	-85.092211
SQN_DSMixingZoneRight_5ft	SQN_DSMixingZoneRight_5ft	SQN DS Mixing Zone Right	35.213774	-85.092211
SQN_DSMixingZoneRight_7ft	SQN_DSMixingZoneRight_7ft	SQN DS Mixing Zone Right	35.213774	-85.092211
SQN_DSMixingZoneRight_Layer_1	SQN_DSMixingZoneRight_Layer_1	SQN_DSMixingZoneRight	0.000000	0.000000
SQN_DSMixingZoneRight_Layer_10	SQN_DSMixingZoneRight_Layer_10	SQN_DSMixingZoneRight	0.000000	0.000000
SQN_DSMixingZoneRight_Layer_11	SQN_DSMixingZoneRight_Layer_11	SQN_DSMixingZoneRight	0.000000	0.000000
SQN_DSMixingZoneRight_Layer_12	SQN_DSMixingZoneRight_Layer_12	SQN_DSMixingZoneRight	0.000000	0.000000
SQN_DSMixingZoneRight_Layer_13	SQN_DSMixingZoneRight_Layer_13	SQN_DSMixingZoneRight	0.000000	0.000000
SQN_DSMixingZoneRight_Layer_14	SQN_DSMixingZoneRight_Layer_14	SQN_DSMixingZoneRight	0.000000	0.000000
SQN_DSMixingZoneRight_Layer_15	SQN_DSMixingZoneRight_Layer_15	SQN_DSMixingZoneRight	0.000000	0.000000
SQN_DSMixingZoneRight_Layer_16	SQN_DSMixingZoneRight_Layer_16	SQN_DSMixingZoneRight	0.000000	0.000000
SQN_DSMixingZoneRight_Layer_17	SQN_DSMixingZoneRight_Layer_17	SQN_DSMixingZoneRight	0.000000	0.000000
SQN_DSMixingZoneRight_Layer_18	SQN_DSMixingZoneRight_Layer_18	SQN_DSMixingZoneRight	0.000000	0.000000
SQN_DSMixingZoneRight_Layer_19	SQN_DSMixingZoneRight_Layer_19	SQN_DSMixingZoneRight	0.000000	0.000000
SQN_DSMixingZoneRight_Layer_2	SQN_DSMixingZoneRight_Layer_2	SQN_DSMixingZoneRight	0.000000	0.000000
SQN_DSMixingZoneRight_Layer_20	SQN_DSMixingZoneRight_Layer_20	SQN_DSMixingZoneRight	0.000000	0.000000
SQN_DSMixingZoneRight_Layer_21	SQN_DSMixingZoneRight_Layer_21	SQN_DSMixingZoneRight	0.000000	0.000000
SQN_DSMixingZoneRight_Layer_22	SQN_DSMixingZoneRight_Layer_22	SQN_DSMixingZoneRight	0.000000	0.000000
SQN_DSMixingZoneRight_Layer_23	SQN_DSMixingZoneRight_Layer_23	SQN_DSMixingZoneRight	0.000000	0.000000
SQN_DSMixingZoneRight_Layer_24	SQN_DSMixingZoneRight_Layer_24	SQN_DSMixingZoneRight	0.000000	0.000000
SQN_DSMixingZoneRight_Layer_25	SQN_DSMixingZoneRight_Layer_25	SQN_DSMixingZoneRight	0.000000	0.000000
SQN_DSMixingZoneRight_Layer_26	SQN_DSMixingZoneRight_Layer_26	SQN_DSMixingZoneRight	0.000000	0.000000
SQN_DSMixingZoneRight_Layer_27	SQN_DSMixingZoneRight_Layer_27	SQN_DSMixingZoneRight	0.000000	0.000000
SQN_DSMixingZoneRight_Layer_28	SQN_DSMixingZoneRight_Layer_28	SQN_DSMixingZoneRight	0.000000	0.000000
SQN_DSMixingZoneRight_Layer_29	SQN_DSMixingZoneRight_Layer_29	SQN_DSMixingZoneRight	0.000000	0.000000
SQN_DSMixingZoneRight_Layer_3	SQN_DSMixingZoneRight_Layer_3	SQN_DSMixingZoneRight	0.000000	0.000000
SQN_DSMixingZoneRight_Layer_30	SQN_DSMixingZoneRight_Layer_30	SQN_DSMixingZoneRight	0.000000	0.000000
SQN_DSMixingZoneRight_Layer_4	SQN_DSMixingZoneRight_Layer_4	SQN_DSMixingZoneRight	0.000000	0.000000
SQN_DSMixingZoneRight_Layer_5	SQN_DSMixingZoneRight_Layer_5	SQN_DSMixingZoneRight	0.000000	0.000000
SQN_DSMixingZoneRight_Layer_6	SQN_DSMixingZoneRight_Layer_6	SQN_DSMixingZoneRight	0.000000	0.000000
SQN_DSMixingZoneRight_Layer_7	SQN_DSMixingZoneRight_Layer_7	SQN_DSMixingZoneRight	0.000000	0.000000
SQN_DSMixingZoneRight_Layer_8	SQN_DSMixingZoneRight_Layer_8	SQN_DSMixingZoneRight	0.000000	0.000000
SQN_DSMixingZoneRight_Layer_9	SQN_DSMixingZoneRight_Layer_9	SQN_DSMixingZoneRight	0.000000	0.000000
SQN_Intake	SQN_Intake D3D profiles	SQN_Intake	35.229000	-85.088000
SQN_Intake_Layer_1	SQN_Intake_Layer_1	SQN_Intake	0.000000	0.000000
SQN_Intake_Layer_10	SQN_Intake_Layer_10	SQN_Intake	0.000000	0.000000
SQN_Intake_Layer_11	SQN_Intake_Layer_11	SQN_Intake	0.000000	0.000000
SQN_Intake_Layer_12	SQN_Intake_Layer_12	SQN_Intake	0.000000	0.000000
SQN_Intake_Layer_13	SQN_Intake_Layer_13	SQN_Intake	0.000000	0.000000
SQN_Intake_Layer_14	SQN_Intake_Layer_14	SQN_Intake	0.000000	0.000000
SQN_Intake_Layer_15	SQN_Intake_Layer_15	SQN_Intake	0.000000	0.000000
SQN_Intake_Layer_16	SQN_Intake_Layer_16	SQN_Intake	0.000000	0.000000
SQN_Intake_Layer_17	SQN_Intake_Layer_17	SQN_Intake	0.000000	0.000000
SQN_Intake_Layer_18	SQN_Intake_Layer_18	SQN_Intake	0.000000	0.000000
SQN_Intake_Layer_19	SQN_Intake_Layer_19	SQN_Intake	0.000000	0.000000
SQN_Intake_Layer_2	SQN_Intake_Layer_2	SQN_Intake	0.000000	0.000000
SQN_Intake_Layer_20	SQN_Intake_Layer_20	SQN_Intake	0.000000	0.000000
SQN_Intake_Layer_21	SQN_Intake_Layer_21	SQN_Intake	0.000000	0.000000
SQN_Intake_Layer_22	SQN_Intake_Layer_22	SQN_Intake	0.000000	0.000000
SQN_Intake_Layer_23	SQN_Intake_Layer_23	SQN_Intake	0.000000	0.000000
SQN_Intake_Layer_24	SQN_Intake_Layer_24	SQN_Intake	0.000000	0.000000
SQN_Intake_Layer_25	SQN_Intake_Layer_25	SQN_Intake	0.000000	0.000000
SQN_Intake_Layer_26	SQN_Intake_Layer_26	SQN_Intake	0.000000	0.000000
SQN_Intake_Layer_27	SQN_Intake_Layer_27	SQN_Intake	0.000000	0.000000
SQN_Intake_Layer_28	SQN_Intake_Layer_28	SQN_Intake	0.000000	0.000000
SQN_Intake_Layer_29	SQN_Intake_Layer_29	SQN_Intake	0.000000	0.000000
SQN_Intake_Layer_3	SQN_Intake_Layer_3	SQN_Intake	0.000000	0.000000
SQN_Intake_Layer_30	SQN_Intake_Layer_30	SQN_Intake	0.000000	0.000000
SQN_Intake_Layer_4	SQN_Intake_Layer_4	SQN_Intake	0.000000	0.000000
SQN_Intake_Layer_5	SQN_Intake_Layer_5	SQN_Intake	0.000000	0.000000
SQN_Intake_Layer_6	SQN_Intake_Layer_6	SQN_Intake	0.000000	0.000000
SQN_Intake_Layer_7	SQN_Intake_Layer_7	SQN_Intake	0.000000	0.000000
SQN_Intake_Layer_8	SQN_Intake_Layer_8	SQN_Intake	0.000000	0.000000
SQN_Intake_Layer_9	SQN_Intake_Layer_9	SQN_Intake	0.000000	0.000000
SQN_XSection	SQN_XSection	SQNT1	35.213774	-85.092211
SQN08_3ft	SQN08_3ft	SQN 08 (DS)	35.211270	-85.091206
SQN08_5ft	SQN08_5ft	SQN 08 (DS)	35.211270	-85.091206
SQN08_637ft_elev	SQN08_637ft_elev	SQN 08 (DS)	35.211270	-85.091206
SQN08_646ft_elev	SQN08_646ft_elev	SQN 08 (DS)	35.211270	-85.091206
SQN08_656ft_elev	SQN08_656ft_elev	SQN 08 (DS)	35.211270	-85.091206
SQN08_667ft_elev	SQN08_667ft_elev	SQN 08 (DS)	35.211270	-85.091206
SQN08_671ft_elev	SQN08_671ft_elev	SQN 08 (DS)	35.211270	-85.091206
SQN08_673ft_elev	SQN08_673ft_elev	SQN 08 (DS)	35.211270	-85.091206
SQN08_7ft	SQN08_7ft	SQN 08 (DS)	35.211270	-85.091206
SQN08_Layer_1	SQN08_Layer_1	SQN08_Layers	0.000000	0.000000
SQN08_Layer_10	SQN08_Layer_10	SQN08_Layers	0.000000	0.000000
SQN08_Layer_11	SQN08_Layer_11	SQN08_Layers	0.000000	0.000000
SQN08_Layer_12	SQN08_Layer_12	SQN08_Layers	0.000000	0.000000
SQN08_Layer_13	SQN08_Layer_13	SQN08_Layers	0.000000	0.000000
SQN08_Layer_14	SQN08_Layer_14	SQN08_Layers	0.000000	0.000000
SQN08_Layer_15	SQN08_Layer_15	SQN08_Layers	0.000000	0.000000
SQN08_Layer_16	SQN08_Layer_16	SQN08_Layers	0.000000	0.000000
SQN08_Layer_17	SQN08_Layer_17	SQN08_Layers	0.000000	0.000000
SQN08_Layer_18	SQN08_Layer_18	SQN08_Layers	0.000000	0.000000
SQN08_Layer_19	SQN08_Layer_19	SQN08_Layers	0.000000	0.000000
SQN08_Layer_2	SQN08_Layer_2	SQN08_Layers	0.000000	0.000000
SQN08_Layer_20	SQN08_Layer_20	SQN08_Layers	0.000000	0.000000
SQN08_Layer_21	SQN08_Layer_21	SQN08_Layers	0.000000	0.000000
SQN08_Layer_22	SQN08_Layer_22	SQN08_Layers	0.000000	0.000000
SQN08_Layer_23	SQN08_Layer_23	SQN08_Layers	0.000000	0.000000
SQN08_Layer_24	SQN08_Layer_24	SQN08_Layers	0.000000	0.000000
SQN08_Layer_25	SQN08_Layer_25	SQN08_Layers	0.000000	0.000000
SQN08_Layer_26	SQN08_Layer_26	SQN08_Layers	0.000000	0.000000
SQN08_Layer_27	SQN08_Layer_27	SQN08_Layers	0.000000	0.000000
SQN08_Layer_28	SQN08_Layer_28	SQN08_Layers	0.000000	0.000000
SQN08_Layer_29	SQN08_Layer_29	SQN08_Layers	0.000000	0.000000
SQN08_Layer_3	SQN08_Layer_3	SQN08_Layers	0.000000	0.000000
SQN08_Layer_30	SQN08_Layer_30	SQN08_Layers	0.000000	0.000000
SQN08_Layer_4	SQN08_Layer_4	SQN08_Layers	0.000000	0.000000
SQN08_Layer_5	SQN08_Layer_5	SQN08_Layers	0.000000	0.000000
SQN08_Layer_6	SQN08_Layer_6	SQN08_Layers	0.000000	0.000000
SQN08_Layer_7	SQN08_Layer_7	SQN08_Layers	0.000000	0.000000
SQN08_Layer_8	SQN08_Layer_8	SQN08_Layers	0.000000	0.000000
SQN08_Layer_9	SQN08_Layer_9	SQN08_Layers	0.000000	0.000000
SQN08_Layers	SQN08 D3D profiles	SQN08_Layers	35.211270	-85.091206
SQN12_3ft	SQN12_3ft	SQN 12 (Diffuser Pond)	35.216597	-85.089834
SQN12_5ft	SQN12_5ft	SQN 12 (Diffuser Pond)	35.216597	-85.089834
SQN12_7ft	SQN12_7ft	SQN 12 (Diffuser Pond)	35.216597	-85.089834
SQN12_Layer_1	SQN12_Layer_1	SQN12_Layers	0.000000	0.000000
SQN12_Layer_10	SQN12_Layer_10	SQN12_Layers	0.000000	0.000000
SQN12_Layer_11	SQN12_Layer_11	SQN12_Layers	0.000000	0.000000
SQN12_Layer_12	SQN12_Layer_12	SQN12_Layers	0.000000	0.000000
SQN12_Layer_13	SQN12_Layer_13	SQN12_Layers	0.000000	0.000000
SQN12_Layer_14	SQN12_Layer_14	SQN12_Layers	0.000000	0.000000
SQN12_Layer_15	SQN12_Layer_15	SQN12_Layers	0.000000	0.000000
SQN12_Layer_16	SQN12_Layer_16	SQN12_Layers	0.000000	0.000000
SQN12_Layer_17	SQN12_Layer_17	SQN12_Layers	0.000000	0.000000
SQN12_Layer_18	SQN12_Layer_18	SQN12_Layers	0.000000	0.000000
SQN12_Layer_19	SQN12_Layer_19	SQN12_Layers	0.000000	0.000000
SQN12_Layer_2	SQN12_Layer_2	SQN12_Layers	0.000000	0.000000
SQN12_Layer_20	SQN12_Layer_20	SQN12_Layers	0.000000	0.000000
SQN12_Layer_21	SQN12_Layer_21	SQN12_Layers	0.000000	0.000000
SQN12_Layer_22	SQN12_Layer_22	SQN12_Layers	0.000000	0.000000
SQN12_Layer_23	SQN12_Layer_23	SQN12_Layers	0.000000	0.000000
SQN12_Layer_24	SQN12_Layer_24	SQN12_Layers	0.000000	0.000000
SQN12_Layer_25	SQN12_Layer_25	SQN12_Layers	0.000000	0.000000
SQN12_Layer_26	SQN12_Layer_26	SQN12_Layers	0.000000	0.000000
SQN12_Layer_27	SQN12_Layer_27	SQN12_Layers	0.000000	0.000000
SQN12_Layer_28	SQN12_Layer_28	SQN12_Layers	0.000000	0.000000
SQN12_Layer_29	SQN12_Layer_29	SQN12_Layers	0.000000	0.000000
SQN12_Layer_3	SQN12_Layer_3	SQN12_Layers	0.000000	0.000000
SQN12_Layer_30	SQN12_Layer_30	SQN12_Layers	0.000000	0.000000
SQN12_Layer_4	SQN12_Layer_4	SQN12_Layers	0.000000	0.000000
SQN12_Layer_5	SQN12_Layer_5	SQN12_Layers	0.000000	0.000000
SQN12_Layer_6	SQN12_Layer_6	SQN12_Layers	0.000000	0.000000
SQN12_Layer_7	SQN12_Layer_7	SQN12_Layers	0.000000	0.000000
SQN12_Layer_8	SQN12_Layer_8	SQN12_Layers	0.000000	0.000000
SQN12_Layer_9	SQN12_Layer_9	SQN12_Layers	0.000000	0.000000
SQN12_Layers	SQN12 D3D profiles	SQN12_Layers	35.216597	-85.089834
SQN13_0.5ft	SQN13_0.5ft	SQN 13 (Skimmer Wall)	35.229687	-85.084328
SQN13_3ft	SQN13_3ft	SQN 13 (Skimmer Wall)	35.229687	-85.084328
SQN13_5ft	SQN13_5ft	SQN 13 (Skimmer Wall)	35.229687	-85.084328
SQN13_637ft_elev	SQN13_637ft_elev	SQN 13 (Skimmer Wall)	35.229687	-85.084328
SQN13_646ft_elev	SQN13_646ft_elev	SQN 13 (Skimmer Wall)	35.229687	-85.084328
SQN13_656ft_elev	SQN13_656ft_elev	SQN 13 (Skimmer Wall)	35.229687	-85.084328
SQN13_667ft_elev	SQN13_667ft_elev	SQN 13 (Skimmer Wall)	35.229687	-85.084328
SQN13_671ft_elev	SQN13_671ft_elev	SQN 13 (Skimmer Wall)	35.229687	-85.084328
SQN13_673ft_elev	SQN13_673ft_elev	SQN 13 (Skimmer Wall)	35.229687	-85.084328
SQN13_7ft	SQN13_7ft	SQN 13 (Skimmer Wall)	35.229687	-85.084328
SQN13_Layer_1	SQN13_Layer_1	SQN13_Layers	0.000000	0.000000
SQN13_Layer_10	SQN13_Layer_10	SQN13_Layers	0.000000	0.000000
SQN13_Layer_11	SQN13_Layer_11	SQN13_Layers	0.000000	0.000000
SQN13_Layer_12	SQN13_Layer_12	SQN13_Layers	0.000000	0.000000
SQN13_Layer_13	SQN13_Layer_13	SQN13_Layers	0.000000	0.000000
SQN13_Layer_14	SQN13_Layer_14	SQN13_Layers	0.000000	0.000000
SQN13_Layer_15	SQN13_Layer_15	SQN13_Layers	0.000000	0.000000
SQN13_Layer_16	SQN13_Layer_16	SQN13_Layers	0.000000	0.000000
SQN13_Layer_17	SQN13_Layer_17	SQN13_Layers	0.000000	0.000000
SQN13_Layer_18	SQN13_Layer_18	SQN13_Layers	0.000000	0.000000
SQN13_Layer_19	SQN13_Layer_19	SQN13_Layers	0.000000	0.000000
SQN13_Layer_2	SQN13_Layer_2	SQN13_Layers	0.000000	0.000000
SQN13_Layer_20	SQN13_Layer_20	SQN13_Layers	0.000000	0.000000
SQN13_Layer_21	SQN13_Layer_21	SQN13_Layers	0.000000	0.000000
SQN13_Layer_22	SQN13_Layer_22	SQN13_Layers	0.000000	0.000000
SQN13_Layer_23	SQN13_Layer_23	SQN13_Layers	0.000000	0.000000
SQN13_Layer_24	SQN13_Layer_24	SQN13_Layers	0.000000	0.000000
SQN13_Layer_25	SQN13_Layer_25	SQN13_Layers	0.000000	0.000000
SQN13_Layer_26	SQN13_Layer_26	SQN13_Layers	0.000000	0.000000
SQN13_Layer_27	SQN13_Layer_27	SQN13_Layers	0.000000	0.000000
SQN13_Layer_28	SQN13_Layer_28	SQN13_Layers	0.000000	0.000000
SQN13_Layer_29	SQN13_Layer_29	SQN13_Layers	0.000000	0.000000
SQN13_Layer_3	SQN13_Layer_3	SQN13_Layers	0.000000	0.000000
SQN13_Layer_30	SQN13_Layer_30	SQN13_Layers	0.000000	0.000000
SQN13_Layer_4	SQN13_Layer_4	SQN13_Layers	0.000000	0.000000
SQN13_Layer_5	SQN13_Layer_5	SQN13_Layers	0.000000	0.000000
SQN13_Layer_6	SQN13_Layer_6	SQN13_Layers	0.000000	0.000000
SQN13_Layer_7	SQN13_Layer_7	SQN13_Layers	0.000000	0.000000
SQN13_Layer_8	SQN13_Layer_8	SQN13_Layers	0.000000	0.000000
SQN13_Layer_9	SQN13_Layer_9	SQN13_Layers	0.000000	0.000000
SQN13_Layers	SQN13 D3D profiles	SQN13_Layers	35.229687	-85.084328
SQN14 1/2' D	SQN14 0.5' D	SQN 14 (US)	35.300158	-85.076671
SQN14 11' D	SQN14 11' D	SQN 14 (US)	35.300158	-85.076671
SQN14 15' D	SQN14 15' D	SQN 14 (US)	35.300158	-85.076671
SQN14 20' D	SQN14 20' D	SQN 14 (US)	35.300158	-85.076671
SQN14 25' D	SQN14 25' D	SQN 14 (US)	35.300158	-85.076671
SQN14 3' D	SQN14 3' D	SQN 14 (US)	35.300158	-85.076671
SQN14 30' D	SQN14 30' D	SQN 14 (US)	35.300158	-85.076671
SQN14 5' D	SQN14 5' D	SQN 14 (US)	35.300158	-85.076671
SQN14 7' D	SQN14 7' D	SQN 14 (US)	35.300158	-85.076671
SQN14 9' D	SQN14 9' D	SQN 14 (US)	35.300158	-85.076671
SQN14_0.5ft	SQN14_0.5ft	SQN 14 (US)	35.300158	-85.076671
SQN14_11ft	SQN14_11ft	SQN 14 (US)	35.300158	-85.076671
SQN14_15ft	SQN14_15ft	SQN 14 (US)	35.300158	-85.076671
SQN14_20ft	SQN14_20ft	SQN 14 (US)	35.300158	-85.076671
SQN14_25ft	SQN14_25ft	SQN 14 (US)	35.300158	-85.076671
SQN14_30ft	SQN14_30ft	SQN 14 (US)	35.300158	-85.076671
SQN14_3ft	SQN14_3ft	SQN 14 (US)	35.300158	-85.076671
SQN14_5ft	SQN14_5ft	SQN 14 (US)	35.300158	-85.076671
SQN14_7ft	SQN14_7ft	SQN 14 (US)	35.300158	-85.076671
SQN14_9ft	SQN14_9ft	SQN 14 (US)	35.300158	-85.076671
SQN14_Layer_1	SQN14_Layer_1	SQN14_Layers	0.000000	0.000000
SQN14_Layer_10	SQN14_Layer_10	SQN14_Layers	0.000000	0.000000
SQN14_Layer_11	SQN14_Layer_11	SQN14_Layers	0.000000	0.000000
SQN14_Layer_12	SQN14_Layer_12	SQN14_Layers	0.000000	0.000000
SQN14_Layer_13	SQN14_Layer_13	SQN14_Layers	0.000000	0.000000
SQN14_Layer_14	SQN14_Layer_14	SQN14_Layers	0.000000	0.000000
SQN14_Layer_15	SQN14_Layer_15	SQN14_Layers	0.000000	0.000000
SQN14_Layer_16	SQN14_Layer_16	SQN14_Layers	0.000000	0.000000
SQN14_Layer_17	SQN14_Layer_17	SQN14_Layers	0.000000	0.000000
SQN14_Layer_18	SQN14_Layer_18	SQN14_Layers	0.000000	0.000000
SQN14_Layer_19	SQN14_Layer_19	SQN14_Layers	0.000000	0.000000
SQN14_Layer_2	SQN14_Layer_2	SQN14_Layers	0.000000	0.000000
SQN14_Layer_20	SQN14_Layer_20	SQN14_Layers	0.000000	0.000000
SQN14_Layer_21	SQN14_Layer_21	SQN14_Layers	0.000000	0.000000
SQN14_Layer_22	SQN14_Layer_22	SQN14_Layers	0.000000	0.000000
SQN14_Layer_23	SQN14_Layer_23	SQN14_Layers	0.000000	0.000000
SQN14_Layer_24	SQN14_Layer_24	SQN14_Layers	0.000000	0.000000
SQN14_Layer_25	SQN14_Layer_25	SQN14_Layers	0.000000	0.000000
SQN14_Layer_26	SQN14_Layer_26	SQN14_Layers	0.000000	0.000000
SQN14_Layer_27	SQN14_Layer_27	SQN14_Layers	0.000000	0.000000
SQN14_Layer_28	SQN14_Layer_28	SQN14_Layers	0.000000	0.000000
SQN14_Layer_29	SQN14_Layer_29	SQN14_Layers	0.000000	0.000000
SQN14_Layer_3	SQN14_Layer_3	SQN14_Layers	0.000000	0.000000
SQN14_Layer_30	SQN14_Layer_30	SQN14_Layers	0.000000	0.000000
SQN14_Layer_4	SQN14_Layer_4	SQN14_Layers	0.000000	0.000000
SQN14_Layer_5	SQN14_Layer_5	SQN14_Layers	0.000000	0.000000
SQN14_Layer_6	SQN14_Layer_6	SQN14_Layers	0.000000	0.000000
SQN14_Layer_7	SQN14_Layer_7	SQN14_Layers	0.000000	0.000000
SQN14_Layer_8	SQN14_Layer_8	SQN14_Layers	0.000000	0.000000
SQN14_Layer_9	SQN14_Layer_9	SQN14_Layers	0.000000	0.000000
SQN14_Layers	SQN14 D3D profiles	SQN14_Layers	35.300158	-85.076671
SQN15_10m	SQN15_10m	SQN 15 (Met Station)	35.219638	-85.101257
SQN15_46m	SQN15_46m	SQN 15 (Met Station)	35.219638	-85.101257
SQN15_91m	SQN15_91m	SQN 15 (Met Station)	35.219638	-85.101257
SQNReach1	SQN Travel Time Reach 1	SQNReach1	35.227501	-85.090836
SQNReach2	SQN Travel Time Reach 2	SQNReach2	35.227501	-85.090836
SQNReach3	SQN Travel Time Reach 3	SQNReach3	35.227501	-85.090836
SQNReach4	SQN Travel Time Reach 4	SQNReach4	35.227501	-85.090836
SQNT1	Sequoyah Nuclear Plant	SQNT1	35.227501	-85.090836
SQNT1-DS	Sequoyah-Downstream	SQNT1	35.226849	-85.092545
SQNT1-US	Sequoyah-Upstream	SQNT1	35.226849	-85.092545
SSCA1	South Sauty Creek nr Rainsville	SSCA1	34.498611	-85.929726
SSTK2	Sommerset	SSTK2	37.104440	-84.615830
STH-01	Santeetlah-Unit1	SNTN7	35.378056	-83.876663
STH-02	Santeetlah-Unit2	SNTN7	35.378056	-83.876663
STLT1	Statesville	STLT1	36.018300	-86.120800
STMN7	Stratton Meadows	STMN7	35.341946	-84.029167
STRK2	South Fork Cumberland nr Stearns	STRK2	36.626946	-84.533333
STVV2	Saltville	STVV2	36.888332	-81.771111
STWT1	Caney Fork at Stonewall	STWT1	36.186111	-85.904999
SWET1	Sweetwater	SWET1	35.592224	-84.464447
SYCT1	Sycamore Dam	SYCT1	35.564999	-88.379166
System	System	System	35.326330	-84.902344
SYVN7	Sylva	SYVN7	35.373055	-83.241386
TAZT1	Clinch abv Tazewell	TAZT1	36.424999	-83.398056
TDTT1	Tellico Dam	TDTT1	35.777599	-84.259697
TEH-OG-01	Tellico Dam	TDTT1	35.777599	-84.259697
TEH-OG-02	Tellico Dam	TDTT1	35.777599	-84.259697
TEH-OG-03	Tellico Dam	TDTT1	35.777599	-84.259697
TEH-OG-04	Tellico Dam	TDTT1	35.777599	-84.259697
TEH-OG-05	Tellico Dam	TDTT1	35.777599	-84.259697
TEH-OG-06	Tellico Dam	TDTT1	35.777599	-84.259697
TEH-OG-07	Tellico Dam	TDTT1	35.777599	-84.259697
TEH-OG-08	Tellico Dam	TDTT1	35.777599	-84.259697
TEH-SP-01	Tellico Dam	TDTT1	35.777599	-84.259697
TEH-SP-02	Tellico Dam	TDTT1	35.777599	-84.259697
TEH-SP-03	Tellico Dam	TDTT1	35.777599	-84.259697
Tenn_Tom_confluence	Tenn-Tom confluence	Tenn_Tom_confluence	34.996888	-88.198356
TFH-01	Tims Ford-Unit1	TMFT1	35.195557	-86.278893
TFH-DS	Tims Ford-Downstream	TMFT1	35.195557	-86.278893
TFH-SL-01	Tims Ford Dam	TMFT1	35.195557	-86.278893
TFH-SP	Tims Ford-Spillway	TMFT1	35.195557	-86.278893
TFH-SP-01	Tims Ford Dam	TMFT1	35.195557	-86.278893
TFH-SP-02	Tims Ford Dam	TMFT1	35.195557	-86.278893
TFH-SP-03	Tims Ford Dam	TMFT1	35.195557	-86.278893
THLT1	Washburn	THLT1	36.296112	-83.585281
THPN7	Thorpe Powerhouse	THPN7	35.233891	-83.125557
TKRN7	Tuckasegee at Tuckasegee	TKRN7	35.287777	-83.143890
TKSN7	Tuckasegee at Bryson City	TKSN7	35.427776	-83.447502
TLPT1	Tellico Plains	TLPT1	35.384444	-84.323333
TLRT1	Tellico River at Tellico Plains	TLRT1	35.361944	-84.279167
TMFT1	Tims Ford Dam	TMFT1	35.195557	-86.278893
TMFT1-Farris-Creek	Tims Ford-Farris Creek	TMFT1	35.195557	-86.278893
TN_Am_Water_Trmt_Pl	TN Am Water Trmt Pl	TN_Am_Water_Trmt_Pl	35.056535	-85.292044
TNCA1	Town Creek	TNCA1	34.660278	-87.405281
TOTAL_INFLOW	Sum of Inflow	TOTAL_INFLOW	0.000000	0.000000
TRAT1	Trade	TRAT1	36.344723	-81.728615
TSYSS	Tributary System Storage	TSYSS	35.099998	-85.229446
TURT1	Apalachia Powerhouse near Turtletown	TURT1	35.182499	-84.438332
TUSG1	Titus	TUSG1	34.950554	-83.615555
TVA	TVA Projects	TVA	35.326330	-84.902344
TWNT1	Little abv Townsend	TWNT1	35.663887	-83.710281
TZWV2	Tazewell, VA	TZWV2	37.125832	-81.557503
UBC-OG-01	Upper Bear Creek Dam	UBRA1	34.271946	-87.693886
UBC-OG-02	Upper Bear Creek Dam	UBRA1	34.271946	-87.693886
UBC-OG-03	Upper Bear Creek Dam	UBRA1	34.271946	-87.693886
UBC-SL-01	Upper Bear Creek Dam	UBRA1	34.271946	-87.693886
UBC-SL-02	Upper Bear Creek Dam	UBRA1	34.271946	-87.693886
UBC-SP-01	Upper Bear Creek Dam	UBRA1	34.271946	-87.693886
UBRA1	Upper Bear Creek Dam	UBRA1	34.271946	-87.693886
UNVT1	Unionville	UNVT1	35.621113	-86.586113
Vonore_Industrial_Park	Vonore Industrial Park	Vonore_Industrial_Park	35.604490	-84.213136
VSTV2	South Fork Holston near Damascus	VSTV2	36.651669	-81.844170
WANT1	Watts Bar Nuclear Plant	WANT1	35.601799	-84.788902
Waterloo_AL	Waterloo, AL	Waterloo_AL	34.905637	-88.054735
WattsBarDam	Watts Bar Dam W2 profiles	WattsBarDam	35.620277	-84.784447
WattsBarDam_v4	Watts Bar Dam W2 v4 profiles	WattsBarDam_v4	35.620277	-84.784447
WAVE_DecaturFlats	Decatur Flats (near Decatur State Docks)	WAVE_DecaturFlats	34.649000	-87.018000
WAVN7	Waynesville	WAVN7	35.426388	-83.010002
WBH-01	Watts Bar Hydro-Unit1	WBOT1	35.620277	-84.784447
WBH-01-TD	Watts Bar-Unit1-Taildeck	WBOT1	35.620277	-84.784447
WBH-02	Watts Bar Hydro-Unit2	WBOT1	35.620277	-84.784447
WBH-03	Watts Bar Hydro-Unit3	WBOT1	35.620277	-84.784447
WBH-03-TD	Watts Bar-Unit3-Taildeck	WBOT1	35.620277	-84.784447
WBH-04	Watts Bar Hydro-Unit4	WBOT1	35.620277	-84.784447
WBH-05	Watts Bar Hydro-Unit5	WBOT1	35.620277	-84.784447
WBH-05-TD	Watts Bar-Unit5-Taildeck	WBOT1	35.620277	-84.784447
WBH-OG-01	Watts Bar Dam	WBOT1	35.620277	-84.784447
WBH-OG-02	Watts Bar Dam	WBOT1	35.620277	-84.784447
WBH-OG-03	Watts Bar Dam	WBOT1	35.620277	-84.784447
WBH-OG-04	Watts Bar Dam	WBOT1	35.620277	-84.784447
WBH-OG-05	Watts Bar Dam	WBOT1	35.620277	-84.784447
WBH-OG-06	Watts Bar Dam	WBOT1	35.620277	-84.784447
WBH-SP-01	Watts Bar Dam	WBOT1	35.620277	-84.784447
WBH-SP-02	Watts Bar Dam	WBOT1	35.620277	-84.784447
WBH-SP-03	Watts Bar Dam	WBOT1	35.620277	-84.784447
WBH-SP-04	Watts Bar Dam	WBOT1	35.620277	-84.784447
WBH-SP-05	Watts Bar Dam	WBOT1	35.620277	-84.784447
WBH-SP-06	Watts Bar Dam	WBOT1	35.620277	-84.784447
WBH-SP-07	Watts Bar Dam	WBOT1	35.620277	-84.784447
WBH-SP-08	Watts Bar Dam	WBOT1	35.620277	-84.784447
WBH-SP-09	Watts Bar Dam	WBOT1	35.620277	-84.784447
WBH-SP-10	Watts Bar Dam	WBOT1	35.620277	-84.784447
WBH-SP-11	Watts Bar Dam	WBOT1	35.620277	-84.784447
WBH-SP-12	Watts Bar Dam	WBOT1	35.620277	-84.784447
WBH-SP-13	Watts Bar Dam	WBOT1	35.620277	-84.784447
WBH-SP-14	Watts Bar Dam	WBOT1	35.620277	-84.784447
WBH-SP-15	Watts Bar Dam	WBOT1	35.620277	-84.784447
WBH-SP-16	Watts Bar Dam	WBOT1	35.620277	-84.784447
WBH-SP-17	Watts Bar Dam	WBOT1	35.620277	-84.784447
WBH-SP-18	Watts Bar Dam	WBOT1	35.620277	-84.784447
WBH-SP-19	Watts Bar Dam	WBOT1	35.620277	-84.784447
WBH-SP-20	Watts Bar Dam	WBOT1	35.620277	-84.784447
WBN 01 (Met Station)	WBN-(01)	WANT1	35.596118	-84.794147
WBN 30 (US)	WBN-(30)	WANT1	35.620298	-84.783585
WBN 32 (Morning Glory Outfall)	WBN-(32)	WANT1	35.610728	-84.778978
WBN 33 (DS, Left)	WBN-(33)	WANT1	35.605439	-84.777035
WBN 34 (DS, Right)	WBN-(34)	WANT1	35.605465	-84.777898
WBN 40 (LVWHP)	WBN-(40)	WANT1	35.598145	-84.794067
WBN 49 (Summary)	WBN-(49)	WANT1	35.596118	-84.794147
WBN 50 (Summary)	WBN-(50)	WANT1	35.596118	-84.794147
WBN 51 (Forecast)	WBN-(51)	WANT1	35.596118	-84.794147
WBN Outfall 101 (Diffuser)	WBN-(101)	WANT1	35.596118	-84.794147
WBN Outfall 103 (LVWHP)	WBN-(103)	WANT1	35.598145	-84.794067
WBN Outfall 113a (SCCW)	WBN-(113a)	WANT1	35.610728	-84.778978
WBN Outfall 113b (SCCW)	WBN-(113b)	WANT1	35.610728	-84.778978
WBN Tower 1	WBN Tower 1	WANT1	35.596118	-84.794147
WBN Tower 2	WBN Tower 2	WANT1	35.596118	-84.794147
WBN-01	Watts Bar-Unit1	WANT1	35.602053	-84.092545
WBN-02	Watts Bar-Unit2	WANT1	35.602053	-84.092545
WBN_52_(Validation)	WBN-(52)	WANT1	35.596118	-84.794147
WBN_53_(Delft3D)	WBN-(53)	WANT1	35.596118	-84.794147
WBN_Intake	WBN_Intake D3D profiles	WBN_Intake	35.597700	-84.785400
WBN_Intake_Entry_XSection	WBN_Intake_Entry_XSection	WANT1	35.596500	-84.783700
WBN_Intake_Layer_1	WBN_Intake_Layer_1	WBN_Intake	0.000000	0.000000
WBN_Intake_Layer_10	WBN_Intake_Layer_10	WBN_Intake	0.000000	0.000000
WBN_Intake_Layer_11	WBN_Intake_Layer_11	WBN_Intake	0.000000	0.000000
WBN_Intake_Layer_12	WBN_Intake_Layer_12	WBN_Intake	0.000000	0.000000
WBN_Intake_Layer_13	WBN_Intake_Layer_13	WBN_Intake	0.000000	0.000000
WBN_Intake_Layer_14	WBN_Intake_Layer_14	WBN_Intake	0.000000	0.000000
WBN_Intake_Layer_15	WBN_Intake_Layer_15	WBN_Intake	0.000000	0.000000
WBN_Intake_Layer_16	WBN_Intake_Layer_16	WBN_Intake	0.000000	0.000000
WBN_Intake_Layer_17	WBN_Intake_Layer_17	WBN_Intake	0.000000	0.000000
WBN_Intake_Layer_18	WBN_Intake_Layer_18	WBN_Intake	0.000000	0.000000
WBN_Intake_Layer_19	WBN_Intake_Layer_19	WBN_Intake	0.000000	0.000000
WBN_Intake_Layer_2	WBN_Intake_Layer_2	WBN_Intake	0.000000	0.000000
WBN_Intake_Layer_20	WBN_Intake_Layer_20	WBN_Intake	0.000000	0.000000
WBN_Intake_Layer_21	WBN_Intake_Layer_21	WBN_Intake	0.000000	0.000000
WBN_Intake_Layer_22	WBN_Intake_Layer_22	WBN_Intake	0.000000	0.000000
WBN_Intake_Layer_23	WBN_Intake_Layer_23	WBN_Intake	0.000000	0.000000
WBN_Intake_Layer_24	WBN_Intake_Layer_24	WBN_Intake	0.000000	0.000000
WBN_Intake_Layer_25	WBN_Intake_Layer_25	WBN_Intake	0.000000	0.000000
WBN_Intake_Layer_26	WBN_Intake_Layer_26	WBN_Intake	0.000000	0.000000
WBN_Intake_Layer_27	WBN_Intake_Layer_27	WBN_Intake	0.000000	0.000000
WBN_Intake_Layer_28	WBN_Intake_Layer_28	WBN_Intake	0.000000	0.000000
WBN_Intake_Layer_3	WBN_Intake_Layer_3	WBN_Intake	0.000000	0.000000
WBN_Intake_Layer_4	WBN_Intake_Layer_4	WBN_Intake	0.000000	0.000000
WBN_Intake_Layer_5	WBN_Intake_Layer_5	WBN_Intake	0.000000	0.000000
WBN_Intake_Layer_5_48hours	WBN_Intake_Layer_5_48hr	WBN_Intake	0.000000	0.000000
WBN_Intake_Layer_5_5day	WBN_Intake_Layer_5_5d	WBN_Intake	0.000000	0.000000
WBN_Intake_Layer_6	WBN_Intake_Layer_6	WBN_Intake	0.000000	0.000000
WBN_Intake_Layer_7	WBN_Intake_Layer_7	WBN_Intake	0.000000	0.000000
WBN_Intake_Layer_8	WBN_Intake_Layer_8	WBN_Intake	0.000000	0.000000
WBN_Intake_Layer_8_48hours	WBN_Intake_Layer_8_48hr	WBN_Intake	0.000000	0.000000
WBN_Intake_Layer_8_5day	WBN_Intake_Layer_8_5d	WBN_Intake	0.000000	0.000000
WBN_Intake_Layer_9	WBN_Intake_Layer_9	WBN_Intake	0.000000	0.000000
WBN_Intake_UHS_XSection	WBN_Intake_UHS_XSection	WANT1	35.597700	-84.785400
WBN_XSection	WBN_XSection	WANT1	35.595800	-84.781200
WBN01_10m	WBN01_10m	WBN 01 (Met Station)	35.596118	-84.794147
WBN01_46m	WBN01_46m	WBN 01 (Met Station)	35.596118	-84.794147
WBN01_91m	WBN01_91m	WBN 01 (Met Station)	35.596118	-84.794147
WBN33_3ft	WBN33_3ft	WBN 33 (DS, Left)	35.605439	-84.777035
WBN33_5ft	WBN33_5ft	WBN 33 (DS, Left)	35.605439	-84.777035
WBN33_7ft	WBN33_7ft	WBN 33 (DS, Left)	35.605439	-84.777035
WBN33_Layer_1	WBN33_Layer_1	WBN33_Layers	0.000000	0.000000
WBN33_Layer_10	WBN33_Layer_10	WBN33_Layers	0.000000	0.000000
WBN33_Layer_11	WBN33_Layer_11	WBN33_Layers	0.000000	0.000000
WBN33_Layer_12	WBN33_Layer_12	WBN33_Layers	0.000000	0.000000
WBN33_Layer_13	WBN33_Layer_13	WBN33_Layers	0.000000	0.000000
WBN33_Layer_14	WBN33_Layer_14	WBN33_Layers	0.000000	0.000000
WBN33_Layer_15	WBN33_Layer_15	WBN33_Layers	0.000000	0.000000
WBN33_Layer_16	WBN33_Layer_16	WBN33_Layers	0.000000	0.000000
WBN33_Layer_17	WBN33_Layer_17	WBN33_Layers	0.000000	0.000000
WBN33_Layer_18	WBN33_Layer_18	WBN33_Layers	0.000000	0.000000
WBN33_Layer_19	WBN33_Layer_19	WBN33_Layers	0.000000	0.000000
WBN33_Layer_2	WBN33_Layer_2	WBN33_Layers	0.000000	0.000000
WBN33_Layer_20	WBN33_Layer_20	WBN33_Layers	0.000000	0.000000
WBN33_Layer_21	WBN33_Layer_21	WBN33_Layers	0.000000	0.000000
WBN33_Layer_22	WBN33_Layer_22	WBN33_Layers	0.000000	0.000000
WBN33_Layer_23	WBN33_Layer_23	WBN33_Layers	0.000000	0.000000
WBN33_Layer_24	WBN33_Layer_24	WBN33_Layers	0.000000	0.000000
WBN33_Layer_25	WBN33_Layer_25	WBN33_Layers	0.000000	0.000000
WBN33_Layer_26	WBN33_Layer_26	WBN33_Layers	0.000000	0.000000
WBN33_Layer_27	WBN33_Layer_27	WBN33_Layers	0.000000	0.000000
WBN33_Layer_28	WBN33_Layer_28	WBN33_Layers	0.000000	0.000000
WBN33_Layer_3	WBN33_Layer_3	WBN33_Layers	0.000000	0.000000
WBN33_Layer_4	WBN33_Layer_4	WBN33_Layers	0.000000	0.000000
WBN33_Layer_5	WBN33_Layer_5	WBN33_Layers	0.000000	0.000000
WBN33_Layer_6	WBN33_Layer_6	WBN33_Layers	0.000000	0.000000
WBN33_Layer_7	WBN33_Layer_7	WBN33_Layers	0.000000	0.000000
WBN33_Layer_8	WBN33_Layer_8	WBN33_Layers	0.000000	0.000000
WBN33_Layer_9	WBN33_Layer_9	WBN33_Layers	0.000000	0.000000
WBN33_Layers	WBN33 D3D profiles	WBN33_Layers	35.605439	-84.777035
WBN34_3ft	WBN34_3ft	WBN 34 (DS, Right)	35.605465	-84.777898
WBN34_5ft	WBN34_5ft	WBN 34 (DS, Right)	35.605465	-84.777898
WBN34_7ft	WBN34_7ft	WBN 34 (DS, Right)	35.605465	-84.777898
WBN34_Layer_1	WBN34_Layer_1	WBN34_Layers	0.000000	0.000000
WBN34_Layer_10	WBN34_Layer_10	WBN34_Layers	0.000000	0.000000
WBN34_Layer_11	WBN34_Layer_11	WBN34_Layers	0.000000	0.000000
WBN34_Layer_12	WBN34_Layer_12	WBN34_Layers	0.000000	0.000000
WBN34_Layer_13	WBN34_Layer_13	WBN34_Layers	0.000000	0.000000
WBN34_Layer_14	WBN34_Layer_14	WBN34_Layers	0.000000	0.000000
WBN34_Layer_15	WBN34_Layer_15	WBN34_Layers	0.000000	0.000000
WBN34_Layer_16	WBN34_Layer_16	WBN34_Layers	0.000000	0.000000
WBN34_Layer_17	WBN34_Layer_17	WBN34_Layers	0.000000	0.000000
WBN34_Layer_18	WBN34_Layer_18	WBN34_Layers	0.000000	0.000000
WBN34_Layer_19	WBN34_Layer_19	WBN34_Layers	0.000000	0.000000
WBN34_Layer_2	WBN34_Layer_2	WBN34_Layers	0.000000	0.000000
WBN34_Layer_20	WBN34_Layer_20	WBN34_Layers	0.000000	0.000000
WBN34_Layer_21	WBN34_Layer_21	WBN34_Layers	0.000000	0.000000
WBN34_Layer_22	WBN34_Layer_22	WBN34_Layers	0.000000	0.000000
WBN34_Layer_23	WBN34_Layer_23	WBN34_Layers	0.000000	0.000000
WBN34_Layer_24	WBN34_Layer_24	WBN34_Layers	0.000000	0.000000
WBN34_Layer_25	WBN34_Layer_25	WBN34_Layers	0.000000	0.000000
WBN34_Layer_26	WBN34_Layer_26	WBN34_Layers	0.000000	0.000000
WBN34_Layer_27	WBN34_Layer_27	WBN34_Layers	0.000000	0.000000
WBN34_Layer_28	WBN34_Layer_28	WBN34_Layers	0.000000	0.000000
WBN34_Layer_3	WBN34_Layer_3	WBN34_Layers	0.000000	0.000000
WBN34_Layer_4	WBN34_Layer_4	WBN34_Layers	0.000000	0.000000
WBN34_Layer_5	WBN34_Layer_5	WBN34_Layers	0.000000	0.000000
WBN34_Layer_6	WBN34_Layer_6	WBN34_Layers	0.000000	0.000000
WBN34_Layer_7	WBN34_Layer_7	WBN34_Layers	0.000000	0.000000
WBN34_Layer_8	WBN34_Layer_8	WBN34_Layers	0.000000	0.000000
WBN34_Layer_9	WBN34_Layer_9	WBN34_Layers	0.000000	0.000000
WBN34_Layers	WBN34 D3D profiles	WBN34_Layers	35.605465	-84.777898
WBNReach1	WBN Travel Time Reach 1	WBNReach1	35.620277	-84.784447
WBNReach2	WBN Travel Time Reach 2	WBNReach2	35.620277	-84.784447
WBNReach3	WBN Travel Time Reach 3	WBNReach3	35.620277	-84.784447
WBNReach4	WBN Travel Time Reach 4	WBNReach4	35.620277	-84.784447
WBOT1	Watts Bar Dam	WBOT1	35.620277	-84.784447
WBOT1_198.18	WBOT1_198.18	WattsBarDam	0.000000	0.000000
WBOT1_205.18	WBOT1_205.18	WattsBarDam	0.000000	0.000000
WBOT1_209.18	WBOT1_209.18	WattsBarDam	0.000000	0.000000
WBOT1_212.18	WBOT1_212.18	WattsBarDam	0.000000	0.000000
WBOT1_215.18	WBOT1_215.18	WattsBarDam	0.000000	0.000000
WBOT1_217.18	WBOT1_217.18	WattsBarDam	0.000000	0.000000
WBOT1_219.18	WBOT1_219.18	WattsBarDam	0.000000	0.000000
WBOT1_221.18	WBOT1_221.18	WattsBarDam	0.000000	0.000000
WBOT1_223.18	WBOT1_223.18	WattsBarDam	0.000000	0.000000
WBOT1_226.18	WBOT1_226.18	WattsBarDam	0.000000	0.000000
WBOT1_v4_205.18	WBOT1_v4_205.18	WattsBarDam_v4	0.000000	0.000000
WBOT1_v4_208.18	WBOT1_v4_208.18	WattsBarDam_v4	0.000000	0.000000
WBOT1_v4_211.18	WBOT1_v4_211.18	WattsBarDam_v4	0.000000	0.000000
WBOT1_v4_213.18	WBOT1_v4_213.18	WattsBarDam_v4	0.000000	0.000000
WBOT1_v4_215.18	WBOT1_v4_215.18	WattsBarDam_v4	0.000000	0.000000
WBOT1_v4_217.18	WBOT1_v4_217.18	WattsBarDam_v4	0.000000	0.000000
WBOT1_v4_219.18	WBOT1_v4_219.18	WattsBarDam_v4	0.000000	0.000000
WBOT1_v4_221.18	WBOT1_v4_221.18	WattsBarDam_v4	0.000000	0.000000
WBOT1_v4_223.18	WBOT1_v4_223.18	WattsBarDam_v4	0.000000	0.000000
WBOT1_v4_225.18	WBOT1_v4_225.18	WattsBarDam_v4	0.000000	0.000000
WCF-01	Widows Creek-Unit1	WDCA1	34.884655	-85.754911
WCF-02	Widows Creek-Unit2	WDCA1	34.884655	-85.754911
WCF-03	Widows Creek-Unit3	WDCA1	34.884655	-85.754911
WCF-04	Widows Creek-Unit4	WDCA1	34.884655	-85.754911
WCF-05	Widows Creek-Unit5	WDCA1	34.884655	-85.754911
WCF-06	Widows Creek-Unit6	WDCA1	34.884655	-85.754911
WCF-07	Widows Creek-Unit7	WDCA1	34.884787	-85.750126
WCF-08	Widows Creek-Unit8	WDCA1	34.884787	-85.750126
WCKG1	West Chickamauga at Ft Oglethorpe	WCKG1	34.957222	-85.205559
WDBT1	Woodbury	WDBT1	35.829166	-86.073334
WDCA1	Widows Creek Fossil Plant	WDCA1	34.886665	-85.755554
WDVA1	Paint Rock nr Woodville	WDVA1	34.624168	-86.306389
WEH-01	Wheeler-Unit1	WHLA1	34.796112	-87.383614
WEH-02	Wheeler-Unit2	WHLA1	34.796112	-87.383614
WEH-03	Wheeler-Unit3	WHLA1	34.796112	-87.383614
WEH-04	Wheeler-Unit4	WHLA1	34.796112	-87.383614
WEH-05	Wheeler-Unit5	WHLA1	34.796112	-87.383614
WEH-06	Wheeler-Unit6	WHLA1	34.796112	-87.383614
WEH-07	Wheeler-Unit7	WHLA1	34.796112	-87.383614
WEH-08	Wheeler-Unit8	WHLA1	34.796112	-87.383614
WEH-09	Wheeler-Unit9	WHLA1	34.796112	-87.383614
WEH-10	Wheeler-Unit10	WHLA1	34.796112	-87.383614
WEH-11	Wheeler-Unit11	WHLA1	34.796112	-87.383614
WEH-OG-01	Wheeler Dam	WHLA1	34.796112	-87.383614
WEH-OG-02	Wheeler Dam	WHLA1	34.796112	-87.383614
WEH-OG-03	Wheeler Dam	WHLA1	34.796112	-87.383614
WEH-OG-04	Wheeler Dam	WHLA1	34.796112	-87.383614
WEH-OG-05	Wheeler Dam	WHLA1	34.796112	-87.383614
WEH-OG-06	Wheeler Dam	WHLA1	34.796112	-87.383614
WEH-OG-07	Wheeler Dam	WHLA1	34.796112	-87.383614
WEH-OG-08	Wheeler Dam	WHLA1	34.796112	-87.383614
WEH-OG-09	Wheeler Dam	WHLA1	34.796112	-87.383614
WEH-OG-10	Wheeler Dam	WHLA1	34.796112	-87.383614
WEH-OG-11	Wheeler Dam	WHLA1	34.796112	-87.383614
WEH-OG-12	Wheeler Dam	WHLA1	34.796112	-87.383614
WEH-OG-13	Wheeler Dam	WHLA1	34.796112	-87.383614
WEH-OG-14	Wheeler Dam	WHLA1	34.796112	-87.383614
WEH-SP-01	Wheeler Dam	WHLA1	34.796112	-87.383614
WEH-SP-02	Wheeler Dam	WHLA1	34.796112	-87.383614
WEH-SP-03	Wheeler Dam	WHLA1	34.796112	-87.383614
WEH-SP-04	Wheeler Dam	WHLA1	34.796112	-87.383614
WEH-SP-05	Wheeler Dam	WHLA1	34.796112	-87.383614
WEH-SP-06	Wheeler Dam	WHLA1	34.796112	-87.383614
WEH-SP-07	Wheeler Dam	WHLA1	34.796112	-87.383614
WEH-SP-08	Wheeler Dam	WHLA1	34.796112	-87.383614
WEH-SP-09	Wheeler Dam	WHLA1	34.796112	-87.383614
WEH-SP-10	Wheeler Dam	WHLA1	34.796112	-87.383614
WEH-SP-11	Wheeler Dam	WHLA1	34.796112	-87.383614
WEH-SP-12	Wheeler Dam	WHLA1	34.796112	-87.383614
WEH-SP-13	Wheeler Dam	WHLA1	34.796112	-87.383614
WEH-SP-14	Wheeler Dam	WHLA1	34.796112	-87.383614
WEH-SP-15	Wheeler Dam	WHLA1	34.796112	-87.383614
WEH-SP-16	Wheeler Dam	WHLA1	34.796112	-87.383614
WEH-SP-17	Wheeler Dam	WHLA1	34.796112	-87.383614
WEH-SP-18	Wheeler Dam	WHLA1	34.796112	-87.383614
WEH-SP-19	Wheeler Dam	WHLA1	34.796112	-87.383614
WEH-SP-20	Wheeler Dam	WHLA1	34.796112	-87.383614
WEH-SP-21	Wheeler Dam	WHLA1	34.796112	-87.383614
WEH-SP-22	Wheeler Dam	WHLA1	34.796112	-87.383614
WEH-SP-23	Wheeler Dam	WHLA1	34.796112	-87.383614
WEH-SP-24	Wheeler Dam	WHLA1	34.796112	-87.383614
WEH-SP-25	Wheeler Dam	WHLA1	34.796112	-87.383614
WEH-SP-26	Wheeler Dam	WHLA1	34.796112	-87.383614
WEH-SP-27	Wheeler Dam	WHLA1	34.796112	-87.383614
WEH-SP-28	Wheeler Dam	WHLA1	34.796112	-87.383614
WEH-SP-29	Wheeler Dam	WHLA1	34.796112	-87.383614
WEH-SP-30	Wheeler Dam	WHLA1	34.796112	-87.383614
WEH-SP-31	Wheeler Dam	WHLA1	34.796112	-87.383614
WEH-SP-32	Wheeler Dam	WHLA1	34.796112	-87.383614
WEH-SP-33	Wheeler Dam	WHLA1	34.796112	-87.383614
WEH-SP-34	Wheeler Dam	WHLA1	34.796112	-87.383614
WEH-SP-35	Wheeler Dam	WHLA1	34.796112	-87.383614
WEH-SP-36	Wheeler Dam	WHLA1	34.796112	-87.383614
WEH-SP-37	Wheeler Dam	WHLA1	34.796112	-87.383614
WEH-SP-38	Wheeler Dam	WHLA1	34.796112	-87.383614
WEH-SP-39	Wheeler Dam	WHLA1	34.796112	-87.383614
WEH-SP-40	Wheeler Dam	WHLA1	34.796112	-87.383614
WEH-SP-41	Wheeler Dam	WHLA1	34.796112	-87.383614
WEH-SP-42	Wheeler Dam	WHLA1	34.796112	-87.383614
WEH-SP-43	Wheeler Dam	WHLA1	34.796112	-87.383614
WEH-SP-44	Wheeler Dam	WHLA1	34.796112	-87.383614
WEH-SP-45	Wheeler Dam	WHLA1	34.796112	-87.383614
WEH-SP-46	Wheeler Dam	WHLA1	34.796112	-87.383614
WEH-SP-47	Wheeler Dam	WHLA1	34.796112	-87.383614
WEH-SP-48	Wheeler Dam	WHLA1	34.796112	-87.383614
WEH-SP-49	Wheeler Dam	WHLA1	34.796112	-87.383614
WEH-SP-50	Wheeler Dam	WHLA1	34.796112	-87.383614
WEH-SP-51	Wheeler Dam	WHLA1	34.796112	-87.383614
WEH-SP-52	Wheeler Dam	WHLA1	34.796112	-87.383614
WEH-SP-53	Wheeler Dam	WHLA1	34.796112	-87.383614
WEH-SP-54	Wheeler Dam	WHLA1	34.796112	-87.383614
WEH-SP-55	Wheeler Dam	WHLA1	34.796112	-87.383614
WEH-SP-56	Wheeler Dam	WHLA1	34.796112	-87.383614
WEH-SP-57	Wheeler Dam	WHLA1	34.796112	-87.383614
WEH-SP-58	Wheeler Dam	WHLA1	34.796112	-87.383614
WEH-SP-59	Wheeler Dam	WHLA1	34.796112	-87.383614
WEH-SP-60	Wheeler Dam	WHLA1	34.796112	-87.383614
WFC-01	Wolf Creek-Unit1	WLCK2	36.869167	-85.145833
WFC-02	Wolf Creek-Unit2	WLCK2	36.869167	-85.145833
WFC-03	Wolf Creek-Unit3	WLCK2	36.869167	-85.145833
WFC-04	Wolf Creek-Unit4	WLCK2	36.869167	-85.145833
WFC-05	Wolf Creek-Unit5	WLCK2	36.869167	-85.145833
WFC-06	Wolf Creek-Unit6	WLCK2	36.869167	-85.145833
WHIA1	Tennessee at Whitesburg	WHIA1	34.571667	-86.558052
WHLA1	Wheeler Dam	WHLA1	34.796112	-87.383614
WHTT1	Sequatchie nr Whitwell	WHTT1	35.206390	-85.497223
WIH-01	Wilbur-Unit1	WL	36.342400	-82.126099
WIH-02	Wilbur-Unit2	WL	36.342400	-82.126099
WIH-03	Wilbur-Unit3	WL	36.342400	-82.126099
WIH-04	Wilbur-Unit4	WL	36.342400	-82.126099
WIH-OG-01	Wilbur Dam	WL	36.342400	-82.126099
WIH-OG-02	Wilbur Dam	WL	36.342400	-82.126099
WIH-OG-03	Wilbur Dam	WL	36.342400	-82.126099
WIH-SP-01	Wilbur Dam	WL	36.342400	-82.126099
WIH-SP-02	Wilbur Dam	WL	36.342400	-82.126099
WIH-SP-03	Wilbur Dam	WL	36.342400	-82.126099
WIH-SP-04	Wilbur Dam	WL	36.342400	-82.126099
WL	Wilbur Dam	WL	36.342400	-82.126099
WLBK2	Cumberland at Williamsburg	WLBK2	36.743332	-84.156113
WLCK2	Wolf Creek Dam	WLCK2	36.868889	-85.145836
WLDT1	Wildwood	WLDT1	35.806946	-83.836388
WLGN7	Wallace Gap	WLGN7	35.099167	-83.548615
WLH-01	Wilson-Unit1	WLSA1	34.792500	-87.625275
WLH-02	Wilson-Unit2	WLSA1	34.792500	-87.625275
WLH-03	Wilson-Unit3	WLSA1	34.792500	-87.625275
WLH-04	Wilson-Unit4	WLSA1	34.792500	-87.625275
WLH-05	Wilson-Unit5	WLSA1	34.792500	-87.625275
WLH-06	Wilson-Unit6	WLSA1	34.792500	-87.625275
WLH-07	Wilson-Unit7	WLSA1	34.792500	-87.625275
WLH-08	Wilson-Unit8	WLSA1	34.792500	-87.625275
WLH-09	Wilson-Unit9	WLSA1	34.792500	-87.625275
WLH-10	Wilson-Unit10	WLSA1	34.792500	-87.625275
WLH-11	Wilson-Unit11	WLSA1	34.792500	-87.625275
WLH-12	Wilson-Unit12	WLSA1	34.792500	-87.625275
WLH-13	Wilson-Unit13	WLSA1	34.792500	-87.625275
WLH-14	Wilson-Unit14	WLSA1	34.792500	-87.625275
WLH-15	Wilson-Unit15	WLSA1	34.792500	-87.625275
WLH-16	Wilson-Unit16	WLSA1	34.792500	-87.625275
WLH-17	Wilson-Unit17	WLSA1	34.792500	-87.625275
WLH-18	Wilson-Unit18	WLSA1	34.792500	-87.625275
WLH-19	Wilson-Unit19	WLSA1	34.792500	-87.625275
WLH-20	Wilson-Unit20	WLSA1	34.792500	-87.625275
WLH-21	Wilson-Unit21	WLSA1	34.792500	-87.625275
WLH-DS	Wilson-Downstream	WLSA1	34.792500	-87.625275
WLH-OG-01	Wilson Dam	WLSA1	34.792500	-87.625275
WLH-OG-02	Wilson Dam	WLSA1	34.792500	-87.625275
WLH-OG-03	Wilson Dam	WLSA1	34.792500	-87.625275
WLH-OG-04	Wilson Dam	WLSA1	34.792500	-87.625275
WLH-OG-05	Wilson Dam	WLSA1	34.792500	-87.625275
WLH-OG-06	Wilson Dam	WLSA1	34.792500	-87.625275
WLH-SP-01	Wilson Dam	WLSA1	34.792500	-87.625275
WLH-SP-02	Wilson Dam	WLSA1	34.792500	-87.625275
WLH-SP-03	Wilson Dam	WLSA1	34.792500	-87.625275
WLH-SP-04	Wilson Dam	WLSA1	34.792500	-87.625275
WLH-SP-05	Wilson Dam	WLSA1	34.792500	-87.625275
WLH-SP-06	Wilson Dam	WLSA1	34.792500	-87.625275
WLH-SP-07	Wilson Dam	WLSA1	34.792500	-87.625275
WLH-SP-08	Wilson Dam	WLSA1	34.792500	-87.625275
WLH-SP-09	Wilson Dam	WLSA1	34.792500	-87.625275
WLH-SP-10	Wilson Dam	WLSA1	34.792500	-87.625275
WLH-SP-11	Wilson Dam	WLSA1	34.792500	-87.625275
WLH-SP-12	Wilson Dam	WLSA1	34.792500	-87.625275
WLH-SP-13	Wilson Dam	WLSA1	34.792500	-87.625275
WLH-SP-14	Wilson Dam	WLSA1	34.792500	-87.625275
WLH-SP-15	Wilson Dam	WLSA1	34.792500	-87.625275
WLH-SP-16	Wilson Dam	WLSA1	34.792500	-87.625275
WLH-SP-17	Wilson Dam	WLSA1	34.792500	-87.625275
WLH-SP-18	Wilson Dam	WLSA1	34.792500	-87.625275
WLH-SP-19	Wilson Dam	WLSA1	34.792500	-87.625275
WLH-SP-20	Wilson Dam	WLSA1	34.792500	-87.625275
WLH-SP-21	Wilson Dam	WLSA1	34.792500	-87.625275
WLH-SP-22	Wilson Dam	WLSA1	34.792500	-87.625275
WLH-SP-23	Wilson Dam	WLSA1	34.792500	-87.625275
WLH-SP-24	Wilson Dam	WLSA1	34.792500	-87.625275
WLH-SP-25	Wilson Dam	WLSA1	34.792500	-87.625275
WLH-SP-26	Wilson Dam	WLSA1	34.792500	-87.625275
WLH-SP-27	Wilson Dam	WLSA1	34.792500	-87.625275
WLH-SP-28	Wilson Dam	WLSA1	34.792500	-87.625275
WLH-SP-29	Wilson Dam	WLSA1	34.792500	-87.625275
WLH-SP-30	Wilson Dam	WLSA1	34.792500	-87.625275
WLH-SP-31	Wilson Dam	WLSA1	34.792500	-87.625275
WLH-SP-32	Wilson Dam	WLSA1	34.792500	-87.625275
WLH-SP-33	Wilson Dam	WLSA1	34.792500	-87.625275
WLH-SP-34	Wilson Dam	WLSA1	34.792500	-87.625275
WLH-SP-35	Wilson Dam	WLSA1	34.792500	-87.625275
WLH-SP-36	Wilson Dam	WLSA1	34.792500	-87.625275
WLH-SP-37	Wilson Dam	WLSA1	34.792500	-87.625275
WLH-SP-38	Wilson Dam	WLSA1	34.792500	-87.625275
WLH-SP-39	Wilson Dam	WLSA1	34.792500	-87.625275
WLH-SP-40	Wilson Dam	WLSA1	34.792500	-87.625275
WLH-SP-41	Wilson Dam	WLSA1	34.792500	-87.625275
WLH-SP-42	Wilson Dam	WLSA1	34.792500	-87.625275
WLH-SP-43	Wilson Dam	WLSA1	34.792500	-87.625275
WLH-SP-44	Wilson Dam	WLSA1	34.792500	-87.625275
WLH-SP-45	Wilson Dam	WLSA1	34.792500	-87.625275
WLH-SP-46	Wilson Dam	WLSA1	34.792500	-87.625275
WLH-SP-47	Wilson Dam	WLSA1	34.792500	-87.625275
WLH-SP-48	Wilson Dam	WLSA1	34.792500	-87.625275
WLH-SP-49	Wilson Dam	WLSA1	34.792500	-87.625275
WLSA1	Wilson Dam	WLSA1	34.792500	-87.625275
WLTN7	Walters Dam	WLTN7	35.694443	-83.050552
WMorgan_ELawrence	W Morgan/E Lawrence	WMorgan_ELawrence	34.779000	-87.221000
WNBT1	Waynesboro	WNBT1	35.332222	-87.691391
WNEN7	Wine Springs Bald	WNEN7	35.172780	-83.580560
WQFloat1_Middle	Water Quality Float 1 (Wheeler-Decatur)	WQFloat1_Middle	34.654000	-87.011000
WQFloat2_US	Water Quality Float 2 (Guntersville)	WQFloat2_US	34.421112	-86.393059
WQFloat3_DS	Water Quality Float 3 (Wheeler-Downstream)	WQFloat3_DS	34.666000	-87.025000
WRTA1	Wright	WRTA1	34.956390	-87.953888
WTBA1	Whitesburg	WTBA1	34.601389	-86.551111
WTBT1	Wartburg	WTBT1	36.114166	-84.604164
WTGT1	Watauga Dam	WTGT1	36.329166	-82.125275
WTH-01	Watauga-Unit1	WTGT1	36.329166	-82.125275
WTH-02	Watauga-Unit2	WTGT1	36.329166	-82.125275
WTH-SL-01	Watauga Dam	WTGT1	36.329166	-82.125275
WTH-SL-02	Watauga Dam	WTGT1	36.329166	-82.125275
WTH-SP-01	Watauga Dam	WTGT1	36.329166	-82.125275
WTP_Knoxville	WTP (Knoxville)	WTP_Knoxville	35.961731	-83.887686
WTP_Sevierville	WTP (Sevierville)	WTP_Sevierville	35.932395	-83.593834
WWLT1	Whitwell	WWLT1	35.208611	-85.519447
WWTP_Lakeshore_Park	WWTP (Lakeshore Park)	WWTP_Lakeshore_Park	35.915185	-83.982083
WWTP_Loves_Creek	WWTP (Loves Creek)	WWTP_Loves_Creek	36.010541	-83.828023
WWTP_Neyland_Dr	WWTP (Neyland Dr)	WWTP_Neyland_Dr	35.942174	-83.931677
YGHG1	Young Harris	YGHG1	34.946945	-83.846107
YNCN7	Yancey	YNCN7	35.912498	-82.294724