LocationID	Location	ParentLocationID	Latitude	Longitude	StreamDatumFt	HeadDatumFt	TailDatumFt	BrookfieldDatumFt	River	RiverMile	HydroOrder	USGSID	TimeZone	PlantType	PlantID	NumGenUnits	MaxGenOutput_MW	AvgMaxGenPerUnit_MW	GenThreshold_MW	IsMelMsl	SeepageCfs	ReservoirNum	DrawRateWeekFt	LowNotchFt	MinNavFt	MinNormalFt	MinPowerFt	MinRegulatoryFt	SpillcrestFt	SurchargeFt	TopOfGatesFt	DamTopFt	AllowableFluctuationsFt	FlowMinCushionKcfs	FlowMinNavKcfs	FlowSurchargeKcfs	FlowTopOfGatesKcfs	State	IsBalancingGuide	Owner	FloodStageFt	YearOfClosure	Datum	PrecipitationGage	PoolLevel	PoolLevelOrder	PrescheduleOrder	FlowsheetOrder	Ownership	DamType	AltAbbr1	AltAbbr2	StreamGage	EdsSite	EdsStation	Tw01Max	Tw24Max	DtMax	BpMax	UnitType	TurbineFlowHardMax_CFS	RatedCapacity_MW	GateType	GatePositionType
ABDV2	Abingdon	ABDV2	36.686111	-81.983330	0.000000	0.0000	0.0000	0.000000	None	-1.0000	-1		EST			-1	-1	-1	0	0	0.0000	-1.0000	-1.0000	-1.0000	-1.0000	-1.0000	-1.0000	-1.0000	-1.0000	-1.0000	-1.0000	-1.0000	-1.0000	-1.0000	-1.0000	-1.0000	-1.0000	VA	0		-1.0000	-1	0.000000	Precip	None	-1	0	0	None	None	None	None	None	-1	-1	-1.000000	-1.000000	-1.000000	-1.000000		-1	-1
ABVA1	Albertville	ABVA1	34.235554	-86.185837	0.000000	0.0000	0.0000	0.000000	None	-1.0000	-1		CST			-1	-1	-1	0	0	0.0000	-1.0000	-1.0000	-1.0000	-1.0000	-1.0000	-1.0000	-1.0000	-1.0000	-1.0000	-1.0000	-1.0000	-1.0000	-1.0000	-1.0000	-1.0000	-1.0000	AL	0		-1.0000	-1	0.000000	Precip	None	-1	0	0	None	None	None	None	None	-1	-1	-1.000000	-1.000000	-1.000000	-1.000000		-1	-1
ACIT1	Cumberland River at Ashland City	ACIT1	36.270556	-87.076111	0.000000	0.0000	0.0000	0.000000	None	-1.0000	-1					-1	-1	-1	0	0	0.0000	-1.0000	-1.0000	-1.0000	-1.0000	-1.0000	-1.0000	-1.0000	-1.0000	-1.0000	-1.0000	-1.0000	-1.0000	-1.0000	-1.0000	-1.0000	-1.0000	TN	0		-1.0000	-1	0.000000	None	None	-1	0	0	None	None	None	None	None	-1	-1	-1.000000	-1.000000	-1.000000	-1.000000		-1	-1
AHNA1	Athens AL	AHNA1	34.790001	-86.965553	0.000000	0.0000	0.0000	0.000000	None	-1.0000	-1		CST			-1	-1	-1	0	0	0.0000	-1.0000	-1.0000	-1.0000	-1.0000	-1.0000	-1.0000	-1.0000	-1.0000	-1.0000	-1.0000	-1.0000	-1.0000	-1.0000	-1.0000	-1.0000	-1.0000	AL	0		-1.0000	-1	0.000000	Precip	None	-1	0	0	None	None	None	None	None	-1	-1	-1.000000	-1.000000	-1.000000	-1.000000		-1	-1
AHNT1	Athens TN	AHNT1	35.468056	-84.585831	0.000000	0.0000	0.0000	0.000000	None	-1.0000	-1		EST			-1	-1	-1	0	0	0.0000	-1.0000	-1.0000	-1.0000	-1.0000	-1.0000	-1.0000	-1.0000	-1.0000	-1.0000	-1.0000	-1.0000	-1.0000	-1.0000	-1.0000	-1.0000	-1.0000	TN	0		-1.0000	-1	0.000000	Precip	None	-1	0	0	None	None	None	None	None	-1	-1	-1.000000	-1.000000	-1.000000	-1.000000		-1	-1
ALBK2	Albany	ALBK2	36.746940	-85.123060	0.000000	0.0000	0.0000	0.000000	None	-1.0000	-1		CST			-1	-1	-1	0	0	0.0000	-1.0000	-1.0000	-1.0000	-1.0000	-1.0000	-1.0000	-1.0000	-1.0000	-1.0000	-1.0000	-1.0000	-1.0000	-1.0000	-1.0000	-1.0000	-1.0000	KY	0		-1.0000	-1	0.000000	Precip	None	-1	0	0	None	None	None	None	None	-1	-1	-1.000000	-1.000000	-1.000000	-1.000000		-1	-1
ALCT1	Little at Alcoa	ALCT1	35.808887	-83.926666	814.220000	0.0000	0.0000	0.000000	Little	-1.0000	420	3498850				-1	-1	-1	0	0	0.0000	-1.0000	-1.0000	-1.0000	-1.0000	-1.0000	-1.0000	-1.0000	-1.0000	-1.0000	-1.0000	-1.0000	-1.0000	-1.0000	-1.0000	-1.0000	-1.0000	TN	0		-1.0000	-1	814.220026	None	None	-1	0	0	None	None	None	None	Stream	-1	-1	-1.000000	-1.000000	-1.000000	-1.000000		-1	-1
ALF	Allen Fossil Plant	ALF	35.069668	-90.138830	0.000000	0.0000	0.0000	0.000000	None	-1.0000	-1					-1	-1	-1	0	0	0.0000	-1.0000	-1.0000	-1.0000	-1.0000	-1.0000	-1.0000	-1.0000	-1.0000	-1.0000	-1.0000	-1.0000	-1.0000	-1.0000	-1.0000	-1.0000	-1.0000		0		-1.0000	-1	0.000000	None	None	-1	0	0	None	None	None	None	None	-1	-1	-1.000000	-1.000000	-1.000000	-1.000000		-1	-1
ALF-01	Allen-Unit1	ALF	35.075588	-90.148294	0.000000	0.0000	0.0000	0.000000	None	-1.0000	-1					-1	-1	-1	0	0	0.0000	-1.0000	-1.0000	-1.0000	-1.0000	-1.0000	-1.0000	-1.0000	-1.0000	-1.0000	-1.0000	-1.0000	-1.0000	-1.0000	-1.0000	-1.0000	-1.0000		0		-1.0000	-1	0.000000	None	None	-1	0	0	None	None	None	None	None	-1	-1	-1.000000	-1.000000	-1.000000	-1.000000	Fossil	-1	237
ALF-02	Allen-Unit2	ALF	35.075588	-90.148294	0.000000	0.0000	0.0000	0.000000	None	-1.0000	-1					-1	-1	-1	0	0	0.0000	-1.0000	-1.0000	-1.0000	-1.0000	-1.0000	-1.0000	-1.0000	-1.0000	-1.0000	-1.0000	-1.0000	-1.0000	-1.0000	-1.0000	-1.0000	-1.0000		0		-1.0000	-1	0.000000	None	None	-1	0	0	None	None	None	None	None	-1	-1	-1.000000	-1.000000	-1.000000	-1.000000	Fossil	-1	237
ALF-03	Allen-Unit3	ALF	35.075588	-90.148294	0.000000	0.0000	0.0000	0.000000	None	-1.0000	-1					-1	-1	-1	0	0	0.0000	-1.0000	-1.0000	-1.0000	-1.0000	-1.0000	-1.0000	-1.0000	-1.0000	-1.0000	-1.0000	-1.0000	-1.0000	-1.0000	-1.0000	-1.0000	-1.0000		0		-1.0000	-1	0.000000	None	None	-1	0	0	None	None	None	None	None	-1	-1	-1.000000	-1.000000	-1.000000	-1.000000	Fossil	-1	237
ALTT1	Altamont	ALTT1	35.431667	-85.716667	0.000000	0.0000	0.0000	0.000000	None	-1.0000	-1		CST			-1	-1	-1	0	0	0.0000	-1.0000	-1.0000	-1.0000	-1.0000	-1.0000	-1.0000	-1.0000	-1.0000	-1.0000	-1.0000	-1.0000	-1.0000	-1.0000	-1.0000	-1.0000	-1.0000	TN	0		-1.0000	-1	0.000000	None	None	-1	0	0	None	None	None	None	None	-1	-1	-1.000000	-1.000000	-1.000000	-1.000000		-1	-1
ANDT1	Anderson	ANDT1	35.003334	-85.896942	0.000000	0.0000	0.0000	0.000000	None	-1.0000	-1		CST			-1	-1	-1	0	0	0.0000	-1.0000	-1.0000	-1.0000	-1.0000	-1.0000	-1.0000	-1.0000	-1.0000	-1.0000	-1.0000	-1.0000	-1.0000	-1.0000	-1.0000	-1.0000	-1.0000	TN	0		-1.0000	-1	0.000000	Precip	None	-1	0	0	None	None	None	None	None	-1	-1	-1.000000	-1.000000	-1.000000	-1.000000		-1	-1
ANTT1	Mill Creek nr Antioch	ANTT1	36.081665	-86.680557	472.570000	0.0000	0.0000	0.000000	Mill Creek	11.0000	-1	3431000	CST			-1	-1	-1	0	0	0.0000	-1.0000	-1.0000	-1.0000	-1.0000	-1.0000	-1.0000	-1.0000	-1.0000	-1.0000	-1.0000	-1.0000	-1.0000	-1.0000	-1.0000	-1.0000	-1.0000	TN	0		-1.0000	-1	472.570015	Precip	None	-1	0	0	None	None	None	None	Stream	-1	-1	-1.000000	-1.000000	-1.000000	-1.000000		-1	-1
Apalachia_Powerhouse	Apalachia Powerhouse	Apalachia_Powerhouse	35.183000	-84.438000	0.000000	0.0000	0.0000	0.000000	None	-1.0000	-1					-1	-1	-1	0	0	0.0000	-1.0000	-1.0000	-1.0000	-1.0000	-1.0000	-1.0000	-1.0000	-1.0000	-1.0000	-1.0000	-1.0000	-1.0000	-1.0000	-1.0000	-1.0000	-1.0000		0		-1.0000	-1	0.000000	None	None	-1	0	0	None	None	None	None	None	-1	-1	-1.000000	-1.000000	-1.000000	-1.000000		-1	-1
APH-01	Apalachia-Unit1	HADT1	35.182499	-84.438332	0.000000	0.0000	0.0000	0.000000	None	-1.0000	-1					-1	-1	-1	0	0	0.0000	-1.0000	-1.0000	-1.0000	-1.0000	-1.0000	-1.0000	-1.0000	-1.0000	-1.0000	-1.0000	-1.0000	-1.0000	-1.0000	-1.0000	-1.0000	-1.0000		0		-1.0000	-1	0.000000	None	None	-1	0	0	None	None	None	None	None	-1	-1	-1.000000	-1.000000	-1.000000	-1.000000	Hydro	2500	56
APH-02	Apalachia-Unit2	HADT1	35.182499	-84.438332	0.000000	0.0000	0.0000	0.000000	None	-1.0000	-1					-1	-1	-1	0	0	0.0000	-1.0000	-1.0000	-1.0000	-1.0000	-1.0000	-1.0000	-1.0000	-1.0000	-1.0000	-1.0000	-1.0000	-1.0000	-1.0000	-1.0000	-1.0000	-1.0000		0		-1.0000	-1	0.000000	None	None	-1	0	0	None	None	None	None	None	-1	-1	-1.000000	-1.000000	-1.000000	-1.000000	Hydro	2500	56
APH-OG-01	Apalachia Dam	HADT1	35.168056	-84.295280	0.000000	0.0000	0.0000	0.000000	None	-1.0000	-1					-1	-1	-1	0	0	0.0000	-1.0000	-1.0000	-1.0000	-1.0000	-1.0000	-1.0000	-1.0000	-1.0000	-1.0000	-1.0000	-1.0000	-1.0000	-1.0000	-1.0000	-1.0000	-1.0000		0		-1.0000	-1	0.000000	None	None	-1	0	0	None	None	None	None	None	-1	-1	-1.000000	-1.000000	-1.000000	-1.000000		-1	-1	OTHER	DISC
APH-OG-02	Apalachia Dam	HADT1	35.168056	-84.295280	0.000000	0.0000	0.0000	0.000000	None	-1.0000	-1					-1	-1	-1	0	0	0.0000	-1.0000	-1.0000	-1.0000	-1.0000	-1.0000	-1.0000	-1.0000	-1.0000	-1.0000	-1.0000	-1.0000	-1.0000	-1.0000	-1.0000	-1.0000	-1.0000		0		-1.0000	-1	0.000000	None	None	-1	0	0	None	None	None	None	None	-1	-1	-1.000000	-1.000000	-1.000000	-1.000000		-1	-1	OTHER	DISC
APH-OG-03	Apalachia Dam	HADT1	35.168056	-84.295280	0.000000	0.0000	0.0000	0.000000	None	-1.0000	-1					-1	-1	-1	0	0	0.0000	-1.0000	-1.0000	-1.0000	-1.0000	-1.0000	-1.0000	-1.0000	-1.0000	-1.0000	-1.0000	-1.0000	-1.0000	-1.0000	-1.0000	-1.0000	-1.0000		0		-1.0000	-1	0.000000	None	None	-1	0	0	None	None	None	None	None	-1	-1	-1.000000	-1.000000	-1.000000	-1.000000		-1	-1	OTHER	DISC
APH-OG-04	Apalachia Dam	HADT1	35.168056	-84.295280	0.000000	0.0000	0.0000	0.000000	None	-1.0000	-1					-1	-1	-1	0	0	0.0000	-1.0000	-1.0000	-1.0000	-1.0000	-1.0000	-1.0000	-1.0000	-1.0000	-1.0000	-1.0000	-1.0000	-1.0000	-1.0000	-1.0000	-1.0000	-1.0000		0		-1.0000	-1	0.000000	None	None	-1	0	0	None	None	None	None	None	-1	-1	-1.000000	-1.000000	-1.000000	-1.000000		-1	-1	OTHER	DISC
APH-OG-05	Apalachia Dam	HADT1	35.168056	-84.295280	0.000000	0.0000	0.0000	0.000000	None	-1.0000	-1					-1	-1	-1	0	0	0.0000	-1.0000	-1.0000	-1.0000	-1.0000	-1.0000	-1.0000	-1.0000	-1.0000	-1.0000	-1.0000	-1.0000	-1.0000	-1.0000	-1.0000	-1.0000	-1.0000		0		-1.0000	-1	0.000000	None	None	-1	0	0	None	None	None	None	None	-1	-1	-1.000000	-1.000000	-1.000000	-1.000000		-1	-1	OTHER	DISC
APH-OG-06	Apalachia Dam	HADT1	35.168056	-84.295280	0.000000	0.0000	0.0000	0.000000	None	-1.0000	-1					-1	-1	-1	0	0	0.0000	-1.0000	-1.0000	-1.0000	-1.0000	-1.0000	-1.0000	-1.0000	-1.0000	-1.0000	-1.0000	-1.0000	-1.0000	-1.0000	-1.0000	-1.0000	-1.0000		0		-1.0000	-1	0.000000	None	None	-1	0	0	None	None	None	None	None	-1	-1	-1.000000	-1.000000	-1.000000	-1.000000		-1	-1	OTHER	DISC
APH-SP-01	Apalachia Dam	HADT1	35.168056	-84.295280	0.000000	0.0000	0.0000	0.000000	None	-1.0000	-1					-1	-1	-1	0	0	0.0000	-1.0000	-1.0000	-1.0000	-1.0000	-1.0000	-1.0000	-1.0000	-1.0000	-1.0000	-1.0000	-1.0000	-1.0000	-1.0000	-1.0000	-1.0000	-1.0000		0		-1.0000	-1	0.000000	None	None	-1	0	0	None	None	None	None	None	-1	-1	-1.000000	-1.000000	-1.000000	-1.000000		-1	-1	SPILL	DISC
APH-SP-02	Apalachia Dam	HADT1	35.168056	-84.295280	0.000000	0.0000	0.0000	0.000000	None	-1.0000	-1					-1	-1	-1	0	0	0.0000	-1.0000	-1.0000	-1.0000	-1.0000	-1.0000	-1.0000	-1.0000	-1.0000	-1.0000	-1.0000	-1.0000	-1.0000	-1.0000	-1.0000	-1.0000	-1.0000		0		-1.0000	-1	0.000000	None	None	-1	0	0	None	None	None	None	None	-1	-1	-1.000000	-1.000000	-1.000000	-1.000000		-1	-1	SPILL	DISC
APH-SP-03	Apalachia Dam	HADT1	35.168056	-84.295280	0.000000	0.0000	0.0000	0.000000	None	-1.0000	-1					-1	-1	-1	0	0	0.0000	-1.0000	-1.0000	-1.0000	-1.0000	-1.0000	-1.0000	-1.0000	-1.0000	-1.0000	-1.0000	-1.0000	-1.0000	-1.0000	-1.0000	-1.0000	-1.0000		0		-1.0000	-1	0.000000	None	None	-1	0	0	None	None	None	None	None	-1	-1	-1.000000	-1.000000	-1.000000	-1.000000		-1	-1	SPILL	DISC
APH-SP-04	Apalachia Dam	HADT1	35.168056	-84.295280	0.000000	0.0000	0.0000	0.000000	None	-1.0000	-1					-1	-1	-1	0	0	0.0000	-1.0000	-1.0000	-1.0000	-1.0000	-1.0000	-1.0000	-1.0000	-1.0000	-1.0000	-1.0000	-1.0000	-1.0000	-1.0000	-1.0000	-1.0000	-1.0000		0		-1.0000	-1	0.000000	None	None	-1	0	0	None	None	None	None	None	-1	-1	-1.000000	-1.000000	-1.000000	-1.000000		-1	-1	SPILL	DISC
APH-SP-05	Apalachia Dam	HADT1	35.168056	-84.295280	0.000000	0.0000	0.0000	0.000000	None	-1.0000	-1					-1	-1	-1	0	0	0.0000	-1.0000	-1.0000	-1.0000	-1.0000	-1.0000	-1.0000	-1.0000	-1.0000	-1.0000	-1.0000	-1.0000	-1.0000	-1.0000	-1.0000	-1.0000	-1.0000		0		-1.0000	-1	0.000000	None	None	-1	0	0	None	None	None	None	None	-1	-1	-1.000000	-1.000000	-1.000000	-1.000000		-1	-1	SPILL	DISC
APH-SP-06	Apalachia Dam	HADT1	35.168056	-84.295280	0.000000	0.0000	0.0000	0.000000	None	-1.0000	-1					-1	-1	-1	0	0	0.0000	-1.0000	-1.0000	-1.0000	-1.0000	-1.0000	-1.0000	-1.0000	-1.0000	-1.0000	-1.0000	-1.0000	-1.0000	-1.0000	-1.0000	-1.0000	-1.0000		0		-1.0000	-1	0.000000	None	None	-1	0	0	None	None	None	None	None	-1	-1	-1.000000	-1.000000	-1.000000	-1.000000		-1	-1	SPILL	DISC
APH-SP-07	Apalachia Dam	HADT1	35.168056	-84.295280	0.000000	0.0000	0.0000	0.000000	None	-1.0000	-1					-1	-1	-1	0	0	0.0000	-1.0000	-1.0000	-1.0000	-1.0000	-1.0000	-1.0000	-1.0000	-1.0000	-1.0000	-1.0000	-1.0000	-1.0000	-1.0000	-1.0000	-1.0000	-1.0000		0		-1.0000	-1	0.000000	None	None	-1	0	0	None	None	None	None	None	-1	-1	-1.000000	-1.000000	-1.000000	-1.000000		-1	-1	SPILL	DISC
APH-SP-08	Apalachia Dam	HADT1	35.168056	-84.295280	0.000000	0.0000	0.0000	0.000000	None	-1.0000	-1					-1	-1	-1	0	0	0.0000	-1.0000	-1.0000	-1.0000	-1.0000	-1.0000	-1.0000	-1.0000	-1.0000	-1.0000	-1.0000	-1.0000	-1.0000	-1.0000	-1.0000	-1.0000	-1.0000		0		-1.0000	-1	0.000000	None	None	-1	0	0	None	None	None	None	None	-1	-1	-1.000000	-1.000000	-1.000000	-1.000000		-1	-1	SPILL	DISC
APH-SP-09	Apalachia Dam	HADT1	35.168056	-84.295280	0.000000	0.0000	0.0000	0.000000	None	-1.0000	-1					-1	-1	-1	0	0	0.0000	-1.0000	-1.0000	-1.0000	-1.0000	-1.0000	-1.0000	-1.0000	-1.0000	-1.0000	-1.0000	-1.0000	-1.0000	-1.0000	-1.0000	-1.0000	-1.0000		0		-1.0000	-1	0.000000	None	None	-1	0	0	None	None	None	None	None	-1	-1	-1.000000	-1.000000	-1.000000	-1.000000		-1	-1	SPILL	DISC
APH-SP-10	Apalachia Dam	HADT1	35.168056	-84.295280	0.000000	0.0000	0.0000	0.000000	None	-1.0000	-1					-1	-1	-1	0	0	0.0000	-1.0000	-1.0000	-1.0000	-1.0000	-1.0000	-1.0000	-1.0000	-1.0000	-1.0000	-1.0000	-1.0000	-1.0000	-1.0000	-1.0000	-1.0000	-1.0000		0		-1.0000	-1	0.000000	None	None	-1	0	0	None	None	None	None	None	-1	-1	-1.000000	-1.000000	-1.000000	-1.000000		-1	-1	SPILL	DISC
APLV2	Appalachia	APLV2	36.901943	-82.788055	0.000000	0.0000	0.0000	0.000000	None	-1.0000	-1		EST			-1	-1	-1	0	0	0.0000	-1.0000	-1.0000	-1.0000	-1.0000	-1.0000	-1.0000	-1.0000	-1.0000	-1.0000	-1.0000	-1.0000	-1.0000	-1.0000	-1.0000	-1.0000	-1.0000	VA	0		-1.0000	-1	0.000000	Precip	None	-1	0	0	None	None	None	None	None	-1	-1	-1.000000	-1.000000	-1.000000	-1.000000		-1	-1
ARTT1	Powell nr Arthur	ARTT1	36.542500	-83.629997	1043.840000	0.0000	0.0000	0.000000	Powell	65.4000	640	3532000	EST			-1	-1	-1	0	0	0.0000	-1.0000	-1.0000	-1.0000	-1.0000	-1.0000	-1.0000	-1.0000	-1.0000	-1.0000	-1.0000	-1.0000	-1.0000	-1.0000	-1.0000	-1.0000	-1.0000	TN	0		-1.0000	-1	1043.840033	Precip	None	-1	0	0	None	None	None	None	Stream	-1	-1	-1.000000	-1.000000	-1.000000	-1.000000		-1	-1
AVLN7	French Broad at Asheville	AVLN7	35.609165	-82.578613	1950.280000	0.0000	0.0000	0.000000	French Broad	145.8000	250	3451500	EST			-1	-1	-1	0	0	0.0000	-1.0000	-1.0000	-1.0000	-1.0000	-1.0000	-1.0000	-1.0000	-1.0000	-1.0000	-1.0000	-1.0000	-1.0000	-1.0000	-1.0000	-1.0000	-1.0000	NC	0		-1.0000	-1	1950.280062	Precip	None	-1	0	0	None	None	None	None	Stream	-1	-1	-1.000000	-1.000000	-1.000000	-1.000000		-1	-1
AVRN7	Asheville	AVRN7	35.622277	-82.578460	0.000000	0.0000	0.0000	0.000000	None	-1.0000	-1					-1	-1	-1	0	0	0.0000	-1.0000	-1.0000	-1.0000	-1.0000	-1.0000	-1.0000	-1.0000	-1.0000	-1.0000	-1.0000	-1.0000	-1.0000	-1.0000	-1.0000	-1.0000	-1.0000	NC	0		-1.0000	-1	0.000000	Precip	None	-1	0	0	None	None	None	None	None	-1	-1	-1.000000	-1.000000	-1.000000	-1.000000		-1	-1
B	Browns Ferry Nuclear Plant	B	34.706699	-87.118896	0.000000	0.0000	0.0000	0.000000	None	-1.0000	-1					-1	-1	-1	0	0	0.0000	-1.0000	-1.0000	-1.0000	-1.0000	-1.0000	-1.0000	-1.0000	-1.0000	-1.0000	-1.0000	-1.0000	-1.0000	-1.0000	-1.0000	-1.0000	-1.0000		0		-1.0000	-1	0.000000	None	None	-1	0	0	TVA	Nuclear	BFN	BFN	None	-1	-1	-1.000000	-1.000000	-1.000000	-1.000000		-1	-1
B-DS	Browns Ferry-Downstream	B	34.704259	-87.118396	0.000000	0.0000	0.0000	0.000000	None	-1.0000	-1					-1	-1	-1	0	0	0.0000	-1.0000	-1.0000	-1.0000	-1.0000	-1.0000	-1.0000	-1.0000	-1.0000	-1.0000	-1.0000	-1.0000	-1.0000	-1.0000	-1.0000	-1.0000	-1.0000		0		-1.0000	-1	0.000000	None	None	-1	0	0	None	None	None	None	None	-1	-1	-1.000000	-1.000000	-1.000000	-1.000000	Other	-1	-1
B-US	Browns Ferry-Upstream	B	34.704259	-87.118396	0.000000	0.0000	0.0000	0.000000	None	-1.0000	-1					-1	-1	-1	0	0	0.0000	-1.0000	-1.0000	-1.0000	-1.0000	-1.0000	-1.0000	-1.0000	-1.0000	-1.0000	-1.0000	-1.0000	-1.0000	-1.0000	-1.0000	-1.0000	-1.0000		0		-1.0000	-1	0.000000	None	None	-1	0	0	None	None	None	None	None	-1	-1	-1.000000	-1.000000	-1.000000	-1.000000	Other	-1	-1
BAKN7	Relief	BAKN7	36.046391	-82.298332	0.000000	0.0000	0.0000	0.000000	None	-1.0000	-1		EST			-1	-1	-1	0	0	0.0000	-1.0000	-1.0000	-1.0000	-1.0000	-1.0000	-1.0000	-1.0000	-1.0000	-1.0000	-1.0000	-1.0000	-1.0000	-1.0000	-1.0000	-1.0000	-1.0000	NC	0		-1.0000	-1	0.000000	Precip	None	-1	0	0	None	None	None	None	None	-1	-1	-1.000000	-1.000000	-1.000000	-1.000000		-1	-1
BARK2	Barkley Dam	BARK2	37.024445	-88.222778	0.000000	0.0000	0.0000	0.000000	Cumberland	30.6000	1490		CST		BYH	4	148	37	0	0	0.0000	40.0000	7.0000	-1.0000	353.0000	353.0000	345.0000	-1.0000	325.0000	376.0000	375.0000	388.0000	-1.0000	-1.0000	-1.0000	500.0000	300.0000	KY	0	CORPS	-1.0000	-1	0.000000	None	None	-1	37	20	Cumberland	Non-hydropower	Bark	Bark	None	-1	-1	-1.000000	-1.000000	-1.000000	-1.000000		-1	-1
BARK2_Headwater_for_profile	Barkley  Dam, X-Y data at HP XS in RAS model (for profile calcs)	BARK2_Headwater_for_profile	37.020380	-88.223463	0.000000	0.0000	0.0000	0.000000	None	30.6100	-1					-1	-1	-1	0	0	0.0000	-1.0000	-1.0000	-1.0000	-1.0000	-1.0000	-1.0000	-1.0000	-1.0000	-1.0000	-1.0000	-1.0000	-1.0000	-1.0000	-1.0000	-1.0000	-1.0000		0		-1.0000	-1	0.000000	None	None	-1	0	0	None	None	None	None	None	-1	-1	-1.000000	-1.000000	-1.000000	-1.000000		-1	-1
BARK2E	Little at Barkley Lake	BARK2E	36.858002	-87.974998	0.000000	0.0000	0.0000	0.000000	Little	-1.0000	1480					-1	-1	-1	0	0	0.0000	-1.0000	-1.0000	-1.0000	-1.0000	-1.0000	-1.0000	-1.0000	-1.0000	-1.0000	-1.0000	-1.0000	-1.0000	-1.0000	-1.0000	-1.0000	-1.0000		0		-1.0000	-1	0.000000	None	None	-1	0	0	None	None	None	None	None	-1	-1	-1.000000	-1.000000	-1.000000	-1.000000		-1	-1
Barkley_Canal	Barkley Canal	Barkley_Canal	36.980058	-88.238571	0.000000	0.0000	0.0000	0.000000	None	-1.0000	-1					-1	-1	-1	0	0	0.0000	-1.0000	-1.0000	-1.0000	-1.0000	-1.0000	-1.0000	-1.0000	-1.0000	-1.0000	-1.0000	-1.0000	-1.0000	-1.0000	-1.0000	-1.0000	-1.0000		0		-1.0000	-1	0.000000	None	None	-1	0	0	None	None	None	None	None	-1	-1	-1.000000	-1.000000	-1.000000	-1.000000		-1	-1
BBKT1	Burbank	BBKT1	36.148330	-82.101390	0.000000	0.0000	0.0000	0.000000	None	-1.0000	-1		EST			-1	-1	-1	0	0	0.0000	-1.0000	-1.0000	-1.0000	-1.0000	-1.0000	-1.0000	-1.0000	-1.0000	-1.0000	-1.0000	-1.0000	-1.0000	-1.0000	-1.0000	-1.0000	-1.0000	TN	0		-1.0000	-1	0.000000	Precip	None	-1	0	0	None	None	None	None	None	-1	-1	-1.000000	-1.000000	-1.000000	-1.000000		-1	-1
BBVK2	Cumberland at Barbourville	BBVK2	36.862499	-83.886948	942.970000	0.0000	0.0000	0.000000	Cumberland	635.2000	-1	3403500	EST			-1	-1	-1	0	0	0.0000	-1.0000	-1.0000	-1.0000	-1.0000	-1.0000	-1.0000	-1.0000	-1.0000	-1.0000	-1.0000	-1.0000	-1.0000	-1.0000	-1.0000	-1.0000	-1.0000	KY	0		-1.0000	-1	942.970030	Precip	None	-1	0	0	None	None	None	None	Stream	-1	-1	-1.000000	-1.000000	-1.000000	-1.000000		-1	-1
BCBA1	Bear Creek at Bishop	BCBA1	34.655800	-88.122500	419.910000	0.0000	0.0000	0.000000	Bear Creek	-1.0000	-1	3592500	CST			-1	-1	-1	0	0	0.0000	-1.0000	-1.0000	-1.0000	-1.0000	-1.0000	-1.0000	-1.0000	-1.0000	-1.0000	-1.0000	-1.0000	-1.0000	-1.0000	-1.0000	-1.0000	-1.0000	AL	0		-1.0000	-1	419.911431	None	None	-1	0	0	None	None	None	None	None	-1	-1	-1.000000	-1.000000	-1.000000	-1.000000		-1	-1
BCHT1	Beech blw Wolf Creek	BCHT1	35.641388	-88.413330	400.000000	0.0000	0.0000	0.000000	Beech	35.0000	-1	3594421	CST			-1	-1	-1	0	0	0.0000	-1.0000	-1.0000	-1.0000	-1.0000	-1.0000	-1.0000	-1.0000	-1.0000	-1.0000	-1.0000	-1.0000	-1.0000	-1.0000	-1.0000	-1.0000	-1.0000	TN	0		-1.0000	-1	400.000013	None	None	-1	0	0	None	None	None	None	Stream	-1	-1	-1.000000	-1.000000	-1.000000	-1.000000		-1	-1
BCKT1	Beech Dam	BCKT1	35.664166	-88.419998	0.000000	450.0000	0.0000	0.000000	Beech	35.0000	-1	35	CST		BEA	-1	-1	-1	0	0	0.0000	60.0000	-1.0000	-1.0000	-1.0000	-1.0000	-1.0000	-1.0000	464.5000	-1.0000	-1.0000	475.5000	-1.0000	-1.0000	-1.0000	-1.0000	-1.0000	TN	0	TVA	-1.0000	-1	0.000000	None	None	-1	0	0	TVA	Non-hydropower	None	None	None	-1	-1	-1.000000	-1.000000	-1.000000	-1.000000		-1	-1
BCLV2	Beaver Creek Dam	BCLV2	36.641666	-82.111389	0.000000	1800.0000	0.0000	0.000000	Beaver Creek	22.5000	-1		EST		BT1	-1	-1	-1	0	0	0.0000	85.0000	-1.0000	-1.0000	-1.0000	-1.0000	-1.0000	-1.0000	1891.0000	1891.0000	-1.0000	1901.0000	-1.0000	-1.0000	-1.0000	-1.0000	-1.0000	VA	0	TVA	-1.0000	-1	0.000000	None	None	-1	0	0	TVA	Non-hydropower	None	None	None	-1	-1	-1.000000	-1.000000	-1.000000	-1.000000		-1	-1
BCR-OG-01	Bear Creek Dam	BCRA1	34.399166	-87.987778	0.000000	0.0000	0.0000	0.000000	None	-1.0000	-1					-1	-1	-1	0	0	0.0000	-1.0000	-1.0000	-1.0000	-1.0000	-1.0000	-1.0000	-1.0000	-1.0000	-1.0000	-1.0000	-1.0000	-1.0000	-1.0000	-1.0000	-1.0000	-1.0000		0		-1.0000	-1	0.000000	None	None	-1	0	0	None	None	None	None	None	-1	-1	-1.000000	-1.000000	-1.000000	-1.000000		-1	-1	OTHER	CONT
BCR-OG-02	Bear Creek Dam	BCRA1	34.399166	-87.987778	0.000000	0.0000	0.0000	0.000000	None	-1.0000	-1					-1	-1	-1	0	0	0.0000	-1.0000	-1.0000	-1.0000	-1.0000	-1.0000	-1.0000	-1.0000	-1.0000	-1.0000	-1.0000	-1.0000	-1.0000	-1.0000	-1.0000	-1.0000	-1.0000		0		-1.0000	-1	0.000000	None	None	-1	0	0	None	None	None	None	None	-1	-1	-1.000000	-1.000000	-1.000000	-1.000000		-1	-1	OTHER	CONT
BCR-OG-03	Bear Creek Dam	BCRA1	34.399166	-87.987778	0.000000	0.0000	0.0000	0.000000	None	-1.0000	-1					-1	-1	-1	0	0	0.0000	-1.0000	-1.0000	-1.0000	-1.0000	-1.0000	-1.0000	-1.0000	-1.0000	-1.0000	-1.0000	-1.0000	-1.0000	-1.0000	-1.0000	-1.0000	-1.0000		0		-1.0000	-1	0.000000	None	None	-1	0	0	None	None	None	None	None	-1	-1	-1.000000	-1.000000	-1.000000	-1.000000		-1	-1	OTHER	DISC
BCR-OG-04	Bear Creek Dam	BCRA1	34.399166	-87.987778	0.000000	0.0000	0.0000	0.000000	None	-1.0000	-1					-1	-1	-1	0	0	0.0000	-1.0000	-1.0000	-1.0000	-1.0000	-1.0000	-1.0000	-1.0000	-1.0000	-1.0000	-1.0000	-1.0000	-1.0000	-1.0000	-1.0000	-1.0000	-1.0000		0		-1.0000	-1	0.000000	None	None	-1	0	0	None	None	None	None	None	-1	-1	-1.000000	-1.000000	-1.000000	-1.000000		-1	-1	OTHER	DISC
BCR-OG-05	Bear Creek Dam	BCRA1	34.399166	-87.987778	0.000000	0.0000	0.0000	0.000000	None	-1.0000	-1					-1	-1	-1	0	0	0.0000	-1.0000	-1.0000	-1.0000	-1.0000	-1.0000	-1.0000	-1.0000	-1.0000	-1.0000	-1.0000	-1.0000	-1.0000	-1.0000	-1.0000	-1.0000	-1.0000		0		-1.0000	-1	0.000000	None	None	-1	0	0	None	None	None	None	None	-1	-1	-1.000000	-1.000000	-1.000000	-1.000000		-1	-1	OTHER	DISC
BCR-SP-01	Bear Creek Dam	BCRA1	34.399166	-87.987778	0.000000	0.0000	0.0000	0.000000	None	-1.0000	-1					-1	-1	-1	0	0	0.0000	-1.0000	-1.0000	-1.0000	-1.0000	-1.0000	-1.0000	-1.0000	-1.0000	-1.0000	-1.0000	-1.0000	-1.0000	-1.0000	-1.0000	-1.0000	-1.0000		0		-1.0000	-1	0.000000	None	None	-1	0	0	None	None	None	None	None	-1	-1	-1.000000	-1.000000	-1.000000	-1.000000		-1	-1	SPILL	DISC
BCRA1	Bear Creek Dam	BCRA1	34.399166	-87.987778	0.000000	550.0000	536.8400	0.000000	Bear Creek	74.7000	1150		CST		BCB	-1	-1	-1	0	0	0.0000	52.0000	-1.0000	-1.0000	-1.0000	-1.0000	-1.0000	-1.0000	602.0000	-1.0000	602.0000	618.0000	-1.0000	-1.0000	-1.0000	-1.0000	-1.0000	AL	0	TVA	602.0000	1970	0.000000	None	Tims Ford=>Upper Bear=>Bear=>Little Bear=>Cedar=>Normandy	3	0	0	TVA	Nonpowers	None	None	None	-1	-1	-1.000000	-1.000000	-1.000000	-1.000000		-1	-1
BCRN7	Bryson City	BCRN7	35.434722	-83.442222	0.000000	0.0000	0.0000	0.000000	None	-1.0000	-1					-1	-1	-1	0	0	0.0000	-1.0000	-1.0000	-1.0000	-1.0000	-1.0000	-1.0000	-1.0000	-1.0000	-1.0000	-1.0000	-1.0000	-1.0000	-1.0000	-1.0000	-1.0000	-1.0000	NC	0		-1.0000	-1	0.000000	Precip	None	-1	0	0	None	None	None	None	None	-1	-1	-1.000000	-1.000000	-1.000000	-1.000000		-1	-1
Bear_Creek_mouth	Bear Creek mouth	Bear_Creek_mouth	34.895820	-88.098206	0.000000	0.0000	0.0000	0.000000	None	-1.0000	-1					-1	-1	-1	0	0	0.0000	-1.0000	-1.0000	-1.0000	-1.0000	-1.0000	-1.0000	-1.0000	-1.0000	-1.0000	-1.0000	-1.0000	-1.0000	-1.0000	-1.0000	-1.0000	-1.0000		0		-1.0000	-1	0.000000	None	None	-1	0	0	None	None	None	None	None	-1	-1	-1.000000	-1.000000	-1.000000	-1.000000		-1	-1
BEKN7	Banner Elk	BEKN7	36.161110	-81.884720	0.000000	0.0000	0.0000	0.000000	None	-1.0000	-1		EST			-1	-1	-1	0	0	0.0000	-1.0000	-1.0000	-1.0000	-1.0000	-1.0000	-1.0000	-1.0000	-1.0000	-1.0000	-1.0000	-1.0000	-1.0000	-1.0000	-1.0000	-1.0000	-1.0000	NC	0		-1.0000	-1	0.000000	Precip	None	-1	0	0	None	None	None	None	None	-1	-1	-1.000000	-1.000000	-1.000000	-1.000000		-1	-1
BELT1	Harpeth at Bellevue	BELT1	36.054443	-86.928337	541.040000	0.0000	0.0000	0.000000	Harpeth	62.1000	-1	3433500	CST			-1	-1	-1	0	0	0.0000	-1.0000	-1.0000	-1.0000	-1.0000	-1.0000	-1.0000	-1.0000	-1.0000	-1.0000	-1.0000	-1.0000	-1.0000	-1.0000	-1.0000	-1.0000	-1.0000	TN	0		-1.0000	-1	541.040017	None	None	-1	0	0	None	None	None	None	Stream	-1	-1	-1.000000	-1.000000	-1.000000	-1.000000		-1	-1
BENK2	Benton	BENK2	36.853889	-88.293892	0.000000	0.0000	0.0000	0.000000	None	-1.0000	-1		CST			-1	-1	-1	0	0	0.0000	-1.0000	-1.0000	-1.0000	-1.0000	-1.0000	-1.0000	-1.0000	-1.0000	-1.0000	-1.0000	-1.0000	-1.0000	-1.0000	-1.0000	-1.0000	-1.0000	KY	0		-1.0000	-1	0.000000	Precip	None	-1	0	0	None	None	None	None	None	-1	-1	-1.000000	-1.000000	-1.000000	-1.000000		-1	-1
BFN 01 (DS, Middle)	BFN-(01)	B	34.706700	-87.128276	0.000000	0.0000	0.0000	0.000000	None	-1.0000	-1				BFN	-1	-1	-1	0	0	0.0000	-1.0000	-1.0000	-1.0000	-1.0000	-1.0000	-1.0000	-1.0000	-1.0000	-1.0000	-1.0000	-1.0000	-1.0000	-1.0000	-1.0000	-1.0000	-1.0000		0	TVA	-1.0000	-1	0.000000	None	None	-1	0	0	None	None	None	None	None	52	1	-1.000000	-1.000000	-1.000000	-1.000000		-1	-1
BFN 03	BFN-(03)	B	0.000000	0.000000	0.000000	0.0000	0.0000	0.000000	None	-1.0000	-1				BFN	-1	-1	-1	0	0	0.0000	-1.0000	-1.0000	-1.0000	-1.0000	-1.0000	-1.0000	-1.0000	-1.0000	-1.0000	-1.0000	-1.0000	-1.0000	-1.0000	-1.0000	-1.0000	-1.0000		0	TVA	-1.0000	-1	0.000000	None	None	-1	0	0	None	None	None	None	None	52	3	-1.000000	-1.000000	-1.000000	-1.000000		-1	-1
BFN 04 (US)	BFN-(04)	B	34.663980	-87.076962	0.000000	0.0000	0.0000	0.000000	None	-1.0000	-1				BFN	-1	-1	-1	0	0	0.0000	-1.0000	-1.0000	-1.0000	-1.0000	-1.0000	-1.0000	-1.0000	-1.0000	-1.0000	-1.0000	-1.0000	-1.0000	-1.0000	-1.0000	-1.0000	-1.0000		0	TVA	-1.0000	-1	0.000000	None	None	-1	0	0	None	None	None	None	None	52	4	-1.000000	-1.000000	-1.000000	-1.000000		-1	-1
BFN 05	BFN-(05)	B	0.000000	0.000000	0.000000	0.0000	0.0000	0.000000	None	-1.0000	-1				BFN	-1	-1	-1	0	0	0.0000	-1.0000	-1.0000	-1.0000	-1.0000	-1.0000	-1.0000	-1.0000	-1.0000	-1.0000	-1.0000	-1.0000	-1.0000	-1.0000	-1.0000	-1.0000	-1.0000		0	TVA	-1.0000	-1	0.000000	None	None	-1	0	0	None	None	None	None	None	52	5	-1.000000	-1.000000	-1.000000	-1.000000		-1	-1
BFN 06	BFN-(06)	B	0.000000	0.000000	0.000000	0.0000	0.0000	0.000000	None	-1.0000	-1				BFN	-1	-1	-1	0	0	0.0000	-1.0000	-1.0000	-1.0000	-1.0000	-1.0000	-1.0000	-1.0000	-1.0000	-1.0000	-1.0000	-1.0000	-1.0000	-1.0000	-1.0000	-1.0000	-1.0000		0	TVA	-1.0000	-1	0.000000	None	None	-1	0	0	None	None	None	None	None	52	6	-1.000000	-1.000000	-1.000000	-1.000000		-1	-1
BFN 07	BFN-(07)	B	0.000000	0.000000	0.000000	0.0000	0.0000	0.000000	None	-1.0000	-1				BFN	-1	-1	-1	0	0	0.0000	-1.0000	-1.0000	-1.0000	-1.0000	-1.0000	-1.0000	-1.0000	-1.0000	-1.0000	-1.0000	-1.0000	-1.0000	-1.0000	-1.0000	-1.0000	-1.0000		0	TVA	-1.0000	-1	0.000000	None	None	-1	0	0	None	None	None	None	None	52	7	-1.000000	-1.000000	-1.000000	-1.000000		-1	-1
BFN 08	BFN-(08)	B	0.000000	0.000000	0.000000	0.0000	0.0000	0.000000	None	-1.0000	-1				BFN	-1	-1	-1	0	0	0.0000	-1.0000	-1.0000	-1.0000	-1.0000	-1.0000	-1.0000	-1.0000	-1.0000	-1.0000	-1.0000	-1.0000	-1.0000	-1.0000	-1.0000	-1.0000	-1.0000		0	TVA	-1.0000	-1	0.000000	None	None	-1	0	0	None	None	None	None	None	52	8	-1.000000	-1.000000	-1.000000	-1.000000		-1	-1
BFN 09	BFN-(09)	B	0.000000	0.000000	0.000000	0.0000	0.0000	0.000000	None	-1.0000	-1				BFN	-1	-1	-1	0	0	0.0000	-1.0000	-1.0000	-1.0000	-1.0000	-1.0000	-1.0000	-1.0000	-1.0000	-1.0000	-1.0000	-1.0000	-1.0000	-1.0000	-1.0000	-1.0000	-1.0000		0	TVA	-1.0000	-1	0.000000	None	None	-1	0	0	None	None	None	None	None	52	9	-1.000000	-1.000000	-1.000000	-1.000000		-1	-1
BFN 1/2' D	0.5' D	BFN 04 (US)	34.663980	-87.076962	0.000000	0.0000	0.0000	0.000000	None	-1.0000	-1				BFN	-1	-1	-1	0	0	0.0000	-1.0000	-1.0000	-1.0000	-1.0000	-1.0000	-1.0000	-1.0000	-1.0000	-1.0000	-1.0000	-1.0000	-1.0000	-1.0000	-1.0000	-1.0000	-1.0000		0	TVA	-1.0000	-1	0.000000	None	None	-1	0	0	None	None	None	None	None	-1	-1	-1.000000	-1.000000	-1.000000	-1.000000		-1	-1
BFN 10	BFN-(10)	B	0.000000	0.000000	0.000000	0.0000	0.0000	0.000000	None	-1.0000	-1				BFN	-1	-1	-1	0	0	0.0000	-1.0000	-1.0000	-1.0000	-1.0000	-1.0000	-1.0000	-1.0000	-1.0000	-1.0000	-1.0000	-1.0000	-1.0000	-1.0000	-1.0000	-1.0000	-1.0000		0	TVA	-1.0000	-1	0.000000	None	None	-1	0	0	None	None	None	None	None	52	10	-1.000000	-1.000000	-1.000000	-1.000000		-1	-1
BFN 11	BFN-(11)	B	0.000000	0.000000	0.000000	0.0000	0.0000	0.000000	None	-1.0000	-1				BFN	-1	-1	-1	0	0	0.0000	-1.0000	-1.0000	-1.0000	-1.0000	-1.0000	-1.0000	-1.0000	-1.0000	-1.0000	-1.0000	-1.0000	-1.0000	-1.0000	-1.0000	-1.0000	-1.0000		0	TVA	-1.0000	-1	0.000000	None	None	-1	0	0	None	None	None	None	None	52	11	-1.000000	-1.000000	-1.000000	-1.000000		-1	-1
BFN 11' D	11' D	BFN 04 (US)	34.663980	-87.076962	0.000000	0.0000	0.0000	0.000000	None	-1.0000	-1				BFN	-1	-1	-1	0	0	0.0000	-1.0000	-1.0000	-1.0000	-1.0000	-1.0000	-1.0000	-1.0000	-1.0000	-1.0000	-1.0000	-1.0000	-1.0000	-1.0000	-1.0000	-1.0000	-1.0000		0	TVA	-1.0000	-1	0.000000	None	None	-1	0	0	None	None	None	None	None	-1	-1	-1.000000	-1.000000	-1.000000	-1.000000		-1	-1
BFN 12	BFN-(12)	B	0.000000	0.000000	0.000000	0.0000	0.0000	0.000000	None	-1.0000	-1				BFN	-1	-1	-1	0	0	0.0000	-1.0000	-1.0000	-1.0000	-1.0000	-1.0000	-1.0000	-1.0000	-1.0000	-1.0000	-1.0000	-1.0000	-1.0000	-1.0000	-1.0000	-1.0000	-1.0000		0	TVA	-1.0000	-1	0.000000	None	None	-1	0	0	None	None	None	None	None	52	12	-1.000000	-1.000000	-1.000000	-1.000000		-1	-1
BFN 13	BFN-(13)	B	0.000000	0.000000	0.000000	0.0000	0.0000	0.000000	None	-1.0000	-1				BFN	-1	-1	-1	0	0	0.0000	-1.0000	-1.0000	-1.0000	-1.0000	-1.0000	-1.0000	-1.0000	-1.0000	-1.0000	-1.0000	-1.0000	-1.0000	-1.0000	-1.0000	-1.0000	-1.0000		0	TVA	-1.0000	-1	0.000000	None	None	-1	0	0	None	None	None	None	None	52	13	-1.000000	-1.000000	-1.000000	-1.000000		-1	-1
BFN 13' D	13' D	BFN 04 (US)	34.663980	-87.076962	0.000000	0.0000	0.0000	0.000000	None	-1.0000	-1				BFN	-1	-1	-1	0	0	0.0000	-1.0000	-1.0000	-1.0000	-1.0000	-1.0000	-1.0000	-1.0000	-1.0000	-1.0000	-1.0000	-1.0000	-1.0000	-1.0000	-1.0000	-1.0000	-1.0000		0	TVA	-1.0000	-1	0.000000	None	None	-1	0	0	None	None	None	None	None	-1	-1	-1.000000	-1.000000	-1.000000	-1.000000		-1	-1
BFN 14 (US, Backup)	BFN-(14)	B	34.682215	-87.097214	0.000000	0.0000	0.0000	0.000000	None	-1.0000	-1				BFN	-1	-1	-1	0	0	0.0000	-1.0000	-1.0000	-1.0000	-1.0000	-1.0000	-1.0000	-1.0000	-1.0000	-1.0000	-1.0000	-1.0000	-1.0000	-1.0000	-1.0000	-1.0000	-1.0000		0	TVA	-1.0000	-1	0.000000	None	None	-1	0	0	None	None	None	None	None	52	14	-1.000000	-1.000000	-1.000000	-1.000000		-1	-1
BFN 15' D	15' D	BFN 04 (US)	34.663980	-87.076962	0.000000	0.0000	0.0000	0.000000	None	-1.0000	-1				BFN	-1	-1	-1	0	0	0.0000	-1.0000	-1.0000	-1.0000	-1.0000	-1.0000	-1.0000	-1.0000	-1.0000	-1.0000	-1.0000	-1.0000	-1.0000	-1.0000	-1.0000	-1.0000	-1.0000		0	TVA	-1.0000	-1	0.000000	None	None	-1	0	0	None	None	None	None	None	-1	-1	-1.000000	-1.000000	-1.000000	-1.000000		-1	-1
BFN 16 (DS, Right)	BFN-(16)	B	34.707210	-87.127842	0.000000	0.0000	0.0000	0.000000	None	-1.0000	-1				BFN	-1	-1	-1	0	0	0.0000	-1.0000	-1.0000	-1.0000	-1.0000	-1.0000	-1.0000	-1.0000	-1.0000	-1.0000	-1.0000	-1.0000	-1.0000	-1.0000	-1.0000	-1.0000	-1.0000		0	TVA	-1.0000	-1	0.000000	None	None	-1	0	0	None	None	None	None	None	52	16	-1.000000	-1.000000	-1.000000	-1.000000		-1	-1
BFN 17 (DS, Left)	BFN-(17)	B	34.703691	-87.130883	0.000000	0.0000	0.0000	0.000000	None	-1.0000	-1				BFN	-1	-1	-1	0	0	0.0000	-1.0000	-1.0000	-1.0000	-1.0000	-1.0000	-1.0000	-1.0000	-1.0000	-1.0000	-1.0000	-1.0000	-1.0000	-1.0000	-1.0000	-1.0000	-1.0000		0	TVA	-1.0000	-1	0.000000	None	None	-1	0	0	None	None	None	None	None	52	17	-1.000000	-1.000000	-1.000000	-1.000000		-1	-1
BFN 17' D	17' D	BFN 04 (US)	34.663980	-87.076962	0.000000	0.0000	0.0000	0.000000	None	-1.0000	-1				BFN	-1	-1	-1	0	0	0.0000	-1.0000	-1.0000	-1.0000	-1.0000	-1.0000	-1.0000	-1.0000	-1.0000	-1.0000	-1.0000	-1.0000	-1.0000	-1.0000	-1.0000	-1.0000	-1.0000		0	TVA	-1.0000	-1	0.000000	None	None	-1	0	0	None	None	None	None	None	-1	-1	-1.000000	-1.000000	-1.000000	-1.000000		-1	-1
BFN 18 (Gate Structure 1)	BFN-(18)	B	34.703464	-87.120768	0.000000	0.0000	0.0000	0.000000	None	-1.0000	-1				BFN	-1	-1	-1	0	0	0.0000	-1.0000	-1.0000	-1.0000	-1.0000	-1.0000	-1.0000	-1.0000	-1.0000	-1.0000	-1.0000	-1.0000	-1.0000	-1.0000	-1.0000	-1.0000	-1.0000		0	TVA	-1.0000	-1	0.000000	None	None	-1	0	0	None	None	None	None	None	52	18	-1.000000	-1.000000	-1.000000	-1.000000		-1	-1
BFN 19 (Skimmer Wall)	BFN-(19)	B	34.700733	-87.117587	0.000000	0.0000	0.0000	0.000000	None	-1.0000	-1				BFN	-1	-1	-1	0	0	0.0000	-1.0000	-1.0000	-1.0000	-1.0000	-1.0000	-1.0000	-1.0000	-1.0000	-1.0000	-1.0000	-1.0000	-1.0000	-1.0000	-1.0000	-1.0000	-1.0000		0	TVA	-1.0000	-1	0.000000	None	None	-1	0	0	None	None	None	None	None	52	19	-1.000000	-1.000000	-1.000000	-1.000000		-1	-1
BFN 20 (Met Station)	BFN-(20)	B	34.701040	-87.108283	0.000000	0.0000	0.0000	0.000000	None	-1.0000	-1				BFN	-1	-1	-1	0	0	0.0000	-1.0000	-1.0000	-1.0000	-1.0000	-1.0000	-1.0000	-1.0000	-1.0000	-1.0000	-1.0000	-1.0000	-1.0000	-1.0000	-1.0000	-1.0000	-1.0000		0	TVA	-1.0000	-1	0.000000	None	None	-1	0	0	None	None	None	None	None	52	20	-1.000000	-1.000000	-1.000000	-1.000000		-1	-1
BFN 20' D	20' D	BFN 04 (US)	34.663980	-87.076962	0.000000	0.0000	0.0000	0.000000	None	-1.0000	-1				BFN	-1	-1	-1	0	0	0.0000	-1.0000	-1.0000	-1.0000	-1.0000	-1.0000	-1.0000	-1.0000	-1.0000	-1.0000	-1.0000	-1.0000	-1.0000	-1.0000	-1.0000	-1.0000	-1.0000		0	TVA	-1.0000	-1	0.000000	None	None	-1	0	0	None	None	None	None	None	-1	-1	-1.000000	-1.000000	-1.000000	-1.000000		-1	-1
BFN 3' D	03' D	BFN 04 (US)	34.663980	-87.076962	0.000000	0.0000	0.0000	0.000000	None	-1.0000	-1				BFN	-1	-1	-1	0	0	0.0000	-1.0000	-1.0000	-1.0000	-1.0000	-1.0000	-1.0000	-1.0000	-1.0000	-1.0000	-1.0000	-1.0000	-1.0000	-1.0000	-1.0000	-1.0000	-1.0000		0	TVA	-1.0000	-1	0.000000	None	None	-1	0	0	None	None	None	None	None	-1	-1	-1.000000	-1.000000	-1.000000	-1.000000		-1	-1
BFN 49 (Summary)	BFN-(49)	B	34.701040	-87.108283	0.000000	0.0000	0.0000	0.000000	None	-1.0000	-1				BFN	-1	-1	-1	0	0	0.0000	-1.0000	-1.0000	-1.0000	-1.0000	-1.0000	-1.0000	-1.0000	-1.0000	-1.0000	-1.0000	-1.0000	-1.0000	-1.0000	-1.0000	-1.0000	-1.0000		0	TVA	-1.0000	-1	0.000000	None	None	-1	0	0	None	None	None	None	None	52	49	-1.000000	-1.000000	-1.000000	-1.000000		-1	-1
BFN 5' D	05' D	BFN 04 (US)	34.663980	-87.076962	0.000000	0.0000	0.0000	0.000000	None	-1.0000	-1				BFN	-1	-1	-1	0	0	0.0000	-1.0000	-1.0000	-1.0000	-1.0000	-1.0000	-1.0000	-1.0000	-1.0000	-1.0000	-1.0000	-1.0000	-1.0000	-1.0000	-1.0000	-1.0000	-1.0000		0	TVA	-1.0000	-1	0.000000	None	None	-1	0	0	None	None	None	None	None	-1	-1	-1.000000	-1.000000	-1.000000	-1.000000		-1	-1
BFN 50 (Summary)	BFN-(50)	B	34.701040	-87.108283	0.000000	0.0000	0.0000	0.000000	None	-1.0000	-1				BFN	-1	-1	-1	0	0	0.0000	-1.0000	-1.0000	-1.0000	-1.0000	-1.0000	-1.0000	-1.0000	-1.0000	-1.0000	-1.0000	-1.0000	-1.0000	-1.0000	-1.0000	-1.0000	-1.0000		0	TVA	-1.0000	-1	0.000000	None	None	-1	0	0	None	None	None	None	None	52	50	-1.000000	-1.000000	-1.000000	-1.000000		-1	-1
BFN 51 (Forecast)	BFN-(51)	B	34.701040	-87.108283	0.000000	0.0000	0.0000	0.000000	None	-1.0000	-1				BFN	-1	-1	-1	0	0	0.0000	-1.0000	-1.0000	-1.0000	-1.0000	-1.0000	-1.0000	-1.0000	-1.0000	-1.0000	-1.0000	-1.0000	-1.0000	-1.0000	-1.0000	-1.0000	-1.0000		0	TVA	-1.0000	-1	0.000000	None	None	-1	0	0	None	None	None	None	None	-1	-1	93.000000	90.000000	10.000000	5.500000		-1	-1
BFN 7' D	07' D	BFN 04 (US)	34.663980	-87.076962	0.000000	0.0000	0.0000	0.000000	None	-1.0000	-1				BFN	-1	-1	-1	0	0	0.0000	-1.0000	-1.0000	-1.0000	-1.0000	-1.0000	-1.0000	-1.0000	-1.0000	-1.0000	-1.0000	-1.0000	-1.0000	-1.0000	-1.0000	-1.0000	-1.0000		0	TVA	-1.0000	-1	0.000000	None	None	-1	0	0	None	None	None	None	None	-1	-1	-1.000000	-1.000000	-1.000000	-1.000000		-1	-1
BFN 9' D	09' D	BFN 04 (US)	34.663980	-87.076962	0.000000	0.0000	0.0000	0.000000	None	-1.0000	-1				BFN	-1	-1	-1	0	0	0.0000	-1.0000	-1.0000	-1.0000	-1.0000	-1.0000	-1.0000	-1.0000	-1.0000	-1.0000	-1.0000	-1.0000	-1.0000	-1.0000	-1.0000	-1.0000	-1.0000		0	TVA	-1.0000	-1	0.000000	None	None	-1	0	0	None	None	None	None	None	-1	-1	-1.000000	-1.000000	-1.000000	-1.000000		-1	-1
BFN Gate 1	BFN Gate 1	B	34.701040	-87.108283	0.000000	0.0000	0.0000	0.000000	None	-1.0000	-1				BFN	-1	-1	-1	0	0	0.0000	-1.0000	-1.0000	-1.0000	-1.0000	-1.0000	-1.0000	-1.0000	-1.0000	-1.0000	-1.0000	-1.0000	-1.0000	-1.0000	-1.0000	-1.0000	-1.0000		0	TVA	-1.0000	-1	0.000000	None	None	-1	0	0	None	None	None	None	None	-1	-1	-1.000000	-1.000000	-1.000000	-1.000000		-1	-1
BFN Gate 1a	BFN Gate 1a	B	34.701040	-87.108283	0.000000	0.0000	0.0000	0.000000	None	-1.0000	-1				BFN	-1	-1	-1	0	0	0.0000	-1.0000	-1.0000	-1.0000	-1.0000	-1.0000	-1.0000	-1.0000	-1.0000	-1.0000	-1.0000	-1.0000	-1.0000	-1.0000	-1.0000	-1.0000	-1.0000		0	TVA	-1.0000	-1	0.000000	None	None	-1	0	0	None	None	None	None	None	-1	-1	-1.000000	-1.000000	-1.000000	-1.000000		-1	-1
BFN Gate 1a Bypass	BFN Gate 1a Bypass	B	34.701040	-87.108283	0.000000	0.0000	0.0000	0.000000	None	-1.0000	-1				BFN	-1	-1	-1	0	0	0.0000	-1.0000	-1.0000	-1.0000	-1.0000	-1.0000	-1.0000	-1.0000	-1.0000	-1.0000	-1.0000	-1.0000	-1.0000	-1.0000	-1.0000	-1.0000	-1.0000		0	TVA	-1.0000	-1	0.000000	None	None	-1	0	0	None	None	None	None	None	-1	-1	-1.000000	-1.000000	-1.000000	-1.000000		-1	-1
BFN Gate 2	BFN Gate 2	B	34.701040	-87.108283	0.000000	0.0000	0.0000	0.000000	None	-1.0000	-1				BFN	-1	-1	-1	0	0	0.0000	-1.0000	-1.0000	-1.0000	-1.0000	-1.0000	-1.0000	-1.0000	-1.0000	-1.0000	-1.0000	-1.0000	-1.0000	-1.0000	-1.0000	-1.0000	-1.0000		0	TVA	-1.0000	-1	0.000000	None	None	-1	0	0	None	None	None	None	None	-1	-1	-1.000000	-1.000000	-1.000000	-1.000000		-1	-1
BFN Outfall 101 (Diffuser)	BFN-(101)	B	34.701040	-87.108283	0.000000	0.0000	0.0000	0.000000	None	-1.0000	-1				BFN	-1	-1	-1	0	0	0.0000	-1.0000	-1.0000	-1.0000	-1.0000	-1.0000	-1.0000	-1.0000	-1.0000	-1.0000	-1.0000	-1.0000	-1.0000	-1.0000	-1.0000	-1.0000	-1.0000		0	TVA	-1.0000	-1	0.000000	None	None	-1	0	0	None	None	None	None	None	-1	-1	-1.000000	-1.000000	-1.000000	-1.000000		-1	-1
BFN Tower 1	BFN Tower 1	B	34.701040	-87.108283	0.000000	0.0000	0.0000	0.000000	None	-1.0000	-1				BFN	-1	-1	-1	0	0	0.0000	-1.0000	-1.0000	-1.0000	-1.0000	-1.0000	-1.0000	-1.0000	-1.0000	-1.0000	-1.0000	-1.0000	-1.0000	-1.0000	-1.0000	-1.0000	-1.0000		0	TVA	-1.0000	-1	0.000000	None	None	-1	0	0	None	None	None	None	None	-1	-1	-1.000000	-1.000000	-1.000000	-1.000000		-1	-1
BFN Tower 2	BFN Tower 2	B	34.701040	-87.108283	0.000000	0.0000	0.0000	0.000000	None	-1.0000	-1				BFN	-1	-1	-1	0	0	0.0000	-1.0000	-1.0000	-1.0000	-1.0000	-1.0000	-1.0000	-1.0000	-1.0000	-1.0000	-1.0000	-1.0000	-1.0000	-1.0000	-1.0000	-1.0000	-1.0000		0	TVA	-1.0000	-1	0.000000	None	None	-1	0	0	None	None	None	None	None	-1	-1	-1.000000	-1.000000	-1.000000	-1.000000		-1	-1
BFN Tower 3	BFN Tower 3	B	34.701040	-87.108283	0.000000	0.0000	0.0000	0.000000	None	-1.0000	-1				BFN	-1	-1	-1	0	0	0.0000	-1.0000	-1.0000	-1.0000	-1.0000	-1.0000	-1.0000	-1.0000	-1.0000	-1.0000	-1.0000	-1.0000	-1.0000	-1.0000	-1.0000	-1.0000	-1.0000		0	TVA	-1.0000	-1	0.000000	None	None	-1	0	0	None	None	None	None	None	-1	-1	-1.000000	-1.000000	-1.000000	-1.000000		-1	-1
BFN Tower 4	BFN Tower 4	B	34.701040	-87.108283	0.000000	0.0000	0.0000	0.000000	None	-1.0000	-1				BFN	-1	-1	-1	0	0	0.0000	-1.0000	-1.0000	-1.0000	-1.0000	-1.0000	-1.0000	-1.0000	-1.0000	-1.0000	-1.0000	-1.0000	-1.0000	-1.0000	-1.0000	-1.0000	-1.0000		0	TVA	-1.0000	-1	0.000000	None	None	-1	0	0	None	None	None	None	None	-1	-1	-1.000000	-1.000000	-1.000000	-1.000000		-1	-1
BFN Tower 5	BFN Tower 5	B	34.701040	-87.108283	0.000000	0.0000	0.0000	0.000000	None	-1.0000	-1				BFN	-1	-1	-1	0	0	0.0000	-1.0000	-1.0000	-1.0000	-1.0000	-1.0000	-1.0000	-1.0000	-1.0000	-1.0000	-1.0000	-1.0000	-1.0000	-1.0000	-1.0000	-1.0000	-1.0000		0	TVA	-1.0000	-1	0.000000	None	None	-1	0	0	None	None	None	None	None	-1	-1	-1.000000	-1.000000	-1.000000	-1.000000		-1	-1
BFN Tower 6	BFN Tower 6	B	34.701040	-87.108283	0.000000	0.0000	0.0000	0.000000	None	-1.0000	-1				BFN	-1	-1	-1	0	0	0.0000	-1.0000	-1.0000	-1.0000	-1.0000	-1.0000	-1.0000	-1.0000	-1.0000	-1.0000	-1.0000	-1.0000	-1.0000	-1.0000	-1.0000	-1.0000	-1.0000		0	TVA	-1.0000	-1	0.000000	None	None	-1	0	0	None	None	None	None	None	-1	-1	-1.000000	-1.000000	-1.000000	-1.000000		-1	-1
BFN Tower 7	BFN Tower 7	B	34.701040	-87.108283	0.000000	0.0000	0.0000	0.000000	None	-1.0000	-1				BFN	-1	-1	-1	0	0	0.0000	-1.0000	-1.0000	-1.0000	-1.0000	-1.0000	-1.0000	-1.0000	-1.0000	-1.0000	-1.0000	-1.0000	-1.0000	-1.0000	-1.0000	-1.0000	-1.0000		0	TVA	-1.0000	-1	0.000000	None	None	-1	0	0	None	None	None	None	None	-1	-1	-1.000000	-1.000000	-1.000000	-1.000000		-1	-1
BFN Unit 1	BFN Unit 1	B	34.701040	-87.108283	0.000000	0.0000	0.0000	0.000000	None	-1.0000	-1				BFN	-1	-1	-1	0	0	0.0000	-1.0000	-1.0000	-1.0000	-1.0000	-1.0000	-1.0000	-1.0000	-1.0000	-1.0000	-1.0000	-1.0000	-1.0000	-1.0000	-1.0000	-1.0000	-1.0000		0	TVA	-1.0000	-1	0.000000	None	None	-1	0	0	None	None	None	None	None	-1	-1	-1.000000	-1.000000	-1.000000	-1.000000		-1	-1
BFN Unit 2	BFN Unit 2	B	34.701040	-87.108283	0.000000	0.0000	0.0000	0.000000	None	-1.0000	-1				BFN	-1	-1	-1	0	0	0.0000	-1.0000	-1.0000	-1.0000	-1.0000	-1.0000	-1.0000	-1.0000	-1.0000	-1.0000	-1.0000	-1.0000	-1.0000	-1.0000	-1.0000	-1.0000	-1.0000		0	TVA	-1.0000	-1	0.000000	None	None	-1	0	0	None	None	None	None	None	-1	-1	-1.000000	-1.000000	-1.000000	-1.000000		-1	-1
BFN Unit 3	BFN Unit 3	B	34.701040	-87.108283	0.000000	0.0000	0.0000	0.000000	None	-1.0000	-1				BFN	-1	-1	-1	0	0	0.0000	-1.0000	-1.0000	-1.0000	-1.0000	-1.0000	-1.0000	-1.0000	-1.0000	-1.0000	-1.0000	-1.0000	-1.0000	-1.0000	-1.0000	-1.0000	-1.0000		0	TVA	-1.0000	-1	0.000000	None	None	-1	0	0	None	None	None	None	None	-1	-1	-1.000000	-1.000000	-1.000000	-1.000000		-1	-1
BFN-01	Browns Ferry-Unit1	B	34.704259	-87.118396	0.000000	0.0000	0.0000	0.000000	None	-1.0000	-1					-1	-1	-1	0	0	0.0000	-1.0000	-1.0000	-1.0000	-1.0000	-1.0000	-1.0000	-1.0000	-1.0000	-1.0000	-1.0000	-1.0000	-1.0000	-1.0000	-1.0000	-1.0000	-1.0000		0		-1.0000	-1	0.000000	None	None	-1	0	0	None	None	None	None	None	-1	-1	-1.000000	-1.000000	-1.000000	-1.000000	Nuclear	-1	1150
BFN-02	Browns Ferry-Unit2	B	34.704259	-87.118396	0.000000	0.0000	0.0000	0.000000	None	-1.0000	-1					-1	-1	-1	0	0	0.0000	-1.0000	-1.0000	-1.0000	-1.0000	-1.0000	-1.0000	-1.0000	-1.0000	-1.0000	-1.0000	-1.0000	-1.0000	-1.0000	-1.0000	-1.0000	-1.0000		0		-1.0000	-1	0.000000	None	None	-1	0	0	None	None	None	None	None	-1	-1	-1.000000	-1.000000	-1.000000	-1.000000	Nuclear	-1	1190
BFN-03	Browns Ferry-Unit3	B	34.704259	-87.118396	0.000000	0.0000	0.0000	0.000000	None	-1.0000	-1					-1	-1	-1	0	0	0.0000	-1.0000	-1.0000	-1.0000	-1.0000	-1.0000	-1.0000	-1.0000	-1.0000	-1.0000	-1.0000	-1.0000	-1.0000	-1.0000	-1.0000	-1.0000	-1.0000		0		-1.0000	-1	0.000000	None	None	-1	0	0	None	None	None	None	None	-1	-1	-1.000000	-1.000000	-1.000000	-1.000000	Nuclear	-1	1190
BFN_52_(Validation)	BFN-(52)	B	34.701040	-87.108283	0.000000	0.0000	0.0000	0.000000	None	-1.0000	-1				BFN	-1	-1	-1	0	0	0.0000	-1.0000	-1.0000	-1.0000	-1.0000	-1.0000	-1.0000	-1.0000	-1.0000	-1.0000	-1.0000	-1.0000	-1.0000	-1.0000	-1.0000	-1.0000	-1.0000		0	TVA	-1.0000	-1	0.000000	None	None	-1	0	0	None	None	None	None	None	-1	-1	-1.000000	-1.000000	-1.000000	-1.000000		-1	-1
BFN_53_(Delft3D)	BFN-(53)	B	34.701040	-87.108283	0.000000	0.0000	0.0000	0.000000	None	-1.0000	-1				BFN	-1	-1	-1	0	0	0.0000	-1.0000	-1.0000	-1.0000	-1.0000	-1.0000	-1.0000	-1.0000	-1.0000	-1.0000	-1.0000	-1.0000	-1.0000	-1.0000	-1.0000	-1.0000	-1.0000		0	TVA	-1.0000	-1	0.000000	None	None	-1	0	0	None	None	None	None	None	-1	-1	-1.000000	-1.000000	-1.000000	-1.000000		-1	-1
BFN_53_(Delft3D)_48hours	BFN-(53)_48hr	B	34.701040	-87.108283	0.000000	0.0000	0.0000	0.000000	None	-1.0000	-1				BFN	-1	-1	-1	0	0	0.0000	-1.0000	-1.0000	-1.0000	-1.0000	-1.0000	-1.0000	-1.0000	-1.0000	-1.0000	-1.0000	-1.0000	-1.0000	-1.0000	-1.0000	-1.0000	-1.0000		0	TVA	-1.0000	-1	0.000000	None	None	-1	0	0	None	None	None	None	None	-1	-1	-1.000000	-1.000000	-1.000000	-1.000000		-1	-1
BFN_53_(Delft3D)_5day	BFN-(53)_5d	B	34.701040	-87.108283	0.000000	0.0000	0.0000	0.000000	None	-1.0000	-1				BFN	-1	-1	-1	0	0	0.0000	-1.0000	-1.0000	-1.0000	-1.0000	-1.0000	-1.0000	-1.0000	-1.0000	-1.0000	-1.0000	-1.0000	-1.0000	-1.0000	-1.0000	-1.0000	-1.0000		0	TVA	-1.0000	-1	0.000000	None	None	-1	0	0	None	None	None	None	None	-1	-1	-1.000000	-1.000000	-1.000000	-1.000000		-1	-1
BFN_Forebay	BFN_Forebay D3D profiles	BFN_Forebay	34.702143	-87.117764	0.000000	0.0000	0.0000	0.000000	None	-1.0000	-1					-1	-1	-1	0	0	0.0000	-1.0000	-1.0000	-1.0000	-1.0000	-1.0000	-1.0000	-1.0000	-1.0000	-1.0000	-1.0000	-1.0000	-1.0000	-1.0000	-1.0000	-1.0000	-1.0000		0		-1.0000	-1	0.000000	None	None	-1	0	0	None	None	None	None	None	-1	-1	-1.000000	-1.000000	-1.000000	-1.000000		-1	-1
BFN_Forebay_Layer_1	BFN_Forebay_Layer_1	BFN_Forebay	0.000000	0.000000	0.000000	0.0000	0.0000	0.000000	None	-1.0000	-1					-1	-1	-1	0	0	0.0000	-1.0000	-1.0000	-1.0000	-1.0000	-1.0000	-1.0000	-1.0000	-1.0000	-1.0000	-1.0000	-1.0000	-1.0000	-1.0000	-1.0000	-1.0000	-1.0000		0	TVA	-1.0000	-1	0.000000	None	None	-1	0	0	None	None	None	None	None	-1	-1	-1.000000	-1.000000	-1.000000	-1.000000		-1	-1
BFN_Forebay_Layer_10	BFN_Forebay_Layer_10	BFN_Forebay	0.000000	0.000000	0.000000	0.0000	0.0000	0.000000	None	-1.0000	-1					-1	-1	-1	0	0	0.0000	-1.0000	-1.0000	-1.0000	-1.0000	-1.0000	-1.0000	-1.0000	-1.0000	-1.0000	-1.0000	-1.0000	-1.0000	-1.0000	-1.0000	-1.0000	-1.0000		0	TVA	-1.0000	-1	0.000000	None	None	-1	0	0	None	None	None	None	None	-1	-1	-1.000000	-1.000000	-1.000000	-1.000000		-1	-1
BFN_Forebay_Layer_11	BFN_Forebay_Layer_11	BFN_Forebay	0.000000	0.000000	0.000000	0.0000	0.0000	0.000000	None	-1.0000	-1					-1	-1	-1	0	0	0.0000	-1.0000	-1.0000	-1.0000	-1.0000	-1.0000	-1.0000	-1.0000	-1.0000	-1.0000	-1.0000	-1.0000	-1.0000	-1.0000	-1.0000	-1.0000	-1.0000		0	TVA	-1.0000	-1	0.000000	None	None	-1	0	0	None	None	None	None	None	-1	-1	-1.000000	-1.000000	-1.000000	-1.000000		-1	-1
BFN_Forebay_Layer_12	BFN_Forebay_Layer_12	BFN_Forebay	0.000000	0.000000	0.000000	0.0000	0.0000	0.000000	None	-1.0000	-1					-1	-1	-1	0	0	0.0000	-1.0000	-1.0000	-1.0000	-1.0000	-1.0000	-1.0000	-1.0000	-1.0000	-1.0000	-1.0000	-1.0000	-1.0000	-1.0000	-1.0000	-1.0000	-1.0000		0	TVA	-1.0000	-1	0.000000	None	None	-1	0	0	None	None	None	None	None	-1	-1	-1.000000	-1.000000	-1.000000	-1.000000		-1	-1
BFN_Forebay_Layer_13	BFN_Forebay_Layer_13	BFN_Forebay	0.000000	0.000000	0.000000	0.0000	0.0000	0.000000	None	-1.0000	-1					-1	-1	-1	0	0	0.0000	-1.0000	-1.0000	-1.0000	-1.0000	-1.0000	-1.0000	-1.0000	-1.0000	-1.0000	-1.0000	-1.0000	-1.0000	-1.0000	-1.0000	-1.0000	-1.0000		0	TVA	-1.0000	-1	0.000000	None	None	-1	0	0	None	None	None	None	None	-1	-1	-1.000000	-1.000000	-1.000000	-1.000000		-1	-1
BFN_Forebay_Layer_14	BFN_Forebay_Layer_14	BFN_Forebay	0.000000	0.000000	0.000000	0.0000	0.0000	0.000000	None	-1.0000	-1					-1	-1	-1	0	0	0.0000	-1.0000	-1.0000	-1.0000	-1.0000	-1.0000	-1.0000	-1.0000	-1.0000	-1.0000	-1.0000	-1.0000	-1.0000	-1.0000	-1.0000	-1.0000	-1.0000		0	TVA	-1.0000	-1	0.000000	None	None	-1	0	0	None	None	None	None	None	-1	-1	-1.000000	-1.000000	-1.000000	-1.000000		-1	-1
BFN_Forebay_Layer_15	BFN_Forebay_Layer_15	BFN_Forebay	0.000000	0.000000	0.000000	0.0000	0.0000	0.000000	None	-1.0000	-1					-1	-1	-1	0	0	0.0000	-1.0000	-1.0000	-1.0000	-1.0000	-1.0000	-1.0000	-1.0000	-1.0000	-1.0000	-1.0000	-1.0000	-1.0000	-1.0000	-1.0000	-1.0000	-1.0000		0	TVA	-1.0000	-1	0.000000	None	None	-1	0	0	None	None	None	None	None	-1	-1	-1.000000	-1.000000	-1.000000	-1.000000		-1	-1
BFN_Forebay_Layer_16	BFN_Forebay_Layer_16	BFN_Forebay	0.000000	0.000000	0.000000	0.0000	0.0000	0.000000	None	-1.0000	-1					-1	-1	-1	0	0	0.0000	-1.0000	-1.0000	-1.0000	-1.0000	-1.0000	-1.0000	-1.0000	-1.0000	-1.0000	-1.0000	-1.0000	-1.0000	-1.0000	-1.0000	-1.0000	-1.0000		0	TVA	-1.0000	-1	0.000000	None	None	-1	0	0	None	None	None	None	None	-1	-1	-1.000000	-1.000000	-1.000000	-1.000000		-1	-1
BFN_Forebay_Layer_17	BFN_Forebay_Layer_17	BFN_Forebay	0.000000	0.000000	0.000000	0.0000	0.0000	0.000000	None	-1.0000	-1					-1	-1	-1	0	0	0.0000	-1.0000	-1.0000	-1.0000	-1.0000	-1.0000	-1.0000	-1.0000	-1.0000	-1.0000	-1.0000	-1.0000	-1.0000	-1.0000	-1.0000	-1.0000	-1.0000		0	TVA	-1.0000	-1	0.000000	None	None	-1	0	0	None	None	None	None	None	-1	-1	-1.000000	-1.000000	-1.000000	-1.000000		-1	-1
BFN_Forebay_Layer_18	BFN_Forebay_Layer_18	BFN_Forebay	0.000000	0.000000	0.000000	0.0000	0.0000	0.000000	None	-1.0000	-1					-1	-1	-1	0	0	0.0000	-1.0000	-1.0000	-1.0000	-1.0000	-1.0000	-1.0000	-1.0000	-1.0000	-1.0000	-1.0000	-1.0000	-1.0000	-1.0000	-1.0000	-1.0000	-1.0000		0	TVA	-1.0000	-1	0.000000	None	None	-1	0	0	None	None	None	None	None	-1	-1	-1.000000	-1.000000	-1.000000	-1.000000		-1	-1
BFN_Forebay_Layer_19	BFN_Forebay_Layer_19	BFN_Forebay	0.000000	0.000000	0.000000	0.0000	0.0000	0.000000	None	-1.0000	-1					-1	-1	-1	0	0	0.0000	-1.0000	-1.0000	-1.0000	-1.0000	-1.0000	-1.0000	-1.0000	-1.0000	-1.0000	-1.0000	-1.0000	-1.0000	-1.0000	-1.0000	-1.0000	-1.0000		0	TVA	-1.0000	-1	0.000000	None	None	-1	0	0	None	None	None	None	None	-1	-1	-1.000000	-1.000000	-1.000000	-1.000000		-1	-1
BFN_Forebay_Layer_2	BFN_Forebay_Layer_2	BFN_Forebay	0.000000	0.000000	0.000000	0.0000	0.0000	0.000000	None	-1.0000	-1					-1	-1	-1	0	0	0.0000	-1.0000	-1.0000	-1.0000	-1.0000	-1.0000	-1.0000	-1.0000	-1.0000	-1.0000	-1.0000	-1.0000	-1.0000	-1.0000	-1.0000	-1.0000	-1.0000		0	TVA	-1.0000	-1	0.000000	None	None	-1	0	0	None	None	None	None	None	-1	-1	-1.000000	-1.000000	-1.000000	-1.000000		-1	-1
BFN_Forebay_Layer_20	BFN_Forebay_Layer_20	BFN_Forebay	0.000000	0.000000	0.000000	0.0000	0.0000	0.000000	None	-1.0000	-1					-1	-1	-1	0	0	0.0000	-1.0000	-1.0000	-1.0000	-1.0000	-1.0000	-1.0000	-1.0000	-1.0000	-1.0000	-1.0000	-1.0000	-1.0000	-1.0000	-1.0000	-1.0000	-1.0000		0	TVA	-1.0000	-1	0.000000	None	None	-1	0	0	None	None	None	None	None	-1	-1	-1.000000	-1.000000	-1.000000	-1.000000		-1	-1
BFN_Forebay_Layer_21	BFN_Forebay_Layer_21	BFN_Forebay	0.000000	0.000000	0.000000	0.0000	0.0000	0.000000	None	-1.0000	-1					-1	-1	-1	0	0	0.0000	-1.0000	-1.0000	-1.0000	-1.0000	-1.0000	-1.0000	-1.0000	-1.0000	-1.0000	-1.0000	-1.0000	-1.0000	-1.0000	-1.0000	-1.0000	-1.0000		0	TVA	-1.0000	-1	0.000000	None	None	-1	0	0	None	None	None	None	None	-1	-1	-1.000000	-1.000000	-1.000000	-1.000000		-1	-1
BFN_Forebay_Layer_22	BFN_Forebay_Layer_22	BFN_Forebay	0.000000	0.000000	0.000000	0.0000	0.0000	0.000000	None	-1.0000	-1					-1	-1	-1	0	0	0.0000	-1.0000	-1.0000	-1.0000	-1.0000	-1.0000	-1.0000	-1.0000	-1.0000	-1.0000	-1.0000	-1.0000	-1.0000	-1.0000	-1.0000	-1.0000	-1.0000		0	TVA	-1.0000	-1	0.000000	None	None	-1	0	0	None	None	None	None	None	-1	-1	-1.000000	-1.000000	-1.000000	-1.000000		-1	-1
BFN_Forebay_Layer_23	BFN_Forebay_Layer_23	BFN_Forebay	0.000000	0.000000	0.000000	0.0000	0.0000	0.000000	None	-1.0000	-1					-1	-1	-1	0	0	0.0000	-1.0000	-1.0000	-1.0000	-1.0000	-1.0000	-1.0000	-1.0000	-1.0000	-1.0000	-1.0000	-1.0000	-1.0000	-1.0000	-1.0000	-1.0000	-1.0000		0	TVA	-1.0000	-1	0.000000	None	None	-1	0	0	None	None	None	None	None	-1	-1	-1.000000	-1.000000	-1.000000	-1.000000		-1	-1
BFN_Forebay_Layer_24	BFN_Forebay_Layer_24	BFN_Forebay	0.000000	0.000000	0.000000	0.0000	0.0000	0.000000	None	-1.0000	-1					-1	-1	-1	0	0	0.0000	-1.0000	-1.0000	-1.0000	-1.0000	-1.0000	-1.0000	-1.0000	-1.0000	-1.0000	-1.0000	-1.0000	-1.0000	-1.0000	-1.0000	-1.0000	-1.0000		0	TVA	-1.0000	-1	0.000000	None	None	-1	0	0	None	None	None	None	None	-1	-1	-1.000000	-1.000000	-1.000000	-1.000000		-1	-1
BFN_Forebay_Layer_25	BFN_Forebay_Layer_25	BFN_Forebay	0.000000	0.000000	0.000000	0.0000	0.0000	0.000000	None	-1.0000	-1					-1	-1	-1	0	0	0.0000	-1.0000	-1.0000	-1.0000	-1.0000	-1.0000	-1.0000	-1.0000	-1.0000	-1.0000	-1.0000	-1.0000	-1.0000	-1.0000	-1.0000	-1.0000	-1.0000		0	TVA	-1.0000	-1	0.000000	None	None	-1	0	0	None	None	None	None	None	-1	-1	-1.000000	-1.000000	-1.000000	-1.000000		-1	-1
BFN_Forebay_Layer_26	BFN_Forebay_Layer_26	BFN_Forebay	0.000000	0.000000	0.000000	0.0000	0.0000	0.000000	None	-1.0000	-1					-1	-1	-1	0	0	0.0000	-1.0000	-1.0000	-1.0000	-1.0000	-1.0000	-1.0000	-1.0000	-1.0000	-1.0000	-1.0000	-1.0000	-1.0000	-1.0000	-1.0000	-1.0000	-1.0000		0	TVA	-1.0000	-1	0.000000	None	None	-1	0	0	None	None	None	None	None	-1	-1	-1.000000	-1.000000	-1.000000	-1.000000		-1	-1
BFN_Forebay_Layer_27	BFN_Forebay_Layer_27	BFN_Forebay	0.000000	0.000000	0.000000	0.0000	0.0000	0.000000	None	-1.0000	-1					-1	-1	-1	0	0	0.0000	-1.0000	-1.0000	-1.0000	-1.0000	-1.0000	-1.0000	-1.0000	-1.0000	-1.0000	-1.0000	-1.0000	-1.0000	-1.0000	-1.0000	-1.0000	-1.0000		0	TVA	-1.0000	-1	0.000000	None	None	-1	0	0	None	None	None	None	None	-1	-1	-1.000000	-1.000000	-1.000000	-1.000000		-1	-1
BFN_Forebay_Layer_28	BFN_Forebay_Layer_28	BFN_Forebay	0.000000	0.000000	0.000000	0.0000	0.0000	0.000000	None	-1.0000	-1					-1	-1	-1	0	0	0.0000	-1.0000	-1.0000	-1.0000	-1.0000	-1.0000	-1.0000	-1.0000	-1.0000	-1.0000	-1.0000	-1.0000	-1.0000	-1.0000	-1.0000	-1.0000	-1.0000		0	TVA	-1.0000	-1	0.000000	None	None	-1	0	0	None	None	None	None	None	-1	-1	-1.000000	-1.000000	-1.000000	-1.000000		-1	-1
BFN_Forebay_Layer_29	BFN_Forebay_Layer_29	BFN_Forebay	0.000000	0.000000	0.000000	0.0000	0.0000	0.000000	None	-1.0000	-1					-1	-1	-1	0	0	0.0000	-1.0000	-1.0000	-1.0000	-1.0000	-1.0000	-1.0000	-1.0000	-1.0000	-1.0000	-1.0000	-1.0000	-1.0000	-1.0000	-1.0000	-1.0000	-1.0000		0	TVA	-1.0000	-1	0.000000	None	None	-1	0	0	None	None	None	None	None	-1	-1	-1.000000	-1.000000	-1.000000	-1.000000		-1	-1
BFN_Forebay_Layer_3	BFN_Forebay_Layer_3	BFN_Forebay	0.000000	0.000000	0.000000	0.0000	0.0000	0.000000	None	-1.0000	-1					-1	-1	-1	0	0	0.0000	-1.0000	-1.0000	-1.0000	-1.0000	-1.0000	-1.0000	-1.0000	-1.0000	-1.0000	-1.0000	-1.0000	-1.0000	-1.0000	-1.0000	-1.0000	-1.0000		0	TVA	-1.0000	-1	0.000000	None	None	-1	0	0	None	None	None	None	None	-1	-1	-1.000000	-1.000000	-1.000000	-1.000000		-1	-1
BFN_Forebay_Layer_30	BFN_Forebay_Layer_30	BFN_Forebay	0.000000	0.000000	0.000000	0.0000	0.0000	0.000000	None	-1.0000	-1					-1	-1	-1	0	0	0.0000	-1.0000	-1.0000	-1.0000	-1.0000	-1.0000	-1.0000	-1.0000	-1.0000	-1.0000	-1.0000	-1.0000	-1.0000	-1.0000	-1.0000	-1.0000	-1.0000		0	TVA	-1.0000	-1	0.000000	None	None	-1	0	0	None	None	None	None	None	-1	-1	-1.000000	-1.000000	-1.000000	-1.000000		-1	-1
BFN_Forebay_Layer_4	BFN_Forebay_Layer_4	BFN_Forebay	0.000000	0.000000	0.000000	0.0000	0.0000	0.000000	None	-1.0000	-1					-1	-1	-1	0	0	0.0000	-1.0000	-1.0000	-1.0000	-1.0000	-1.0000	-1.0000	-1.0000	-1.0000	-1.0000	-1.0000	-1.0000	-1.0000	-1.0000	-1.0000	-1.0000	-1.0000		0	TVA	-1.0000	-1	0.000000	None	None	-1	0	0	None	None	None	None	None	-1	-1	-1.000000	-1.000000	-1.000000	-1.000000		-1	-1
BFN_Forebay_Layer_5	BFN_Forebay_Layer_5	BFN_Forebay	0.000000	0.000000	0.000000	0.0000	0.0000	0.000000	None	-1.0000	-1					-1	-1	-1	0	0	0.0000	-1.0000	-1.0000	-1.0000	-1.0000	-1.0000	-1.0000	-1.0000	-1.0000	-1.0000	-1.0000	-1.0000	-1.0000	-1.0000	-1.0000	-1.0000	-1.0000		0	TVA	-1.0000	-1	0.000000	None	None	-1	0	0	None	None	None	None	None	-1	-1	-1.000000	-1.000000	-1.000000	-1.000000		-1	-1
BFN_Forebay_Layer_6	BFN_Forebay_Layer_6	BFN_Forebay	0.000000	0.000000	0.000000	0.0000	0.0000	0.000000	None	-1.0000	-1					-1	-1	-1	0	0	0.0000	-1.0000	-1.0000	-1.0000	-1.0000	-1.0000	-1.0000	-1.0000	-1.0000	-1.0000	-1.0000	-1.0000	-1.0000	-1.0000	-1.0000	-1.0000	-1.0000		0	TVA	-1.0000	-1	0.000000	None	None	-1	0	0	None	None	None	None	None	-1	-1	-1.000000	-1.000000	-1.000000	-1.000000		-1	-1
BFN_Forebay_Layer_7	BFN_Forebay_Layer_7	BFN_Forebay	0.000000	0.000000	0.000000	0.0000	0.0000	0.000000	None	-1.0000	-1					-1	-1	-1	0	0	0.0000	-1.0000	-1.0000	-1.0000	-1.0000	-1.0000	-1.0000	-1.0000	-1.0000	-1.0000	-1.0000	-1.0000	-1.0000	-1.0000	-1.0000	-1.0000	-1.0000		0	TVA	-1.0000	-1	0.000000	None	None	-1	0	0	None	None	None	None	None	-1	-1	-1.000000	-1.000000	-1.000000	-1.000000		-1	-1
BFN_Forebay_Layer_8	BFN_Forebay_Layer_8	BFN_Forebay	0.000000	0.000000	0.000000	0.0000	0.0000	0.000000	None	-1.0000	-1					-1	-1	-1	0	0	0.0000	-1.0000	-1.0000	-1.0000	-1.0000	-1.0000	-1.0000	-1.0000	-1.0000	-1.0000	-1.0000	-1.0000	-1.0000	-1.0000	-1.0000	-1.0000	-1.0000		0	TVA	-1.0000	-1	0.000000	None	None	-1	0	0	None	None	None	None	None	-1	-1	-1.000000	-1.000000	-1.000000	-1.000000		-1	-1
BFN_Forebay_Layer_9	BFN_Forebay_Layer_9	BFN_Forebay	0.000000	0.000000	0.000000	0.0000	0.0000	0.000000	None	-1.0000	-1					-1	-1	-1	0	0	0.0000	-1.0000	-1.0000	-1.0000	-1.0000	-1.0000	-1.0000	-1.0000	-1.0000	-1.0000	-1.0000	-1.0000	-1.0000	-1.0000	-1.0000	-1.0000	-1.0000		0	TVA	-1.0000	-1	0.000000	None	None	-1	0	0	None	None	None	None	None	-1	-1	-1.000000	-1.000000	-1.000000	-1.000000		-1	-1
BFN_XSection	BFN_XSection	B	34.701040	-87.108283	0.000000	0.0000	0.0000	0.000000	None	-1.0000	-1				BFN	-1	-1	-1	0	0	0.0000	-1.0000	-1.0000	-1.0000	-1.0000	-1.0000	-1.0000	-1.0000	-1.0000	-1.0000	-1.0000	-1.0000	-1.0000	-1.0000	-1.0000	-1.0000	-1.0000		0	TVA	-1.0000	-1	0.000000	None	None	-1	0	0	None	None	None	None	None	-1	-1	-1.000000	-1.000000	-1.000000	-1.000000		-1	-1
BFN01_3ft	BFN01_3ft	BFN 01 (DS, Middle)	34.706700	-87.128276	0.000000	0.0000	0.0000	0.000000	None	-1.0000	-1					-1	-1	-1	0	0	0.0000	-1.0000	-1.0000	-1.0000	-1.0000	-1.0000	-1.0000	-1.0000	-1.0000	-1.0000	-1.0000	-1.0000	-1.0000	-1.0000	-1.0000	-1.0000	-1.0000		0	TVA	-1.0000	-1	0.000000	None	None	-1	0	0	None	None	None	None	None	-1	-1	-1.000000	-1.000000	-1.000000	-1.000000		-1	-1
BFN01_535ft_elev	BFN01_535ft_elev	BFN 01 (DS, Middle)	34.706700	-87.128276	0.000000	0.0000	0.0000	0.000000	None	-1.0000	-1					-1	-1	-1	0	0	0.0000	-1.0000	-1.0000	-1.0000	-1.0000	-1.0000	-1.0000	-1.0000	-1.0000	-1.0000	-1.0000	-1.0000	-1.0000	-1.0000	-1.0000	-1.0000	-1.0000		0	TVA	-1.0000	-1	0.000000	None	None	-1	0	0	None	None	None	None	None	-1	-1	-1.000000	-1.000000	-1.000000	-1.000000		-1	-1
BFN01_545ft_elev	BFN01_545ft_elev	BFN 01 (DS, Middle)	34.706700	-87.128276	0.000000	0.0000	0.0000	0.000000	None	-1.0000	-1					-1	-1	-1	0	0	0.0000	-1.0000	-1.0000	-1.0000	-1.0000	-1.0000	-1.0000	-1.0000	-1.0000	-1.0000	-1.0000	-1.0000	-1.0000	-1.0000	-1.0000	-1.0000	-1.0000		0	TVA	-1.0000	-1	0.000000	None	None	-1	0	0	None	None	None	None	None	-1	-1	-1.000000	-1.000000	-1.000000	-1.000000		-1	-1
BFN01_5ft	BFN01_5ft	BFN 01 (DS, Middle)	34.706700	-87.128276	0.000000	0.0000	0.0000	0.000000	None	-1.0000	-1					-1	-1	-1	0	0	0.0000	-1.0000	-1.0000	-1.0000	-1.0000	-1.0000	-1.0000	-1.0000	-1.0000	-1.0000	-1.0000	-1.0000	-1.0000	-1.0000	-1.0000	-1.0000	-1.0000		0	TVA	-1.0000	-1	0.000000	None	None	-1	0	0	None	None	None	None	None	-1	-1	-1.000000	-1.000000	-1.000000	-1.000000		-1	-1
BFN01_7ft	BFN01_7ft	BFN 01 (DS, Middle)	34.706700	-87.128276	0.000000	0.0000	0.0000	0.000000	None	-1.0000	-1					-1	-1	-1	0	0	0.0000	-1.0000	-1.0000	-1.0000	-1.0000	-1.0000	-1.0000	-1.0000	-1.0000	-1.0000	-1.0000	-1.0000	-1.0000	-1.0000	-1.0000	-1.0000	-1.0000		0	TVA	-1.0000	-1	0.000000	None	None	-1	0	0	None	None	None	None	None	-1	-1	-1.000000	-1.000000	-1.000000	-1.000000		-1	-1
BFN01_Layer_1	BFN01_Layer_1	BFN01_Layers	0.000000	0.000000	0.000000	0.0000	0.0000	0.000000	None	-1.0000	-1					-1	-1	-1	0	0	0.0000	-1.0000	-1.0000	-1.0000	-1.0000	-1.0000	-1.0000	-1.0000	-1.0000	-1.0000	-1.0000	-1.0000	-1.0000	-1.0000	-1.0000	-1.0000	-1.0000		0	TVA	-1.0000	-1	0.000000	None	None	-1	0	0	None	None	None	None	None	-1	-1	-1.000000	-1.000000	-1.000000	-1.000000		-1	-1
BFN01_Layer_10	BFN01_Layer_10	BFN01_Layers	0.000000	0.000000	0.000000	0.0000	0.0000	0.000000	None	-1.0000	-1					-1	-1	-1	0	0	0.0000	-1.0000	-1.0000	-1.0000	-1.0000	-1.0000	-1.0000	-1.0000	-1.0000	-1.0000	-1.0000	-1.0000	-1.0000	-1.0000	-1.0000	-1.0000	-1.0000		0	TVA	-1.0000	-1	0.000000	None	None	-1	0	0	None	None	None	None	None	-1	-1	-1.000000	-1.000000	-1.000000	-1.000000		-1	-1
BFN01_Layer_11	BFN01_Layer_11	BFN01_Layers	0.000000	0.000000	0.000000	0.0000	0.0000	0.000000	None	-1.0000	-1					-1	-1	-1	0	0	0.0000	-1.0000	-1.0000	-1.0000	-1.0000	-1.0000	-1.0000	-1.0000	-1.0000	-1.0000	-1.0000	-1.0000	-1.0000	-1.0000	-1.0000	-1.0000	-1.0000		0	TVA	-1.0000	-1	0.000000	None	None	-1	0	0	None	None	None	None	None	-1	-1	-1.000000	-1.000000	-1.000000	-1.000000		-1	-1
BFN01_Layer_12	BFN01_Layer_12	BFN01_Layers	0.000000	0.000000	0.000000	0.0000	0.0000	0.000000	None	-1.0000	-1					-1	-1	-1	0	0	0.0000	-1.0000	-1.0000	-1.0000	-1.0000	-1.0000	-1.0000	-1.0000	-1.0000	-1.0000	-1.0000	-1.0000	-1.0000	-1.0000	-1.0000	-1.0000	-1.0000		0	TVA	-1.0000	-1	0.000000	None	None	-1	0	0	None	None	None	None	None	-1	-1	-1.000000	-1.000000	-1.000000	-1.000000		-1	-1
BFN01_Layer_13	BFN01_Layer_13	BFN01_Layers	0.000000	0.000000	0.000000	0.0000	0.0000	0.000000	None	-1.0000	-1					-1	-1	-1	0	0	0.0000	-1.0000	-1.0000	-1.0000	-1.0000	-1.0000	-1.0000	-1.0000	-1.0000	-1.0000	-1.0000	-1.0000	-1.0000	-1.0000	-1.0000	-1.0000	-1.0000		0	TVA	-1.0000	-1	0.000000	None	None	-1	0	0	None	None	None	None	None	-1	-1	-1.000000	-1.000000	-1.000000	-1.000000		-1	-1
BFN01_Layer_14	BFN01_Layer_14	BFN01_Layers	0.000000	0.000000	0.000000	0.0000	0.0000	0.000000	None	-1.0000	-1					-1	-1	-1	0	0	0.0000	-1.0000	-1.0000	-1.0000	-1.0000	-1.0000	-1.0000	-1.0000	-1.0000	-1.0000	-1.0000	-1.0000	-1.0000	-1.0000	-1.0000	-1.0000	-1.0000		0	TVA	-1.0000	-1	0.000000	None	None	-1	0	0	None	None	None	None	None	-1	-1	-1.000000	-1.000000	-1.000000	-1.000000		-1	-1
BFN01_Layer_15	BFN01_Layer_15	BFN01_Layers	0.000000	0.000000	0.000000	0.0000	0.0000	0.000000	None	-1.0000	-1					-1	-1	-1	0	0	0.0000	-1.0000	-1.0000	-1.0000	-1.0000	-1.0000	-1.0000	-1.0000	-1.0000	-1.0000	-1.0000	-1.0000	-1.0000	-1.0000	-1.0000	-1.0000	-1.0000		0	TVA	-1.0000	-1	0.000000	None	None	-1	0	0	None	None	None	None	None	-1	-1	-1.000000	-1.000000	-1.000000	-1.000000		-1	-1
BFN01_Layer_16	BFN01_Layer_16	BFN01_Layers	0.000000	0.000000	0.000000	0.0000	0.0000	0.000000	None	-1.0000	-1					-1	-1	-1	0	0	0.0000	-1.0000	-1.0000	-1.0000	-1.0000	-1.0000	-1.0000	-1.0000	-1.0000	-1.0000	-1.0000	-1.0000	-1.0000	-1.0000	-1.0000	-1.0000	-1.0000		0	TVA	-1.0000	-1	0.000000	None	None	-1	0	0	None	None	None	None	None	-1	-1	-1.000000	-1.000000	-1.000000	-1.000000		-1	-1
BFN01_Layer_17	BFN01_Layer_17	BFN01_Layers	0.000000	0.000000	0.000000	0.0000	0.0000	0.000000	None	-1.0000	-1					-1	-1	-1	0	0	0.0000	-1.0000	-1.0000	-1.0000	-1.0000	-1.0000	-1.0000	-1.0000	-1.0000	-1.0000	-1.0000	-1.0000	-1.0000	-1.0000	-1.0000	-1.0000	-1.0000		0	TVA	-1.0000	-1	0.000000	None	None	-1	0	0	None	None	None	None	None	-1	-1	-1.000000	-1.000000	-1.000000	-1.000000		-1	-1
BFN01_Layer_18	BFN01_Layer_18	BFN01_Layers	0.000000	0.000000	0.000000	0.0000	0.0000	0.000000	None	-1.0000	-1					-1	-1	-1	0	0	0.0000	-1.0000	-1.0000	-1.0000	-1.0000	-1.0000	-1.0000	-1.0000	-1.0000	-1.0000	-1.0000	-1.0000	-1.0000	-1.0000	-1.0000	-1.0000	-1.0000		0	TVA	-1.0000	-1	0.000000	None	None	-1	0	0	None	None	None	None	None	-1	-1	-1.000000	-1.000000	-1.000000	-1.000000		-1	-1
BFN01_Layer_19	BFN01_Layer_19	BFN01_Layers	0.000000	0.000000	0.000000	0.0000	0.0000	0.000000	None	-1.0000	-1					-1	-1	-1	0	0	0.0000	-1.0000	-1.0000	-1.0000	-1.0000	-1.0000	-1.0000	-1.0000	-1.0000	-1.0000	-1.0000	-1.0000	-1.0000	-1.0000	-1.0000	-1.0000	-1.0000		0	TVA	-1.0000	-1	0.000000	None	None	-1	0	0	None	None	None	None	None	-1	-1	-1.000000	-1.000000	-1.000000	-1.000000		-1	-1
BFN01_Layer_2	BFN01_Layer_2	BFN01_Layers	0.000000	0.000000	0.000000	0.0000	0.0000	0.000000	None	-1.0000	-1					-1	-1	-1	0	0	0.0000	-1.0000	-1.0000	-1.0000	-1.0000	-1.0000	-1.0000	-1.0000	-1.0000	-1.0000	-1.0000	-1.0000	-1.0000	-1.0000	-1.0000	-1.0000	-1.0000		0	TVA	-1.0000	-1	0.000000	None	None	-1	0	0	None	None	None	None	None	-1	-1	-1.000000	-1.000000	-1.000000	-1.000000		-1	-1
BFN01_Layer_20	BFN01_Layer_20	BFN01_Layers	0.000000	0.000000	0.000000	0.0000	0.0000	0.000000	None	-1.0000	-1					-1	-1	-1	0	0	0.0000	-1.0000	-1.0000	-1.0000	-1.0000	-1.0000	-1.0000	-1.0000	-1.0000	-1.0000	-1.0000	-1.0000	-1.0000	-1.0000	-1.0000	-1.0000	-1.0000		0	TVA	-1.0000	-1	0.000000	None	None	-1	0	0	None	None	None	None	None	-1	-1	-1.000000	-1.000000	-1.000000	-1.000000		-1	-1
BFN01_Layer_21	BFN01_Layer_21	BFN01_Layers	0.000000	0.000000	0.000000	0.0000	0.0000	0.000000	None	-1.0000	-1					-1	-1	-1	0	0	0.0000	-1.0000	-1.0000	-1.0000	-1.0000	-1.0000	-1.0000	-1.0000	-1.0000	-1.0000	-1.0000	-1.0000	-1.0000	-1.0000	-1.0000	-1.0000	-1.0000		0	TVA	-1.0000	-1	0.000000	None	None	-1	0	0	None	None	None	None	None	-1	-1	-1.000000	-1.000000	-1.000000	-1.000000		-1	-1
BFN01_Layer_22	BFN01_Layer_22	BFN01_Layers	0.000000	0.000000	0.000000	0.0000	0.0000	0.000000	None	-1.0000	-1					-1	-1	-1	0	0	0.0000	-1.0000	-1.0000	-1.0000	-1.0000	-1.0000	-1.0000	-1.0000	-1.0000	-1.0000	-1.0000	-1.0000	-1.0000	-1.0000	-1.0000	-1.0000	-1.0000		0	TVA	-1.0000	-1	0.000000	None	None	-1	0	0	None	None	None	None	None	-1	-1	-1.000000	-1.000000	-1.000000	-1.000000		-1	-1
BFN01_Layer_23	BFN01_Layer_23	BFN01_Layers	0.000000	0.000000	0.000000	0.0000	0.0000	0.000000	None	-1.0000	-1					-1	-1	-1	0	0	0.0000	-1.0000	-1.0000	-1.0000	-1.0000	-1.0000	-1.0000	-1.0000	-1.0000	-1.0000	-1.0000	-1.0000	-1.0000	-1.0000	-1.0000	-1.0000	-1.0000		0	TVA	-1.0000	-1	0.000000	None	None	-1	0	0	None	None	None	None	None	-1	-1	-1.000000	-1.000000	-1.000000	-1.000000		-1	-1
BFN01_Layer_24	BFN01_Layer_24	BFN01_Layers	0.000000	0.000000	0.000000	0.0000	0.0000	0.000000	None	-1.0000	-1					-1	-1	-1	0	0	0.0000	-1.0000	-1.0000	-1.0000	-1.0000	-1.0000	-1.0000	-1.0000	-1.0000	-1.0000	-1.0000	-1.0000	-1.0000	-1.0000	-1.0000	-1.0000	-1.0000		0	TVA	-1.0000	-1	0.000000	None	None	-1	0	0	None	None	None	None	None	-1	-1	-1.000000	-1.000000	-1.000000	-1.000000		-1	-1
BFN01_Layer_25	BFN01_Layer_25	BFN01_Layers	0.000000	0.000000	0.000000	0.0000	0.0000	0.000000	None	-1.0000	-1					-1	-1	-1	0	0	0.0000	-1.0000	-1.0000	-1.0000	-1.0000	-1.0000	-1.0000	-1.0000	-1.0000	-1.0000	-1.0000	-1.0000	-1.0000	-1.0000	-1.0000	-1.0000	-1.0000		0	TVA	-1.0000	-1	0.000000	None	None	-1	0	0	None	None	None	None	None	-1	-1	-1.000000	-1.000000	-1.000000	-1.000000		-1	-1
BFN01_Layer_26	BFN01_Layer_26	BFN01_Layers	0.000000	0.000000	0.000000	0.0000	0.0000	0.000000	None	-1.0000	-1					-1	-1	-1	0	0	0.0000	-1.0000	-1.0000	-1.0000	-1.0000	-1.0000	-1.0000	-1.0000	-1.0000	-1.0000	-1.0000	-1.0000	-1.0000	-1.0000	-1.0000	-1.0000	-1.0000		0	TVA	-1.0000	-1	0.000000	None	None	-1	0	0	None	None	None	None	None	-1	-1	-1.000000	-1.000000	-1.000000	-1.000000		-1	-1
BFN01_Layer_27	BFN01_Layer_27	BFN01_Layers	0.000000	0.000000	0.000000	0.0000	0.0000	0.000000	None	-1.0000	-1					-1	-1	-1	0	0	0.0000	-1.0000	-1.0000	-1.0000	-1.0000	-1.0000	-1.0000	-1.0000	-1.0000	-1.0000	-1.0000	-1.0000	-1.0000	-1.0000	-1.0000	-1.0000	-1.0000		0	TVA	-1.0000	-1	0.000000	None	None	-1	0	0	None	None	None	None	None	-1	-1	-1.000000	-1.000000	-1.000000	-1.000000		-1	-1
BFN01_Layer_28	BFN01_Layer_28	BFN01_Layers	0.000000	0.000000	0.000000	0.0000	0.0000	0.000000	None	-1.0000	-1					-1	-1	-1	0	0	0.0000	-1.0000	-1.0000	-1.0000	-1.0000	-1.0000	-1.0000	-1.0000	-1.0000	-1.0000	-1.0000	-1.0000	-1.0000	-1.0000	-1.0000	-1.0000	-1.0000		0	TVA	-1.0000	-1	0.000000	None	None	-1	0	0	None	None	None	None	None	-1	-1	-1.000000	-1.000000	-1.000000	-1.000000		-1	-1
BFN01_Layer_29	BFN01_Layer_29	BFN01_Layers	0.000000	0.000000	0.000000	0.0000	0.0000	0.000000	None	-1.0000	-1					-1	-1	-1	0	0	0.0000	-1.0000	-1.0000	-1.0000	-1.0000	-1.0000	-1.0000	-1.0000	-1.0000	-1.0000	-1.0000	-1.0000	-1.0000	-1.0000	-1.0000	-1.0000	-1.0000		0	TVA	-1.0000	-1	0.000000	None	None	-1	0	0	None	None	None	None	None	-1	-1	-1.000000	-1.000000	-1.000000	-1.000000		-1	-1
BFN01_Layer_3	BFN01_Layer_3	BFN01_Layers	0.000000	0.000000	0.000000	0.0000	0.0000	0.000000	None	-1.0000	-1					-1	-1	-1	0	0	0.0000	-1.0000	-1.0000	-1.0000	-1.0000	-1.0000	-1.0000	-1.0000	-1.0000	-1.0000	-1.0000	-1.0000	-1.0000	-1.0000	-1.0000	-1.0000	-1.0000		0	TVA	-1.0000	-1	0.000000	None	None	-1	0	0	None	None	None	None	None	-1	-1	-1.000000	-1.000000	-1.000000	-1.000000		-1	-1
BFN01_Layer_30	BFN01_Layer_30	BFN01_Layers	0.000000	0.000000	0.000000	0.0000	0.0000	0.000000	None	-1.0000	-1					-1	-1	-1	0	0	0.0000	-1.0000	-1.0000	-1.0000	-1.0000	-1.0000	-1.0000	-1.0000	-1.0000	-1.0000	-1.0000	-1.0000	-1.0000	-1.0000	-1.0000	-1.0000	-1.0000		0	TVA	-1.0000	-1	0.000000	None	None	-1	0	0	None	None	None	None	None	-1	-1	-1.000000	-1.000000	-1.000000	-1.000000		-1	-1
BFN01_Layer_4	BFN01_Layer_4	BFN01_Layers	0.000000	0.000000	0.000000	0.0000	0.0000	0.000000	None	-1.0000	-1					-1	-1	-1	0	0	0.0000	-1.0000	-1.0000	-1.0000	-1.0000	-1.0000	-1.0000	-1.0000	-1.0000	-1.0000	-1.0000	-1.0000	-1.0000	-1.0000	-1.0000	-1.0000	-1.0000		0	TVA	-1.0000	-1	0.000000	None	None	-1	0	0	None	None	None	None	None	-1	-1	-1.000000	-1.000000	-1.000000	-1.000000		-1	-1
BFN01_Layer_5	BFN01_Layer_5	BFN01_Layers	0.000000	0.000000	0.000000	0.0000	0.0000	0.000000	None	-1.0000	-1					-1	-1	-1	0	0	0.0000	-1.0000	-1.0000	-1.0000	-1.0000	-1.0000	-1.0000	-1.0000	-1.0000	-1.0000	-1.0000	-1.0000	-1.0000	-1.0000	-1.0000	-1.0000	-1.0000		0	TVA	-1.0000	-1	0.000000	None	None	-1	0	0	None	None	None	None	None	-1	-1	-1.000000	-1.000000	-1.000000	-1.000000		-1	-1
BFN01_Layer_6	BFN01_Layer_6	BFN01_Layers	0.000000	0.000000	0.000000	0.0000	0.0000	0.000000	None	-1.0000	-1					-1	-1	-1	0	0	0.0000	-1.0000	-1.0000	-1.0000	-1.0000	-1.0000	-1.0000	-1.0000	-1.0000	-1.0000	-1.0000	-1.0000	-1.0000	-1.0000	-1.0000	-1.0000	-1.0000		0	TVA	-1.0000	-1	0.000000	None	None	-1	0	0	None	None	None	None	None	-1	-1	-1.000000	-1.000000	-1.000000	-1.000000		-1	-1
BFN01_Layer_7	BFN01_Layer_7	BFN01_Layers	0.000000	0.000000	0.000000	0.0000	0.0000	0.000000	None	-1.0000	-1					-1	-1	-1	0	0	0.0000	-1.0000	-1.0000	-1.0000	-1.0000	-1.0000	-1.0000	-1.0000	-1.0000	-1.0000	-1.0000	-1.0000	-1.0000	-1.0000	-1.0000	-1.0000	-1.0000		0	TVA	-1.0000	-1	0.000000	None	None	-1	0	0	None	None	None	None	None	-1	-1	-1.000000	-1.000000	-1.000000	-1.000000		-1	-1
BFN01_Layer_8	BFN01_Layer_8	BFN01_Layers	0.000000	0.000000	0.000000	0.0000	0.0000	0.000000	None	-1.0000	-1					-1	-1	-1	0	0	0.0000	-1.0000	-1.0000	-1.0000	-1.0000	-1.0000	-1.0000	-1.0000	-1.0000	-1.0000	-1.0000	-1.0000	-1.0000	-1.0000	-1.0000	-1.0000	-1.0000		0	TVA	-1.0000	-1	0.000000	None	None	-1	0	0	None	None	None	None	None	-1	-1	-1.000000	-1.000000	-1.000000	-1.000000		-1	-1
BFN01_Layer_9	BFN01_Layer_9	BFN01_Layers	0.000000	0.000000	0.000000	0.0000	0.0000	0.000000	None	-1.0000	-1					-1	-1	-1	0	0	0.0000	-1.0000	-1.0000	-1.0000	-1.0000	-1.0000	-1.0000	-1.0000	-1.0000	-1.0000	-1.0000	-1.0000	-1.0000	-1.0000	-1.0000	-1.0000	-1.0000		0	TVA	-1.0000	-1	0.000000	None	None	-1	0	0	None	None	None	None	None	-1	-1	-1.000000	-1.000000	-1.000000	-1.000000		-1	-1
BFN01_Layers	BFN01 D3D profiles	BFN01_Layers	34.706700	-87.128276	0.000000	0.0000	0.0000	0.000000	None	-1.0000	-1					-1	-1	-1	0	0	0.0000	-1.0000	-1.0000	-1.0000	-1.0000	-1.0000	-1.0000	-1.0000	-1.0000	-1.0000	-1.0000	-1.0000	-1.0000	-1.0000	-1.0000	-1.0000	-1.0000		0		-1.0000	-1	0.000000	None	None	-1	0	0	None	None	None	None	None	-1	-1	-1.000000	-1.000000	-1.000000	-1.000000		-1	-1
BFN04_1/2ft	BFN04_1/2ft	BFN 04 (US)	34.663980	-87.076962	0.000000	0.0000	0.0000	0.000000	None	-1.0000	-1					-1	-1	-1	0	0	0.0000	-1.0000	-1.0000	-1.0000	-1.0000	-1.0000	-1.0000	-1.0000	-1.0000	-1.0000	-1.0000	-1.0000	-1.0000	-1.0000	-1.0000	-1.0000	-1.0000		0	TVA	-1.0000	-1	0.000000	None	None	-1	0	0	None	None	None	None	None	-1	-1	-1.000000	-1.000000	-1.000000	-1.000000		-1	-1
BFN04_11ft	BFN04_11ft	BFN 04 (US)	34.663980	-87.076962	0.000000	0.0000	0.0000	0.000000	None	-1.0000	-1					-1	-1	-1	0	0	0.0000	-1.0000	-1.0000	-1.0000	-1.0000	-1.0000	-1.0000	-1.0000	-1.0000	-1.0000	-1.0000	-1.0000	-1.0000	-1.0000	-1.0000	-1.0000	-1.0000		0	TVA	-1.0000	-1	0.000000	None	None	-1	0	0	None	None	None	None	None	-1	-1	-1.000000	-1.000000	-1.000000	-1.000000		-1	-1
BFN04_13ft	BFN04_13ft	BFN 04 (US)	34.663980	-87.076962	0.000000	0.0000	0.0000	0.000000	None	-1.0000	-1					-1	-1	-1	0	0	0.0000	-1.0000	-1.0000	-1.0000	-1.0000	-1.0000	-1.0000	-1.0000	-1.0000	-1.0000	-1.0000	-1.0000	-1.0000	-1.0000	-1.0000	-1.0000	-1.0000		0	TVA	-1.0000	-1	0.000000	None	None	-1	0	0	None	None	None	None	None	-1	-1	-1.000000	-1.000000	-1.000000	-1.000000		-1	-1
BFN04_15ft	BFN04_15ft	BFN 04 (US)	34.663980	-87.076962	0.000000	0.0000	0.0000	0.000000	None	-1.0000	-1					-1	-1	-1	0	0	0.0000	-1.0000	-1.0000	-1.0000	-1.0000	-1.0000	-1.0000	-1.0000	-1.0000	-1.0000	-1.0000	-1.0000	-1.0000	-1.0000	-1.0000	-1.0000	-1.0000		0	TVA	-1.0000	-1	0.000000	None	None	-1	0	0	None	None	None	None	None	-1	-1	-1.000000	-1.000000	-1.000000	-1.000000		-1	-1
BFN04_17ft	BFN04_17ft	BFN 04 (US)	34.663980	-87.076962	0.000000	0.0000	0.0000	0.000000	None	-1.0000	-1					-1	-1	-1	0	0	0.0000	-1.0000	-1.0000	-1.0000	-1.0000	-1.0000	-1.0000	-1.0000	-1.0000	-1.0000	-1.0000	-1.0000	-1.0000	-1.0000	-1.0000	-1.0000	-1.0000		0	TVA	-1.0000	-1	0.000000	None	None	-1	0	0	None	None	None	None	None	-1	-1	-1.000000	-1.000000	-1.000000	-1.000000		-1	-1
BFN04_20ft	BFN04_20ft	BFN 04 (US)	34.663980	-87.076962	0.000000	0.0000	0.0000	0.000000	None	-1.0000	-1					-1	-1	-1	0	0	0.0000	-1.0000	-1.0000	-1.0000	-1.0000	-1.0000	-1.0000	-1.0000	-1.0000	-1.0000	-1.0000	-1.0000	-1.0000	-1.0000	-1.0000	-1.0000	-1.0000		0	TVA	-1.0000	-1	0.000000	None	None	-1	0	0	None	None	None	None	None	-1	-1	-1.000000	-1.000000	-1.000000	-1.000000		-1	-1
BFN04_3ft	BFN04_3ft	BFN 04 (US)	34.663980	-87.076962	0.000000	0.0000	0.0000	0.000000	None	-1.0000	-1					-1	-1	-1	0	0	0.0000	-1.0000	-1.0000	-1.0000	-1.0000	-1.0000	-1.0000	-1.0000	-1.0000	-1.0000	-1.0000	-1.0000	-1.0000	-1.0000	-1.0000	-1.0000	-1.0000		0	TVA	-1.0000	-1	0.000000	None	None	-1	0	0	None	None	None	None	None	-1	-1	-1.000000	-1.000000	-1.000000	-1.000000		-1	-1
BFN04_5ft	BFN04_5ft	BFN 04 (US)	34.663980	-87.076962	0.000000	0.0000	0.0000	0.000000	None	-1.0000	-1					-1	-1	-1	0	0	0.0000	-1.0000	-1.0000	-1.0000	-1.0000	-1.0000	-1.0000	-1.0000	-1.0000	-1.0000	-1.0000	-1.0000	-1.0000	-1.0000	-1.0000	-1.0000	-1.0000		0	TVA	-1.0000	-1	0.000000	None	None	-1	0	0	None	None	None	None	None	-1	-1	-1.000000	-1.000000	-1.000000	-1.000000		-1	-1
BFN04_7ft	BFN04_7ft	BFN 04 (US)	34.663980	-87.076962	0.000000	0.0000	0.0000	0.000000	None	-1.0000	-1					-1	-1	-1	0	0	0.0000	-1.0000	-1.0000	-1.0000	-1.0000	-1.0000	-1.0000	-1.0000	-1.0000	-1.0000	-1.0000	-1.0000	-1.0000	-1.0000	-1.0000	-1.0000	-1.0000		0	TVA	-1.0000	-1	0.000000	None	None	-1	0	0	None	None	None	None	None	-1	-1	-1.000000	-1.000000	-1.000000	-1.000000		-1	-1
BFN04_9ft	BFN04_9ft	BFN 04 (US)	34.663980	-87.076962	0.000000	0.0000	0.0000	0.000000	None	-1.0000	-1					-1	-1	-1	0	0	0.0000	-1.0000	-1.0000	-1.0000	-1.0000	-1.0000	-1.0000	-1.0000	-1.0000	-1.0000	-1.0000	-1.0000	-1.0000	-1.0000	-1.0000	-1.0000	-1.0000		0	TVA	-1.0000	-1	0.000000	None	None	-1	0	0	None	None	None	None	None	-1	-1	-1.000000	-1.000000	-1.000000	-1.000000		-1	-1
BFN04_Layer_1	BFN04_Layer_1	BFN04_Layers	0.000000	0.000000	0.000000	0.0000	0.0000	0.000000	None	-1.0000	-1					-1	-1	-1	0	0	0.0000	-1.0000	-1.0000	-1.0000	-1.0000	-1.0000	-1.0000	-1.0000	-1.0000	-1.0000	-1.0000	-1.0000	-1.0000	-1.0000	-1.0000	-1.0000	-1.0000		0	TVA	-1.0000	-1	0.000000	None	None	-1	0	0	None	None	None	None	None	-1	-1	-1.000000	-1.000000	-1.000000	-1.000000		-1	-1
BFN04_Layer_10	BFN04_Layer_10	BFN04_Layers	0.000000	0.000000	0.000000	0.0000	0.0000	0.000000	None	-1.0000	-1					-1	-1	-1	0	0	0.0000	-1.0000	-1.0000	-1.0000	-1.0000	-1.0000	-1.0000	-1.0000	-1.0000	-1.0000	-1.0000	-1.0000	-1.0000	-1.0000	-1.0000	-1.0000	-1.0000		0	TVA	-1.0000	-1	0.000000	None	None	-1	0	0	None	None	None	None	None	-1	-1	-1.000000	-1.000000	-1.000000	-1.000000		-1	-1
BFN04_Layer_11	BFN04_Layer_11	BFN04_Layers	0.000000	0.000000	0.000000	0.0000	0.0000	0.000000	None	-1.0000	-1					-1	-1	-1	0	0	0.0000	-1.0000	-1.0000	-1.0000	-1.0000	-1.0000	-1.0000	-1.0000	-1.0000	-1.0000	-1.0000	-1.0000	-1.0000	-1.0000	-1.0000	-1.0000	-1.0000		0	TVA	-1.0000	-1	0.000000	None	None	-1	0	0	None	None	None	None	None	-1	-1	-1.000000	-1.000000	-1.000000	-1.000000		-1	-1
BFN04_Layer_12	BFN04_Layer_12	BFN04_Layers	0.000000	0.000000	0.000000	0.0000	0.0000	0.000000	None	-1.0000	-1					-1	-1	-1	0	0	0.0000	-1.0000	-1.0000	-1.0000	-1.0000	-1.0000	-1.0000	-1.0000	-1.0000	-1.0000	-1.0000	-1.0000	-1.0000	-1.0000	-1.0000	-1.0000	-1.0000		0	TVA	-1.0000	-1	0.000000	None	None	-1	0	0	None	None	None	None	None	-1	-1	-1.000000	-1.000000	-1.000000	-1.000000		-1	-1
BFN04_Layer_13	BFN04_Layer_13	BFN04_Layers	0.000000	0.000000	0.000000	0.0000	0.0000	0.000000	None	-1.0000	-1					-1	-1	-1	0	0	0.0000	-1.0000	-1.0000	-1.0000	-1.0000	-1.0000	-1.0000	-1.0000	-1.0000	-1.0000	-1.0000	-1.0000	-1.0000	-1.0000	-1.0000	-1.0000	-1.0000		0	TVA	-1.0000	-1	0.000000	None	None	-1	0	0	None	None	None	None	None	-1	-1	-1.000000	-1.000000	-1.000000	-1.000000		-1	-1
BFN04_Layer_14	BFN04_Layer_14	BFN04_Layers	0.000000	0.000000	0.000000	0.0000	0.0000	0.000000	None	-1.0000	-1					-1	-1	-1	0	0	0.0000	-1.0000	-1.0000	-1.0000	-1.0000	-1.0000	-1.0000	-1.0000	-1.0000	-1.0000	-1.0000	-1.0000	-1.0000	-1.0000	-1.0000	-1.0000	-1.0000		0	TVA	-1.0000	-1	0.000000	None	None	-1	0	0	None	None	None	None	None	-1	-1	-1.000000	-1.000000	-1.000000	-1.000000		-1	-1
BFN04_Layer_15	BFN04_Layer_15	BFN04_Layers	0.000000	0.000000	0.000000	0.0000	0.0000	0.000000	None	-1.0000	-1					-1	-1	-1	0	0	0.0000	-1.0000	-1.0000	-1.0000	-1.0000	-1.0000	-1.0000	-1.0000	-1.0000	-1.0000	-1.0000	-1.0000	-1.0000	-1.0000	-1.0000	-1.0000	-1.0000		0	TVA	-1.0000	-1	0.000000	None	None	-1	0	0	None	None	None	None	None	-1	-1	-1.000000	-1.000000	-1.000000	-1.000000		-1	-1
BFN04_Layer_16	BFN04_Layer_16	BFN04_Layers	0.000000	0.000000	0.000000	0.0000	0.0000	0.000000	None	-1.0000	-1					-1	-1	-1	0	0	0.0000	-1.0000	-1.0000	-1.0000	-1.0000	-1.0000	-1.0000	-1.0000	-1.0000	-1.0000	-1.0000	-1.0000	-1.0000	-1.0000	-1.0000	-1.0000	-1.0000		0	TVA	-1.0000	-1	0.000000	None	None	-1	0	0	None	None	None	None	None	-1	-1	-1.000000	-1.000000	-1.000000	-1.000000		-1	-1
BFN04_Layer_17	BFN04_Layer_17	BFN04_Layers	0.000000	0.000000	0.000000	0.0000	0.0000	0.000000	None	-1.0000	-1					-1	-1	-1	0	0	0.0000	-1.0000	-1.0000	-1.0000	-1.0000	-1.0000	-1.0000	-1.0000	-1.0000	-1.0000	-1.0000	-1.0000	-1.0000	-1.0000	-1.0000	-1.0000	-1.0000		0	TVA	-1.0000	-1	0.000000	None	None	-1	0	0	None	None	None	None	None	-1	-1	-1.000000	-1.000000	-1.000000	-1.000000		-1	-1
BFN04_Layer_18	BFN04_Layer_18	BFN04_Layers	0.000000	0.000000	0.000000	0.0000	0.0000	0.000000	None	-1.0000	-1					-1	-1	-1	0	0	0.0000	-1.0000	-1.0000	-1.0000	-1.0000	-1.0000	-1.0000	-1.0000	-1.0000	-1.0000	-1.0000	-1.0000	-1.0000	-1.0000	-1.0000	-1.0000	-1.0000		0	TVA	-1.0000	-1	0.000000	None	None	-1	0	0	None	None	None	None	None	-1	-1	-1.000000	-1.000000	-1.000000	-1.000000		-1	-1
BFN04_Layer_19	BFN04_Layer_19	BFN04_Layers	0.000000	0.000000	0.000000	0.0000	0.0000	0.000000	None	-1.0000	-1					-1	-1	-1	0	0	0.0000	-1.0000	-1.0000	-1.0000	-1.0000	-1.0000	-1.0000	-1.0000	-1.0000	-1.0000	-1.0000	-1.0000	-1.0000	-1.0000	-1.0000	-1.0000	-1.0000		0	TVA	-1.0000	-1	0.000000	None	None	-1	0	0	None	None	None	None	None	-1	-1	-1.000000	-1.000000	-1.000000	-1.000000		-1	-1
BFN04_Layer_2	BFN04_Layer_2	BFN04_Layers	0.000000	0.000000	0.000000	0.0000	0.0000	0.000000	None	-1.0000	-1					-1	-1	-1	0	0	0.0000	-1.0000	-1.0000	-1.0000	-1.0000	-1.0000	-1.0000	-1.0000	-1.0000	-1.0000	-1.0000	-1.0000	-1.0000	-1.0000	-1.0000	-1.0000	-1.0000		0	TVA	-1.0000	-1	0.000000	None	None	-1	0	0	None	None	None	None	None	-1	-1	-1.000000	-1.000000	-1.000000	-1.000000		-1	-1
BFN04_Layer_20	BFN04_Layer_20	BFN04_Layers	0.000000	0.000000	0.000000	0.0000	0.0000	0.000000	None	-1.0000	-1					-1	-1	-1	0	0	0.0000	-1.0000	-1.0000	-1.0000	-1.0000	-1.0000	-1.0000	-1.0000	-1.0000	-1.0000	-1.0000	-1.0000	-1.0000	-1.0000	-1.0000	-1.0000	-1.0000		0	TVA	-1.0000	-1	0.000000	None	None	-1	0	0	None	None	None	None	None	-1	-1	-1.000000	-1.000000	-1.000000	-1.000000		-1	-1
BFN04_Layer_21	BFN04_Layer_21	BFN04_Layers	0.000000	0.000000	0.000000	0.0000	0.0000	0.000000	None	-1.0000	-1					-1	-1	-1	0	0	0.0000	-1.0000	-1.0000	-1.0000	-1.0000	-1.0000	-1.0000	-1.0000	-1.0000	-1.0000	-1.0000	-1.0000	-1.0000	-1.0000	-1.0000	-1.0000	-1.0000		0	TVA	-1.0000	-1	0.000000	None	None	-1	0	0	None	None	None	None	None	-1	-1	-1.000000	-1.000000	-1.000000	-1.000000		-1	-1
BFN04_Layer_22	BFN04_Layer_22	BFN04_Layers	0.000000	0.000000	0.000000	0.0000	0.0000	0.000000	None	-1.0000	-1					-1	-1	-1	0	0	0.0000	-1.0000	-1.0000	-1.0000	-1.0000	-1.0000	-1.0000	-1.0000	-1.0000	-1.0000	-1.0000	-1.0000	-1.0000	-1.0000	-1.0000	-1.0000	-1.0000		0	TVA	-1.0000	-1	0.000000	None	None	-1	0	0	None	None	None	None	None	-1	-1	-1.000000	-1.000000	-1.000000	-1.000000		-1	-1
BFN04_Layer_23	BFN04_Layer_23	BFN04_Layers	0.000000	0.000000	0.000000	0.0000	0.0000	0.000000	None	-1.0000	-1					-1	-1	-1	0	0	0.0000	-1.0000	-1.0000	-1.0000	-1.0000	-1.0000	-1.0000	-1.0000	-1.0000	-1.0000	-1.0000	-1.0000	-1.0000	-1.0000	-1.0000	-1.0000	-1.0000		0	TVA	-1.0000	-1	0.000000	None	None	-1	0	0	None	None	None	None	None	-1	-1	-1.000000	-1.000000	-1.000000	-1.000000		-1	-1
BFN04_Layer_24	BFN04_Layer_24	BFN04_Layers	0.000000	0.000000	0.000000	0.0000	0.0000	0.000000	None	-1.0000	-1					-1	-1	-1	0	0	0.0000	-1.0000	-1.0000	-1.0000	-1.0000	-1.0000	-1.0000	-1.0000	-1.0000	-1.0000	-1.0000	-1.0000	-1.0000	-1.0000	-1.0000	-1.0000	-1.0000		0	TVA	-1.0000	-1	0.000000	None	None	-1	0	0	None	None	None	None	None	-1	-1	-1.000000	-1.000000	-1.000000	-1.000000		-1	-1
BFN04_Layer_25	BFN04_Layer_25	BFN04_Layers	0.000000	0.000000	0.000000	0.0000	0.0000	0.000000	None	-1.0000	-1					-1	-1	-1	0	0	0.0000	-1.0000	-1.0000	-1.0000	-1.0000	-1.0000	-1.0000	-1.0000	-1.0000	-1.0000	-1.0000	-1.0000	-1.0000	-1.0000	-1.0000	-1.0000	-1.0000		0	TVA	-1.0000	-1	0.000000	None	None	-1	0	0	None	None	None	None	None	-1	-1	-1.000000	-1.000000	-1.000000	-1.000000		-1	-1
BFN04_Layer_26	BFN04_Layer_26	BFN04_Layers	0.000000	0.000000	0.000000	0.0000	0.0000	0.000000	None	-1.0000	-1					-1	-1	-1	0	0	0.0000	-1.0000	-1.0000	-1.0000	-1.0000	-1.0000	-1.0000	-1.0000	-1.0000	-1.0000	-1.0000	-1.0000	-1.0000	-1.0000	-1.0000	-1.0000	-1.0000		0	TVA	-1.0000	-1	0.000000	None	None	-1	0	0	None	None	None	None	None	-1	-1	-1.000000	-1.000000	-1.000000	-1.000000		-1	-1
BFN04_Layer_27	BFN04_Layer_27	BFN04_Layers	0.000000	0.000000	0.000000	0.0000	0.0000	0.000000	None	-1.0000	-1					-1	-1	-1	0	0	0.0000	-1.0000	-1.0000	-1.0000	-1.0000	-1.0000	-1.0000	-1.0000	-1.0000	-1.0000	-1.0000	-1.0000	-1.0000	-1.0000	-1.0000	-1.0000	-1.0000		0	TVA	-1.0000	-1	0.000000	None	None	-1	0	0	None	None	None	None	None	-1	-1	-1.000000	-1.000000	-1.000000	-1.000000		-1	-1
BFN04_Layer_28	BFN04_Layer_28	BFN04_Layers	0.000000	0.000000	0.000000	0.0000	0.0000	0.000000	None	-1.0000	-1					-1	-1	-1	0	0	0.0000	-1.0000	-1.0000	-1.0000	-1.0000	-1.0000	-1.0000	-1.0000	-1.0000	-1.0000	-1.0000	-1.0000	-1.0000	-1.0000	-1.0000	-1.0000	-1.0000		0	TVA	-1.0000	-1	0.000000	None	None	-1	0	0	None	None	None	None	None	-1	-1	-1.000000	-1.000000	-1.000000	-1.000000		-1	-1
BFN04_Layer_29	BFN04_Layer_29	BFN04_Layers	0.000000	0.000000	0.000000	0.0000	0.0000	0.000000	None	-1.0000	-1					-1	-1	-1	0	0	0.0000	-1.0000	-1.0000	-1.0000	-1.0000	-1.0000	-1.0000	-1.0000	-1.0000	-1.0000	-1.0000	-1.0000	-1.0000	-1.0000	-1.0000	-1.0000	-1.0000		0	TVA	-1.0000	-1	0.000000	None	None	-1	0	0	None	None	None	None	None	-1	-1	-1.000000	-1.000000	-1.000000	-1.000000		-1	-1
BFN04_Layer_3	BFN04_Layer_3	BFN04_Layers	0.000000	0.000000	0.000000	0.0000	0.0000	0.000000	None	-1.0000	-1					-1	-1	-1	0	0	0.0000	-1.0000	-1.0000	-1.0000	-1.0000	-1.0000	-1.0000	-1.0000	-1.0000	-1.0000	-1.0000	-1.0000	-1.0000	-1.0000	-1.0000	-1.0000	-1.0000		0	TVA	-1.0000	-1	0.000000	None	None	-1	0	0	None	None	None	None	None	-1	-1	-1.000000	-1.000000	-1.000000	-1.000000		-1	-1
BFN04_Layer_30	BFN04_Layer_30	BFN04_Layers	0.000000	0.000000	0.000000	0.0000	0.0000	0.000000	None	-1.0000	-1					-1	-1	-1	0	0	0.0000	-1.0000	-1.0000	-1.0000	-1.0000	-1.0000	-1.0000	-1.0000	-1.0000	-1.0000	-1.0000	-1.0000	-1.0000	-1.0000	-1.0000	-1.0000	-1.0000		0	TVA	-1.0000	-1	0.000000	None	None	-1	0	0	None	None	None	None	None	-1	-1	-1.000000	-1.000000	-1.000000	-1.000000		-1	-1
BFN04_Layer_4	BFN04_Layer_4	BFN04_Layers	0.000000	0.000000	0.000000	0.0000	0.0000	0.000000	None	-1.0000	-1					-1	-1	-1	0	0	0.0000	-1.0000	-1.0000	-1.0000	-1.0000	-1.0000	-1.0000	-1.0000	-1.0000	-1.0000	-1.0000	-1.0000	-1.0000	-1.0000	-1.0000	-1.0000	-1.0000		0	TVA	-1.0000	-1	0.000000	None	None	-1	0	0	None	None	None	None	None	-1	-1	-1.000000	-1.000000	-1.000000	-1.000000		-1	-1
BFN04_Layer_5	BFN04_Layer_5	BFN04_Layers	0.000000	0.000000	0.000000	0.0000	0.0000	0.000000	None	-1.0000	-1					-1	-1	-1	0	0	0.0000	-1.0000	-1.0000	-1.0000	-1.0000	-1.0000	-1.0000	-1.0000	-1.0000	-1.0000	-1.0000	-1.0000	-1.0000	-1.0000	-1.0000	-1.0000	-1.0000		0	TVA	-1.0000	-1	0.000000	None	None	-1	0	0	None	None	None	None	None	-1	-1	-1.000000	-1.000000	-1.000000	-1.000000		-1	-1
BFN04_Layer_6	BFN04_Layer_6	BFN04_Layers	0.000000	0.000000	0.000000	0.0000	0.0000	0.000000	None	-1.0000	-1					-1	-1	-1	0	0	0.0000	-1.0000	-1.0000	-1.0000	-1.0000	-1.0000	-1.0000	-1.0000	-1.0000	-1.0000	-1.0000	-1.0000	-1.0000	-1.0000	-1.0000	-1.0000	-1.0000		0	TVA	-1.0000	-1	0.000000	None	None	-1	0	0	None	None	None	None	None	-1	-1	-1.000000	-1.000000	-1.000000	-1.000000		-1	-1
BFN04_Layer_7	BFN04_Layer_7	BFN04_Layers	0.000000	0.000000	0.000000	0.0000	0.0000	0.000000	None	-1.0000	-1					-1	-1	-1	0	0	0.0000	-1.0000	-1.0000	-1.0000	-1.0000	-1.0000	-1.0000	-1.0000	-1.0000	-1.0000	-1.0000	-1.0000	-1.0000	-1.0000	-1.0000	-1.0000	-1.0000		0	TVA	-1.0000	-1	0.000000	None	None	-1	0	0	None	None	None	None	None	-1	-1	-1.000000	-1.000000	-1.000000	-1.000000		-1	-1
BFN04_Layer_8	BFN04_Layer_8	BFN04_Layers	0.000000	0.000000	0.000000	0.0000	0.0000	0.000000	None	-1.0000	-1					-1	-1	-1	0	0	0.0000	-1.0000	-1.0000	-1.0000	-1.0000	-1.0000	-1.0000	-1.0000	-1.0000	-1.0000	-1.0000	-1.0000	-1.0000	-1.0000	-1.0000	-1.0000	-1.0000		0	TVA	-1.0000	-1	0.000000	None	None	-1	0	0	None	None	None	None	None	-1	-1	-1.000000	-1.000000	-1.000000	-1.000000		-1	-1
BFN04_Layer_9	BFN04_Layer_9	BFN04_Layers	0.000000	0.000000	0.000000	0.0000	0.0000	0.000000	None	-1.0000	-1					-1	-1	-1	0	0	0.0000	-1.0000	-1.0000	-1.0000	-1.0000	-1.0000	-1.0000	-1.0000	-1.0000	-1.0000	-1.0000	-1.0000	-1.0000	-1.0000	-1.0000	-1.0000	-1.0000		0	TVA	-1.0000	-1	0.000000	None	None	-1	0	0	None	None	None	None	None	-1	-1	-1.000000	-1.000000	-1.000000	-1.000000		-1	-1
BFN04_Layers	BFN04 D3D profiles	BFN04_Layers	34.663980	-87.076962	0.000000	0.0000	0.0000	0.000000	None	-1.0000	-1					-1	-1	-1	0	0	0.0000	-1.0000	-1.0000	-1.0000	-1.0000	-1.0000	-1.0000	-1.0000	-1.0000	-1.0000	-1.0000	-1.0000	-1.0000	-1.0000	-1.0000	-1.0000	-1.0000		0		-1.0000	-1	0.000000	None	None	-1	0	0	None	None	None	None	None	-1	-1	-1.000000	-1.000000	-1.000000	-1.000000		-1	-1
BFN14_3ft	BFN14_3ft	BFN 14 (US, Backup)	34.682215	-87.097214	0.000000	0.0000	0.0000	0.000000	None	-1.0000	-1					-1	-1	-1	0	0	0.0000	-1.0000	-1.0000	-1.0000	-1.0000	-1.0000	-1.0000	-1.0000	-1.0000	-1.0000	-1.0000	-1.0000	-1.0000	-1.0000	-1.0000	-1.0000	-1.0000		0	TVA	-1.0000	-1	0.000000	None	None	-1	0	0	None	None	None	None	None	-1	-1	-1.000000	-1.000000	-1.000000	-1.000000		-1	-1
BFN14_5ft	BFN14_5ft	BFN 14 (US, Backup)	34.682215	-87.097214	0.000000	0.0000	0.0000	0.000000	None	-1.0000	-1					-1	-1	-1	0	0	0.0000	-1.0000	-1.0000	-1.0000	-1.0000	-1.0000	-1.0000	-1.0000	-1.0000	-1.0000	-1.0000	-1.0000	-1.0000	-1.0000	-1.0000	-1.0000	-1.0000		0	TVA	-1.0000	-1	0.000000	None	None	-1	0	0	None	None	None	None	None	-1	-1	-1.000000	-1.000000	-1.000000	-1.000000		-1	-1
BFN14_7ft	BFN14_7ft	BFN 14 (US, Backup)	34.682215	-87.097214	0.000000	0.0000	0.0000	0.000000	None	-1.0000	-1					-1	-1	-1	0	0	0.0000	-1.0000	-1.0000	-1.0000	-1.0000	-1.0000	-1.0000	-1.0000	-1.0000	-1.0000	-1.0000	-1.0000	-1.0000	-1.0000	-1.0000	-1.0000	-1.0000		0	TVA	-1.0000	-1	0.000000	None	None	-1	0	0	None	None	None	None	None	-1	-1	-1.000000	-1.000000	-1.000000	-1.000000		-1	-1
BFN14_Layer_1	BFN14_Layer_1	BFN14_Layers	0.000000	0.000000	0.000000	0.0000	0.0000	0.000000	None	-1.0000	-1					-1	-1	-1	0	0	0.0000	-1.0000	-1.0000	-1.0000	-1.0000	-1.0000	-1.0000	-1.0000	-1.0000	-1.0000	-1.0000	-1.0000	-1.0000	-1.0000	-1.0000	-1.0000	-1.0000		0	TVA	-1.0000	-1	0.000000	None	None	-1	0	0	None	None	None	None	None	-1	-1	-1.000000	-1.000000	-1.000000	-1.000000		-1	-1
BFN14_Layer_10	BFN14_Layer_10	BFN14_Layers	0.000000	0.000000	0.000000	0.0000	0.0000	0.000000	None	-1.0000	-1					-1	-1	-1	0	0	0.0000	-1.0000	-1.0000	-1.0000	-1.0000	-1.0000	-1.0000	-1.0000	-1.0000	-1.0000	-1.0000	-1.0000	-1.0000	-1.0000	-1.0000	-1.0000	-1.0000		0	TVA	-1.0000	-1	0.000000	None	None	-1	0	0	None	None	None	None	None	-1	-1	-1.000000	-1.000000	-1.000000	-1.000000		-1	-1
BFN14_Layer_11	BFN14_Layer_11	BFN14_Layers	0.000000	0.000000	0.000000	0.0000	0.0000	0.000000	None	-1.0000	-1					-1	-1	-1	0	0	0.0000	-1.0000	-1.0000	-1.0000	-1.0000	-1.0000	-1.0000	-1.0000	-1.0000	-1.0000	-1.0000	-1.0000	-1.0000	-1.0000	-1.0000	-1.0000	-1.0000		0	TVA	-1.0000	-1	0.000000	None	None	-1	0	0	None	None	None	None	None	-1	-1	-1.000000	-1.000000	-1.000000	-1.000000		-1	-1
BFN14_Layer_12	BFN14_Layer_12	BFN14_Layers	0.000000	0.000000	0.000000	0.0000	0.0000	0.000000	None	-1.0000	-1					-1	-1	-1	0	0	0.0000	-1.0000	-1.0000	-1.0000	-1.0000	-1.0000	-1.0000	-1.0000	-1.0000	-1.0000	-1.0000	-1.0000	-1.0000	-1.0000	-1.0000	-1.0000	-1.0000		0	TVA	-1.0000	-1	0.000000	None	None	-1	0	0	None	None	None	None	None	-1	-1	-1.000000	-1.000000	-1.000000	-1.000000		-1	-1
BFN14_Layer_13	BFN14_Layer_13	BFN14_Layers	0.000000	0.000000	0.000000	0.0000	0.0000	0.000000	None	-1.0000	-1					-1	-1	-1	0	0	0.0000	-1.0000	-1.0000	-1.0000	-1.0000	-1.0000	-1.0000	-1.0000	-1.0000	-1.0000	-1.0000	-1.0000	-1.0000	-1.0000	-1.0000	-1.0000	-1.0000		0	TVA	-1.0000	-1	0.000000	None	None	-1	0	0	None	None	None	None	None	-1	-1	-1.000000	-1.000000	-1.000000	-1.000000		-1	-1
BFN14_Layer_14	BFN14_Layer_14	BFN14_Layers	0.000000	0.000000	0.000000	0.0000	0.0000	0.000000	None	-1.0000	-1					-1	-1	-1	0	0	0.0000	-1.0000	-1.0000	-1.0000	-1.0000	-1.0000	-1.0000	-1.0000	-1.0000	-1.0000	-1.0000	-1.0000	-1.0000	-1.0000	-1.0000	-1.0000	-1.0000		0	TVA	-1.0000	-1	0.000000	None	None	-1	0	0	None	None	None	None	None	-1	-1	-1.000000	-1.000000	-1.000000	-1.000000		-1	-1
BFN14_Layer_15	BFN14_Layer_15	BFN14_Layers	0.000000	0.000000	0.000000	0.0000	0.0000	0.000000	None	-1.0000	-1					-1	-1	-1	0	0	0.0000	-1.0000	-1.0000	-1.0000	-1.0000	-1.0000	-1.0000	-1.0000	-1.0000	-1.0000	-1.0000	-1.0000	-1.0000	-1.0000	-1.0000	-1.0000	-1.0000		0	TVA	-1.0000	-1	0.000000	None	None	-1	0	0	None	None	None	None	None	-1	-1	-1.000000	-1.000000	-1.000000	-1.000000		-1	-1
BFN14_Layer_16	BFN14_Layer_16	BFN14_Layers	0.000000	0.000000	0.000000	0.0000	0.0000	0.000000	None	-1.0000	-1					-1	-1	-1	0	0	0.0000	-1.0000	-1.0000	-1.0000	-1.0000	-1.0000	-1.0000	-1.0000	-1.0000	-1.0000	-1.0000	-1.0000	-1.0000	-1.0000	-1.0000	-1.0000	-1.0000		0	TVA	-1.0000	-1	0.000000	None	None	-1	0	0	None	None	None	None	None	-1	-1	-1.000000	-1.000000	-1.000000	-1.000000		-1	-1
BFN14_Layer_17	BFN14_Layer_17	BFN14_Layers	0.000000	0.000000	0.000000	0.0000	0.0000	0.000000	None	-1.0000	-1					-1	-1	-1	0	0	0.0000	-1.0000	-1.0000	-1.0000	-1.0000	-1.0000	-1.0000	-1.0000	-1.0000	-1.0000	-1.0000	-1.0000	-1.0000	-1.0000	-1.0000	-1.0000	-1.0000		0	TVA	-1.0000	-1	0.000000	None	None	-1	0	0	None	None	None	None	None	-1	-1	-1.000000	-1.000000	-1.000000	-1.000000		-1	-1
BFN14_Layer_18	BFN14_Layer_18	BFN14_Layers	0.000000	0.000000	0.000000	0.0000	0.0000	0.000000	None	-1.0000	-1					-1	-1	-1	0	0	0.0000	-1.0000	-1.0000	-1.0000	-1.0000	-1.0000	-1.0000	-1.0000	-1.0000	-1.0000	-1.0000	-1.0000	-1.0000	-1.0000	-1.0000	-1.0000	-1.0000		0	TVA	-1.0000	-1	0.000000	None	None	-1	0	0	None	None	None	None	None	-1	-1	-1.000000	-1.000000	-1.000000	-1.000000		-1	-1
BFN14_Layer_19	BFN14_Layer_19	BFN14_Layers	0.000000	0.000000	0.000000	0.0000	0.0000	0.000000	None	-1.0000	-1					-1	-1	-1	0	0	0.0000	-1.0000	-1.0000	-1.0000	-1.0000	-1.0000	-1.0000	-1.0000	-1.0000	-1.0000	-1.0000	-1.0000	-1.0000	-1.0000	-1.0000	-1.0000	-1.0000		0	TVA	-1.0000	-1	0.000000	None	None	-1	0	0	None	None	None	None	None	-1	-1	-1.000000	-1.000000	-1.000000	-1.000000		-1	-1
BFN14_Layer_2	BFN14_Layer_2	BFN14_Layers	0.000000	0.000000	0.000000	0.0000	0.0000	0.000000	None	-1.0000	-1					-1	-1	-1	0	0	0.0000	-1.0000	-1.0000	-1.0000	-1.0000	-1.0000	-1.0000	-1.0000	-1.0000	-1.0000	-1.0000	-1.0000	-1.0000	-1.0000	-1.0000	-1.0000	-1.0000		0	TVA	-1.0000	-1	0.000000	None	None	-1	0	0	None	None	None	None	None	-1	-1	-1.000000	-1.000000	-1.000000	-1.000000		-1	-1
BFN14_Layer_20	BFN14_Layer_20	BFN14_Layers	0.000000	0.000000	0.000000	0.0000	0.0000	0.000000	None	-1.0000	-1					-1	-1	-1	0	0	0.0000	-1.0000	-1.0000	-1.0000	-1.0000	-1.0000	-1.0000	-1.0000	-1.0000	-1.0000	-1.0000	-1.0000	-1.0000	-1.0000	-1.0000	-1.0000	-1.0000		0	TVA	-1.0000	-1	0.000000	None	None	-1	0	0	None	None	None	None	None	-1	-1	-1.000000	-1.000000	-1.000000	-1.000000		-1	-1
BFN14_Layer_21	BFN14_Layer_21	BFN14_Layers	0.000000	0.000000	0.000000	0.0000	0.0000	0.000000	None	-1.0000	-1					-1	-1	-1	0	0	0.0000	-1.0000	-1.0000	-1.0000	-1.0000	-1.0000	-1.0000	-1.0000	-1.0000	-1.0000	-1.0000	-1.0000	-1.0000	-1.0000	-1.0000	-1.0000	-1.0000		0	TVA	-1.0000	-1	0.000000	None	None	-1	0	0	None	None	None	None	None	-1	-1	-1.000000	-1.000000	-1.000000	-1.000000		-1	-1
BFN14_Layer_22	BFN14_Layer_22	BFN14_Layers	0.000000	0.000000	0.000000	0.0000	0.0000	0.000000	None	-1.0000	-1					-1	-1	-1	0	0	0.0000	-1.0000	-1.0000	-1.0000	-1.0000	-1.0000	-1.0000	-1.0000	-1.0000	-1.0000	-1.0000	-1.0000	-1.0000	-1.0000	-1.0000	-1.0000	-1.0000		0	TVA	-1.0000	-1	0.000000	None	None	-1	0	0	None	None	None	None	None	-1	-1	-1.000000	-1.000000	-1.000000	-1.000000		-1	-1
BFN14_Layer_23	BFN14_Layer_23	BFN14_Layers	0.000000	0.000000	0.000000	0.0000	0.0000	0.000000	None	-1.0000	-1					-1	-1	-1	0	0	0.0000	-1.0000	-1.0000	-1.0000	-1.0000	-1.0000	-1.0000	-1.0000	-1.0000	-1.0000	-1.0000	-1.0000	-1.0000	-1.0000	-1.0000	-1.0000	-1.0000		0	TVA	-1.0000	-1	0.000000	None	None	-1	0	0	None	None	None	None	None	-1	-1	-1.000000	-1.000000	-1.000000	-1.000000		-1	-1
BFN14_Layer_24	BFN14_Layer_24	BFN14_Layers	0.000000	0.000000	0.000000	0.0000	0.0000	0.000000	None	-1.0000	-1					-1	-1	-1	0	0	0.0000	-1.0000	-1.0000	-1.0000	-1.0000	-1.0000	-1.0000	-1.0000	-1.0000	-1.0000	-1.0000	-1.0000	-1.0000	-1.0000	-1.0000	-1.0000	-1.0000		0	TVA	-1.0000	-1	0.000000	None	None	-1	0	0	None	None	None	None	None	-1	-1	-1.000000	-1.000000	-1.000000	-1.000000		-1	-1
BFN14_Layer_25	BFN14_Layer_25	BFN14_Layers	0.000000	0.000000	0.000000	0.0000	0.0000	0.000000	None	-1.0000	-1					-1	-1	-1	0	0	0.0000	-1.0000	-1.0000	-1.0000	-1.0000	-1.0000	-1.0000	-1.0000	-1.0000	-1.0000	-1.0000	-1.0000	-1.0000	-1.0000	-1.0000	-1.0000	-1.0000		0	TVA	-1.0000	-1	0.000000	None	None	-1	0	0	None	None	None	None	None	-1	-1	-1.000000	-1.000000	-1.000000	-1.000000		-1	-1
BFN14_Layer_26	BFN14_Layer_26	BFN14_Layers	0.000000	0.000000	0.000000	0.0000	0.0000	0.000000	None	-1.0000	-1					-1	-1	-1	0	0	0.0000	-1.0000	-1.0000	-1.0000	-1.0000	-1.0000	-1.0000	-1.0000	-1.0000	-1.0000	-1.0000	-1.0000	-1.0000	-1.0000	-1.0000	-1.0000	-1.0000		0	TVA	-1.0000	-1	0.000000	None	None	-1	0	0	None	None	None	None	None	-1	-1	-1.000000	-1.000000	-1.000000	-1.000000		-1	-1
BFN14_Layer_27	BFN14_Layer_27	BFN14_Layers	0.000000	0.000000	0.000000	0.0000	0.0000	0.000000	None	-1.0000	-1					-1	-1	-1	0	0	0.0000	-1.0000	-1.0000	-1.0000	-1.0000	-1.0000	-1.0000	-1.0000	-1.0000	-1.0000	-1.0000	-1.0000	-1.0000	-1.0000	-1.0000	-1.0000	-1.0000		0	TVA	-1.0000	-1	0.000000	None	None	-1	0	0	None	None	None	None	None	-1	-1	-1.000000	-1.000000	-1.000000	-1.000000		-1	-1
BFN14_Layer_28	BFN14_Layer_28	BFN14_Layers	0.000000	0.000000	0.000000	0.0000	0.0000	0.000000	None	-1.0000	-1					-1	-1	-1	0	0	0.0000	-1.0000	-1.0000	-1.0000	-1.0000	-1.0000	-1.0000	-1.0000	-1.0000	-1.0000	-1.0000	-1.0000	-1.0000	-1.0000	-1.0000	-1.0000	-1.0000		0	TVA	-1.0000	-1	0.000000	None	None	-1	0	0	None	None	None	None	None	-1	-1	-1.000000	-1.000000	-1.000000	-1.000000		-1	-1
BFN14_Layer_29	BFN14_Layer_29	BFN14_Layers	0.000000	0.000000	0.000000	0.0000	0.0000	0.000000	None	-1.0000	-1					-1	-1	-1	0	0	0.0000	-1.0000	-1.0000	-1.0000	-1.0000	-1.0000	-1.0000	-1.0000	-1.0000	-1.0000	-1.0000	-1.0000	-1.0000	-1.0000	-1.0000	-1.0000	-1.0000		0	TVA	-1.0000	-1	0.000000	None	None	-1	0	0	None	None	None	None	None	-1	-1	-1.000000	-1.000000	-1.000000	-1.000000		-1	-1
BFN14_Layer_3	BFN14_Layer_3	BFN14_Layers	0.000000	0.000000	0.000000	0.0000	0.0000	0.000000	None	-1.0000	-1					-1	-1	-1	0	0	0.0000	-1.0000	-1.0000	-1.0000	-1.0000	-1.0000	-1.0000	-1.0000	-1.0000	-1.0000	-1.0000	-1.0000	-1.0000	-1.0000	-1.0000	-1.0000	-1.0000		0	TVA	-1.0000	-1	0.000000	None	None	-1	0	0	None	None	None	None	None	-1	-1	-1.000000	-1.000000	-1.000000	-1.000000		-1	-1
BFN14_Layer_30	BFN14_Layer_30	BFN14_Layers	0.000000	0.000000	0.000000	0.0000	0.0000	0.000000	None	-1.0000	-1					-1	-1	-1	0	0	0.0000	-1.0000	-1.0000	-1.0000	-1.0000	-1.0000	-1.0000	-1.0000	-1.0000	-1.0000	-1.0000	-1.0000	-1.0000	-1.0000	-1.0000	-1.0000	-1.0000		0	TVA	-1.0000	-1	0.000000	None	None	-1	0	0	None	None	None	None	None	-1	-1	-1.000000	-1.000000	-1.000000	-1.000000		-1	-1
BFN14_Layer_4	BFN14_Layer_4	BFN14_Layers	0.000000	0.000000	0.000000	0.0000	0.0000	0.000000	None	-1.0000	-1					-1	-1	-1	0	0	0.0000	-1.0000	-1.0000	-1.0000	-1.0000	-1.0000	-1.0000	-1.0000	-1.0000	-1.0000	-1.0000	-1.0000	-1.0000	-1.0000	-1.0000	-1.0000	-1.0000		0	TVA	-1.0000	-1	0.000000	None	None	-1	0	0	None	None	None	None	None	-1	-1	-1.000000	-1.000000	-1.000000	-1.000000		-1	-1
BFN14_Layer_5	BFN14_Layer_5	BFN14_Layers	0.000000	0.000000	0.000000	0.0000	0.0000	0.000000	None	-1.0000	-1					-1	-1	-1	0	0	0.0000	-1.0000	-1.0000	-1.0000	-1.0000	-1.0000	-1.0000	-1.0000	-1.0000	-1.0000	-1.0000	-1.0000	-1.0000	-1.0000	-1.0000	-1.0000	-1.0000		0	TVA	-1.0000	-1	0.000000	None	None	-1	0	0	None	None	None	None	None	-1	-1	-1.000000	-1.000000	-1.000000	-1.000000		-1	-1
BFN14_Layer_6	BFN14_Layer_6	BFN14_Layers	0.000000	0.000000	0.000000	0.0000	0.0000	0.000000	None	-1.0000	-1					-1	-1	-1	0	0	0.0000	-1.0000	-1.0000	-1.0000	-1.0000	-1.0000	-1.0000	-1.0000	-1.0000	-1.0000	-1.0000	-1.0000	-1.0000	-1.0000	-1.0000	-1.0000	-1.0000		0	TVA	-1.0000	-1	0.000000	None	None	-1	0	0	None	None	None	None	None	-1	-1	-1.000000	-1.000000	-1.000000	-1.000000		-1	-1
BFN14_Layer_7	BFN14_Layer_7	BFN14_Layers	0.000000	0.000000	0.000000	0.0000	0.0000	0.000000	None	-1.0000	-1					-1	-1	-1	0	0	0.0000	-1.0000	-1.0000	-1.0000	-1.0000	-1.0000	-1.0000	-1.0000	-1.0000	-1.0000	-1.0000	-1.0000	-1.0000	-1.0000	-1.0000	-1.0000	-1.0000		0	TVA	-1.0000	-1	0.000000	None	None	-1	0	0	None	None	None	None	None	-1	-1	-1.000000	-1.000000	-1.000000	-1.000000		-1	-1
BFN14_Layer_8	BFN14_Layer_8	BFN14_Layers	0.000000	0.000000	0.000000	0.0000	0.0000	0.000000	None	-1.0000	-1					-1	-1	-1	0	0	0.0000	-1.0000	-1.0000	-1.0000	-1.0000	-1.0000	-1.0000	-1.0000	-1.0000	-1.0000	-1.0000	-1.0000	-1.0000	-1.0000	-1.0000	-1.0000	-1.0000		0	TVA	-1.0000	-1	0.000000	None	None	-1	0	0	None	None	None	None	None	-1	-1	-1.000000	-1.000000	-1.000000	-1.000000		-1	-1
BFN14_Layer_9	BFN14_Layer_9	BFN14_Layers	0.000000	0.000000	0.000000	0.0000	0.0000	0.000000	None	-1.0000	-1					-1	-1	-1	0	0	0.0000	-1.0000	-1.0000	-1.0000	-1.0000	-1.0000	-1.0000	-1.0000	-1.0000	-1.0000	-1.0000	-1.0000	-1.0000	-1.0000	-1.0000	-1.0000	-1.0000		0	TVA	-1.0000	-1	0.000000	None	None	-1	0	0	None	None	None	None	None	-1	-1	-1.000000	-1.000000	-1.000000	-1.000000		-1	-1
BFN14_Layers	BFN14 D3D profiles	BFN14_Layers	34.682215	-87.097214	0.000000	0.0000	0.0000	0.000000	None	-1.0000	-1					-1	-1	-1	0	0	0.0000	-1.0000	-1.0000	-1.0000	-1.0000	-1.0000	-1.0000	-1.0000	-1.0000	-1.0000	-1.0000	-1.0000	-1.0000	-1.0000	-1.0000	-1.0000	-1.0000		0		-1.0000	-1	0.000000	None	None	-1	0	0	None	None	None	None	None	-1	-1	-1.000000	-1.000000	-1.000000	-1.000000		-1	-1
BFN16_10ft	BFN16_10ft	BFN 16 (DS, Right)	34.707210	-87.127842	0.000000	0.0000	0.0000	0.000000	None	-1.0000	-1					-1	-1	-1	0	0	0.0000	-1.0000	-1.0000	-1.0000	-1.0000	-1.0000	-1.0000	-1.0000	-1.0000	-1.0000	-1.0000	-1.0000	-1.0000	-1.0000	-1.0000	-1.0000	-1.0000		0	TVA	-1.0000	-1	0.000000	None	None	-1	0	0	None	None	None	None	None	-1	-1	-1.000000	-1.000000	-1.000000	-1.000000		-1	-1
BFN16_20ft	BFN16_20ft	BFN 16 (DS, Right)	34.707210	-87.127842	0.000000	0.0000	0.0000	0.000000	None	-1.0000	-1					-1	-1	-1	0	0	0.0000	-1.0000	-1.0000	-1.0000	-1.0000	-1.0000	-1.0000	-1.0000	-1.0000	-1.0000	-1.0000	-1.0000	-1.0000	-1.0000	-1.0000	-1.0000	-1.0000		0	TVA	-1.0000	-1	0.000000	None	None	-1	0	0	None	None	None	None	None	-1	-1	-1.000000	-1.000000	-1.000000	-1.000000		-1	-1
BFN16_3ft	BFN16_3ft	BFN 16 (DS, Right)	34.707210	-87.127842	0.000000	0.0000	0.0000	0.000000	None	-1.0000	-1					-1	-1	-1	0	0	0.0000	-1.0000	-1.0000	-1.0000	-1.0000	-1.0000	-1.0000	-1.0000	-1.0000	-1.0000	-1.0000	-1.0000	-1.0000	-1.0000	-1.0000	-1.0000	-1.0000		0	TVA	-1.0000	-1	0.000000	None	None	-1	0	0	None	None	None	None	None	-1	-1	-1.000000	-1.000000	-1.000000	-1.000000		-1	-1
BFN16_5ft	BFN16_5ft	BFN 16 (DS, Right)	34.707210	-87.127842	0.000000	0.0000	0.0000	0.000000	None	-1.0000	-1					-1	-1	-1	0	0	0.0000	-1.0000	-1.0000	-1.0000	-1.0000	-1.0000	-1.0000	-1.0000	-1.0000	-1.0000	-1.0000	-1.0000	-1.0000	-1.0000	-1.0000	-1.0000	-1.0000		0	TVA	-1.0000	-1	0.000000	None	None	-1	0	0	None	None	None	None	None	-1	-1	-1.000000	-1.000000	-1.000000	-1.000000		-1	-1
BFN16_7ft	BFN16_7ft	BFN 16 (DS, Right)	34.707210	-87.127842	0.000000	0.0000	0.0000	0.000000	None	-1.0000	-1					-1	-1	-1	0	0	0.0000	-1.0000	-1.0000	-1.0000	-1.0000	-1.0000	-1.0000	-1.0000	-1.0000	-1.0000	-1.0000	-1.0000	-1.0000	-1.0000	-1.0000	-1.0000	-1.0000		0	TVA	-1.0000	-1	0.000000	None	None	-1	0	0	None	None	None	None	None	-1	-1	-1.000000	-1.000000	-1.000000	-1.000000		-1	-1
BFN16_Layer_1	BFN16_Layer_1	BFN16_Layers	0.000000	0.000000	0.000000	0.0000	0.0000	0.000000	None	-1.0000	-1					-1	-1	-1	0	0	0.0000	-1.0000	-1.0000	-1.0000	-1.0000	-1.0000	-1.0000	-1.0000	-1.0000	-1.0000	-1.0000	-1.0000	-1.0000	-1.0000	-1.0000	-1.0000	-1.0000		0	TVA	-1.0000	-1	0.000000	None	None	-1	0	0	None	None	None	None	None	-1	-1	-1.000000	-1.000000	-1.000000	-1.000000		-1	-1
BFN16_Layer_10	BFN16_Layer_10	BFN16_Layers	0.000000	0.000000	0.000000	0.0000	0.0000	0.000000	None	-1.0000	-1					-1	-1	-1	0	0	0.0000	-1.0000	-1.0000	-1.0000	-1.0000	-1.0000	-1.0000	-1.0000	-1.0000	-1.0000	-1.0000	-1.0000	-1.0000	-1.0000	-1.0000	-1.0000	-1.0000		0	TVA	-1.0000	-1	0.000000	None	None	-1	0	0	None	None	None	None	None	-1	-1	-1.000000	-1.000000	-1.000000	-1.000000		-1	-1
BFN16_Layer_11	BFN16_Layer_11	BFN16_Layers	0.000000	0.000000	0.000000	0.0000	0.0000	0.000000	None	-1.0000	-1					-1	-1	-1	0	0	0.0000	-1.0000	-1.0000	-1.0000	-1.0000	-1.0000	-1.0000	-1.0000	-1.0000	-1.0000	-1.0000	-1.0000	-1.0000	-1.0000	-1.0000	-1.0000	-1.0000		0	TVA	-1.0000	-1	0.000000	None	None	-1	0	0	None	None	None	None	None	-1	-1	-1.000000	-1.000000	-1.000000	-1.000000		-1	-1
BFN16_Layer_12	BFN16_Layer_12	BFN16_Layers	0.000000	0.000000	0.000000	0.0000	0.0000	0.000000	None	-1.0000	-1					-1	-1	-1	0	0	0.0000	-1.0000	-1.0000	-1.0000	-1.0000	-1.0000	-1.0000	-1.0000	-1.0000	-1.0000	-1.0000	-1.0000	-1.0000	-1.0000	-1.0000	-1.0000	-1.0000		0	TVA	-1.0000	-1	0.000000	None	None	-1	0	0	None	None	None	None	None	-1	-1	-1.000000	-1.000000	-1.000000	-1.000000		-1	-1
BFN16_Layer_13	BFN16_Layer_13	BFN16_Layers	0.000000	0.000000	0.000000	0.0000	0.0000	0.000000	None	-1.0000	-1					-1	-1	-1	0	0	0.0000	-1.0000	-1.0000	-1.0000	-1.0000	-1.0000	-1.0000	-1.0000	-1.0000	-1.0000	-1.0000	-1.0000	-1.0000	-1.0000	-1.0000	-1.0000	-1.0000		0	TVA	-1.0000	-1	0.000000	None	None	-1	0	0	None	None	None	None	None	-1	-1	-1.000000	-1.000000	-1.000000	-1.000000		-1	-1
BFN16_Layer_14	BFN16_Layer_14	BFN16_Layers	0.000000	0.000000	0.000000	0.0000	0.0000	0.000000	None	-1.0000	-1					-1	-1	-1	0	0	0.0000	-1.0000	-1.0000	-1.0000	-1.0000	-1.0000	-1.0000	-1.0000	-1.0000	-1.0000	-1.0000	-1.0000	-1.0000	-1.0000	-1.0000	-1.0000	-1.0000		0	TVA	-1.0000	-1	0.000000	None	None	-1	0	0	None	None	None	None	None	-1	-1	-1.000000	-1.000000	-1.000000	-1.000000		-1	-1
BFN16_Layer_15	BFN16_Layer_15	BFN16_Layers	0.000000	0.000000	0.000000	0.0000	0.0000	0.000000	None	-1.0000	-1					-1	-1	-1	0	0	0.0000	-1.0000	-1.0000	-1.0000	-1.0000	-1.0000	-1.0000	-1.0000	-1.0000	-1.0000	-1.0000	-1.0000	-1.0000	-1.0000	-1.0000	-1.0000	-1.0000		0	TVA	-1.0000	-1	0.000000	None	None	-1	0	0	None	None	None	None	None	-1	-1	-1.000000	-1.000000	-1.000000	-1.000000		-1	-1
BFN16_Layer_16	BFN16_Layer_16	BFN16_Layers	0.000000	0.000000	0.000000	0.0000	0.0000	0.000000	None	-1.0000	-1					-1	-1	-1	0	0	0.0000	-1.0000	-1.0000	-1.0000	-1.0000	-1.0000	-1.0000	-1.0000	-1.0000	-1.0000	-1.0000	-1.0000	-1.0000	-1.0000	-1.0000	-1.0000	-1.0000		0	TVA	-1.0000	-1	0.000000	None	None	-1	0	0	None	None	None	None	None	-1	-1	-1.000000	-1.000000	-1.000000	-1.000000		-1	-1
BFN16_Layer_17	BFN16_Layer_17	BFN16_Layers	0.000000	0.000000	0.000000	0.0000	0.0000	0.000000	None	-1.0000	-1					-1	-1	-1	0	0	0.0000	-1.0000	-1.0000	-1.0000	-1.0000	-1.0000	-1.0000	-1.0000	-1.0000	-1.0000	-1.0000	-1.0000	-1.0000	-1.0000	-1.0000	-1.0000	-1.0000		0	TVA	-1.0000	-1	0.000000	None	None	-1	0	0	None	None	None	None	None	-1	-1	-1.000000	-1.000000	-1.000000	-1.000000		-1	-1
BFN16_Layer_18	BFN16_Layer_18	BFN16_Layers	0.000000	0.000000	0.000000	0.0000	0.0000	0.000000	None	-1.0000	-1					-1	-1	-1	0	0	0.0000	-1.0000	-1.0000	-1.0000	-1.0000	-1.0000	-1.0000	-1.0000	-1.0000	-1.0000	-1.0000	-1.0000	-1.0000	-1.0000	-1.0000	-1.0000	-1.0000		0	TVA	-1.0000	-1	0.000000	None	None	-1	0	0	None	None	None	None	None	-1	-1	-1.000000	-1.000000	-1.000000	-1.000000		-1	-1
BFN16_Layer_19	BFN16_Layer_19	BFN16_Layers	0.000000	0.000000	0.000000	0.0000	0.0000	0.000000	None	-1.0000	-1					-1	-1	-1	0	0	0.0000	-1.0000	-1.0000	-1.0000	-1.0000	-1.0000	-1.0000	-1.0000	-1.0000	-1.0000	-1.0000	-1.0000	-1.0000	-1.0000	-1.0000	-1.0000	-1.0000		0	TVA	-1.0000	-1	0.000000	None	None	-1	0	0	None	None	None	None	None	-1	-1	-1.000000	-1.000000	-1.000000	-1.000000		-1	-1
BFN16_Layer_2	BFN16_Layer_2	BFN16_Layers	0.000000	0.000000	0.000000	0.0000	0.0000	0.000000	None	-1.0000	-1					-1	-1	-1	0	0	0.0000	-1.0000	-1.0000	-1.0000	-1.0000	-1.0000	-1.0000	-1.0000	-1.0000	-1.0000	-1.0000	-1.0000	-1.0000	-1.0000	-1.0000	-1.0000	-1.0000		0	TVA	-1.0000	-1	0.000000	None	None	-1	0	0	None	None	None	None	None	-1	-1	-1.000000	-1.000000	-1.000000	-1.000000		-1	-1
BFN16_Layer_20	BFN16_Layer_20	BFN16_Layers	0.000000	0.000000	0.000000	0.0000	0.0000	0.000000	None	-1.0000	-1					-1	-1	-1	0	0	0.0000	-1.0000	-1.0000	-1.0000	-1.0000	-1.0000	-1.0000	-1.0000	-1.0000	-1.0000	-1.0000	-1.0000	-1.0000	-1.0000	-1.0000	-1.0000	-1.0000		0	TVA	-1.0000	-1	0.000000	None	None	-1	0	0	None	None	None	None	None	-1	-1	-1.000000	-1.000000	-1.000000	-1.000000		-1	-1
BFN16_Layer_21	BFN16_Layer_21	BFN16_Layers	0.000000	0.000000	0.000000	0.0000	0.0000	0.000000	None	-1.0000	-1					-1	-1	-1	0	0	0.0000	-1.0000	-1.0000	-1.0000	-1.0000	-1.0000	-1.0000	-1.0000	-1.0000	-1.0000	-1.0000	-1.0000	-1.0000	-1.0000	-1.0000	-1.0000	-1.0000		0	TVA	-1.0000	-1	0.000000	None	None	-1	0	0	None	None	None	None	None	-1	-1	-1.000000	-1.000000	-1.000000	-1.000000		-1	-1
BFN16_Layer_22	BFN16_Layer_22	BFN16_Layers	0.000000	0.000000	0.000000	0.0000	0.0000	0.000000	None	-1.0000	-1					-1	-1	-1	0	0	0.0000	-1.0000	-1.0000	-1.0000	-1.0000	-1.0000	-1.0000	-1.0000	-1.0000	-1.0000	-1.0000	-1.0000	-1.0000	-1.0000	-1.0000	-1.0000	-1.0000		0	TVA	-1.0000	-1	0.000000	None	None	-1	0	0	None	None	None	None	None	-1	-1	-1.000000	-1.000000	-1.000000	-1.000000		-1	-1
BFN16_Layer_23	BFN16_Layer_23	BFN16_Layers	0.000000	0.000000	0.000000	0.0000	0.0000	0.000000	None	-1.0000	-1					-1	-1	-1	0	0	0.0000	-1.0000	-1.0000	-1.0000	-1.0000	-1.0000	-1.0000	-1.0000	-1.0000	-1.0000	-1.0000	-1.0000	-1.0000	-1.0000	-1.0000	-1.0000	-1.0000		0	TVA	-1.0000	-1	0.000000	None	None	-1	0	0	None	None	None	None	None	-1	-1	-1.000000	-1.000000	-1.000000	-1.000000		-1	-1
BFN16_Layer_24	BFN16_Layer_24	BFN16_Layers	0.000000	0.000000	0.000000	0.0000	0.0000	0.000000	None	-1.0000	-1					-1	-1	-1	0	0	0.0000	-1.0000	-1.0000	-1.0000	-1.0000	-1.0000	-1.0000	-1.0000	-1.0000	-1.0000	-1.0000	-1.0000	-1.0000	-1.0000	-1.0000	-1.0000	-1.0000		0	TVA	-1.0000	-1	0.000000	None	None	-1	0	0	None	None	None	None	None	-1	-1	-1.000000	-1.000000	-1.000000	-1.000000		-1	-1
BFN16_Layer_25	BFN16_Layer_25	BFN16_Layers	0.000000	0.000000	0.000000	0.0000	0.0000	0.000000	None	-1.0000	-1					-1	-1	-1	0	0	0.0000	-1.0000	-1.0000	-1.0000	-1.0000	-1.0000	-1.0000	-1.0000	-1.0000	-1.0000	-1.0000	-1.0000	-1.0000	-1.0000	-1.0000	-1.0000	-1.0000		0	TVA	-1.0000	-1	0.000000	None	None	-1	0	0	None	None	None	None	None	-1	-1	-1.000000	-1.000000	-1.000000	-1.000000		-1	-1
BFN16_Layer_26	BFN16_Layer_26	BFN16_Layers	0.000000	0.000000	0.000000	0.0000	0.0000	0.000000	None	-1.0000	-1					-1	-1	-1	0	0	0.0000	-1.0000	-1.0000	-1.0000	-1.0000	-1.0000	-1.0000	-1.0000	-1.0000	-1.0000	-1.0000	-1.0000	-1.0000	-1.0000	-1.0000	-1.0000	-1.0000		0	TVA	-1.0000	-1	0.000000	None	None	-1	0	0	None	None	None	None	None	-1	-1	-1.000000	-1.000000	-1.000000	-1.000000		-1	-1
BFN16_Layer_27	BFN16_Layer_27	BFN16_Layers	0.000000	0.000000	0.000000	0.0000	0.0000	0.000000	None	-1.0000	-1					-1	-1	-1	0	0	0.0000	-1.0000	-1.0000	-1.0000	-1.0000	-1.0000	-1.0000	-1.0000	-1.0000	-1.0000	-1.0000	-1.0000	-1.0000	-1.0000	-1.0000	-1.0000	-1.0000		0	TVA	-1.0000	-1	0.000000	None	None	-1	0	0	None	None	None	None	None	-1	-1	-1.000000	-1.000000	-1.000000	-1.000000		-1	-1
BFN16_Layer_28	BFN16_Layer_28	BFN16_Layers	0.000000	0.000000	0.000000	0.0000	0.0000	0.000000	None	-1.0000	-1					-1	-1	-1	0	0	0.0000	-1.0000	-1.0000	-1.0000	-1.0000	-1.0000	-1.0000	-1.0000	-1.0000	-1.0000	-1.0000	-1.0000	-1.0000	-1.0000	-1.0000	-1.0000	-1.0000		0	TVA	-1.0000	-1	0.000000	None	None	-1	0	0	None	None	None	None	None	-1	-1	-1.000000	-1.000000	-1.000000	-1.000000		-1	-1
BFN16_Layer_29	BFN16_Layer_29	BFN16_Layers	0.000000	0.000000	0.000000	0.0000	0.0000	0.000000	None	-1.0000	-1					-1	-1	-1	0	0	0.0000	-1.0000	-1.0000	-1.0000	-1.0000	-1.0000	-1.0000	-1.0000	-1.0000	-1.0000	-1.0000	-1.0000	-1.0000	-1.0000	-1.0000	-1.0000	-1.0000		0	TVA	-1.0000	-1	0.000000	None	None	-1	0	0	None	None	None	None	None	-1	-1	-1.000000	-1.000000	-1.000000	-1.000000		-1	-1
BFN16_Layer_3	BFN16_Layer_3	BFN16_Layers	0.000000	0.000000	0.000000	0.0000	0.0000	0.000000	None	-1.0000	-1					-1	-1	-1	0	0	0.0000	-1.0000	-1.0000	-1.0000	-1.0000	-1.0000	-1.0000	-1.0000	-1.0000	-1.0000	-1.0000	-1.0000	-1.0000	-1.0000	-1.0000	-1.0000	-1.0000		0	TVA	-1.0000	-1	0.000000	None	None	-1	0	0	None	None	None	None	None	-1	-1	-1.000000	-1.000000	-1.000000	-1.000000		-1	-1
BFN16_Layer_30	BFN16_Layer_30	BFN16_Layers	0.000000	0.000000	0.000000	0.0000	0.0000	0.000000	None	-1.0000	-1					-1	-1	-1	0	0	0.0000	-1.0000	-1.0000	-1.0000	-1.0000	-1.0000	-1.0000	-1.0000	-1.0000	-1.0000	-1.0000	-1.0000	-1.0000	-1.0000	-1.0000	-1.0000	-1.0000		0	TVA	-1.0000	-1	0.000000	None	None	-1	0	0	None	None	None	None	None	-1	-1	-1.000000	-1.000000	-1.000000	-1.000000		-1	-1
BFN16_Layer_4	BFN16_Layer_4	BFN16_Layers	0.000000	0.000000	0.000000	0.0000	0.0000	0.000000	None	-1.0000	-1					-1	-1	-1	0	0	0.0000	-1.0000	-1.0000	-1.0000	-1.0000	-1.0000	-1.0000	-1.0000	-1.0000	-1.0000	-1.0000	-1.0000	-1.0000	-1.0000	-1.0000	-1.0000	-1.0000		0	TVA	-1.0000	-1	0.000000	None	None	-1	0	0	None	None	None	None	None	-1	-1	-1.000000	-1.000000	-1.000000	-1.000000		-1	-1
BFN16_Layer_5	BFN16_Layer_5	BFN16_Layers	0.000000	0.000000	0.000000	0.0000	0.0000	0.000000	None	-1.0000	-1					-1	-1	-1	0	0	0.0000	-1.0000	-1.0000	-1.0000	-1.0000	-1.0000	-1.0000	-1.0000	-1.0000	-1.0000	-1.0000	-1.0000	-1.0000	-1.0000	-1.0000	-1.0000	-1.0000		0	TVA	-1.0000	-1	0.000000	None	None	-1	0	0	None	None	None	None	None	-1	-1	-1.000000	-1.000000	-1.000000	-1.000000		-1	-1
BFN16_Layer_6	BFN16_Layer_6	BFN16_Layers	0.000000	0.000000	0.000000	0.0000	0.0000	0.000000	None	-1.0000	-1					-1	-1	-1	0	0	0.0000	-1.0000	-1.0000	-1.0000	-1.0000	-1.0000	-1.0000	-1.0000	-1.0000	-1.0000	-1.0000	-1.0000	-1.0000	-1.0000	-1.0000	-1.0000	-1.0000		0	TVA	-1.0000	-1	0.000000	None	None	-1	0	0	None	None	None	None	None	-1	-1	-1.000000	-1.000000	-1.000000	-1.000000		-1	-1
BFN16_Layer_7	BFN16_Layer_7	BFN16_Layers	0.000000	0.000000	0.000000	0.0000	0.0000	0.000000	None	-1.0000	-1					-1	-1	-1	0	0	0.0000	-1.0000	-1.0000	-1.0000	-1.0000	-1.0000	-1.0000	-1.0000	-1.0000	-1.0000	-1.0000	-1.0000	-1.0000	-1.0000	-1.0000	-1.0000	-1.0000		0	TVA	-1.0000	-1	0.000000	None	None	-1	0	0	None	None	None	None	None	-1	-1	-1.000000	-1.000000	-1.000000	-1.000000		-1	-1
BFN16_Layer_8	BFN16_Layer_8	BFN16_Layers	0.000000	0.000000	0.000000	0.0000	0.0000	0.000000	None	-1.0000	-1					-1	-1	-1	0	0	0.0000	-1.0000	-1.0000	-1.0000	-1.0000	-1.0000	-1.0000	-1.0000	-1.0000	-1.0000	-1.0000	-1.0000	-1.0000	-1.0000	-1.0000	-1.0000	-1.0000		0	TVA	-1.0000	-1	0.000000	None	None	-1	0	0	None	None	None	None	None	-1	-1	-1.000000	-1.000000	-1.000000	-1.000000		-1	-1
BFN16_Layer_9	BFN16_Layer_9	BFN16_Layers	0.000000	0.000000	0.000000	0.0000	0.0000	0.000000	None	-1.0000	-1					-1	-1	-1	0	0	0.0000	-1.0000	-1.0000	-1.0000	-1.0000	-1.0000	-1.0000	-1.0000	-1.0000	-1.0000	-1.0000	-1.0000	-1.0000	-1.0000	-1.0000	-1.0000	-1.0000		0	TVA	-1.0000	-1	0.000000	None	None	-1	0	0	None	None	None	None	None	-1	-1	-1.000000	-1.000000	-1.000000	-1.000000		-1	-1
BFN16_Layers	BFN16 D3D profiles	BFN16_Layers	34.707210	-87.127842	0.000000	0.0000	0.0000	0.000000	None	-1.0000	-1					-1	-1	-1	0	0	0.0000	-1.0000	-1.0000	-1.0000	-1.0000	-1.0000	-1.0000	-1.0000	-1.0000	-1.0000	-1.0000	-1.0000	-1.0000	-1.0000	-1.0000	-1.0000	-1.0000		0		-1.0000	-1	0.000000	None	None	-1	0	0	None	None	None	None	None	-1	-1	-1.000000	-1.000000	-1.000000	-1.000000		-1	-1
BFN17_10ft	BFN17_10ft	BFN 17 (DS, Left)	34.703691	-87.130883	0.000000	0.0000	0.0000	0.000000	None	-1.0000	-1					-1	-1	-1	0	0	0.0000	-1.0000	-1.0000	-1.0000	-1.0000	-1.0000	-1.0000	-1.0000	-1.0000	-1.0000	-1.0000	-1.0000	-1.0000	-1.0000	-1.0000	-1.0000	-1.0000		0	TVA	-1.0000	-1	0.000000	None	None	-1	0	0	None	None	None	None	None	-1	-1	-1.000000	-1.000000	-1.000000	-1.000000		-1	-1
BFN17_20ft	BFN17_20ft	BFN 17 (DS, Left)	34.703691	-87.130883	0.000000	0.0000	0.0000	0.000000	None	-1.0000	-1					-1	-1	-1	0	0	0.0000	-1.0000	-1.0000	-1.0000	-1.0000	-1.0000	-1.0000	-1.0000	-1.0000	-1.0000	-1.0000	-1.0000	-1.0000	-1.0000	-1.0000	-1.0000	-1.0000		0	TVA	-1.0000	-1	0.000000	None	None	-1	0	0	None	None	None	None	None	-1	-1	-1.000000	-1.000000	-1.000000	-1.000000		-1	-1
BFN17_3ft	BFN17_3ft	BFN 17 (DS, Left)	34.703691	-87.130883	0.000000	0.0000	0.0000	0.000000	None	-1.0000	-1					-1	-1	-1	0	0	0.0000	-1.0000	-1.0000	-1.0000	-1.0000	-1.0000	-1.0000	-1.0000	-1.0000	-1.0000	-1.0000	-1.0000	-1.0000	-1.0000	-1.0000	-1.0000	-1.0000		0	TVA	-1.0000	-1	0.000000	None	None	-1	0	0	None	None	None	None	None	-1	-1	-1.000000	-1.000000	-1.000000	-1.000000		-1	-1
BFN17_5ft	BFN17_5ft	BFN 17 (DS, Left)	34.703691	-87.130883	0.000000	0.0000	0.0000	0.000000	None	-1.0000	-1					-1	-1	-1	0	0	0.0000	-1.0000	-1.0000	-1.0000	-1.0000	-1.0000	-1.0000	-1.0000	-1.0000	-1.0000	-1.0000	-1.0000	-1.0000	-1.0000	-1.0000	-1.0000	-1.0000		0	TVA	-1.0000	-1	0.000000	None	None	-1	0	0	None	None	None	None	None	-1	-1	-1.000000	-1.000000	-1.000000	-1.000000		-1	-1
BFN17_7ft	BFN17_7ft	BFN 17 (DS, Left)	34.703691	-87.130883	0.000000	0.0000	0.0000	0.000000	None	-1.0000	-1					-1	-1	-1	0	0	0.0000	-1.0000	-1.0000	-1.0000	-1.0000	-1.0000	-1.0000	-1.0000	-1.0000	-1.0000	-1.0000	-1.0000	-1.0000	-1.0000	-1.0000	-1.0000	-1.0000		0	TVA	-1.0000	-1	0.000000	None	None	-1	0	0	None	None	None	None	None	-1	-1	-1.000000	-1.000000	-1.000000	-1.000000		-1	-1
BFN17_Layer_1	BFN17_Layer_1	BFN17_Layers	0.000000	0.000000	0.000000	0.0000	0.0000	0.000000	None	-1.0000	-1					-1	-1	-1	0	0	0.0000	-1.0000	-1.0000	-1.0000	-1.0000	-1.0000	-1.0000	-1.0000	-1.0000	-1.0000	-1.0000	-1.0000	-1.0000	-1.0000	-1.0000	-1.0000	-1.0000		0	TVA	-1.0000	-1	0.000000	None	None	-1	0	0	None	None	None	None	None	-1	-1	-1.000000	-1.000000	-1.000000	-1.000000		-1	-1
BFN17_Layer_10	BFN17_Layer_10	BFN17_Layers	0.000000	0.000000	0.000000	0.0000	0.0000	0.000000	None	-1.0000	-1					-1	-1	-1	0	0	0.0000	-1.0000	-1.0000	-1.0000	-1.0000	-1.0000	-1.0000	-1.0000	-1.0000	-1.0000	-1.0000	-1.0000	-1.0000	-1.0000	-1.0000	-1.0000	-1.0000		0	TVA	-1.0000	-1	0.000000	None	None	-1	0	0	None	None	None	None	None	-1	-1	-1.000000	-1.000000	-1.000000	-1.000000		-1	-1
BFN17_Layer_11	BFN17_Layer_11	BFN17_Layers	0.000000	0.000000	0.000000	0.0000	0.0000	0.000000	None	-1.0000	-1					-1	-1	-1	0	0	0.0000	-1.0000	-1.0000	-1.0000	-1.0000	-1.0000	-1.0000	-1.0000	-1.0000	-1.0000	-1.0000	-1.0000	-1.0000	-1.0000	-1.0000	-1.0000	-1.0000		0	TVA	-1.0000	-1	0.000000	None	None	-1	0	0	None	None	None	None	None	-1	-1	-1.000000	-1.000000	-1.000000	-1.000000		-1	-1
BFN17_Layer_12	BFN17_Layer_12	BFN17_Layers	0.000000	0.000000	0.000000	0.0000	0.0000	0.000000	None	-1.0000	-1					-1	-1	-1	0	0	0.0000	-1.0000	-1.0000	-1.0000	-1.0000	-1.0000	-1.0000	-1.0000	-1.0000	-1.0000	-1.0000	-1.0000	-1.0000	-1.0000	-1.0000	-1.0000	-1.0000		0	TVA	-1.0000	-1	0.000000	None	None	-1	0	0	None	None	None	None	None	-1	-1	-1.000000	-1.000000	-1.000000	-1.000000		-1	-1
BFN17_Layer_13	BFN17_Layer_13	BFN17_Layers	0.000000	0.000000	0.000000	0.0000	0.0000	0.000000	None	-1.0000	-1					-1	-1	-1	0	0	0.0000	-1.0000	-1.0000	-1.0000	-1.0000	-1.0000	-1.0000	-1.0000	-1.0000	-1.0000	-1.0000	-1.0000	-1.0000	-1.0000	-1.0000	-1.0000	-1.0000		0	TVA	-1.0000	-1	0.000000	None	None	-1	0	0	None	None	None	None	None	-1	-1	-1.000000	-1.000000	-1.000000	-1.000000		-1	-1
BFN17_Layer_14	BFN17_Layer_14	BFN17_Layers	0.000000	0.000000	0.000000	0.0000	0.0000	0.000000	None	-1.0000	-1					-1	-1	-1	0	0	0.0000	-1.0000	-1.0000	-1.0000	-1.0000	-1.0000	-1.0000	-1.0000	-1.0000	-1.0000	-1.0000	-1.0000	-1.0000	-1.0000	-1.0000	-1.0000	-1.0000		0	TVA	-1.0000	-1	0.000000	None	None	-1	0	0	None	None	None	None	None	-1	-1	-1.000000	-1.000000	-1.000000	-1.000000		-1	-1
BFN17_Layer_15	BFN17_Layer_15	BFN17_Layers	0.000000	0.000000	0.000000	0.0000	0.0000	0.000000	None	-1.0000	-1					-1	-1	-1	0	0	0.0000	-1.0000	-1.0000	-1.0000	-1.0000	-1.0000	-1.0000	-1.0000	-1.0000	-1.0000	-1.0000	-1.0000	-1.0000	-1.0000	-1.0000	-1.0000	-1.0000		0	TVA	-1.0000	-1	0.000000	None	None	-1	0	0	None	None	None	None	None	-1	-1	-1.000000	-1.000000	-1.000000	-1.000000		-1	-1
BFN17_Layer_16	BFN17_Layer_16	BFN17_Layers	0.000000	0.000000	0.000000	0.0000	0.0000	0.000000	None	-1.0000	-1					-1	-1	-1	0	0	0.0000	-1.0000	-1.0000	-1.0000	-1.0000	-1.0000	-1.0000	-1.0000	-1.0000	-1.0000	-1.0000	-1.0000	-1.0000	-1.0000	-1.0000	-1.0000	-1.0000		0	TVA	-1.0000	-1	0.000000	None	None	-1	0	0	None	None	None	None	None	-1	-1	-1.000000	-1.000000	-1.000000	-1.000000		-1	-1
BFN17_Layer_17	BFN17_Layer_17	BFN17_Layers	0.000000	0.000000	0.000000	0.0000	0.0000	0.000000	None	-1.0000	-1					-1	-1	-1	0	0	0.0000	-1.0000	-1.0000	-1.0000	-1.0000	-1.0000	-1.0000	-1.0000	-1.0000	-1.0000	-1.0000	-1.0000	-1.0000	-1.0000	-1.0000	-1.0000	-1.0000		0	TVA	-1.0000	-1	0.000000	None	None	-1	0	0	None	None	None	None	None	-1	-1	-1.000000	-1.000000	-1.000000	-1.000000		-1	-1
BFN17_Layer_18	BFN17_Layer_18	BFN17_Layers	0.000000	0.000000	0.000000	0.0000	0.0000	0.000000	None	-1.0000	-1					-1	-1	-1	0	0	0.0000	-1.0000	-1.0000	-1.0000	-1.0000	-1.0000	-1.0000	-1.0000	-1.0000	-1.0000	-1.0000	-1.0000	-1.0000	-1.0000	-1.0000	-1.0000	-1.0000		0	TVA	-1.0000	-1	0.000000	None	None	-1	0	0	None	None	None	None	None	-1	-1	-1.000000	-1.000000	-1.000000	-1.000000		-1	-1
BFN17_Layer_19	BFN17_Layer_19	BFN17_Layers	0.000000	0.000000	0.000000	0.0000	0.0000	0.000000	None	-1.0000	-1					-1	-1	-1	0	0	0.0000	-1.0000	-1.0000	-1.0000	-1.0000	-1.0000	-1.0000	-1.0000	-1.0000	-1.0000	-1.0000	-1.0000	-1.0000	-1.0000	-1.0000	-1.0000	-1.0000		0	TVA	-1.0000	-1	0.000000	None	None	-1	0	0	None	None	None	None	None	-1	-1	-1.000000	-1.000000	-1.000000	-1.000000		-1	-1
BFN17_Layer_2	BFN17_Layer_2	BFN17_Layers	0.000000	0.000000	0.000000	0.0000	0.0000	0.000000	None	-1.0000	-1					-1	-1	-1	0	0	0.0000	-1.0000	-1.0000	-1.0000	-1.0000	-1.0000	-1.0000	-1.0000	-1.0000	-1.0000	-1.0000	-1.0000	-1.0000	-1.0000	-1.0000	-1.0000	-1.0000		0	TVA	-1.0000	-1	0.000000	None	None	-1	0	0	None	None	None	None	None	-1	-1	-1.000000	-1.000000	-1.000000	-1.000000		-1	-1
BFN17_Layer_20	BFN17_Layer_20	BFN17_Layers	0.000000	0.000000	0.000000	0.0000	0.0000	0.000000	None	-1.0000	-1					-1	-1	-1	0	0	0.0000	-1.0000	-1.0000	-1.0000	-1.0000	-1.0000	-1.0000	-1.0000	-1.0000	-1.0000	-1.0000	-1.0000	-1.0000	-1.0000	-1.0000	-1.0000	-1.0000		0	TVA	-1.0000	-1	0.000000	None	None	-1	0	0	None	None	None	None	None	-1	-1	-1.000000	-1.000000	-1.000000	-1.000000		-1	-1
BFN17_Layer_21	BFN17_Layer_21	BFN17_Layers	0.000000	0.000000	0.000000	0.0000	0.0000	0.000000	None	-1.0000	-1					-1	-1	-1	0	0	0.0000	-1.0000	-1.0000	-1.0000	-1.0000	-1.0000	-1.0000	-1.0000	-1.0000	-1.0000	-1.0000	-1.0000	-1.0000	-1.0000	-1.0000	-1.0000	-1.0000		0	TVA	-1.0000	-1	0.000000	None	None	-1	0	0	None	None	None	None	None	-1	-1	-1.000000	-1.000000	-1.000000	-1.000000		-1	-1
BFN17_Layer_22	BFN17_Layer_22	BFN17_Layers	0.000000	0.000000	0.000000	0.0000	0.0000	0.000000	None	-1.0000	-1					-1	-1	-1	0	0	0.0000	-1.0000	-1.0000	-1.0000	-1.0000	-1.0000	-1.0000	-1.0000	-1.0000	-1.0000	-1.0000	-1.0000	-1.0000	-1.0000	-1.0000	-1.0000	-1.0000		0	TVA	-1.0000	-1	0.000000	None	None	-1	0	0	None	None	None	None	None	-1	-1	-1.000000	-1.000000	-1.000000	-1.000000		-1	-1
BFN17_Layer_23	BFN17_Layer_23	BFN17_Layers	0.000000	0.000000	0.000000	0.0000	0.0000	0.000000	None	-1.0000	-1					-1	-1	-1	0	0	0.0000	-1.0000	-1.0000	-1.0000	-1.0000	-1.0000	-1.0000	-1.0000	-1.0000	-1.0000	-1.0000	-1.0000	-1.0000	-1.0000	-1.0000	-1.0000	-1.0000		0	TVA	-1.0000	-1	0.000000	None	None	-1	0	0	None	None	None	None	None	-1	-1	-1.000000	-1.000000	-1.000000	-1.000000		-1	-1
BFN17_Layer_24	BFN17_Layer_24	BFN17_Layers	0.000000	0.000000	0.000000	0.0000	0.0000	0.000000	None	-1.0000	-1					-1	-1	-1	0	0	0.0000	-1.0000	-1.0000	-1.0000	-1.0000	-1.0000	-1.0000	-1.0000	-1.0000	-1.0000	-1.0000	-1.0000	-1.0000	-1.0000	-1.0000	-1.0000	-1.0000		0	TVA	-1.0000	-1	0.000000	None	None	-1	0	0	None	None	None	None	None	-1	-1	-1.000000	-1.000000	-1.000000	-1.000000		-1	-1
BFN17_Layer_25	BFN17_Layer_25	BFN17_Layers	0.000000	0.000000	0.000000	0.0000	0.0000	0.000000	None	-1.0000	-1					-1	-1	-1	0	0	0.0000	-1.0000	-1.0000	-1.0000	-1.0000	-1.0000	-1.0000	-1.0000	-1.0000	-1.0000	-1.0000	-1.0000	-1.0000	-1.0000	-1.0000	-1.0000	-1.0000		0	TVA	-1.0000	-1	0.000000	None	None	-1	0	0	None	None	None	None	None	-1	-1	-1.000000	-1.000000	-1.000000	-1.000000		-1	-1
BFN17_Layer_26	BFN17_Layer_26	BFN17_Layers	0.000000	0.000000	0.000000	0.0000	0.0000	0.000000	None	-1.0000	-1					-1	-1	-1	0	0	0.0000	-1.0000	-1.0000	-1.0000	-1.0000	-1.0000	-1.0000	-1.0000	-1.0000	-1.0000	-1.0000	-1.0000	-1.0000	-1.0000	-1.0000	-1.0000	-1.0000		0	TVA	-1.0000	-1	0.000000	None	None	-1	0	0	None	None	None	None	None	-1	-1	-1.000000	-1.000000	-1.000000	-1.000000		-1	-1
BFN17_Layer_27	BFN17_Layer_27	BFN17_Layers	0.000000	0.000000	0.000000	0.0000	0.0000	0.000000	None	-1.0000	-1					-1	-1	-1	0	0	0.0000	-1.0000	-1.0000	-1.0000	-1.0000	-1.0000	-1.0000	-1.0000	-1.0000	-1.0000	-1.0000	-1.0000	-1.0000	-1.0000	-1.0000	-1.0000	-1.0000		0	TVA	-1.0000	-1	0.000000	None	None	-1	0	0	None	None	None	None	None	-1	-1	-1.000000	-1.000000	-1.000000	-1.000000		-1	-1
BFN17_Layer_28	BFN17_Layer_28	BFN17_Layers	0.000000	0.000000	0.000000	0.0000	0.0000	0.000000	None	-1.0000	-1					-1	-1	-1	0	0	0.0000	-1.0000	-1.0000	-1.0000	-1.0000	-1.0000	-1.0000	-1.0000	-1.0000	-1.0000	-1.0000	-1.0000	-1.0000	-1.0000	-1.0000	-1.0000	-1.0000		0	TVA	-1.0000	-1	0.000000	None	None	-1	0	0	None	None	None	None	None	-1	-1	-1.000000	-1.000000	-1.000000	-1.000000		-1	-1
BFN17_Layer_29	BFN17_Layer_29	BFN17_Layers	0.000000	0.000000	0.000000	0.0000	0.0000	0.000000	None	-1.0000	-1					-1	-1	-1	0	0	0.0000	-1.0000	-1.0000	-1.0000	-1.0000	-1.0000	-1.0000	-1.0000	-1.0000	-1.0000	-1.0000	-1.0000	-1.0000	-1.0000	-1.0000	-1.0000	-1.0000		0	TVA	-1.0000	-1	0.000000	None	None	-1	0	0	None	None	None	None	None	-1	-1	-1.000000	-1.000000	-1.000000	-1.000000		-1	-1
BFN17_Layer_3	BFN17_Layer_3	BFN17_Layers	0.000000	0.000000	0.000000	0.0000	0.0000	0.000000	None	-1.0000	-1					-1	-1	-1	0	0	0.0000	-1.0000	-1.0000	-1.0000	-1.0000	-1.0000	-1.0000	-1.0000	-1.0000	-1.0000	-1.0000	-1.0000	-1.0000	-1.0000	-1.0000	-1.0000	-1.0000		0	TVA	-1.0000	-1	0.000000	None	None	-1	0	0	None	None	None	None	None	-1	-1	-1.000000	-1.000000	-1.000000	-1.000000		-1	-1
BFN17_Layer_30	BFN17_Layer_30	BFN17_Layers	0.000000	0.000000	0.000000	0.0000	0.0000	0.000000	None	-1.0000	-1					-1	-1	-1	0	0	0.0000	-1.0000	-1.0000	-1.0000	-1.0000	-1.0000	-1.0000	-1.0000	-1.0000	-1.0000	-1.0000	-1.0000	-1.0000	-1.0000	-1.0000	-1.0000	-1.0000		0	TVA	-1.0000	-1	0.000000	None	None	-1	0	0	None	None	None	None	None	-1	-1	-1.000000	-1.000000	-1.000000	-1.000000		-1	-1
BFN17_Layer_4	BFN17_Layer_4	BFN17_Layers	0.000000	0.000000	0.000000	0.0000	0.0000	0.000000	None	-1.0000	-1					-1	-1	-1	0	0	0.0000	-1.0000	-1.0000	-1.0000	-1.0000	-1.0000	-1.0000	-1.0000	-1.0000	-1.0000	-1.0000	-1.0000	-1.0000	-1.0000	-1.0000	-1.0000	-1.0000		0	TVA	-1.0000	-1	0.000000	None	None	-1	0	0	None	None	None	None	None	-1	-1	-1.000000	-1.000000	-1.000000	-1.000000		-1	-1
BFN17_Layer_5	BFN17_Layer_5	BFN17_Layers	0.000000	0.000000	0.000000	0.0000	0.0000	0.000000	None	-1.0000	-1					-1	-1	-1	0	0	0.0000	-1.0000	-1.0000	-1.0000	-1.0000	-1.0000	-1.0000	-1.0000	-1.0000	-1.0000	-1.0000	-1.0000	-1.0000	-1.0000	-1.0000	-1.0000	-1.0000		0	TVA	-1.0000	-1	0.000000	None	None	-1	0	0	None	None	None	None	None	-1	-1	-1.000000	-1.000000	-1.000000	-1.000000		-1	-1
BFN17_Layer_6	BFN17_Layer_6	BFN17_Layers	0.000000	0.000000	0.000000	0.0000	0.0000	0.000000	None	-1.0000	-1					-1	-1	-1	0	0	0.0000	-1.0000	-1.0000	-1.0000	-1.0000	-1.0000	-1.0000	-1.0000	-1.0000	-1.0000	-1.0000	-1.0000	-1.0000	-1.0000	-1.0000	-1.0000	-1.0000		0	TVA	-1.0000	-1	0.000000	None	None	-1	0	0	None	None	None	None	None	-1	-1	-1.000000	-1.000000	-1.000000	-1.000000		-1	-1
BFN17_Layer_7	BFN17_Layer_7	BFN17_Layers	0.000000	0.000000	0.000000	0.0000	0.0000	0.000000	None	-1.0000	-1					-1	-1	-1	0	0	0.0000	-1.0000	-1.0000	-1.0000	-1.0000	-1.0000	-1.0000	-1.0000	-1.0000	-1.0000	-1.0000	-1.0000	-1.0000	-1.0000	-1.0000	-1.0000	-1.0000		0	TVA	-1.0000	-1	0.000000	None	None	-1	0	0	None	None	None	None	None	-1	-1	-1.000000	-1.000000	-1.000000	-1.000000		-1	-1
BFN17_Layer_8	BFN17_Layer_8	BFN17_Layers	0.000000	0.000000	0.000000	0.0000	0.0000	0.000000	None	-1.0000	-1					-1	-1	-1	0	0	0.0000	-1.0000	-1.0000	-1.0000	-1.0000	-1.0000	-1.0000	-1.0000	-1.0000	-1.0000	-1.0000	-1.0000	-1.0000	-1.0000	-1.0000	-1.0000	-1.0000		0	TVA	-1.0000	-1	0.000000	None	None	-1	0	0	None	None	None	None	None	-1	-1	-1.000000	-1.000000	-1.000000	-1.000000		-1	-1
BFN17_Layer_9	BFN17_Layer_9	BFN17_Layers	0.000000	0.000000	0.000000	0.0000	0.0000	0.000000	None	-1.0000	-1					-1	-1	-1	0	0	0.0000	-1.0000	-1.0000	-1.0000	-1.0000	-1.0000	-1.0000	-1.0000	-1.0000	-1.0000	-1.0000	-1.0000	-1.0000	-1.0000	-1.0000	-1.0000	-1.0000		0	TVA	-1.0000	-1	0.000000	None	None	-1	0	0	None	None	None	None	None	-1	-1	-1.000000	-1.000000	-1.000000	-1.000000		-1	-1
BFN17_Layers	BFN17 D3D profiles	BFN17_Layers	34.703691	-87.130883	0.000000	0.0000	0.0000	0.000000	None	-1.0000	-1					-1	-1	-1	0	0	0.0000	-1.0000	-1.0000	-1.0000	-1.0000	-1.0000	-1.0000	-1.0000	-1.0000	-1.0000	-1.0000	-1.0000	-1.0000	-1.0000	-1.0000	-1.0000	-1.0000		0		-1.0000	-1	0.000000	None	None	-1	0	0	None	None	None	None	None	-1	-1	-1.000000	-1.000000	-1.000000	-1.000000		-1	-1
BFN18_Layer_1	BFN18_Layer_1	BFN18_Layers	0.000000	0.000000	0.000000	0.0000	0.0000	0.000000	None	-1.0000	-1					-1	-1	-1	0	0	0.0000	-1.0000	-1.0000	-1.0000	-1.0000	-1.0000	-1.0000	-1.0000	-1.0000	-1.0000	-1.0000	-1.0000	-1.0000	-1.0000	-1.0000	-1.0000	-1.0000		0	TVA	-1.0000	-1	0.000000	None	None	-1	0	0	None	None	None	None	None	-1	-1	-1.000000	-1.000000	-1.000000	-1.000000		-1	-1
BFN18_Layer_10	BFN18_Layer_10	BFN18_Layers	0.000000	0.000000	0.000000	0.0000	0.0000	0.000000	None	-1.0000	-1					-1	-1	-1	0	0	0.0000	-1.0000	-1.0000	-1.0000	-1.0000	-1.0000	-1.0000	-1.0000	-1.0000	-1.0000	-1.0000	-1.0000	-1.0000	-1.0000	-1.0000	-1.0000	-1.0000		0	TVA	-1.0000	-1	0.000000	None	None	-1	0	0	None	None	None	None	None	-1	-1	-1.000000	-1.000000	-1.000000	-1.000000		-1	-1
BFN18_Layer_11	BFN18_Layer_11	BFN18_Layers	0.000000	0.000000	0.000000	0.0000	0.0000	0.000000	None	-1.0000	-1					-1	-1	-1	0	0	0.0000	-1.0000	-1.0000	-1.0000	-1.0000	-1.0000	-1.0000	-1.0000	-1.0000	-1.0000	-1.0000	-1.0000	-1.0000	-1.0000	-1.0000	-1.0000	-1.0000		0	TVA	-1.0000	-1	0.000000	None	None	-1	0	0	None	None	None	None	None	-1	-1	-1.000000	-1.000000	-1.000000	-1.000000		-1	-1
BFN18_Layer_12	BFN18_Layer_12	BFN18_Layers	0.000000	0.000000	0.000000	0.0000	0.0000	0.000000	None	-1.0000	-1					-1	-1	-1	0	0	0.0000	-1.0000	-1.0000	-1.0000	-1.0000	-1.0000	-1.0000	-1.0000	-1.0000	-1.0000	-1.0000	-1.0000	-1.0000	-1.0000	-1.0000	-1.0000	-1.0000		0	TVA	-1.0000	-1	0.000000	None	None	-1	0	0	None	None	None	None	None	-1	-1	-1.000000	-1.000000	-1.000000	-1.000000		-1	-1
BFN18_Layer_13	BFN18_Layer_13	BFN18_Layers	0.000000	0.000000	0.000000	0.0000	0.0000	0.000000	None	-1.0000	-1					-1	-1	-1	0	0	0.0000	-1.0000	-1.0000	-1.0000	-1.0000	-1.0000	-1.0000	-1.0000	-1.0000	-1.0000	-1.0000	-1.0000	-1.0000	-1.0000	-1.0000	-1.0000	-1.0000		0	TVA	-1.0000	-1	0.000000	None	None	-1	0	0	None	None	None	None	None	-1	-1	-1.000000	-1.000000	-1.000000	-1.000000		-1	-1
BFN18_Layer_14	BFN18_Layer_14	BFN18_Layers	0.000000	0.000000	0.000000	0.0000	0.0000	0.000000	None	-1.0000	-1					-1	-1	-1	0	0	0.0000	-1.0000	-1.0000	-1.0000	-1.0000	-1.0000	-1.0000	-1.0000	-1.0000	-1.0000	-1.0000	-1.0000	-1.0000	-1.0000	-1.0000	-1.0000	-1.0000		0	TVA	-1.0000	-1	0.000000	None	None	-1	0	0	None	None	None	None	None	-1	-1	-1.000000	-1.000000	-1.000000	-1.000000		-1	-1
BFN18_Layer_15	BFN18_Layer_15	BFN18_Layers	0.000000	0.000000	0.000000	0.0000	0.0000	0.000000	None	-1.0000	-1					-1	-1	-1	0	0	0.0000	-1.0000	-1.0000	-1.0000	-1.0000	-1.0000	-1.0000	-1.0000	-1.0000	-1.0000	-1.0000	-1.0000	-1.0000	-1.0000	-1.0000	-1.0000	-1.0000		0	TVA	-1.0000	-1	0.000000	None	None	-1	0	0	None	None	None	None	None	-1	-1	-1.000000	-1.000000	-1.000000	-1.000000		-1	-1
BFN18_Layer_16	BFN18_Layer_16	BFN18_Layers	0.000000	0.000000	0.000000	0.0000	0.0000	0.000000	None	-1.0000	-1					-1	-1	-1	0	0	0.0000	-1.0000	-1.0000	-1.0000	-1.0000	-1.0000	-1.0000	-1.0000	-1.0000	-1.0000	-1.0000	-1.0000	-1.0000	-1.0000	-1.0000	-1.0000	-1.0000		0	TVA	-1.0000	-1	0.000000	None	None	-1	0	0	None	None	None	None	None	-1	-1	-1.000000	-1.000000	-1.000000	-1.000000		-1	-1
BFN18_Layer_17	BFN18_Layer_17	BFN18_Layers	0.000000	0.000000	0.000000	0.0000	0.0000	0.000000	None	-1.0000	-1					-1	-1	-1	0	0	0.0000	-1.0000	-1.0000	-1.0000	-1.0000	-1.0000	-1.0000	-1.0000	-1.0000	-1.0000	-1.0000	-1.0000	-1.0000	-1.0000	-1.0000	-1.0000	-1.0000		0	TVA	-1.0000	-1	0.000000	None	None	-1	0	0	None	None	None	None	None	-1	-1	-1.000000	-1.000000	-1.000000	-1.000000		-1	-1
BFN18_Layer_18	BFN18_Layer_18	BFN18_Layers	0.000000	0.000000	0.000000	0.0000	0.0000	0.000000	None	-1.0000	-1					-1	-1	-1	0	0	0.0000	-1.0000	-1.0000	-1.0000	-1.0000	-1.0000	-1.0000	-1.0000	-1.0000	-1.0000	-1.0000	-1.0000	-1.0000	-1.0000	-1.0000	-1.0000	-1.0000		0	TVA	-1.0000	-1	0.000000	None	None	-1	0	0	None	None	None	None	None	-1	-1	-1.000000	-1.000000	-1.000000	-1.000000		-1	-1
BFN18_Layer_19	BFN18_Layer_19	BFN18_Layers	0.000000	0.000000	0.000000	0.0000	0.0000	0.000000	None	-1.0000	-1					-1	-1	-1	0	0	0.0000	-1.0000	-1.0000	-1.0000	-1.0000	-1.0000	-1.0000	-1.0000	-1.0000	-1.0000	-1.0000	-1.0000	-1.0000	-1.0000	-1.0000	-1.0000	-1.0000		0	TVA	-1.0000	-1	0.000000	None	None	-1	0	0	None	None	None	None	None	-1	-1	-1.000000	-1.000000	-1.000000	-1.000000		-1	-1
BFN18_Layer_2	BFN18_Layer_2	BFN18_Layers	0.000000	0.000000	0.000000	0.0000	0.0000	0.000000	None	-1.0000	-1					-1	-1	-1	0	0	0.0000	-1.0000	-1.0000	-1.0000	-1.0000	-1.0000	-1.0000	-1.0000	-1.0000	-1.0000	-1.0000	-1.0000	-1.0000	-1.0000	-1.0000	-1.0000	-1.0000		0	TVA	-1.0000	-1	0.000000	None	None	-1	0	0	None	None	None	None	None	-1	-1	-1.000000	-1.000000	-1.000000	-1.000000		-1	-1
BFN18_Layer_20	BFN18_Layer_20	BFN18_Layers	0.000000	0.000000	0.000000	0.0000	0.0000	0.000000	None	-1.0000	-1					-1	-1	-1	0	0	0.0000	-1.0000	-1.0000	-1.0000	-1.0000	-1.0000	-1.0000	-1.0000	-1.0000	-1.0000	-1.0000	-1.0000	-1.0000	-1.0000	-1.0000	-1.0000	-1.0000		0	TVA	-1.0000	-1	0.000000	None	None	-1	0	0	None	None	None	None	None	-1	-1	-1.000000	-1.000000	-1.000000	-1.000000		-1	-1
BFN18_Layer_21	BFN18_Layer_21	BFN18_Layers	0.000000	0.000000	0.000000	0.0000	0.0000	0.000000	None	-1.0000	-1					-1	-1	-1	0	0	0.0000	-1.0000	-1.0000	-1.0000	-1.0000	-1.0000	-1.0000	-1.0000	-1.0000	-1.0000	-1.0000	-1.0000	-1.0000	-1.0000	-1.0000	-1.0000	-1.0000		0	TVA	-1.0000	-1	0.000000	None	None	-1	0	0	None	None	None	None	None	-1	-1	-1.000000	-1.000000	-1.000000	-1.000000		-1	-1
BFN18_Layer_22	BFN18_Layer_22	BFN18_Layers	0.000000	0.000000	0.000000	0.0000	0.0000	0.000000	None	-1.0000	-1					-1	-1	-1	0	0	0.0000	-1.0000	-1.0000	-1.0000	-1.0000	-1.0000	-1.0000	-1.0000	-1.0000	-1.0000	-1.0000	-1.0000	-1.0000	-1.0000	-1.0000	-1.0000	-1.0000		0	TVA	-1.0000	-1	0.000000	None	None	-1	0	0	None	None	None	None	None	-1	-1	-1.000000	-1.000000	-1.000000	-1.000000		-1	-1
BFN18_Layer_23	BFN18_Layer_23	BFN18_Layers	0.000000	0.000000	0.000000	0.0000	0.0000	0.000000	None	-1.0000	-1					-1	-1	-1	0	0	0.0000	-1.0000	-1.0000	-1.0000	-1.0000	-1.0000	-1.0000	-1.0000	-1.0000	-1.0000	-1.0000	-1.0000	-1.0000	-1.0000	-1.0000	-1.0000	-1.0000		0	TVA	-1.0000	-1	0.000000	None	None	-1	0	0	None	None	None	None	None	-1	-1	-1.000000	-1.000000	-1.000000	-1.000000		-1	-1
BFN18_Layer_24	BFN18_Layer_24	BFN18_Layers	0.000000	0.000000	0.000000	0.0000	0.0000	0.000000	None	-1.0000	-1					-1	-1	-1	0	0	0.0000	-1.0000	-1.0000	-1.0000	-1.0000	-1.0000	-1.0000	-1.0000	-1.0000	-1.0000	-1.0000	-1.0000	-1.0000	-1.0000	-1.0000	-1.0000	-1.0000		0	TVA	-1.0000	-1	0.000000	None	None	-1	0	0	None	None	None	None	None	-1	-1	-1.000000	-1.000000	-1.000000	-1.000000		-1	-1
BFN18_Layer_25	BFN18_Layer_25	BFN18_Layers	0.000000	0.000000	0.000000	0.0000	0.0000	0.000000	None	-1.0000	-1					-1	-1	-1	0	0	0.0000	-1.0000	-1.0000	-1.0000	-1.0000	-1.0000	-1.0000	-1.0000	-1.0000	-1.0000	-1.0000	-1.0000	-1.0000	-1.0000	-1.0000	-1.0000	-1.0000		0	TVA	-1.0000	-1	0.000000	None	None	-1	0	0	None	None	None	None	None	-1	-1	-1.000000	-1.000000	-1.000000	-1.000000		-1	-1
BFN18_Layer_26	BFN18_Layer_26	BFN18_Layers	0.000000	0.000000	0.000000	0.0000	0.0000	0.000000	None	-1.0000	-1					-1	-1	-1	0	0	0.0000	-1.0000	-1.0000	-1.0000	-1.0000	-1.0000	-1.0000	-1.0000	-1.0000	-1.0000	-1.0000	-1.0000	-1.0000	-1.0000	-1.0000	-1.0000	-1.0000		0	TVA	-1.0000	-1	0.000000	None	None	-1	0	0	None	None	None	None	None	-1	-1	-1.000000	-1.000000	-1.000000	-1.000000		-1	-1
BFN18_Layer_27	BFN18_Layer_27	BFN18_Layers	0.000000	0.000000	0.000000	0.0000	0.0000	0.000000	None	-1.0000	-1					-1	-1	-1	0	0	0.0000	-1.0000	-1.0000	-1.0000	-1.0000	-1.0000	-1.0000	-1.0000	-1.0000	-1.0000	-1.0000	-1.0000	-1.0000	-1.0000	-1.0000	-1.0000	-1.0000		0	TVA	-1.0000	-1	0.000000	None	None	-1	0	0	None	None	None	None	None	-1	-1	-1.000000	-1.000000	-1.000000	-1.000000		-1	-1
BFN18_Layer_28	BFN18_Layer_28	BFN18_Layers	0.000000	0.000000	0.000000	0.0000	0.0000	0.000000	None	-1.0000	-1					-1	-1	-1	0	0	0.0000	-1.0000	-1.0000	-1.0000	-1.0000	-1.0000	-1.0000	-1.0000	-1.0000	-1.0000	-1.0000	-1.0000	-1.0000	-1.0000	-1.0000	-1.0000	-1.0000		0	TVA	-1.0000	-1	0.000000	None	None	-1	0	0	None	None	None	None	None	-1	-1	-1.000000	-1.000000	-1.000000	-1.000000		-1	-1
BFN18_Layer_29	BFN18_Layer_29	BFN18_Layers	0.000000	0.000000	0.000000	0.0000	0.0000	0.000000	None	-1.0000	-1					-1	-1	-1	0	0	0.0000	-1.0000	-1.0000	-1.0000	-1.0000	-1.0000	-1.0000	-1.0000	-1.0000	-1.0000	-1.0000	-1.0000	-1.0000	-1.0000	-1.0000	-1.0000	-1.0000		0	TVA	-1.0000	-1	0.000000	None	None	-1	0	0	None	None	None	None	None	-1	-1	-1.000000	-1.000000	-1.000000	-1.000000		-1	-1
BFN18_Layer_3	BFN18_Layer_3	BFN18_Layers	0.000000	0.000000	0.000000	0.0000	0.0000	0.000000	None	-1.0000	-1					-1	-1	-1	0	0	0.0000	-1.0000	-1.0000	-1.0000	-1.0000	-1.0000	-1.0000	-1.0000	-1.0000	-1.0000	-1.0000	-1.0000	-1.0000	-1.0000	-1.0000	-1.0000	-1.0000		0	TVA	-1.0000	-1	0.000000	None	None	-1	0	0	None	None	None	None	None	-1	-1	-1.000000	-1.000000	-1.000000	-1.000000		-1	-1
BFN18_Layer_30	BFN18_Layer_30	BFN18_Layers	0.000000	0.000000	0.000000	0.0000	0.0000	0.000000	None	-1.0000	-1					-1	-1	-1	0	0	0.0000	-1.0000	-1.0000	-1.0000	-1.0000	-1.0000	-1.0000	-1.0000	-1.0000	-1.0000	-1.0000	-1.0000	-1.0000	-1.0000	-1.0000	-1.0000	-1.0000		0	TVA	-1.0000	-1	0.000000	None	None	-1	0	0	None	None	None	None	None	-1	-1	-1.000000	-1.000000	-1.000000	-1.000000		-1	-1
BFN18_Layer_4	BFN18_Layer_4	BFN18_Layers	0.000000	0.000000	0.000000	0.0000	0.0000	0.000000	None	-1.0000	-1					-1	-1	-1	0	0	0.0000	-1.0000	-1.0000	-1.0000	-1.0000	-1.0000	-1.0000	-1.0000	-1.0000	-1.0000	-1.0000	-1.0000	-1.0000	-1.0000	-1.0000	-1.0000	-1.0000		0	TVA	-1.0000	-1	0.000000	None	None	-1	0	0	None	None	None	None	None	-1	-1	-1.000000	-1.000000	-1.000000	-1.000000		-1	-1
BFN18_Layer_5	BFN18_Layer_5	BFN18_Layers	0.000000	0.000000	0.000000	0.0000	0.0000	0.000000	None	-1.0000	-1					-1	-1	-1	0	0	0.0000	-1.0000	-1.0000	-1.0000	-1.0000	-1.0000	-1.0000	-1.0000	-1.0000	-1.0000	-1.0000	-1.0000	-1.0000	-1.0000	-1.0000	-1.0000	-1.0000		0	TVA	-1.0000	-1	0.000000	None	None	-1	0	0	None	None	None	None	None	-1	-1	-1.000000	-1.000000	-1.000000	-1.000000		-1	-1
BFN18_Layer_6	BFN18_Layer_6	BFN18_Layers	0.000000	0.000000	0.000000	0.0000	0.0000	0.000000	None	-1.0000	-1					-1	-1	-1	0	0	0.0000	-1.0000	-1.0000	-1.0000	-1.0000	-1.0000	-1.0000	-1.0000	-1.0000	-1.0000	-1.0000	-1.0000	-1.0000	-1.0000	-1.0000	-1.0000	-1.0000		0	TVA	-1.0000	-1	0.000000	None	None	-1	0	0	None	None	None	None	None	-1	-1	-1.000000	-1.000000	-1.000000	-1.000000		-1	-1
BFN18_Layer_7	BFN18_Layer_7	BFN18_Layers	0.000000	0.000000	0.000000	0.0000	0.0000	0.000000	None	-1.0000	-1					-1	-1	-1	0	0	0.0000	-1.0000	-1.0000	-1.0000	-1.0000	-1.0000	-1.0000	-1.0000	-1.0000	-1.0000	-1.0000	-1.0000	-1.0000	-1.0000	-1.0000	-1.0000	-1.0000		0	TVA	-1.0000	-1	0.000000	None	None	-1	0	0	None	None	None	None	None	-1	-1	-1.000000	-1.000000	-1.000000	-1.000000		-1	-1
BFN18_Layer_8	BFN18_Layer_8	BFN18_Layers	0.000000	0.000000	0.000000	0.0000	0.0000	0.000000	None	-1.0000	-1					-1	-1	-1	0	0	0.0000	-1.0000	-1.0000	-1.0000	-1.0000	-1.0000	-1.0000	-1.0000	-1.0000	-1.0000	-1.0000	-1.0000	-1.0000	-1.0000	-1.0000	-1.0000	-1.0000		0	TVA	-1.0000	-1	0.000000	None	None	-1	0	0	None	None	None	None	None	-1	-1	-1.000000	-1.000000	-1.000000	-1.000000		-1	-1
BFN18_Layer_9	BFN18_Layer_9	BFN18_Layers	0.000000	0.000000	0.000000	0.0000	0.0000	0.000000	None	-1.0000	-1					-1	-1	-1	0	0	0.0000	-1.0000	-1.0000	-1.0000	-1.0000	-1.0000	-1.0000	-1.0000	-1.0000	-1.0000	-1.0000	-1.0000	-1.0000	-1.0000	-1.0000	-1.0000	-1.0000		0	TVA	-1.0000	-1	0.000000	None	None	-1	0	0	None	None	None	None	None	-1	-1	-1.000000	-1.000000	-1.000000	-1.000000		-1	-1
BFN18_Layers	BFN18 D3D profiles	BFN18_Layers	34.703464	-87.120768	0.000000	0.0000	0.0000	0.000000	None	-1.0000	-1					-1	-1	-1	0	0	0.0000	-1.0000	-1.0000	-1.0000	-1.0000	-1.0000	-1.0000	-1.0000	-1.0000	-1.0000	-1.0000	-1.0000	-1.0000	-1.0000	-1.0000	-1.0000	-1.0000		0		-1.0000	-1	0.000000	None	None	-1	0	0	None	None	None	None	None	-1	-1	-1.000000	-1.000000	-1.000000	-1.000000		-1	-1
BFN19_3ft	BFN19_3ft	BFN 19 (Skimmer Wall)	34.700733	-87.117587	0.000000	0.0000	0.0000	0.000000	None	-1.0000	-1					-1	-1	-1	0	0	0.0000	-1.0000	-1.0000	-1.0000	-1.0000	-1.0000	-1.0000	-1.0000	-1.0000	-1.0000	-1.0000	-1.0000	-1.0000	-1.0000	-1.0000	-1.0000	-1.0000		0	TVA	-1.0000	-1	0.000000	None	None	-1	0	0	None	None	None	None	None	-1	-1	-1.000000	-1.000000	-1.000000	-1.000000		-1	-1
BFN19_535ft_elev	BFN19_535ft_elev	BFN 19 (Skimmer Wall)	34.700733	-87.117587	0.000000	0.0000	0.0000	0.000000	None	-1.0000	-1					-1	-1	-1	0	0	0.0000	-1.0000	-1.0000	-1.0000	-1.0000	-1.0000	-1.0000	-1.0000	-1.0000	-1.0000	-1.0000	-1.0000	-1.0000	-1.0000	-1.0000	-1.0000	-1.0000		0	TVA	-1.0000	-1	0.000000	None	None	-1	0	0	None	None	None	None	None	-1	-1	-1.000000	-1.000000	-1.000000	-1.000000		-1	-1
BFN19_545ft_elev	BFN19_545ft_elev	BFN 19 (Skimmer Wall)	34.700733	-87.117587	0.000000	0.0000	0.0000	0.000000	None	-1.0000	-1					-1	-1	-1	0	0	0.0000	-1.0000	-1.0000	-1.0000	-1.0000	-1.0000	-1.0000	-1.0000	-1.0000	-1.0000	-1.0000	-1.0000	-1.0000	-1.0000	-1.0000	-1.0000	-1.0000		0	TVA	-1.0000	-1	0.000000	None	None	-1	0	0	None	None	None	None	None	-1	-1	-1.000000	-1.000000	-1.000000	-1.000000		-1	-1
BFN19_5ft	BFN19_5ft	BFN 19 (Skimmer Wall)	34.700733	-87.117587	0.000000	0.0000	0.0000	0.000000	None	-1.0000	-1					-1	-1	-1	0	0	0.0000	-1.0000	-1.0000	-1.0000	-1.0000	-1.0000	-1.0000	-1.0000	-1.0000	-1.0000	-1.0000	-1.0000	-1.0000	-1.0000	-1.0000	-1.0000	-1.0000		0	TVA	-1.0000	-1	0.000000	None	None	-1	0	0	None	None	None	None	None	-1	-1	-1.000000	-1.000000	-1.000000	-1.000000		-1	-1
BFN19_7ft	BFN19_7ft	BFN 19 (Skimmer Wall)	34.700733	-87.117587	0.000000	0.0000	0.0000	0.000000	None	-1.0000	-1					-1	-1	-1	0	0	0.0000	-1.0000	-1.0000	-1.0000	-1.0000	-1.0000	-1.0000	-1.0000	-1.0000	-1.0000	-1.0000	-1.0000	-1.0000	-1.0000	-1.0000	-1.0000	-1.0000		0	TVA	-1.0000	-1	0.000000	None	None	-1	0	0	None	None	None	None	None	-1	-1	-1.000000	-1.000000	-1.000000	-1.000000		-1	-1
BFN19_Layer_1	BFN19_Layer_1	BFN19_Layers	0.000000	0.000000	0.000000	0.0000	0.0000	0.000000	None	-1.0000	-1					-1	-1	-1	0	0	0.0000	-1.0000	-1.0000	-1.0000	-1.0000	-1.0000	-1.0000	-1.0000	-1.0000	-1.0000	-1.0000	-1.0000	-1.0000	-1.0000	-1.0000	-1.0000	-1.0000		0	TVA	-1.0000	-1	0.000000	None	None	-1	0	0	None	None	None	None	None	-1	-1	-1.000000	-1.000000	-1.000000	-1.000000		-1	-1
BFN19_Layer_10	BFN19_Layer_10	BFN19_Layers	0.000000	0.000000	0.000000	0.0000	0.0000	0.000000	None	-1.0000	-1					-1	-1	-1	0	0	0.0000	-1.0000	-1.0000	-1.0000	-1.0000	-1.0000	-1.0000	-1.0000	-1.0000	-1.0000	-1.0000	-1.0000	-1.0000	-1.0000	-1.0000	-1.0000	-1.0000		0	TVA	-1.0000	-1	0.000000	None	None	-1	0	0	None	None	None	None	None	-1	-1	-1.000000	-1.000000	-1.000000	-1.000000		-1	-1
BFN19_Layer_11	BFN19_Layer_11	BFN19_Layers	0.000000	0.000000	0.000000	0.0000	0.0000	0.000000	None	-1.0000	-1					-1	-1	-1	0	0	0.0000	-1.0000	-1.0000	-1.0000	-1.0000	-1.0000	-1.0000	-1.0000	-1.0000	-1.0000	-1.0000	-1.0000	-1.0000	-1.0000	-1.0000	-1.0000	-1.0000		0	TVA	-1.0000	-1	0.000000	None	None	-1	0	0	None	None	None	None	None	-1	-1	-1.000000	-1.000000	-1.000000	-1.000000		-1	-1
BFN19_Layer_12	BFN19_Layer_12	BFN19_Layers	0.000000	0.000000	0.000000	0.0000	0.0000	0.000000	None	-1.0000	-1					-1	-1	-1	0	0	0.0000	-1.0000	-1.0000	-1.0000	-1.0000	-1.0000	-1.0000	-1.0000	-1.0000	-1.0000	-1.0000	-1.0000	-1.0000	-1.0000	-1.0000	-1.0000	-1.0000		0	TVA	-1.0000	-1	0.000000	None	None	-1	0	0	None	None	None	None	None	-1	-1	-1.000000	-1.000000	-1.000000	-1.000000		-1	-1
BFN19_Layer_13	BFN19_Layer_13	BFN19_Layers	0.000000	0.000000	0.000000	0.0000	0.0000	0.000000	None	-1.0000	-1					-1	-1	-1	0	0	0.0000	-1.0000	-1.0000	-1.0000	-1.0000	-1.0000	-1.0000	-1.0000	-1.0000	-1.0000	-1.0000	-1.0000	-1.0000	-1.0000	-1.0000	-1.0000	-1.0000		0	TVA	-1.0000	-1	0.000000	None	None	-1	0	0	None	None	None	None	None	-1	-1	-1.000000	-1.000000	-1.000000	-1.000000		-1	-1
BFN19_Layer_14	BFN19_Layer_14	BFN19_Layers	0.000000	0.000000	0.000000	0.0000	0.0000	0.000000	None	-1.0000	-1					-1	-1	-1	0	0	0.0000	-1.0000	-1.0000	-1.0000	-1.0000	-1.0000	-1.0000	-1.0000	-1.0000	-1.0000	-1.0000	-1.0000	-1.0000	-1.0000	-1.0000	-1.0000	-1.0000		0	TVA	-1.0000	-1	0.000000	None	None	-1	0	0	None	None	None	None	None	-1	-1	-1.000000	-1.000000	-1.000000	-1.000000		-1	-1
BFN19_Layer_15	BFN19_Layer_15	BFN19_Layers	0.000000	0.000000	0.000000	0.0000	0.0000	0.000000	None	-1.0000	-1					-1	-1	-1	0	0	0.0000	-1.0000	-1.0000	-1.0000	-1.0000	-1.0000	-1.0000	-1.0000	-1.0000	-1.0000	-1.0000	-1.0000	-1.0000	-1.0000	-1.0000	-1.0000	-1.0000		0	TVA	-1.0000	-1	0.000000	None	None	-1	0	0	None	None	None	None	None	-1	-1	-1.000000	-1.000000	-1.000000	-1.000000		-1	-1
BFN19_Layer_16	BFN19_Layer_16	BFN19_Layers	0.000000	0.000000	0.000000	0.0000	0.0000	0.000000	None	-1.0000	-1					-1	-1	-1	0	0	0.0000	-1.0000	-1.0000	-1.0000	-1.0000	-1.0000	-1.0000	-1.0000	-1.0000	-1.0000	-1.0000	-1.0000	-1.0000	-1.0000	-1.0000	-1.0000	-1.0000		0	TVA	-1.0000	-1	0.000000	None	None	-1	0	0	None	None	None	None	None	-1	-1	-1.000000	-1.000000	-1.000000	-1.000000		-1	-1
BFN19_Layer_17	BFN19_Layer_17	BFN19_Layers	0.000000	0.000000	0.000000	0.0000	0.0000	0.000000	None	-1.0000	-1					-1	-1	-1	0	0	0.0000	-1.0000	-1.0000	-1.0000	-1.0000	-1.0000	-1.0000	-1.0000	-1.0000	-1.0000	-1.0000	-1.0000	-1.0000	-1.0000	-1.0000	-1.0000	-1.0000		0	TVA	-1.0000	-1	0.000000	None	None	-1	0	0	None	None	None	None	None	-1	-1	-1.000000	-1.000000	-1.000000	-1.000000		-1	-1
BFN19_Layer_18	BFN19_Layer_18	BFN19_Layers	0.000000	0.000000	0.000000	0.0000	0.0000	0.000000	None	-1.0000	-1					-1	-1	-1	0	0	0.0000	-1.0000	-1.0000	-1.0000	-1.0000	-1.0000	-1.0000	-1.0000	-1.0000	-1.0000	-1.0000	-1.0000	-1.0000	-1.0000	-1.0000	-1.0000	-1.0000		0	TVA	-1.0000	-1	0.000000	None	None	-1	0	0	None	None	None	None	None	-1	-1	-1.000000	-1.000000	-1.000000	-1.000000		-1	-1
BFN19_Layer_19	BFN19_Layer_19	BFN19_Layers	0.000000	0.000000	0.000000	0.0000	0.0000	0.000000	None	-1.0000	-1					-1	-1	-1	0	0	0.0000	-1.0000	-1.0000	-1.0000	-1.0000	-1.0000	-1.0000	-1.0000	-1.0000	-1.0000	-1.0000	-1.0000	-1.0000	-1.0000	-1.0000	-1.0000	-1.0000		0	TVA	-1.0000	-1	0.000000	None	None	-1	0	0	None	None	None	None	None	-1	-1	-1.000000	-1.000000	-1.000000	-1.000000		-1	-1
BFN19_Layer_2	BFN19_Layer_2	BFN19_Layers	0.000000	0.000000	0.000000	0.0000	0.0000	0.000000	None	-1.0000	-1					-1	-1	-1	0	0	0.0000	-1.0000	-1.0000	-1.0000	-1.0000	-1.0000	-1.0000	-1.0000	-1.0000	-1.0000	-1.0000	-1.0000	-1.0000	-1.0000	-1.0000	-1.0000	-1.0000		0	TVA	-1.0000	-1	0.000000	None	None	-1	0	0	None	None	None	None	None	-1	-1	-1.000000	-1.000000	-1.000000	-1.000000		-1	-1
BFN19_Layer_20	BFN19_Layer_20	BFN19_Layers	0.000000	0.000000	0.000000	0.0000	0.0000	0.000000	None	-1.0000	-1					-1	-1	-1	0	0	0.0000	-1.0000	-1.0000	-1.0000	-1.0000	-1.0000	-1.0000	-1.0000	-1.0000	-1.0000	-1.0000	-1.0000	-1.0000	-1.0000	-1.0000	-1.0000	-1.0000		0	TVA	-1.0000	-1	0.000000	None	None	-1	0	0	None	None	None	None	None	-1	-1	-1.000000	-1.000000	-1.000000	-1.000000		-1	-1
BFN19_Layer_21	BFN19_Layer_21	BFN19_Layers	0.000000	0.000000	0.000000	0.0000	0.0000	0.000000	None	-1.0000	-1					-1	-1	-1	0	0	0.0000	-1.0000	-1.0000	-1.0000	-1.0000	-1.0000	-1.0000	-1.0000	-1.0000	-1.0000	-1.0000	-1.0000	-1.0000	-1.0000	-1.0000	-1.0000	-1.0000		0	TVA	-1.0000	-1	0.000000	None	None	-1	0	0	None	None	None	None	None	-1	-1	-1.000000	-1.000000	-1.000000	-1.000000		-1	-1
BFN19_Layer_22	BFN19_Layer_22	BFN19_Layers	0.000000	0.000000	0.000000	0.0000	0.0000	0.000000	None	-1.0000	-1					-1	-1	-1	0	0	0.0000	-1.0000	-1.0000	-1.0000	-1.0000	-1.0000	-1.0000	-1.0000	-1.0000	-1.0000	-1.0000	-1.0000	-1.0000	-1.0000	-1.0000	-1.0000	-1.0000		0	TVA	-1.0000	-1	0.000000	None	None	-1	0	0	None	None	None	None	None	-1	-1	-1.000000	-1.000000	-1.000000	-1.000000		-1	-1
BFN19_Layer_23	BFN19_Layer_23	BFN19_Layers	0.000000	0.000000	0.000000	0.0000	0.0000	0.000000	None	-1.0000	-1					-1	-1	-1	0	0	0.0000	-1.0000	-1.0000	-1.0000	-1.0000	-1.0000	-1.0000	-1.0000	-1.0000	-1.0000	-1.0000	-1.0000	-1.0000	-1.0000	-1.0000	-1.0000	-1.0000		0	TVA	-1.0000	-1	0.000000	None	None	-1	0	0	None	None	None	None	None	-1	-1	-1.000000	-1.000000	-1.000000	-1.000000		-1	-1
BFN19_Layer_24	BFN19_Layer_24	BFN19_Layers	0.000000	0.000000	0.000000	0.0000	0.0000	0.000000	None	-1.0000	-1					-1	-1	-1	0	0	0.0000	-1.0000	-1.0000	-1.0000	-1.0000	-1.0000	-1.0000	-1.0000	-1.0000	-1.0000	-1.0000	-1.0000	-1.0000	-1.0000	-1.0000	-1.0000	-1.0000		0	TVA	-1.0000	-1	0.000000	None	None	-1	0	0	None	None	None	None	None	-1	-1	-1.000000	-1.000000	-1.000000	-1.000000		-1	-1
BFN19_Layer_25	BFN19_Layer_25	BFN19_Layers	0.000000	0.000000	0.000000	0.0000	0.0000	0.000000	None	-1.0000	-1					-1	-1	-1	0	0	0.0000	-1.0000	-1.0000	-1.0000	-1.0000	-1.0000	-1.0000	-1.0000	-1.0000	-1.0000	-1.0000	-1.0000	-1.0000	-1.0000	-1.0000	-1.0000	-1.0000		0	TVA	-1.0000	-1	0.000000	None	None	-1	0	0	None	None	None	None	None	-1	-1	-1.000000	-1.000000	-1.000000	-1.000000		-1	-1
BFN19_Layer_26	BFN19_Layer_26	BFN19_Layers	0.000000	0.000000	0.000000	0.0000	0.0000	0.000000	None	-1.0000	-1					-1	-1	-1	0	0	0.0000	-1.0000	-1.0000	-1.0000	-1.0000	-1.0000	-1.0000	-1.0000	-1.0000	-1.0000	-1.0000	-1.0000	-1.0000	-1.0000	-1.0000	-1.0000	-1.0000		0	TVA	-1.0000	-1	0.000000	None	None	-1	0	0	None	None	None	None	None	-1	-1	-1.000000	-1.000000	-1.000000	-1.000000		-1	-1
BFN19_Layer_27	BFN19_Layer_27	BFN19_Layers	0.000000	0.000000	0.000000	0.0000	0.0000	0.000000	None	-1.0000	-1					-1	-1	-1	0	0	0.0000	-1.0000	-1.0000	-1.0000	-1.0000	-1.0000	-1.0000	-1.0000	-1.0000	-1.0000	-1.0000	-1.0000	-1.0000	-1.0000	-1.0000	-1.0000	-1.0000		0	TVA	-1.0000	-1	0.000000	None	None	-1	0	0	None	None	None	None	None	-1	-1	-1.000000	-1.000000	-1.000000	-1.000000		-1	-1
BFN19_Layer_28	BFN19_Layer_28	BFN19_Layers	0.000000	0.000000	0.000000	0.0000	0.0000	0.000000	None	-1.0000	-1					-1	-1	-1	0	0	0.0000	-1.0000	-1.0000	-1.0000	-1.0000	-1.0000	-1.0000	-1.0000	-1.0000	-1.0000	-1.0000	-1.0000	-1.0000	-1.0000	-1.0000	-1.0000	-1.0000		0	TVA	-1.0000	-1	0.000000	None	None	-1	0	0	None	None	None	None	None	-1	-1	-1.000000	-1.000000	-1.000000	-1.000000		-1	-1
BFN19_Layer_29	BFN19_Layer_29	BFN19_Layers	0.000000	0.000000	0.000000	0.0000	0.0000	0.000000	None	-1.0000	-1					-1	-1	-1	0	0	0.0000	-1.0000	-1.0000	-1.0000	-1.0000	-1.0000	-1.0000	-1.0000	-1.0000	-1.0000	-1.0000	-1.0000	-1.0000	-1.0000	-1.0000	-1.0000	-1.0000		0	TVA	-1.0000	-1	0.000000	None	None	-1	0	0	None	None	None	None	None	-1	-1	-1.000000	-1.000000	-1.000000	-1.000000		-1	-1
BFN19_Layer_3	BFN19_Layer_3	BFN19_Layers	0.000000	0.000000	0.000000	0.0000	0.0000	0.000000	None	-1.0000	-1					-1	-1	-1	0	0	0.0000	-1.0000	-1.0000	-1.0000	-1.0000	-1.0000	-1.0000	-1.0000	-1.0000	-1.0000	-1.0000	-1.0000	-1.0000	-1.0000	-1.0000	-1.0000	-1.0000		0	TVA	-1.0000	-1	0.000000	None	None	-1	0	0	None	None	None	None	None	-1	-1	-1.000000	-1.000000	-1.000000	-1.000000		-1	-1
BFN19_Layer_30	BFN19_Layer_30	BFN19_Layers	0.000000	0.000000	0.000000	0.0000	0.0000	0.000000	None	-1.0000	-1					-1	-1	-1	0	0	0.0000	-1.0000	-1.0000	-1.0000	-1.0000	-1.0000	-1.0000	-1.0000	-1.0000	-1.0000	-1.0000	-1.0000	-1.0000	-1.0000	-1.0000	-1.0000	-1.0000		0	TVA	-1.0000	-1	0.000000	None	None	-1	0	0	None	None	None	None	None	-1	-1	-1.000000	-1.000000	-1.000000	-1.000000		-1	-1
BFN19_Layer_4	BFN19_Layer_4	BFN19_Layers	0.000000	0.000000	0.000000	0.0000	0.0000	0.000000	None	-1.0000	-1					-1	-1	-1	0	0	0.0000	-1.0000	-1.0000	-1.0000	-1.0000	-1.0000	-1.0000	-1.0000	-1.0000	-1.0000	-1.0000	-1.0000	-1.0000	-1.0000	-1.0000	-1.0000	-1.0000		0	TVA	-1.0000	-1	0.000000	None	None	-1	0	0	None	None	None	None	None	-1	-1	-1.000000	-1.000000	-1.000000	-1.000000		-1	-1
BFN19_Layer_5	BFN19_Layer_5	BFN19_Layers	0.000000	0.000000	0.000000	0.0000	0.0000	0.000000	None	-1.0000	-1					-1	-1	-1	0	0	0.0000	-1.0000	-1.0000	-1.0000	-1.0000	-1.0000	-1.0000	-1.0000	-1.0000	-1.0000	-1.0000	-1.0000	-1.0000	-1.0000	-1.0000	-1.0000	-1.0000		0	TVA	-1.0000	-1	0.000000	None	None	-1	0	0	None	None	None	None	None	-1	-1	-1.000000	-1.000000	-1.000000	-1.000000		-1	-1
BFN19_Layer_6	BFN19_Layer_6	BFN19_Layers	0.000000	0.000000	0.000000	0.0000	0.0000	0.000000	None	-1.0000	-1					-1	-1	-1	0	0	0.0000	-1.0000	-1.0000	-1.0000	-1.0000	-1.0000	-1.0000	-1.0000	-1.0000	-1.0000	-1.0000	-1.0000	-1.0000	-1.0000	-1.0000	-1.0000	-1.0000		0	TVA	-1.0000	-1	0.000000	None	None	-1	0	0	None	None	None	None	None	-1	-1	-1.000000	-1.000000	-1.000000	-1.000000		-1	-1
BFN19_Layer_7	BFN19_Layer_7	BFN19_Layers	0.000000	0.000000	0.000000	0.0000	0.0000	0.000000	None	-1.0000	-1					-1	-1	-1	0	0	0.0000	-1.0000	-1.0000	-1.0000	-1.0000	-1.0000	-1.0000	-1.0000	-1.0000	-1.0000	-1.0000	-1.0000	-1.0000	-1.0000	-1.0000	-1.0000	-1.0000		0	TVA	-1.0000	-1	0.000000	None	None	-1	0	0	None	None	None	None	None	-1	-1	-1.000000	-1.000000	-1.000000	-1.000000		-1	-1
BFN19_Layer_8	BFN19_Layer_8	BFN19_Layers	0.000000	0.000000	0.000000	0.0000	0.0000	0.000000	None	-1.0000	-1					-1	-1	-1	0	0	0.0000	-1.0000	-1.0000	-1.0000	-1.0000	-1.0000	-1.0000	-1.0000	-1.0000	-1.0000	-1.0000	-1.0000	-1.0000	-1.0000	-1.0000	-1.0000	-1.0000		0	TVA	-1.0000	-1	0.000000	None	None	-1	0	0	None	None	None	None	None	-1	-1	-1.000000	-1.000000	-1.000000	-1.000000		-1	-1
BFN19_Layer_9	BFN19_Layer_9	BFN19_Layers	0.000000	0.000000	0.000000	0.0000	0.0000	0.000000	None	-1.0000	-1					-1	-1	-1	0	0	0.0000	-1.0000	-1.0000	-1.0000	-1.0000	-1.0000	-1.0000	-1.0000	-1.0000	-1.0000	-1.0000	-1.0000	-1.0000	-1.0000	-1.0000	-1.0000	-1.0000		0	TVA	-1.0000	-1	0.000000	None	None	-1	0	0	None	None	None	None	None	-1	-1	-1.000000	-1.000000	-1.000000	-1.000000		-1	-1
BFN19_Layers	BFN19 D3D profiles	BFN19_Layers	34.700733	-87.117587	0.000000	0.0000	0.0000	0.000000	None	-1.0000	-1					-1	-1	-1	0	0	0.0000	-1.0000	-1.0000	-1.0000	-1.0000	-1.0000	-1.0000	-1.0000	-1.0000	-1.0000	-1.0000	-1.0000	-1.0000	-1.0000	-1.0000	-1.0000	-1.0000		0		-1.0000	-1	0.000000	None	None	-1	0	0	None	None	None	None	None	-1	-1	-1.000000	-1.000000	-1.000000	-1.000000		-1	-1
BFN20_10m	BFN20_10m	BFN 20 (Met Station)	34.701040	-87.108283	0.000000	0.0000	0.0000	0.000000	None	-1.0000	-1					-1	-1	-1	0	0	0.0000	-1.0000	-1.0000	-1.0000	-1.0000	-1.0000	-1.0000	-1.0000	-1.0000	-1.0000	-1.0000	-1.0000	-1.0000	-1.0000	-1.0000	-1.0000	-1.0000		0	TVA	-1.0000	-1	0.000000	None	None	-1	0	0	None	None	None	None	None	-1	-1	-1.000000	-1.000000	-1.000000	-1.000000		-1	-1
BFN20_46m	BFN20_46m	BFN 20 (Met Station)	34.701040	-87.108283	0.000000	0.0000	0.0000	0.000000	None	-1.0000	-1					-1	-1	-1	0	0	0.0000	-1.0000	-1.0000	-1.0000	-1.0000	-1.0000	-1.0000	-1.0000	-1.0000	-1.0000	-1.0000	-1.0000	-1.0000	-1.0000	-1.0000	-1.0000	-1.0000		0	TVA	-1.0000	-1	0.000000	None	None	-1	0	0	None	None	None	None	None	-1	-1	-1.000000	-1.000000	-1.000000	-1.000000		-1	-1
BFN20_91m	BFN20_91m	BFN 20 (Met Station)	34.701040	-87.108283	0.000000	0.0000	0.0000	0.000000	None	-1.0000	-1					-1	-1	-1	0	0	0.0000	-1.0000	-1.0000	-1.0000	-1.0000	-1.0000	-1.0000	-1.0000	-1.0000	-1.0000	-1.0000	-1.0000	-1.0000	-1.0000	-1.0000	-1.0000	-1.0000		0	TVA	-1.0000	-1	0.000000	None	None	-1	0	0	None	None	None	None	None	-1	-1	-1.000000	-1.000000	-1.000000	-1.000000		-1	-1
BFNReach1	BFN Travel Time Reach 1	BFNReach1	34.706699	-87.118896	0.000000	0.0000	0.0000	0.000000	None	-1.0000	-1					-1	-1	-1	0	0	0.0000	-1.0000	-1.0000	-1.0000	-1.0000	-1.0000	-1.0000	-1.0000	-1.0000	-1.0000	-1.0000	-1.0000	-1.0000	-1.0000	-1.0000	-1.0000	-1.0000		0		-1.0000	-1	0.000000	None	None	-1	0	0	None	None	None	None	None	-1	-1	-1.000000	-1.000000	-1.000000	-1.000000		-1	-1
BFNReach2	BFN Travel Time Reach 2	BFNReach2	34.706699	-87.118896	0.000000	0.0000	0.0000	0.000000	None	-1.0000	-1					-1	-1	-1	0	0	0.0000	-1.0000	-1.0000	-1.0000	-1.0000	-1.0000	-1.0000	-1.0000	-1.0000	-1.0000	-1.0000	-1.0000	-1.0000	-1.0000	-1.0000	-1.0000	-1.0000		0		-1.0000	-1	0.000000	None	None	-1	0	0	None	None	None	None	None	-1	-1	-1.000000	-1.000000	-1.000000	-1.000000		-1	-1
BFNReach3	BFN Travel Time Reach 3	BFNReach3	34.706699	-87.118896	0.000000	0.0000	0.0000	0.000000	None	-1.0000	-1					-1	-1	-1	0	0	0.0000	-1.0000	-1.0000	-1.0000	-1.0000	-1.0000	-1.0000	-1.0000	-1.0000	-1.0000	-1.0000	-1.0000	-1.0000	-1.0000	-1.0000	-1.0000	-1.0000		0		-1.0000	-1	0.000000	None	None	-1	0	0	None	None	None	None	None	-1	-1	-1.000000	-1.000000	-1.000000	-1.000000		-1	-1
BGLT1	Big Lick	BGLT1	35.817223	-85.036110	0.000000	0.0000	0.0000	0.000000	None	-1.0000	-1		CST			-1	-1	-1	0	0	0.0000	-1.0000	-1.0000	-1.0000	-1.0000	-1.0000	-1.0000	-1.0000	-1.0000	-1.0000	-1.0000	-1.0000	-1.0000	-1.0000	-1.0000	-1.0000	-1.0000	TN	0		-1.0000	-1	0.000000	Precip	None	-1	0	0	None	None	None	None	None	-1	-1	-1.000000	-1.000000	-1.000000	-1.000000		-1	-1
BIGT1	Big Sandy at Bruceton	BIGT1	36.036945	-88.228889	380.580000	0.0000	0.0000	0.000000	Big Sandy	-1.0000	1300	3606500	CST			-1	-1	-1	0	0	0.0000	-1.0000	-1.0000	-1.0000	-1.0000	-1.0000	-1.0000	-1.0000	-1.0000	-1.0000	-1.0000	-1.0000	-1.0000	-1.0000	-1.0000	-1.0000	-1.0000	TN	0		-1.0000	-1	380.580012	None	None	-1	0	0	None	None	None	None	Stream	-1	-1	-1.000000	-1.000000	-1.000000	-1.000000		-1	-1
BIRN7	Oconaluftee at Birdtown	BIRN7	35.461388	-83.353615	1843.300000	0.0000	0.0000	0.000000	Oconaluftee	3.1000	500	3512000	EST			-1	-1	-1	0	0	0.0000	-1.0000	-1.0000	-1.0000	-1.0000	-1.0000	-1.0000	-1.0000	-1.0000	-1.0000	-1.0000	-1.0000	-1.0000	-1.0000	-1.0000	-1.0000	-1.0000	NC	0		-1.0000	-1	1843.300059	None	None	-1	0	0	None	None	None	None	Stream	-1	-1	-1.000000	-1.000000	-1.000000	-1.000000		-1	-1
BKY-01	Barkley-Unit1	BARK2	37.021667	-88.221111	0.000000	0.0000	0.0000	0.000000	None	-1.0000	-1					-1	-1	-1	0	0	0.0000	-1.0000	-1.0000	-1.0000	-1.0000	-1.0000	-1.0000	-1.0000	-1.0000	-1.0000	-1.0000	-1.0000	-1.0000	-1.0000	-1.0000	-1.0000	-1.0000		0		-1.0000	-1	0.000000	None	None	-1	0	0	None	None	None	None	None	-1	-1	-1.000000	-1.000000	-1.000000	-1.000000	USACE	-1	32
BKY-02	Barkley-Unit2	BARK2	37.021667	-88.221111	0.000000	0.0000	0.0000	0.000000	None	-1.0000	-1					-1	-1	-1	0	0	0.0000	-1.0000	-1.0000	-1.0000	-1.0000	-1.0000	-1.0000	-1.0000	-1.0000	-1.0000	-1.0000	-1.0000	-1.0000	-1.0000	-1.0000	-1.0000	-1.0000		0		-1.0000	-1	0.000000	None	None	-1	0	0	None	None	None	None	None	-1	-1	-1.000000	-1.000000	-1.000000	-1.000000	USACE	-1	32
BKY-03	Barkley-Unit3	BARK2	37.021667	-88.221111	0.000000	0.0000	0.0000	0.000000	None	-1.0000	-1					-1	-1	-1	0	0	0.0000	-1.0000	-1.0000	-1.0000	-1.0000	-1.0000	-1.0000	-1.0000	-1.0000	-1.0000	-1.0000	-1.0000	-1.0000	-1.0000	-1.0000	-1.0000	-1.0000		0		-1.0000	-1	0.000000	None	None	-1	0	0	None	None	None	None	None	-1	-1	-1.000000	-1.000000	-1.000000	-1.000000	USACE	-1	32
BKY-04	Barkley-Unit4	BARK2	37.021667	-88.221111	0.000000	0.0000	0.0000	0.000000	None	-1.0000	-1					-1	-1	-1	0	0	0.0000	-1.0000	-1.0000	-1.0000	-1.0000	-1.0000	-1.0000	-1.0000	-1.0000	-1.0000	-1.0000	-1.0000	-1.0000	-1.0000	-1.0000	-1.0000	-1.0000		0		-1.0000	-1	0.000000	None	None	-1	0	0	None	None	None	None	None	-1	-1	-1.000000	-1.000000	-1.000000	-1.000000	USACE	-1	32
BLAN7	French Broad at Blantyre	BLAN7	35.299168	-82.623886	2060.320000	0.0000	0.0000	0.000000	French Broad	-1.0000	220	3443000				-1	-1	-1	0	0	0.0000	-1.0000	-1.0000	-1.0000	-1.0000	-1.0000	-1.0000	-1.0000	-1.0000	-1.0000	-1.0000	-1.0000	-1.0000	-1.0000	-1.0000	-1.0000	-1.0000	NC	0		-1.0000	-1	2060.320066	None	None	-1	0	0	None	None	None	None	Stream	-1	-1	-1.000000	-1.000000	-1.000000	-1.000000		-1	-1
BLCT1	Bledsoe Creek	BLCT1	36.445657	-86.332202	480.790000	0.0000	0.0000	0.000000	Bledsoe Creek near Bethpage	-1.0000	-1	3425622	CST			-1	-1	-1	0	0	0.0000	-1.0000	-1.0000	-1.0000	-1.0000	-1.0000	-1.0000	-1.0000	-1.0000	-1.0000	-1.0000	-1.0000	-1.0000	-1.0000	-1.0000	-1.0000	-1.0000	TN	0		-1.0000	-1	480.790000	Precip	None	-1	0	0	None	None	None	None	Stream	-1	-1	-1.000000	-1.000000	-1.000000	-1.000000		-1	-1
BLTN7	Swannanoa at Biltmore	BLTN7	35.568333	-82.544724	1976.580000	0.0000	0.0000	0.000000	Swannanoa	-1.0000	240	3451000				-1	-1	-1	0	0	0.0000	-1.0000	-1.0000	-1.0000	-1.0000	-1.0000	-1.0000	-1.0000	-1.0000	-1.0000	-1.0000	-1.0000	-1.0000	-1.0000	-1.0000	-1.0000	-1.0000	NC	0		-1.0000	-1	1976.580063	None	None	-1	0	0	None	None	None	None	Stream	-1	-1	-1.000000	-1.000000	-1.000000	-1.000000		-1	-1
BLUERIDGE_CE-QUAL-W2_mainstem	BLUERIDGE_CE-QUAL-W2 mainstem	BRDG1	0.000000	0.000000	0.000000	0.0000	0.0000	0.000000	None	-1.0000	-1					-1	-1	-1	0	0	0.0000	-1.0000	-1.0000	-1.0000	-1.0000	-1.0000	-1.0000	-1.0000	-1.0000	-1.0000	-1.0000	-1.0000	-1.0000	-1.0000	-1.0000	-1.0000	-1.0000		0	TVA	-1.0000	-1	0.000000	None	None	-1	0	0	None	None	None	None	None	-1	-1	-1.000000	-1.000000	-1.000000	-1.000000		-1	-1
BLUERIDGE_CE-QUAL-W2_mainstem_DO	BLUERIDGE_CE-QUAL-W2_mainstem_DO	BRDG1	0.000000	0.000000	0.000000	0.0000	0.0000	0.000000	None	-1.0000	-1					-1	-1	-1	0	0	0.0000	-1.0000	-1.0000	-1.0000	-1.0000	-1.0000	-1.0000	-1.0000	-1.0000	-1.0000	-1.0000	-1.0000	-1.0000	-1.0000	-1.0000	-1.0000	-1.0000		0	TVA	-1.0000	-1	0.000000	None	None	-1	0	0	None	None	None	None	None	-1	-1	-1.000000	-1.000000	-1.000000	-1.000000		-1	-1
BLVG1	Nottely at Blairsville (TVA)	BLVG1	34.845001	-83.938332	1812.470000	0.0000	0.0000	0.000000	Nottely	44.0000	730					-1	-1	-1	0	0	0.0000	-1.0000	-1.0000	-1.0000	-1.0000	-1.0000	-1.0000	-1.0000	-1.0000	-1.0000	-1.0000	-1.0000	-1.0000	-1.0000	-1.0000	-1.0000	-1.0000	GA	0		-1.0000	-1	1812.470058	None	None	-1	0	0	None	None	None	None	Stream	-1	-1	-1.000000	-1.000000	-1.000000	-1.000000		-1	-1
BLWK2	Rockcastle at Billows	BLWK2	37.171112	-84.296669	802.900000	0.0000	0.0000	0.000000	Rockcastle	24.4000	-1	3406500	EST			-1	-1	-1	0	0	0.0000	-1.0000	-1.0000	-1.0000	-1.0000	-1.0000	-1.0000	-1.0000	-1.0000	-1.0000	-1.0000	-1.0000	-1.0000	-1.0000	-1.0000	-1.0000	-1.0000	KY	0		-1.0000	-1	802.900026	Precip	None	-1	0	0	None	None	None	None	Stream	-1	-1	-1.000000	-1.000000	-1.000000	-1.000000		-1	-1
BNAA1	Big Nance Creek at Courtland	BNAA1	34.669998	-87.317223	537.600000	0.0000	0.0000	0.000000	Big Nance Creek	12.9000	1100	3586500	CST			-1	-1	-1	0	0	0.0000	-1.0000	-1.0000	-1.0000	-1.0000	-1.0000	-1.0000	-1.0000	-1.0000	-1.0000	-1.0000	-1.0000	-1.0000	-1.0000	-1.0000	-1.0000	-1.0000	AL	0		-1.0000	-1	537.600017	None	None	-1	0	0	None	None	None	None	Stream	-1	-1	-1.000000	-1.000000	-1.000000	-1.000000		-1	-1
BOH-01	Boone-Unit1	BOOT1	36.858002	-87.974998	0.000000	0.0000	0.0000	0.000000	None	-1.0000	-1					-1	-1	-1	0	0	0.0000	-1.0000	-1.0000	-1.0000	-1.0000	-1.0000	-1.0000	-1.0000	-1.0000	-1.0000	-1.0000	-1.0000	-1.0000	-1.0000	-1.0000	-1.0000	-1.0000		0		-1.0000	-1	0.000000	None	None	-1	0	0	None	None	None	None	None	-1	-1	-1.000000	-1.000000	-1.000000	-1.000000	Hydro	6000	39
BOH-02	Boone-Unit2	BOOT1	36.441666	-82.436386	0.000000	0.0000	0.0000	0.000000	None	-1.0000	-1					-1	-1	-1	0	0	0.0000	-1.0000	-1.0000	-1.0000	-1.0000	-1.0000	-1.0000	-1.0000	-1.0000	-1.0000	-1.0000	-1.0000	-1.0000	-1.0000	-1.0000	-1.0000	-1.0000		0		-1.0000	-1	0.000000	None	None	-1	0	0	None	None	None	None	None	-1	-1	-1.000000	-1.000000	-1.000000	-1.000000	Hydro	6000	39
BOH-03	Boone-Unit3	BOOT1	36.441666	-82.436386	0.000000	0.0000	0.0000	0.000000	None	-1.0000	-1					-1	-1	-1	0	0	0.0000	-1.0000	-1.0000	-1.0000	-1.0000	-1.0000	-1.0000	-1.0000	-1.0000	-1.0000	-1.0000	-1.0000	-1.0000	-1.0000	-1.0000	-1.0000	-1.0000		0		-1.0000	-1	0.000000	None	None	-1	0	0	None	None	None	None	None	-1	-1	-1.000000	-1.000000	-1.000000	-1.000000	Hydro	6000	39
BOH-OG-01	Boone Dam	BOOT1	36.441666	-82.436386	0.000000	0.0000	0.0000	0.000000	None	-1.0000	-1					-1	-1	-1	0	0	0.0000	-1.0000	-1.0000	-1.0000	-1.0000	-1.0000	-1.0000	-1.0000	-1.0000	-1.0000	-1.0000	-1.0000	-1.0000	-1.0000	-1.0000	-1.0000	-1.0000		0		-1.0000	-1	0.000000	None	None	-1	0	0	None	None	None	None	None	-1	-1	-1.000000	-1.000000	-1.000000	-1.000000		-1	-1	OTHER	DISC
BOH-OG-02	Boone Dam	BOOT1	36.441666	-82.436386	0.000000	0.0000	0.0000	0.000000	None	-1.0000	-1					-1	-1	-1	0	0	0.0000	-1.0000	-1.0000	-1.0000	-1.0000	-1.0000	-1.0000	-1.0000	-1.0000	-1.0000	-1.0000	-1.0000	-1.0000	-1.0000	-1.0000	-1.0000	-1.0000		0		-1.0000	-1	0.000000	None	None	-1	0	0	None	None	None	None	None	-1	-1	-1.000000	-1.000000	-1.000000	-1.000000		-1	-1	OTHER	DISC
BOH-OG-03	Boone Dam	BOOT1	36.441666	-82.436386	0.000000	0.0000	0.0000	0.000000	None	-1.0000	-1					-1	-1	-1	0	0	0.0000	-1.0000	-1.0000	-1.0000	-1.0000	-1.0000	-1.0000	-1.0000	-1.0000	-1.0000	-1.0000	-1.0000	-1.0000	-1.0000	-1.0000	-1.0000	-1.0000		0		-1.0000	-1	0.000000	None	None	-1	0	0	None	None	None	None	None	-1	-1	-1.000000	-1.000000	-1.000000	-1.000000		-1	-1	OTHER	DISC
BOH-OG-04	Boone Dam	BOOT1	36.441666	-82.436386	0.000000	0.0000	0.0000	0.000000	None	-1.0000	-1					-1	-1	-1	0	0	0.0000	-1.0000	-1.0000	-1.0000	-1.0000	-1.0000	-1.0000	-1.0000	-1.0000	-1.0000	-1.0000	-1.0000	-1.0000	-1.0000	-1.0000	-1.0000	-1.0000		0		-1.0000	-1	0.000000	None	None	-1	0	0	None	None	None	None	None	-1	-1	-1.000000	-1.000000	-1.000000	-1.000000		-1	-1	OTHER	DISC
BOH-SL-01	Boone Dam	BOOT1	36.441666	-82.436386	0.000000	0.0000	0.0000	0.000000	None	-1.0000	-1					-1	-1	-1	0	0	0.0000	-1.0000	-1.0000	-1.0000	-1.0000	-1.0000	-1.0000	-1.0000	-1.0000	-1.0000	-1.0000	-1.0000	-1.0000	-1.0000	-1.0000	-1.0000	-1.0000		0		-1.0000	-1	0.000000	None	None	-1	0	0	None	None	None	None	None	-1	-1	-1.000000	-1.000000	-1.000000	-1.000000		-1	-1	SLUICE	CONT
BOH-SP-01	Boone Dam	BOOT1	36.441666	-82.436386	0.000000	0.0000	0.0000	0.000000	None	-1.0000	-1					-1	-1	-1	0	0	0.0000	-1.0000	-1.0000	-1.0000	-1.0000	-1.0000	-1.0000	-1.0000	-1.0000	-1.0000	-1.0000	-1.0000	-1.0000	-1.0000	-1.0000	-1.0000	-1.0000		0		-1.0000	-1	0.000000	None	None	-1	0	0	None	None	None	None	None	-1	-1	-1.000000	-1.000000	-1.000000	-1.000000		-1	-1	SPILL	DISC
BOH-SP-02	Boone Dam	BOOT1	36.441666	-82.436386	0.000000	0.0000	0.0000	0.000000	None	-1.0000	-1					-1	-1	-1	0	0	0.0000	-1.0000	-1.0000	-1.0000	-1.0000	-1.0000	-1.0000	-1.0000	-1.0000	-1.0000	-1.0000	-1.0000	-1.0000	-1.0000	-1.0000	-1.0000	-1.0000		0		-1.0000	-1	0.000000	None	None	-1	0	0	None	None	None	None	None	-1	-1	-1.000000	-1.000000	-1.000000	-1.000000		-1	-1	SPILL	DISC
BOH-SP-03	Boone Dam	BOOT1	36.441666	-82.436386	0.000000	0.0000	0.0000	0.000000	None	-1.0000	-1					-1	-1	-1	0	0	0.0000	-1.0000	-1.0000	-1.0000	-1.0000	-1.0000	-1.0000	-1.0000	-1.0000	-1.0000	-1.0000	-1.0000	-1.0000	-1.0000	-1.0000	-1.0000	-1.0000		0		-1.0000	-1	0.000000	None	None	-1	0	0	None	None	None	None	None	-1	-1	-1.000000	-1.000000	-1.000000	-1.000000		-1	-1	SPILL	DISC
BOH-SP-04	Boone Dam	BOOT1	36.441666	-82.436386	0.000000	0.0000	0.0000	0.000000	None	-1.0000	-1					-1	-1	-1	0	0	0.0000	-1.0000	-1.0000	-1.0000	-1.0000	-1.0000	-1.0000	-1.0000	-1.0000	-1.0000	-1.0000	-1.0000	-1.0000	-1.0000	-1.0000	-1.0000	-1.0000		0		-1.0000	-1	0.000000	None	None	-1	0	0	None	None	None	None	None	-1	-1	-1.000000	-1.000000	-1.000000	-1.000000		-1	-1	SPILL	DISC
BOH-SP-05	Boone Dam	BOOT1	36.441666	-82.436386	0.000000	0.0000	0.0000	0.000000	None	-1.0000	-1					-1	-1	-1	0	0	0.0000	-1.0000	-1.0000	-1.0000	-1.0000	-1.0000	-1.0000	-1.0000	-1.0000	-1.0000	-1.0000	-1.0000	-1.0000	-1.0000	-1.0000	-1.0000	-1.0000		0		-1.0000	-1	0.000000	None	None	-1	0	0	None	None	None	None	None	-1	-1	-1.000000	-1.000000	-1.000000	-1.000000		-1	-1	SPILL	DISC
BONN7	Boone	BONN7	36.196667	-81.669441	0.000000	0.0000	0.0000	0.000000	None	-1.0000	-1		EST			-1	-1	-1	0	0	0.0000	-1.0000	-1.0000	-1.0000	-1.0000	-1.0000	-1.0000	-1.0000	-1.0000	-1.0000	-1.0000	-1.0000	-1.0000	-1.0000	-1.0000	-1.0000	-1.0000	NC	0		-1.0000	-1	0.000000	Precip	South Holston=>Watauga=>Boone=>Cherokee	3	0	0	None	None	None	None	None	-1	-1	-1.000000	-1.000000	-1.000000	-1.000000		-1	-1
BOOT1	Boone Dam	BOOT1	36.441666	-82.436386	0.000000	0.0000	0.0000	0.000000	South Fork Holston	18.6000	120	3486800	EST	Hydro	BOH	3	109	37	0	1	0.0000	3.0000	7.0000	-1.0000	-1.0000	1330.0000	1320.0000	-1.0000	1350.0000	1386.0000	1385.0000	1408.5000	-1.0000	-1.0000	-1.0000	-1.0000	-1.0000	TN	0	TVA	1385.0000	1953	0.000000	Precip	South Holston=>Watauga=>Boone=>Cherokee	3	4	25	TVA	Hydropower	Boon	BOH	None	-1	-1	-1.000000	-1.000000	-1.000000	-1.000000		-1	-1
BOOT1-FB	Boone-Forebay	BOOT1	36.858002	-87.974998	0.000000	0.0000	0.0000	0.000000	None	-1.0000	-1					-1	-1	-1	0	0	0.0000	-1.0000	-1.0000	-1.0000	-1.0000	-1.0000	-1.0000	-1.0000	-1.0000	-1.0000	-1.0000	-1.0000	-1.0000	-1.0000	-1.0000	-1.0000	-1.0000		0		-1.0000	-1	0.000000	None	None	-1	0	0	None	None	None	None	None	-1	-1	-1.000000	-1.000000	-1.000000	-1.000000	Hydro	-1	-1
BOOT1-TD	Boone-Taildeck	BOOT1	36.858002	-87.974998	0.000000	0.0000	0.0000	0.000000	None	-1.0000	-1					-1	-1	-1	0	0	0.0000	-1.0000	-1.0000	-1.0000	-1.0000	-1.0000	-1.0000	-1.0000	-1.0000	-1.0000	-1.0000	-1.0000	-1.0000	-1.0000	-1.0000	-1.0000	-1.0000		0		-1.0000	-1	0.000000	None	None	-1	0	0	None	None	None	None	None	-1	-1	-1.000000	-1.000000	-1.000000	-1.000000	Hydro	-1	-1
BPGT1	Bethpage	BPGT1	36.486111	-86.310278	0.000000	0.0000	0.0000	0.000000	None	-1.0000	-1		EST			-1	-1	-1	0	0	0.0000	-1.0000	-1.0000	-1.0000	-1.0000	-1.0000	-1.0000	-1.0000	-1.0000	-1.0000	-1.0000	-1.0000	-1.0000	-1.0000	-1.0000	-1.0000	-1.0000	TN	0		-1.0000	-1	0.000000	Precip	None	-1	0	0	None	None	None	None	None	-1	-1	-1.000000	-1.000000	-1.000000	-1.000000		-1	-1
BRCT1	BullRun Creek Near Halls Crossroads, TN	BRCT1	36.114413	-83.988174	854.230000	0.0000	0.0000	0.000000	None	-1.0000	-1					-1	-1	-1	0	0	0.0000	-1.0000	-1.0000	-1.0000	-1.0000	-1.0000	-1.0000	-1.0000	-1.0000	-1.0000	-1.0000	-1.0000	-1.0000	-1.0000	-1.0000	-1.0000	-1.0000	TN	0		-1.0000	-1	854.220000	Precip	None	-1	0	0	None	None	None	None	Stream	-1	-1	-1.000000	-1.000000	-1.000000	-1.000000		-1	-1
BRDG1	Blue Ridge Dam	BRDG1	34.880554	-84.281670	0.000000	1709.9100	0.0000	0.000000	Toccoa	53.0000	780		EST		BRH	1	20	20	3	1	0.0000	23.0000	5.0000	-1.0000	-1.0000	1590.0000	-1.0000	-1.0000	1675.0000	1692.0000	1691.0000	1713.0000	-1.0000	-1.0000	-1.0000	10.0000	9.0000	GA	1	TVA	1691.0000	1944	0.000000	Precip	Chatuge=>Nottely=>Hiwassee=>Blue Ridge	4	13	36	TVA	Hydropower	Blue	BRH	None	-1	-1	-1.000000	-1.000000	-1.000000	-1.000000		-1	-1
BRF-01	Bull Run-Unit1	BRST1	36.019201	-84.159855	0.000000	0.0000	0.0000	0.000000	None	-1.0000	-1					-1	-1	-1	0	0	0.0000	-1.0000	-1.0000	-1.0000	-1.0000	-1.0000	-1.0000	-1.0000	-1.0000	-1.0000	-1.0000	-1.0000	-1.0000	-1.0000	-1.0000	-1.0000	-1.0000		0		-1.0000	-1	0.000000	None	None	-1	0	0	None	None	None	None	None	-1	-1	-1.000000	-1.000000	-1.000000	-1.000000	Fossil	-1	865
BRF-bottom-(1)	BRF-(1)	BRST1	36.018612	-84.158890	0.000000	0.0000	0.0000	0.000000	None	-1.0000	-1				BRF	-1	-1	-1	0	0	0.0000	-1.0000	-1.0000	-1.0000	-1.0000	-1.0000	-1.0000	-1.0000	-1.0000	-1.0000	-1.0000	-1.0000	-1.0000	-1.0000	-1.0000	-1.0000	-1.0000		0	TVA	-1.0000	-1	0.000000	None	None	-1	0	0	None	None	None	None	None	99	1	-1.000000	-1.000000	-1.000000	-1.000000		-1	-1
BRF-skimmer-(3)	BRF-(3)	BRST1	36.024328	-84.167297	0.000000	0.0000	0.0000	0.000000	None	-1.0000	-1				BRF	-1	-1	-1	0	0	0.0000	-1.0000	-1.0000	-1.0000	-1.0000	-1.0000	-1.0000	-1.0000	-1.0000	-1.0000	-1.0000	-1.0000	-1.0000	-1.0000	-1.0000	-1.0000	-1.0000		0	TVA	-1.0000	-1	0.000000	None	None	-1	0	0	None	None	None	None	None	53	3	-1.000000	-1.000000	-1.000000	-1.000000		-1	-1
BRF-SW	Bull Run-Skimmer Wall	BRST1	36.019201	-84.159855	0.000000	0.0000	0.0000	0.000000	None	-1.0000	-1					-1	-1	-1	0	0	0.0000	-1.0000	-1.0000	-1.0000	-1.0000	-1.0000	-1.0000	-1.0000	-1.0000	-1.0000	-1.0000	-1.0000	-1.0000	-1.0000	-1.0000	-1.0000	-1.0000		0		-1.0000	-1	0.000000	None	None	-1	0	0	None	None	None	None	None	-1	-1	-1.000000	-1.000000	-1.000000	-1.000000	Other	-1	-1
BRF-upstream-(1)	BRF-(1)	BRST1	36.018612	-84.158890	0.000000	0.0000	0.0000	0.000000	None	-1.0000	-1				BRF	-1	-1	-1	0	0	0.0000	-1.0000	-1.0000	-1.0000	-1.0000	-1.0000	-1.0000	-1.0000	-1.0000	-1.0000	-1.0000	-1.0000	-1.0000	-1.0000	-1.0000	-1.0000	-1.0000		0	TVA	-1.0000	-1	0.000000	None	None	-1	0	0	None	None	None	None	None	99	1	-1.000000	-1.000000	-1.000000	-1.000000		-1	-1
BRF-upstream-(3)	BRF-(3)	BRST1	36.024328	-84.167297	0.000000	0.0000	0.0000	0.000000	None	-1.0000	-1				BRF	-1	-1	-1	0	0	0.0000	-1.0000	-1.0000	-1.0000	-1.0000	-1.0000	-1.0000	-1.0000	-1.0000	-1.0000	-1.0000	-1.0000	-1.0000	-1.0000	-1.0000	-1.0000	-1.0000		0	TVA	-1.0000	-1	0.000000	None	None	-1	0	0	None	None	None	None	None	53	3	-1.000000	-1.000000	-1.000000	-1.000000		-1	-1
BRF_evap	BRF_evap	BRST1	36.018612	-84.158890	0.000000	0.0000	0.0000	0.000000	None	-1.0000	-1				BRF	-1	-1	-1	0	0	0.0000	-1.0000	-1.0000	-1.0000	-1.0000	-1.0000	-1.0000	-1.0000	-1.0000	-1.0000	-1.0000	-1.0000	-1.0000	-1.0000	-1.0000	-1.0000	-1.0000		0	TVA	-1.0000	-1	0.000000	None	None	-1	0	0	None	None	None	None	None	-1	-1	-1.000000	-1.000000	-1.000000	-1.000000		-1	-1
BRFBranch1	BRFBranch1	BRST1	0.000000	0.000000	0.000000	0.0000	0.0000	0.000000	None	-1.0000	-1				BRF	-1	-1	-1	0	0	0.0000	-1.0000	-1.0000	-1.0000	-1.0000	-1.0000	-1.0000	-1.0000	-1.0000	-1.0000	-1.0000	-1.0000	-1.0000	-1.0000	-1.0000	-1.0000	-1.0000		0	TVA	-1.0000	-1	0.000000	None	None	-1	0	0	None	None	None	None	None	-1	-1	-1.000000	-1.000000	-1.000000	-1.000000		-1	-1
BRH-01	Blue Ridge-Unit1	BRDG1	36.858002	-87.974998	0.000000	0.0000	0.0000	0.000000	None	-1.0000	-1					-1	-1	-1	0	0	0.0000	-1.0000	-1.0000	-1.0000	-1.0000	-1.0000	-1.0000	-1.0000	-1.0000	-1.0000	-1.0000	-1.0000	-1.0000	-1.0000	-1.0000	-1.0000	-1.0000		0		-1.0000	-1	0.000000	None	None	-1	0	0	None	None	None	None	None	-1	-1	-1.000000	-1.000000	-1.000000	-1.000000	Hydro	3000	19
BRH-02	Blue Ridge-Unit2	BRDG1	36.858002	-87.974998	0.000000	0.0000	0.0000	0.000000	None	-1.0000	-1					-1	-1	-1	0	0	0.0000	-1.0000	-1.0000	-1.0000	-1.0000	-1.0000	-1.0000	-1.0000	-1.0000	-1.0000	-1.0000	-1.0000	-1.0000	-1.0000	-1.0000	-1.0000	-1.0000		0		-1.0000	-1	0.000000	None	None	-1	0	0	None	None	None	None	None	-1	-1	-1.000000	-1.000000	-1.000000	-1.000000	Hydro	300	1
BRH-DS	Blue Ridge-Downstream	BRDG1	36.858002	-87.974998	0.000000	0.0000	0.0000	0.000000	None	-1.0000	-1					-1	-1	-1	0	0	0.0000	-1.0000	-1.0000	-1.0000	-1.0000	-1.0000	-1.0000	-1.0000	-1.0000	-1.0000	-1.0000	-1.0000	-1.0000	-1.0000	-1.0000	-1.0000	-1.0000		0		-1.0000	-1	0.000000	None	None	-1	0	0	None	None	None	None	None	-1	-1	-1.000000	-1.000000	-1.000000	-1.000000	Other	-1	-1
BRH-OG-01	Blue Ridge Dam	BRDG1	34.880554	-84.281670	0.000000	0.0000	0.0000	0.000000	None	-1.0000	-1					-1	-1	-1	0	0	0.0000	-1.0000	-1.0000	-1.0000	-1.0000	-1.0000	-1.0000	-1.0000	-1.0000	-1.0000	-1.0000	-1.0000	-1.0000	-1.0000	-1.0000	-1.0000	-1.0000		0		-1.0000	-1	0.000000	None	None	-1	0	0	None	None	None	None	None	-1	-1	-1.000000	-1.000000	-1.000000	-1.000000		-1	-1	OTHER	DISC
BRH-OG-02	Blue Ridge Dam	BRDG1	34.880554	-84.281670	0.000000	0.0000	0.0000	0.000000	None	-1.0000	-1					-1	-1	-1	0	0	0.0000	-1.0000	-1.0000	-1.0000	-1.0000	-1.0000	-1.0000	-1.0000	-1.0000	-1.0000	-1.0000	-1.0000	-1.0000	-1.0000	-1.0000	-1.0000	-1.0000		0		-1.0000	-1	0.000000	None	None	-1	0	0	None	None	None	None	None	-1	-1	-1.000000	-1.000000	-1.000000	-1.000000		-1	-1	OTHER	DISC
BRH-SL-01	Blue Ridge Dam	BRDG1	34.880554	-84.281670	0.000000	0.0000	0.0000	0.000000	None	-1.0000	-1					-1	-1	-1	0	0	0.0000	-1.0000	-1.0000	-1.0000	-1.0000	-1.0000	-1.0000	-1.0000	-1.0000	-1.0000	-1.0000	-1.0000	-1.0000	-1.0000	-1.0000	-1.0000	-1.0000		0		-1.0000	-1	0.000000	None	None	-1	0	0	None	None	None	None	None	-1	-1	-1.000000	-1.000000	-1.000000	-1.000000		-1	-1	SLUICE	CONT
BRH-SL-02	Blue Ridge Dam	BRDG1	34.880554	-84.281670	0.000000	0.0000	0.0000	0.000000	None	-1.0000	-1					-1	-1	-1	0	0	0.0000	-1.0000	-1.0000	-1.0000	-1.0000	-1.0000	-1.0000	-1.0000	-1.0000	-1.0000	-1.0000	-1.0000	-1.0000	-1.0000	-1.0000	-1.0000	-1.0000		0		-1.0000	-1	0.000000	None	None	-1	0	0	None	None	None	None	None	-1	-1	-1.000000	-1.000000	-1.000000	-1.000000		-1	-1	SLUICE	CONT
BRH-SP-01	Blue Ridge Dam	BRDG1	34.880554	-84.281670	0.000000	0.0000	0.0000	0.000000	None	-1.0000	-1					-1	-1	-1	0	0	0.0000	-1.0000	-1.0000	-1.0000	-1.0000	-1.0000	-1.0000	-1.0000	-1.0000	-1.0000	-1.0000	-1.0000	-1.0000	-1.0000	-1.0000	-1.0000	-1.0000		0		-1.0000	-1	0.000000	None	None	-1	0	0	None	None	None	None	None	-1	-1	-1.000000	-1.000000	-1.000000	-1.000000		-1	-1	SPILL	DISC
BRH-SP-02	Blue Ridge Dam	BRDG1	34.880554	-84.281670	0.000000	0.0000	0.0000	0.000000	None	-1.0000	-1					-1	-1	-1	0	0	0.0000	-1.0000	-1.0000	-1.0000	-1.0000	-1.0000	-1.0000	-1.0000	-1.0000	-1.0000	-1.0000	-1.0000	-1.0000	-1.0000	-1.0000	-1.0000	-1.0000		0		-1.0000	-1	0.000000	None	None	-1	0	0	None	None	None	None	None	-1	-1	-1.000000	-1.000000	-1.000000	-1.000000		-1	-1	SPILL	DISC
BRH-SP-03	Blue Ridge Dam	BRDG1	34.880554	-84.281670	0.000000	0.0000	0.0000	0.000000	None	-1.0000	-1					-1	-1	-1	0	0	0.0000	-1.0000	-1.0000	-1.0000	-1.0000	-1.0000	-1.0000	-1.0000	-1.0000	-1.0000	-1.0000	-1.0000	-1.0000	-1.0000	-1.0000	-1.0000	-1.0000		0		-1.0000	-1	0.000000	None	None	-1	0	0	None	None	None	None	None	-1	-1	-1.000000	-1.000000	-1.000000	-1.000000		-1	-1	SPILL	DISC
BRH-SP-04	Blue Ridge Dam	BRDG1	34.880554	-84.281670	0.000000	0.0000	0.0000	0.000000	None	-1.0000	-1					-1	-1	-1	0	0	0.0000	-1.0000	-1.0000	-1.0000	-1.0000	-1.0000	-1.0000	-1.0000	-1.0000	-1.0000	-1.0000	-1.0000	-1.0000	-1.0000	-1.0000	-1.0000	-1.0000		0		-1.0000	-1	0.000000	None	None	-1	0	0	None	None	None	None	None	-1	-1	-1.000000	-1.000000	-1.000000	-1.000000		-1	-1	SPILL	DISC
BRH-SP-05	Blue Ridge Dam	BRDG1	34.880554	-84.281670	0.000000	0.0000	0.0000	0.000000	None	-1.0000	-1					-1	-1	-1	0	0	0.0000	-1.0000	-1.0000	-1.0000	-1.0000	-1.0000	-1.0000	-1.0000	-1.0000	-1.0000	-1.0000	-1.0000	-1.0000	-1.0000	-1.0000	-1.0000	-1.0000		0		-1.0000	-1	0.000000	None	None	-1	0	0	None	None	None	None	None	-1	-1	-1.000000	-1.000000	-1.000000	-1.000000		-1	-1	SPILL	DISC
BRH-SP-06	Blue Ridge Dam	BRDG1	34.880554	-84.281670	0.000000	0.0000	0.0000	0.000000	None	-1.0000	-1					-1	-1	-1	0	0	0.0000	-1.0000	-1.0000	-1.0000	-1.0000	-1.0000	-1.0000	-1.0000	-1.0000	-1.0000	-1.0000	-1.0000	-1.0000	-1.0000	-1.0000	-1.0000	-1.0000		0		-1.0000	-1	0.000000	None	None	-1	0	0	None	None	None	None	None	-1	-1	-1.000000	-1.000000	-1.000000	-1.000000		-1	-1	SPILL	DISC
BRH-SP-07	Blue Ridge Dam	BRDG1	34.880554	-84.281670	0.000000	0.0000	0.0000	0.000000	None	-1.0000	-1					-1	-1	-1	0	0	0.0000	-1.0000	-1.0000	-1.0000	-1.0000	-1.0000	-1.0000	-1.0000	-1.0000	-1.0000	-1.0000	-1.0000	-1.0000	-1.0000	-1.0000	-1.0000	-1.0000		0		-1.0000	-1	0.000000	None	None	-1	0	0	None	None	None	None	None	-1	-1	-1.000000	-1.000000	-1.000000	-1.000000		-1	-1	SPILL	DISC
BRH-SP-08	Blue Ridge Dam	BRDG1	34.880554	-84.281670	0.000000	0.0000	0.0000	0.000000	None	-1.0000	-1					-1	-1	-1	0	0	0.0000	-1.0000	-1.0000	-1.0000	-1.0000	-1.0000	-1.0000	-1.0000	-1.0000	-1.0000	-1.0000	-1.0000	-1.0000	-1.0000	-1.0000	-1.0000	-1.0000		0		-1.0000	-1	0.000000	None	None	-1	0	0	None	None	None	None	None	-1	-1	-1.000000	-1.000000	-1.000000	-1.000000		-1	-1	SPILL	DISC
Bridgeport_AL	Bridgeport, AL	Bridgeport_AL	34.952887	-85.692945	0.000000	0.0000	0.0000	0.000000	None	-1.0000	-1					-1	-1	-1	0	0	0.0000	-1.0000	-1.0000	-1.0000	-1.0000	-1.0000	-1.0000	-1.0000	-1.0000	-1.0000	-1.0000	-1.0000	-1.0000	-1.0000	-1.0000	-1.0000	-1.0000		0		-1.0000	-1	0.000000	None	None	-1	0	0	None	None	None	None	None	-1	-1	-1.000000	-1.000000	-1.000000	-1.000000		-1	-1
BRKI2	Ohio River at Brookport	BRKI2	37.127500	-88.653056	283.300000	0.0000	0.0000	0.000000	None	-1.0000	-1					-1	-1	-1	0	0	0.0000	-1.0000	-1.0000	-1.0000	-1.0000	-1.0000	-1.0000	-1.0000	-1.0000	-1.0000	-1.0000	-1.0000	-1.0000	-1.0000	-1.0000	-1.0000	-1.0000		0		-1.0000	-1	283.300009	None	None	-1	0	0	None	None	None	None	None	-1	-1	-1.000000	-1.000000	-1.000000	-1.000000		-1	-1
BRKK2	Cumberland at Burkesville	BRKK2	36.780834	-85.371109	600.000000	0.0000	0.0000	0.000000	Cumberland	-1.0000	-1		CST			-1	-1	-1	0	0	0.0000	-1.0000	-1.0000	-1.0000	-1.0000	-1.0000	-1.0000	-1.0000	-1.0000	-1.0000	-1.0000	-1.0000	-1.0000	-1.0000	-1.0000	-1.0000	-1.0000	KY	0		-1.0000	-1	600.000019	Precip	None	-1	0	0	None	None	None	None	Stream	-1	-1	-1.000000	-1.000000	-1.000000	-1.000000		-1	-1
BROOKFIELD	Brookfield Projects	BROOKFIELD	35.326330	-84.902344	0.000000	0.0000	0.0000	0.000000	None	-1.0000	-1					-1	-1	-1	0	0	0.0000	-1.0000	-1.0000	-1.0000	-1.0000	-1.0000	-1.0000	-1.0000	-1.0000	-1.0000	-1.0000	-1.0000	-1.0000	-1.0000	-1.0000	-1.0000	-1.0000		0		-1.0000	-1	0.000000	None	None	-1	0	0	None	None	None	None	None	-1	-1	-1.000000	-1.000000	-1.000000	-1.000000		-1	-1
BRRT1	Red blw Highway 61	BRRT1	36.641350	-86.985924	0.000000	0.0000	0.0000	0.000000	Red	-1.0000	1400					-1	-1	-1	0	0	0.0000	-1.0000	-1.0000	-1.0000	-1.0000	-1.0000	-1.0000	-1.0000	-1.0000	-1.0000	-1.0000	-1.0000	-1.0000	-1.0000	-1.0000	-1.0000	-1.0000	TN	0		-1.0000	-1	0.000000	None	None	-1	0	0	None	None	None	None	None	-1	-1	-1.000000	-1.000000	-1.000000	-1.000000		-1	-1
BRST1	Bull Run Fossil Plant	BRST1	36.018612	-84.158890	0.000000	0.0000	0.0000	0.000000	Clinch	48.0000	-1		EST	Fossil		-1	-1	-1	0	0	0.0000	-1.0000	-1.0000	-1.0000	-1.0000	-1.0000	-1.0000	-1.0000	-1.0000	-1.0000	-1.0000	-1.0000	-1.0000	-1.0000	-1.0000	-1.0000	-1.0000	TN	0		-1.0000	-1	0.000000	Precip	None	-1	0	0	TVA	Coal-fired	BRS	BRS	None	-1	-1	-1.000000	-1.000000	-1.000000	-1.000000		-1	-1
BRST1_Discharge_221.80	BRST1_Discharge_221.80	BullRunDischarge	0.000000	0.000000	0.000000	0.0000	0.0000	0.000000	None	-1.0000	-1					-1	-1	-1	0	0	0.0000	-1.0000	-1.0000	-1.0000	-1.0000	-1.0000	-1.0000	-1.0000	-1.0000	-1.0000	-1.0000	-1.0000	-1.0000	-1.0000	-1.0000	-1.0000	-1.0000		0	TVA	-1.0000	-1	0.000000	None	None	-1	0	0	None	None	None	None	None	-1	-1	-1.000000	-1.000000	-1.000000	-1.000000		-1	-1
BRST1_Discharge_224.80	BRST1_Discharge_224.80	BullRunDischarge	0.000000	0.000000	0.000000	0.0000	0.0000	0.000000	None	-1.0000	-1					-1	-1	-1	0	0	0.0000	-1.0000	-1.0000	-1.0000	-1.0000	-1.0000	-1.0000	-1.0000	-1.0000	-1.0000	-1.0000	-1.0000	-1.0000	-1.0000	-1.0000	-1.0000	-1.0000		0	TVA	-1.0000	-1	0.000000	None	None	-1	0	0	None	None	None	None	None	-1	-1	-1.000000	-1.000000	-1.000000	-1.000000		-1	-1
BRST1_Discharge_227.80	BRST1_Discharge_227.80	BullRunDischarge	0.000000	0.000000	0.000000	0.0000	0.0000	0.000000	None	-1.0000	-1					-1	-1	-1	0	0	0.0000	-1.0000	-1.0000	-1.0000	-1.0000	-1.0000	-1.0000	-1.0000	-1.0000	-1.0000	-1.0000	-1.0000	-1.0000	-1.0000	-1.0000	-1.0000	-1.0000		0	TVA	-1.0000	-1	0.000000	None	None	-1	0	0	None	None	None	None	None	-1	-1	-1.000000	-1.000000	-1.000000	-1.000000		-1	-1
BRST1_Discharge_229.80	BRST1_Discharge_229.80	BullRunDischarge	0.000000	0.000000	0.000000	0.0000	0.0000	0.000000	None	-1.0000	-1					-1	-1	-1	0	0	0.0000	-1.0000	-1.0000	-1.0000	-1.0000	-1.0000	-1.0000	-1.0000	-1.0000	-1.0000	-1.0000	-1.0000	-1.0000	-1.0000	-1.0000	-1.0000	-1.0000		0	TVA	-1.0000	-1	0.000000	None	None	-1	0	0	None	None	None	None	None	-1	-1	-1.000000	-1.000000	-1.000000	-1.000000		-1	-1
BRST1_Discharge_231.80	BRST1_Discharge_231.80	BullRunDischarge	0.000000	0.000000	0.000000	0.0000	0.0000	0.000000	None	-1.0000	-1					-1	-1	-1	0	0	0.0000	-1.0000	-1.0000	-1.0000	-1.0000	-1.0000	-1.0000	-1.0000	-1.0000	-1.0000	-1.0000	-1.0000	-1.0000	-1.0000	-1.0000	-1.0000	-1.0000		0	TVA	-1.0000	-1	0.000000	None	None	-1	0	0	None	None	None	None	None	-1	-1	-1.000000	-1.000000	-1.000000	-1.000000		-1	-1
BRST1_Discharge_233.80	BRST1_Discharge_233.80	BullRunDischarge	0.000000	0.000000	0.000000	0.0000	0.0000	0.000000	None	-1.0000	-1					-1	-1	-1	0	0	0.0000	-1.0000	-1.0000	-1.0000	-1.0000	-1.0000	-1.0000	-1.0000	-1.0000	-1.0000	-1.0000	-1.0000	-1.0000	-1.0000	-1.0000	-1.0000	-1.0000		0	TVA	-1.0000	-1	0.000000	None	None	-1	0	0	None	None	None	None	None	-1	-1	-1.000000	-1.000000	-1.000000	-1.000000		-1	-1
BRST1_Discharge_235.80	BRST1_Discharge_235.80	BullRunDischarge	0.000000	0.000000	0.000000	0.0000	0.0000	0.000000	None	-1.0000	-1					-1	-1	-1	0	0	0.0000	-1.0000	-1.0000	-1.0000	-1.0000	-1.0000	-1.0000	-1.0000	-1.0000	-1.0000	-1.0000	-1.0000	-1.0000	-1.0000	-1.0000	-1.0000	-1.0000		0	TVA	-1.0000	-1	0.000000	None	None	-1	0	0	None	None	None	None	None	-1	-1	-1.000000	-1.000000	-1.000000	-1.000000		-1	-1
BRST1_Discharge_237.80	BRST1_Discharge_237.80	BullRunDischarge	0.000000	0.000000	0.000000	0.0000	0.0000	0.000000	None	-1.0000	-1					-1	-1	-1	0	0	0.0000	-1.0000	-1.0000	-1.0000	-1.0000	-1.0000	-1.0000	-1.0000	-1.0000	-1.0000	-1.0000	-1.0000	-1.0000	-1.0000	-1.0000	-1.0000	-1.0000		0	TVA	-1.0000	-1	0.000000	None	None	-1	0	0	None	None	None	None	None	-1	-1	-1.000000	-1.000000	-1.000000	-1.000000		-1	-1
BRST1_Discharge_239.80	BRST1_Discharge_239.80	BullRunDischarge	0.000000	0.000000	0.000000	0.0000	0.0000	0.000000	None	-1.0000	-1					-1	-1	-1	0	0	0.0000	-1.0000	-1.0000	-1.0000	-1.0000	-1.0000	-1.0000	-1.0000	-1.0000	-1.0000	-1.0000	-1.0000	-1.0000	-1.0000	-1.0000	-1.0000	-1.0000		0	TVA	-1.0000	-1	0.000000	None	None	-1	0	0	None	None	None	None	None	-1	-1	-1.000000	-1.000000	-1.000000	-1.000000		-1	-1
BRST1_Discharge_241.30	BRST1_Discharge_241.30	BullRunDischarge	0.000000	0.000000	0.000000	0.0000	0.0000	0.000000	None	-1.0000	-1					-1	-1	-1	0	0	0.0000	-1.0000	-1.0000	-1.0000	-1.0000	-1.0000	-1.0000	-1.0000	-1.0000	-1.0000	-1.0000	-1.0000	-1.0000	-1.0000	-1.0000	-1.0000	-1.0000		0	TVA	-1.0000	-1	0.000000	None	None	-1	0	0	None	None	None	None	None	-1	-1	-1.000000	-1.000000	-1.000000	-1.000000		-1	-1
BRST1_Intake_221.80	BRST1_Intake_221.80	BullRunIntake	0.000000	0.000000	0.000000	0.0000	0.0000	0.000000	None	-1.0000	-1					-1	-1	-1	0	0	0.0000	-1.0000	-1.0000	-1.0000	-1.0000	-1.0000	-1.0000	-1.0000	-1.0000	-1.0000	-1.0000	-1.0000	-1.0000	-1.0000	-1.0000	-1.0000	-1.0000		0	TVA	-1.0000	-1	0.000000	None	None	-1	0	0	None	None	None	None	None	-1	-1	-1.000000	-1.000000	-1.000000	-1.000000		-1	-1
BRST1_Intake_224.80	BRST1_Intake_224.80	BullRunIntake	0.000000	0.000000	0.000000	0.0000	0.0000	0.000000	None	-1.0000	-1					-1	-1	-1	0	0	0.0000	-1.0000	-1.0000	-1.0000	-1.0000	-1.0000	-1.0000	-1.0000	-1.0000	-1.0000	-1.0000	-1.0000	-1.0000	-1.0000	-1.0000	-1.0000	-1.0000		0	TVA	-1.0000	-1	0.000000	None	None	-1	0	0	None	None	None	None	None	-1	-1	-1.000000	-1.000000	-1.000000	-1.000000		-1	-1
BRST1_Intake_227.80	BRST1_Intake_227.80	BullRunIntake	0.000000	0.000000	0.000000	0.0000	0.0000	0.000000	None	-1.0000	-1					-1	-1	-1	0	0	0.0000	-1.0000	-1.0000	-1.0000	-1.0000	-1.0000	-1.0000	-1.0000	-1.0000	-1.0000	-1.0000	-1.0000	-1.0000	-1.0000	-1.0000	-1.0000	-1.0000		0	TVA	-1.0000	-1	0.000000	None	None	-1	0	0	None	None	None	None	None	-1	-1	-1.000000	-1.000000	-1.000000	-1.000000		-1	-1
BRST1_Intake_229.80	BRST1_Intake_229.80	BullRunIntake	0.000000	0.000000	0.000000	0.0000	0.0000	0.000000	None	-1.0000	-1					-1	-1	-1	0	0	0.0000	-1.0000	-1.0000	-1.0000	-1.0000	-1.0000	-1.0000	-1.0000	-1.0000	-1.0000	-1.0000	-1.0000	-1.0000	-1.0000	-1.0000	-1.0000	-1.0000		0	TVA	-1.0000	-1	0.000000	None	None	-1	0	0	None	None	None	None	None	-1	-1	-1.000000	-1.000000	-1.000000	-1.000000		-1	-1
BRST1_Intake_231.80	BRST1_Intake_231.80	BullRunIntake	0.000000	0.000000	0.000000	0.0000	0.0000	0.000000	None	-1.0000	-1					-1	-1	-1	0	0	0.0000	-1.0000	-1.0000	-1.0000	-1.0000	-1.0000	-1.0000	-1.0000	-1.0000	-1.0000	-1.0000	-1.0000	-1.0000	-1.0000	-1.0000	-1.0000	-1.0000		0	TVA	-1.0000	-1	0.000000	None	None	-1	0	0	None	None	None	None	None	-1	-1	-1.000000	-1.000000	-1.000000	-1.000000		-1	-1
BRST1_Intake_233.80	BRST1_Intake_233.80	BullRunIntake	0.000000	0.000000	0.000000	0.0000	0.0000	0.000000	None	-1.0000	-1					-1	-1	-1	0	0	0.0000	-1.0000	-1.0000	-1.0000	-1.0000	-1.0000	-1.0000	-1.0000	-1.0000	-1.0000	-1.0000	-1.0000	-1.0000	-1.0000	-1.0000	-1.0000	-1.0000		0	TVA	-1.0000	-1	0.000000	None	None	-1	0	0	None	None	None	None	None	-1	-1	-1.000000	-1.000000	-1.000000	-1.000000		-1	-1
BRST1_Intake_235.80	BRST1_Intake_235.80	BullRunIntake	0.000000	0.000000	0.000000	0.0000	0.0000	0.000000	None	-1.0000	-1					-1	-1	-1	0	0	0.0000	-1.0000	-1.0000	-1.0000	-1.0000	-1.0000	-1.0000	-1.0000	-1.0000	-1.0000	-1.0000	-1.0000	-1.0000	-1.0000	-1.0000	-1.0000	-1.0000		0	TVA	-1.0000	-1	0.000000	None	None	-1	0	0	None	None	None	None	None	-1	-1	-1.000000	-1.000000	-1.000000	-1.000000		-1	-1
BRST1_Intake_237.80	BRST1_Intake_237.80	BullRunIntake	0.000000	0.000000	0.000000	0.0000	0.0000	0.000000	None	-1.0000	-1					-1	-1	-1	0	0	0.0000	-1.0000	-1.0000	-1.0000	-1.0000	-1.0000	-1.0000	-1.0000	-1.0000	-1.0000	-1.0000	-1.0000	-1.0000	-1.0000	-1.0000	-1.0000	-1.0000		0	TVA	-1.0000	-1	0.000000	None	None	-1	0	0	None	None	None	None	None	-1	-1	-1.000000	-1.000000	-1.000000	-1.000000		-1	-1
BRST1_Intake_239.80	BRST1_Intake_239.80	BullRunIntake	0.000000	0.000000	0.000000	0.0000	0.0000	0.000000	None	-1.0000	-1					-1	-1	-1	0	0	0.0000	-1.0000	-1.0000	-1.0000	-1.0000	-1.0000	-1.0000	-1.0000	-1.0000	-1.0000	-1.0000	-1.0000	-1.0000	-1.0000	-1.0000	-1.0000	-1.0000		0	TVA	-1.0000	-1	0.000000	None	None	-1	0	0	None	None	None	None	None	-1	-1	-1.000000	-1.000000	-1.000000	-1.000000		-1	-1
BRST1_Intake_241.30	BRST1_Intake_241.30	BullRunIntake	0.000000	0.000000	0.000000	0.0000	0.0000	0.000000	None	-1.0000	-1					-1	-1	-1	0	0	0.0000	-1.0000	-1.0000	-1.0000	-1.0000	-1.0000	-1.0000	-1.0000	-1.0000	-1.0000	-1.0000	-1.0000	-1.0000	-1.0000	-1.0000	-1.0000	-1.0000		0	TVA	-1.0000	-1	0.000000	None	None	-1	0	0	None	None	None	None	None	-1	-1	-1.000000	-1.000000	-1.000000	-1.000000		-1	-1
BRUT1	Bruceton	BRUT1	36.043056	-88.261391	0.000000	0.0000	0.0000	0.000000	None	-1.0000	-1	3606500	CST			-1	-1	-1	0	0	0.0000	-1.0000	-1.0000	-1.0000	-1.0000	-1.0000	-1.0000	-1.0000	-1.0000	-1.0000	-1.0000	-1.0000	-1.0000	-1.0000	-1.0000	-1.0000	-1.0000	TN	0		-1.0000	-1	0.000000	Precip	None	-1	0	0	None	None	None	None	None	-1	-1	-1.000000	-1.000000	-1.000000	-1.000000		-1	-1
BRVG1	Nottely nr Blairsville (USGS)	BRVG1	34.841111	-83.936111	1810.470000	0.0000	0.0000	0.000000	Nottely	44.0000	730	3550500	EST			-1	-1	-1	0	0	0.0000	-1.0000	-1.0000	-1.0000	-1.0000	-1.0000	-1.0000	-1.0000	-1.0000	-1.0000	-1.0000	-1.0000	-1.0000	-1.0000	-1.0000	-1.0000	-1.0000	GA	0		-1.0000	-1	1810.470058	Precip	None	-1	0	0	None	None	None	None	Stream	-1	-1	-1.000000	-1.000000	-1.000000	-1.000000		-1	-1
BSBA1	Flint at Brownsboro	BSBA1	34.749168	-86.446663	615.920000	0.0000	0.0000	0.000000	Flint	-1.0000	990	3575100				-1	-1	-1	0	0	0.0000	-1.0000	-1.0000	-1.0000	-1.0000	-1.0000	-1.0000	-1.0000	-1.0000	-1.0000	-1.0000	-1.0000	-1.0000	-1.0000	-1.0000	-1.0000	-1.0000	AL	0		-1.0000	-1	615.920020	None	None	-1	0	0	None	None	None	None	Stream	-1	-1	-1.000000	-1.000000	-1.000000	-1.000000		-1	-1
BSGV2	Powell River at Big Stone Gap, VA	BSGV2	36.868985	-82.775439	0.000000	0.0000	0.0000	0.000000	None	-1.0000	-1					-1	-1	-1	0	0	0.0000	-1.0000	-1.0000	-1.0000	-1.0000	-1.0000	-1.0000	-1.0000	-1.0000	-1.0000	-1.0000	-1.0000	-1.0000	-1.0000	-1.0000	-1.0000	-1.0000	VA	0		-1.0000	-1	0.000000	None	None	-1	0	0	None	None	None	None	Stream	-1	-1	-1.000000	-1.000000	-1.000000	-1.000000		-1	-1
BTDN7	Beetree Dam	BTDN7	35.641666	-82.397781	0.000000	0.0000	0.0000	0.000000	Beetree Cr	-1.0000	-1	3450134	EST			-1	-1	-1	0	0	0.0000	-1.0000	-1.0000	-1.0000	-1.0000	-1.0000	-1.0000	-1.0000	-1.0000	-1.0000	-1.0000	-1.0000	-1.0000	-1.0000	-1.0000	-1.0000	-1.0000	NC	0		-1.0000	-1	0.000000	Precip	None	-1	0	0	None	None	None	None	None	-1	-1	-1.000000	-1.000000	-1.000000	-1.000000		-1	-1
Buckingham_Island	Buckingham Island	Buckingham_Island	35.929947	-83.621955	0.000000	0.0000	0.0000	0.000000	None	-1.0000	-1					-1	-1	-1	0	0	0.0000	-1.0000	-1.0000	-1.0000	-1.0000	-1.0000	-1.0000	-1.0000	-1.0000	-1.0000	-1.0000	-1.0000	-1.0000	-1.0000	-1.0000	-1.0000	-1.0000		0		-1.0000	-1	0.000000	None	None	-1	0	0	None	None	None	None	None	-1	-1	-1.000000	-1.000000	-1.000000	-1.000000		-1	-1
BULLRUN_CE-QUAL-W2_mainstem	BULLRUN_CE-QUAL-W2_mainstem	BRST1	0.000000	0.000000	0.000000	0.0000	0.0000	0.000000	None	-1.0000	-1					-1	-1	-1	0	0	0.0000	-1.0000	-1.0000	-1.0000	-1.0000	-1.0000	-1.0000	-1.0000	-1.0000	-1.0000	-1.0000	-1.0000	-1.0000	-1.0000	-1.0000	-1.0000	-1.0000		0	TVA	-1.0000	-1	0.000000	None	None	-1	0	0	None	None	None	None	None	-1	-1	-1.000000	-1.000000	-1.000000	-1.000000		-1	-1
BULLRUN_CE-QUAL-W2_mainstem_DO	BULLRUN_CE-QUAL-W2_mainstem_DO	BRST1	0.000000	0.000000	0.000000	0.0000	0.0000	0.000000	None	-1.0000	-1					-1	-1	-1	0	0	0.0000	-1.0000	-1.0000	-1.0000	-1.0000	-1.0000	-1.0000	-1.0000	-1.0000	-1.0000	-1.0000	-1.0000	-1.0000	-1.0000	-1.0000	-1.0000	-1.0000		0	TVA	-1.0000	-1	0.000000	None	None	-1	0	0	None	None	None	None	None	-1	-1	-1.000000	-1.000000	-1.000000	-1.000000		-1	-1
BULLRUN_CE-QUAL-W2_v4_mainstem	BULLRUN_CE-QUAL-W2_v4_mainstem	BRST1	0.000000	0.000000	0.000000	0.0000	0.0000	0.000000	None	-1.0000	-1					-1	-1	-1	0	0	0.0000	-1.0000	-1.0000	-1.0000	-1.0000	-1.0000	-1.0000	-1.0000	-1.0000	-1.0000	-1.0000	-1.0000	-1.0000	-1.0000	-1.0000	-1.0000	-1.0000		0	TVA	-1.0000	-1	0.000000	None	None	-1	0	0	None	None	None	None	None	-1	-1	-1.000000	-1.000000	-1.000000	-1.000000		-1	-1
BullRunDischarge	Bull Run Discharge W2 profiles	BullRunDischarge	36.018612	-84.158890	0.000000	0.0000	0.0000	0.000000	None	-1.0000	-1					-1	-1	-1	0	0	0.0000	-1.0000	-1.0000	-1.0000	-1.0000	-1.0000	-1.0000	-1.0000	-1.0000	-1.0000	-1.0000	-1.0000	-1.0000	-1.0000	-1.0000	-1.0000	-1.0000		0		-1.0000	-1	0.000000	None	None	-1	0	0	None	None	None	None	None	-1	-1	-1.000000	-1.000000	-1.000000	-1.000000		-1	-1
BullRunIntake	Bull Run Intake W2 profiles	BullRunIntake	36.018612	-84.158890	0.000000	0.0000	0.0000	0.000000	None	-1.0000	-1					-1	-1	-1	0	0	0.0000	-1.0000	-1.0000	-1.0000	-1.0000	-1.0000	-1.0000	-1.0000	-1.0000	-1.0000	-1.0000	-1.0000	-1.0000	-1.0000	-1.0000	-1.0000	-1.0000		0		-1.0000	-1	0.000000	None	None	-1	0	0	None	None	None	None	None	-1	-1	-1.000000	-1.000000	-1.000000	-1.000000		-1	-1
BVDN7	Brevard	BVDN7	35.249443	-82.696663	0.000000	0.0000	0.0000	0.000000	None	-1.0000	-1		EST			-1	-1	-1	0	0	0.0000	-1.0000	-1.0000	-1.0000	-1.0000	-1.0000	-1.0000	-1.0000	-1.0000	-1.0000	-1.0000	-1.0000	-1.0000	-1.0000	-1.0000	-1.0000	-1.0000	NC	0		-1.0000	-1	0.000000	Precip	None	-1	0	0	None	None	None	None	None	-1	-1	-1.000000	-1.000000	-1.000000	-1.000000		-1	-1
BYGT1	Wolf nr Byrdstown	BYGT1	36.560276	-85.073059	707.540000	0.0000	0.0000	0.000000	Wolf	26.2000	-1	3416000	CST			-1	-1	-1	0	0	0.0000	-1.0000	-1.0000	-1.0000	-1.0000	-1.0000	-1.0000	-1.0000	-1.0000	-1.0000	-1.0000	-1.0000	-1.0000	-1.0000	-1.0000	-1.0000	-1.0000	TN	0		-1.0000	-1	707.540023	Precip	None	-1	0	0	None	None	None	None	Stream	-1	-1	-1.000000	-1.000000	-1.000000	-1.000000		-1	-1
CAFT1	Calfkiller blw Sparta	CAFT1	35.911945	-85.476112	820.660000	0.0000	0.0000	0.000000	Calfkiller	11.5000	1505	3419530				-1	-1	-1	0	0	0.0000	-1.0000	-1.0000	-1.0000	-1.0000	-1.0000	-1.0000	-1.0000	-1.0000	-1.0000	-1.0000	-1.0000	-1.0000	-1.0000	-1.0000	-1.0000	-1.0000	TN	0		-1.0000	-1	820.660026	None	None	-1	0	0	None	None	None	None	Stream	-1	-1	-1.000000	-1.000000	-1.000000	-1.000000		-1	-1
CALT1	Calderwood Dam	CALT1	35.494720	-83.988335	0.000000	0.0000	0.0000	122.800000	Little Tennessee	43.6000	580	3517900	EST		CAH	3	124	42	0	0	0.0000	14.0000	7.0000	-1.0000	-1.0000	-1.0000	957.0000	-1.0000	-1.0000	-1.0000	965.0000	-1.0000	-1.0000	-1.0000	-1.0000	-1.0000	-1.0000	TN	0	BROOKFIELD	-1.0000	-1	0.000000	None	None	-1	38	0	Brookfield	None	CAH	CAH	None	-1	-1	-1.000000	-1.000000	-1.000000	-1.000000		-1	-1
CAMERA-BargeWall	FAV Camera Barge Wall	CAMERA-BargeWall	34.699800	-87.118000	0.000000	0.0000	0.0000	0.000000	None	-1.0000	-1					-1	-1	-1	0	0	0.0000	-1.0000	-1.0000	-1.0000	-1.0000	-1.0000	-1.0000	-1.0000	-1.0000	-1.0000	-1.0000	-1.0000	-1.0000	-1.0000	-1.0000	-1.0000	-1.0000		0		-1.0000	-1	0.000000	None	None	-1	0	0	None	None	None	None	None	-1	-1	-1.000000	-1.000000	-1.000000	-1.000000		-1	-1
CAMERA-BFNIntake	FAV Camera BFN Intake	CAMERA-BFNIntake	34.700733	-87.117587	0.000000	0.0000	0.0000	0.000000	None	-1.0000	-1					-1	-1	-1	0	0	0.0000	-1.0000	-1.0000	-1.0000	-1.0000	-1.0000	-1.0000	-1.0000	-1.0000	-1.0000	-1.0000	-1.0000	-1.0000	-1.0000	-1.0000	-1.0000	-1.0000		0		-1.0000	-1	0.000000	None	None	-1	0	0	None	None	None	None	None	-1	-1	-1.000000	-1.000000	-1.000000	-1.000000		-1	-1
CAMERA-Dumpster	FAV Camera Dumpster	CAMERA-Dumpster	34.702000	-87.121000	0.000000	0.0000	0.0000	0.000000	None	-1.0000	-1					-1	-1	-1	0	0	0.0000	-1.0000	-1.0000	-1.0000	-1.0000	-1.0000	-1.0000	-1.0000	-1.0000	-1.0000	-1.0000	-1.0000	-1.0000	-1.0000	-1.0000	-1.0000	-1.0000		0		-1.0000	-1	0.000000	None	None	-1	0	0	None	None	None	None	None	-1	-1	-1.000000	-1.000000	-1.000000	-1.000000		-1	-1
CAMERA-GUH	FAV Camera GUH	CAMERA-GUH	34.423500	-86.392000	0.000000	0.0000	0.0000	0.000000	None	-1.0000	-1					-1	-1	-1	0	0	0.0000	-1.0000	-1.0000	-1.0000	-1.0000	-1.0000	-1.0000	-1.0000	-1.0000	-1.0000	-1.0000	-1.0000	-1.0000	-1.0000	-1.0000	-1.0000	-1.0000		0		-1.0000	-1	0.000000	None	None	-1	0	0	None	None	None	None	None	-1	-1	-1.000000	-1.000000	-1.000000	-1.000000		-1	-1
CAMERA-TrinityLine	FAV Camera Trinity Line	CAMERA-TrinityLine	34.674000	-87.078000	0.000000	0.0000	0.0000	0.000000	None	-1.0000	-1					-1	-1	-1	0	0	0.0000	-1.0000	-1.0000	-1.0000	-1.0000	-1.0000	-1.0000	-1.0000	-1.0000	-1.0000	-1.0000	-1.0000	-1.0000	-1.0000	-1.0000	-1.0000	-1.0000		0		-1.0000	-1	0.000000	None	None	-1	0	0	None	None	None	None	None	-1	-1	-1.000000	-1.000000	-1.000000	-1.000000		-1	-1
CBBK2	Cobb	CBBK2	36.983334	-87.766670	0.000000	0.0000	0.0000	0.000000	None	-1.0000	-1		CST			-1	-1	-1	0	0	0.0000	-1.0000	-1.0000	-1.0000	-1.0000	-1.0000	-1.0000	-1.0000	-1.0000	-1.0000	-1.0000	-1.0000	-1.0000	-1.0000	-1.0000	-1.0000	-1.0000	KY	0		-1.0000	-1	0.000000	Precip	None	-1	0	0	None	None	None	None	None	-1	-1	-1.000000	-1.000000	-1.000000	-1.000000		-1	-1
CBNK2	Corbin North	CBNK2	36.970554	-84.119446	1000.000000	0.0000	0.0000	0.000000	Laurel	21.4000	-1	3404820	EST			-1	-1	-1	0	0	0.0000	-1.0000	-1.0000	-1.0000	-1.0000	-1.0000	-1.0000	-1.0000	-1.0000	-1.0000	-1.0000	-1.0000	-1.0000	-1.0000	-1.0000	-1.0000	-1.0000	KY	0		-1.0000	-1	1000.000032	Precip	None	-1	0	0	None	None	None	None	Stream	-1	-1	-1.000000	-1.000000	-1.000000	-1.000000		-1	-1
CBOT1	Crab Orchard	CBOT1	35.911388	-84.889442	0.000000	0.0000	0.0000	0.000000	None	-1.0000	-1		CST			-1	-1	-1	0	0	0.0000	-1.0000	-1.0000	-1.0000	-1.0000	-1.0000	-1.0000	-1.0000	-1.0000	-1.0000	-1.0000	-1.0000	-1.0000	-1.0000	-1.0000	-1.0000	-1.0000	TN	0		-1.0000	-1	0.000000	Precip	None	-1	0	0	None	None	None	None	None	-1	-1	-1.000000	-1.000000	-1.000000	-1.000000		-1	-1
CBYT1	Cosby	CBYT1	35.808887	-83.248886	0.000000	0.0000	0.0000	0.000000	None	-1.0000	-1		EST			-1	-1	-1	0	0	0.0000	-1.0000	-1.0000	-1.0000	-1.0000	-1.0000	-1.0000	-1.0000	-1.0000	-1.0000	-1.0000	-1.0000	-1.0000	-1.0000	-1.0000	-1.0000	-1.0000	TN	0		-1.0000	-1	0.000000	Precip	None	-1	0	0	None	None	None	None	None	-1	-1	-1.000000	-1.000000	-1.000000	-1.000000		-1	-1
CCLT1	Clinch at Clinton	CCLT1	36.095330	-84.132670	700.010000	0.0000	0.0000	0.000000	Clinch	58.8000	-1		EST			-1	-1	-1	0	0	0.0000	-1.0000	-1.0000	-1.0000	-1.0000	-1.0000	-1.0000	-1.0000	-1.0000	-1.0000	-1.0000	-1.0000	-1.0000	-1.0000	-1.0000	-1.0000	-1.0000	TN	0		802.0000	-1	700.006584	None	None	-1	0	0	None	None	None	None	Stream	-1	-1	-1.000000	-1.000000	-1.000000	-1.000000		-1	-1
CCLV2	Clear Creek Dam	CCLV2	36.661670	-82.120280	0.000000	1900.0000	0.0000	0.000000	Clear Creek	2.8000	-1		EST		BT2	-1	-1	-1	0	0	0.0000	86.0000	-1.0000	-1.0000	-1.0000	-1.0000	-1.0000	-1.0000	-1.0000	-1.0000	-1.0000	-1.0000	-1.0000	-1.0000	-1.0000	-1.0000	-1.0000	VA	0	TVA	-1.0000	-1	0.000000	None	None	-1	0	0	TVA	Non-hydropower	None	None	None	-1	-1	-1.000000	-1.000000	-1.000000	-1.000000		-1	-1
CCR-OG-01	Cedar Creek Dam	CCRA1	34.545555	-87.973335	0.000000	0.0000	0.0000	0.000000	None	-1.0000	-1					-1	-1	-1	0	0	0.0000	-1.0000	-1.0000	-1.0000	-1.0000	-1.0000	-1.0000	-1.0000	-1.0000	-1.0000	-1.0000	-1.0000	-1.0000	-1.0000	-1.0000	-1.0000	-1.0000		0		-1.0000	-1	0.000000	None	None	-1	0	0	None	None	None	None	None	-1	-1	-1.000000	-1.000000	-1.000000	-1.000000		-1	-1	OTHER	DISC
CCR-SL-01	Cedar Creek Dam	CCRA1	34.545555	-87.973335	0.000000	0.0000	0.0000	0.000000	None	-1.0000	-1					-1	-1	-1	0	0	0.0000	-1.0000	-1.0000	-1.0000	-1.0000	-1.0000	-1.0000	-1.0000	-1.0000	-1.0000	-1.0000	-1.0000	-1.0000	-1.0000	-1.0000	-1.0000	-1.0000		0		-1.0000	-1	0.000000	None	None	-1	0	0	None	None	None	None	None	-1	-1	-1.000000	-1.000000	-1.000000	-1.000000		-1	-1	SLUICE	CONT
CCR-SL-02	Cedar Creek Dam	CCRA1	34.545555	-87.973335	0.000000	0.0000	0.0000	0.000000	None	-1.0000	-1					-1	-1	-1	0	0	0.0000	-1.0000	-1.0000	-1.0000	-1.0000	-1.0000	-1.0000	-1.0000	-1.0000	-1.0000	-1.0000	-1.0000	-1.0000	-1.0000	-1.0000	-1.0000	-1.0000		0		-1.0000	-1	0.000000	None	None	-1	0	0	None	None	None	None	None	-1	-1	-1.000000	-1.000000	-1.000000	-1.000000		-1	-1	SLUICE	CONT
CCR-SP-01	Cedar Creek Dam	CCRA1	34.545555	-87.973335	0.000000	0.0000	0.0000	0.000000	None	-1.0000	-1					-1	-1	-1	0	0	0.0000	-1.0000	-1.0000	-1.0000	-1.0000	-1.0000	-1.0000	-1.0000	-1.0000	-1.0000	-1.0000	-1.0000	-1.0000	-1.0000	-1.0000	-1.0000	-1.0000		0		-1.0000	-1	0.000000	None	None	-1	0	0	None	None	None	None	None	-1	-1	-1.000000	-1.000000	-1.000000	-1.000000		-1	-1	SPILL	DISC
CCRA1	Cedar Creek Dam	CCRA1	34.545555	-87.973335	0.000000	550.0000	497.4300	0.000000	Cedar Creek	23.1000	1120		CST		BCC	-1	-1	-1	0	0	0.0000	54.0000	-1.0000	579.4200	-1.0000	-1.0000	-1.0000	-1.0000	584.0000	-1.0000	584.0000	605.0000	-1.0000	-1.0000	-1.0000	-1.0000	-1.0000	AL	0	TVA	584.0000	1980	0.000000	Precip	Tims Ford=>Upper Bear=>Bear=>Little Bear=>Cedar=>Normandy	5	0	0	TVA	Nonpowers	None	None	None	-1	-1	-1.000000	-1.000000	-1.000000	-1.000000		-1	-1
CCVT1	Cades Cove	CCVT1	35.603889	-83.782776	0.000000	0.0000	0.0000	0.000000	None	-1.0000	-1		EST			-1	-1	-1	0	0	0.0000	-1.0000	-1.0000	-1.0000	-1.0000	-1.0000	-1.0000	-1.0000	-1.0000	-1.0000	-1.0000	-1.0000	-1.0000	-1.0000	-1.0000	-1.0000	-1.0000	TN	0		-1.0000	-1	0.000000	Precip	None	-1	0	0	None	None	None	None	None	-1	-1	-1.000000	-1.000000	-1.000000	-1.000000		-1	-1
CDH-01	Cordell Hull-Unit1	COHT1	36.290278	-85.943611	0.000000	0.0000	0.0000	0.000000	None	-1.0000	-1					-1	-1	-1	0	0	0.0000	-1.0000	-1.0000	-1.0000	-1.0000	-1.0000	-1.0000	-1.0000	-1.0000	-1.0000	-1.0000	-1.0000	-1.0000	-1.0000	-1.0000	-1.0000	-1.0000		0		-1.0000	-1	0.000000	None	None	-1	0	0	None	None	None	None	None	-1	-1	-1.000000	-1.000000	-1.000000	-1.000000	USACE	-1	33
CDH-02	Cordell Hull-Unit2	COHT1	36.290278	-85.943611	0.000000	0.0000	0.0000	0.000000	None	-1.0000	-1					-1	-1	-1	0	0	0.0000	-1.0000	-1.0000	-1.0000	-1.0000	-1.0000	-1.0000	-1.0000	-1.0000	-1.0000	-1.0000	-1.0000	-1.0000	-1.0000	-1.0000	-1.0000	-1.0000		0		-1.0000	-1	0.000000	None	None	-1	0	0	None	None	None	None	None	-1	-1	-1.000000	-1.000000	-1.000000	-1.000000	USACE	-1	33
CDH-03	Cordell Hull-Unit3	COHT1	36.290278	-85.943611	0.000000	0.0000	0.0000	0.000000	None	-1.0000	-1					-1	-1	-1	0	0	0.0000	-1.0000	-1.0000	-1.0000	-1.0000	-1.0000	-1.0000	-1.0000	-1.0000	-1.0000	-1.0000	-1.0000	-1.0000	-1.0000	-1.0000	-1.0000	-1.0000		0		-1.0000	-1	0.000000	None	None	-1	0	0	None	None	None	None	None	-1	-1	-1.000000	-1.000000	-1.000000	-1.000000	USACE	-1	33
CDZK2	Little nr Cadiz	CDZK2	36.777802	-87.721703	391.450000	0.0000	0.0000	0.000000	Little River	34.3000	1460	3438000	CST			-1	-1	-1	0	0	0.0000	-1.0000	-1.0000	-1.0000	-1.0000	-1.0000	-1.0000	-1.0000	-1.0000	-1.0000	-1.0000	-1.0000	-1.0000	-1.0000	-1.0000	-1.0000	-1.0000	KY	0		-1.0000	-1	391.450013	Precip	None	-1	0	0	None	None	None	None	Stream	-1	-1	-1.000000	-1.000000	-1.000000	-1.000000		-1	-1
CEDT1	Cedar Dam	CEDT1	35.671391	-88.321388	0.000000	430.0000	0.0000	0.000000	Haley Creek	4.0000	-1		CST		BEM	-1	-1	-1	0	0	0.0000	61.0000	-1.0000	-1.0000	-1.0000	-1.0000	-1.0000	-1.0000	438.9000	-1.0000	-1.0000	449.9000	-1.0000	-1.0000	-1.0000	-1.0000	-1.0000	TN	0	TVA	-1.0000	-1	0.000000	None	None	-1	0	0	TVA	Non-hydropower	None	None	None	-1	-1	-1.000000	-1.000000	-1.000000	-1.000000		-1	-1
CEH-01	Cheoah-Unit1	CHEN7	35.447777	-83.939720	0.000000	0.0000	0.0000	0.000000	None	-1.0000	-1					-1	-1	-1	0	0	0.0000	-1.0000	-1.0000	-1.0000	-1.0000	-1.0000	-1.0000	-1.0000	-1.0000	-1.0000	-1.0000	-1.0000	-1.0000	-1.0000	-1.0000	-1.0000	-1.0000		0		-1.0000	-1	0.000000	None	None	-1	0	0	None	None	None	None	None	-1	-1	-1.000000	-1.000000	-1.000000	-1.000000	Brookfield	-1	21
CEH-02	Cheoah-Unit2	CHEN7	35.447777	-83.939720	0.000000	0.0000	0.0000	0.000000	None	-1.0000	-1					-1	-1	-1	0	0	0.0000	-1.0000	-1.0000	-1.0000	-1.0000	-1.0000	-1.0000	-1.0000	-1.0000	-1.0000	-1.0000	-1.0000	-1.0000	-1.0000	-1.0000	-1.0000	-1.0000		0		-1.0000	-1	0.000000	None	None	-1	0	0	None	None	None	None	None	-1	-1	-1.000000	-1.000000	-1.000000	-1.000000	Brookfield	-1	21
CEH-03	Cheoah-Unit3	CHEN7	35.447777	-83.939720	0.000000	0.0000	0.0000	0.000000	None	-1.0000	-1					-1	-1	-1	0	0	0.0000	-1.0000	-1.0000	-1.0000	-1.0000	-1.0000	-1.0000	-1.0000	-1.0000	-1.0000	-1.0000	-1.0000	-1.0000	-1.0000	-1.0000	-1.0000	-1.0000		0		-1.0000	-1	0.000000	None	None	-1	0	0	None	None	None	None	None	-1	-1	-1.000000	-1.000000	-1.000000	-1.000000	Brookfield	-1	21
CEH-04	Cheoah-Unit4	CHEN7	35.447777	-83.939720	0.000000	0.0000	0.0000	0.000000	None	-1.0000	-1					-1	-1	-1	0	0	0.0000	-1.0000	-1.0000	-1.0000	-1.0000	-1.0000	-1.0000	-1.0000	-1.0000	-1.0000	-1.0000	-1.0000	-1.0000	-1.0000	-1.0000	-1.0000	-1.0000		0		-1.0000	-1	0.000000	None	None	-1	0	0	None	None	None	None	None	-1	-1	-1.000000	-1.000000	-1.000000	-1.000000	Brookfield	-1	21
CEH-05	Cheoah-Unit5	CHEN7	35.447777	-83.939720	0.000000	0.0000	0.0000	0.000000	None	-1.0000	-1					-1	-1	-1	0	0	0.0000	-1.0000	-1.0000	-1.0000	-1.0000	-1.0000	-1.0000	-1.0000	-1.0000	-1.0000	-1.0000	-1.0000	-1.0000	-1.0000	-1.0000	-1.0000	-1.0000		0		-1.0000	-1	0.000000	None	None	-1	0	0	None	None	None	None	None	-1	-1	-1.000000	-1.000000	-1.000000	-1.000000	Brookfield	-1	30
CEHT1	Center Hill Dam	CEHT1	36.097500	-85.827225	0.000000	0.0000	0.0000	0.000000	Caney Fork	26.6000	-1		CST		CNT	3	153	55	0	0	0.0000	37.0000	-1.0000	-1.0000	-1.0000	-1.0000	-1.0000	-1.0000	648.0000	-1.0000	685.0000	696.0000	-1.0000	-1.0000	-1.0000	-1.0000	-1.0000	TN	0	CORPS	-1.0000	-1	0.000000	Precip	None	-1	30	0	Cumberland	Non-hydropower	Cent	Cent	None	-1	-1	-1.000000	-1.000000	-1.000000	-1.000000		-1	-1
CEPN7	East Fork Pigeon at Canton	CEPN7	35.461666	-82.870277	2674.340000	0.0000	0.0000	0.000000	East Fork Pigeon	-1.0000	300	3456500				-1	-1	-1	0	0	0.0000	-1.0000	-1.0000	-1.0000	-1.0000	-1.0000	-1.0000	-1.0000	-1.0000	-1.0000	-1.0000	-1.0000	-1.0000	-1.0000	-1.0000	-1.0000	-1.0000	NC	0		-1.0000	-1	2674.340086	Precip	None	-1	0	0	None	None	None	None	Stream	-1	-1	-1.000000	-1.000000	-1.000000	-1.000000		-1	-1
CFKT1	Clear Fork nr Robbins	CFKT1	36.388332	-84.630280	1081.460000	0.0000	0.0000	0.000000	Clear Fork	3.7000	-1	3409500	EST			-1	-1	-1	0	0	0.0000	-1.0000	-1.0000	-1.0000	-1.0000	-1.0000	-1.0000	-1.0000	-1.0000	-1.0000	-1.0000	-1.0000	-1.0000	-1.0000	-1.0000	-1.0000	-1.0000	TN	0		-1.0000	-1	1081.460035	Precip	None	-1	0	0	None	None	None	None	Stream	-1	-1	-1.000000	-1.000000	-1.000000	-1.000000		-1	-1
CHAN7	Chatuge Dam	CHAN7	35.019722	-83.790558	0.000000	1944.2200	0.0000	0.000000	Hiwassee	121.0000	710	3546500	EST		CTH	1	13	13	1	1	0.0000	19.0000	5.0000	-1.0000	-1.0000	1905.0000	-1.0000	-1.0000	1923.0000	1930.0000	1928.0000	1946.5000	-1.0000	-1.0000	-1.0000	5.0000	3.0000	NC	1	TVA	1928.0000	1943	0.000000	Precip	Chatuge=>Nottely=>Hiwassee=>Blue Ridge	1	9	30	TVA	Hydropower	Chat	CTH	None	-1	-1	-1.000000	-1.000000	-1.000000	-1.000000		-1	-1
CHAT1	Tennessee at Chattanooga (Selected)	CHAT1	35.056110	-85.306664	621.120000	0.0000	0.0000	0.000000	Tennessee	464.2000	870		EST			-1	-1	-1	0	0	0.0000	-1.0000	-1.0000	-1.0000	-1.0000	-1.0000	-1.0000	-1.0000	-1.0000	-1.0000	-1.0000	-1.0000	-1.0000	-1.0000	-1.0000	-1.0000	-1.0000	TN	0		651.1000	-1	621.120020	None	None	-1	0	7	None	None	None	None	Stream	-1	-1	-1.000000	-1.000000	-1.000000	-1.000000		-1	-1
CHAT1_ABOVE	Above Chattanooga	CHAT1_ABOVE	35.056110	-85.306664	0.000000	0.0000	0.0000	0.000000	None	-1.0000	-1					-1	-1	-1	0	0	0.0000	-1.0000	-1.0000	-1.0000	-1.0000	-1.0000	-1.0000	-1.0000	-1.0000	-1.0000	-1.0000	-1.0000	-1.0000	-1.0000	-1.0000	-1.0000	-1.0000		0		-1.0000	-1	0.000000	None	None	-1	0	0	None	None	None	None	None	-1	-1	-1.000000	-1.000000	-1.000000	-1.000000		-1	-1
CHAT1_BELOW	Below Chattanooga	CHAT1_BELOW	35.056110	-85.306664	0.000000	0.0000	0.0000	0.000000	None	-1.0000	-1					-1	-1	-1	0	0	0.0000	-1.0000	-1.0000	-1.0000	-1.0000	-1.0000	-1.0000	-1.0000	-1.0000	-1.0000	-1.0000	-1.0000	-1.0000	-1.0000	-1.0000	-1.0000	-1.0000		0		-1.0000	-1	0.000000	None	None	-1	0	0	None	None	None	None	None	-1	-1	-1.000000	-1.000000	-1.000000	-1.000000		-1	-1
CHAT1_RDR	Tennessee at Chattanooga (Radar)	CHAT1_RDR	35.056110	-85.306664	621.120000	0.0000	0.0000	0.000000	Tennessee	464.2000	870	3568000	EST			-1	-1	-1	0	0	0.0000	-1.0000	-1.0000	-1.0000	-1.0000	-1.0000	-1.0000	-1.0000	-1.0000	-1.0000	-1.0000	-1.0000	-1.0000	-1.0000	-1.0000	-1.0000	-1.0000		0		-1.0000	-1	621.120020	None	None	-1	0	0	None	None	None	None	Stream	-1	-1	-1.000000	-1.000000	-1.000000	-1.000000		-1	-1
CHAT1_WSB	Tennessee at Chattanooga (Pressure)	CHAT1_WSB	35.056110	-85.306664	621.120000	0.0000	0.0000	0.000000	Tennessee	464.2000	870	3568000	EST			-1	-1	-1	0	0	0.0000	-1.0000	-1.0000	-1.0000	-1.0000	-1.0000	-1.0000	-1.0000	-1.0000	-1.0000	-1.0000	-1.0000	-1.0000	-1.0000	-1.0000	-1.0000	-1.0000		0		-1.0000	-1	621.120020	None	None	-1	0	0	None	None	None	None	Stream	-1	-1	-1.000000	-1.000000	-1.000000	-1.000000		-1	-1
CHE-01	Cheatham-Unit1	CHPT1	36.315556	-87.219444	0.000000	0.0000	0.0000	0.000000	None	-1.0000	-1					-1	-1	-1	0	0	0.0000	-1.0000	-1.0000	-1.0000	-1.0000	-1.0000	-1.0000	-1.0000	-1.0000	-1.0000	-1.0000	-1.0000	-1.0000	-1.0000	-1.0000	-1.0000	-1.0000		0		-1.0000	-1	0.000000	None	None	-1	0	0	None	None	None	None	None	-1	-1	-1.000000	-1.000000	-1.000000	-1.000000	USACE	-1	12
CHE-02	Cheatham-Unit2	CHPT1	36.315556	-87.219444	0.000000	0.0000	0.0000	0.000000	None	-1.0000	-1					-1	-1	-1	0	0	0.0000	-1.0000	-1.0000	-1.0000	-1.0000	-1.0000	-1.0000	-1.0000	-1.0000	-1.0000	-1.0000	-1.0000	-1.0000	-1.0000	-1.0000	-1.0000	-1.0000		0		-1.0000	-1	0.000000	None	None	-1	0	0	None	None	None	None	None	-1	-1	-1.000000	-1.000000	-1.000000	-1.000000	USACE	-1	12
CHE-03	Cheatham-Unit3	CHPT1	36.315556	-87.219444	0.000000	0.0000	0.0000	0.000000	None	-1.0000	-1					-1	-1	-1	0	0	0.0000	-1.0000	-1.0000	-1.0000	-1.0000	-1.0000	-1.0000	-1.0000	-1.0000	-1.0000	-1.0000	-1.0000	-1.0000	-1.0000	-1.0000	-1.0000	-1.0000		0		-1.0000	-1	0.000000	None	None	-1	0	0	None	None	None	None	None	-1	-1	-1.000000	-1.000000	-1.000000	-1.000000	USACE	-1	12
CHEN7	Cheoah Dam	CHEN7	35.447777	-83.939720	0.000000	0.0000	0.0000	122.800000	Little Tennessee	51.4000	570	3515152	EST		CEH	5	114	23	0	0	0.0000	12.0000	7.0000	-1.0000	-1.0000	-1.0000	1148.0000	-1.0000	-1.0000	-1.0000	1154.0000	-1.0000	-1.0000	-1.0000	-1.0000	-1.0000	-1.0000	NC	0	BROOKFIELD	-1.0000	-1	0.000000	None	None	-1	39	0	Brookfield	None	CEH	CEH	None	-1	-1	-1.000000	-1.000000	-1.000000	-1.000000		-1	-1
Cherokee Dam	Cherokee Dam	CRKT1	36.168888	-83.500832	0.000000	0.0000	0.0000	0.000000	None	-1.0000	-1					-1	-1	-1	0	0	0.0000	-1.0000	-1.0000	-1.0000	-1.0000	-1.0000	-1.0000	-1.0000	-1.0000	-1.0000	-1.0000	-1.0000	-1.0000	-1.0000	-1.0000	-1.0000	-1.0000		0	TVA	-1.0000	-1	0.000000	None	None	-1	0	0	None	None	None	None	None	-1	-1	-1.000000	-1.000000	-1.000000	-1.000000		-1	-1
Cherokee_AL	Cherokee AL	Cherokee_AL	34.801168	-87.916935	0.000000	0.0000	0.0000	0.000000	Tennessee	239.4000	-1					-1	-1	-1	0	0	0.0000	-1.0000	-1.0000	-1.0000	-1.0000	-1.0000	-1.0000	-1.0000	-1.0000	-1.0000	-1.0000	-1.0000	-1.0000	-1.0000	-1.0000	-1.0000	-1.0000		0		-1.0000	-1	0.000000	None	None	-1	0	0	None	None	None	None	None	-1	-1	-1.000000	-1.000000	-1.000000	-1.000000		-1	-1
CHET1	Cumberland River at Cheatham Lock and Dam	CHET1	36.324444	-87.224444	0.000000	0.0000	0.0000	0.000000	None	-1.0000	-1					-1	-1	-1	0	0	0.0000	-1.0000	-1.0000	-1.0000	-1.0000	-1.0000	-1.0000	-1.0000	-1.0000	-1.0000	-1.0000	-1.0000	-1.0000	-1.0000	-1.0000	-1.0000	-1.0000	TN	0		-1.0000	-1	0.000000	None	None	-1	0	0	None	None	None	None	None	-1	-1	-1.000000	-1.000000	-1.000000	-1.000000		-1	-1
CHH-01	Chickamauga-Unit1	CKDT1	35.099998	-85.229446	0.000000	0.0000	0.0000	0.000000	None	-1.0000	-1					-1	-1	-1	0	0	0.0000	-1.0000	-1.0000	-1.0000	-1.0000	-1.0000	-1.0000	-1.0000	-1.0000	-1.0000	-1.0000	-1.0000	-1.0000	-1.0000	-1.0000	-1.0000	-1.0000		0		-1.0000	-1	0.000000	None	None	-1	0	0	None	None	None	None	None	-1	-1	-1.000000	-1.000000	-1.000000	-1.000000	Hydro	15000	41
CHH-02	Chickamauga-Unit2	CKDT1	35.099998	-85.229446	0.000000	0.0000	0.0000	0.000000	None	-1.0000	-1					-1	-1	-1	0	0	0.0000	-1.0000	-1.0000	-1.0000	-1.0000	-1.0000	-1.0000	-1.0000	-1.0000	-1.0000	-1.0000	-1.0000	-1.0000	-1.0000	-1.0000	-1.0000	-1.0000		0		-1.0000	-1	0.000000	None	None	-1	0	0	None	None	None	None	None	-1	-1	-1.000000	-1.000000	-1.000000	-1.000000	Hydro	15000	42
CHH-03	Chickamauga-Unit3	CKDT1	35.099998	-85.229446	0.000000	0.0000	0.0000	0.000000	None	-1.0000	-1					-1	-1	-1	0	0	0.0000	-1.0000	-1.0000	-1.0000	-1.0000	-1.0000	-1.0000	-1.0000	-1.0000	-1.0000	-1.0000	-1.0000	-1.0000	-1.0000	-1.0000	-1.0000	-1.0000		0		-1.0000	-1	0.000000	None	None	-1	0	0	None	None	None	None	None	-1	-1	-1.000000	-1.000000	-1.000000	-1.000000	Hydro	15000	42
CHH-04	Chickamauga-Unit4	CKDT1	35.099998	-85.229446	0.000000	0.0000	0.0000	0.000000	None	-1.0000	-1					-1	-1	-1	0	0	0.0000	-1.0000	-1.0000	-1.0000	-1.0000	-1.0000	-1.0000	-1.0000	-1.0000	-1.0000	-1.0000	-1.0000	-1.0000	-1.0000	-1.0000	-1.0000	-1.0000		0		-1.0000	-1	0.000000	None	None	-1	0	0	None	None	None	None	None	-1	-1	-1.000000	-1.000000	-1.000000	-1.000000	Hydro	15000	42
CHH-OG-01	Chickamauga Dam	CKDT1	35.099998	-85.229446	0.000000	0.0000	0.0000	0.000000	None	-1.0000	-1					-1	-1	-1	0	0	0.0000	-1.0000	-1.0000	-1.0000	-1.0000	-1.0000	-1.0000	-1.0000	-1.0000	-1.0000	-1.0000	-1.0000	-1.0000	-1.0000	-1.0000	-1.0000	-1.0000		0		-1.0000	-1	0.000000	None	None	-1	0	0	None	None	None	None	None	-1	-1	-1.000000	-1.000000	-1.000000	-1.000000		-1	-1	OTHER	DISC
CHH-OG-02	Chickamauga Dam	CKDT1	35.099998	-85.229446	0.000000	0.0000	0.0000	0.000000	None	-1.0000	-1					-1	-1	-1	0	0	0.0000	-1.0000	-1.0000	-1.0000	-1.0000	-1.0000	-1.0000	-1.0000	-1.0000	-1.0000	-1.0000	-1.0000	-1.0000	-1.0000	-1.0000	-1.0000	-1.0000		0		-1.0000	-1	0.000000	None	None	-1	0	0	None	None	None	None	None	-1	-1	-1.000000	-1.000000	-1.000000	-1.000000		-1	-1	OTHER	DISC
CHH-OG-03	Chickamauga Dam	CKDT1	35.099998	-85.229446	0.000000	0.0000	0.0000	0.000000	None	-1.0000	-1					-1	-1	-1	0	0	0.0000	-1.0000	-1.0000	-1.0000	-1.0000	-1.0000	-1.0000	-1.0000	-1.0000	-1.0000	-1.0000	-1.0000	-1.0000	-1.0000	-1.0000	-1.0000	-1.0000		0		-1.0000	-1	0.000000	None	None	-1	0	0	None	None	None	None	None	-1	-1	-1.000000	-1.000000	-1.000000	-1.000000		-1	-1	OTHER	DISC
CHH-OG-04	Chickamauga Dam	CKDT1	35.099998	-85.229446	0.000000	0.0000	0.0000	0.000000	None	-1.0000	-1					-1	-1	-1	0	0	0.0000	-1.0000	-1.0000	-1.0000	-1.0000	-1.0000	-1.0000	-1.0000	-1.0000	-1.0000	-1.0000	-1.0000	-1.0000	-1.0000	-1.0000	-1.0000	-1.0000		0		-1.0000	-1	0.000000	None	None	-1	0	0	None	None	None	None	None	-1	-1	-1.000000	-1.000000	-1.000000	-1.000000		-1	-1	OTHER	DISC
CHH-OG-05	Chickamauga Dam	CKDT1	35.099998	-85.229446	0.000000	0.0000	0.0000	0.000000	None	-1.0000	-1					-1	-1	-1	0	0	0.0000	-1.0000	-1.0000	-1.0000	-1.0000	-1.0000	-1.0000	-1.0000	-1.0000	-1.0000	-1.0000	-1.0000	-1.0000	-1.0000	-1.0000	-1.0000	-1.0000		0		-1.0000	-1	0.000000	None	None	-1	0	0	None	None	None	None	None	-1	-1	-1.000000	-1.000000	-1.000000	-1.000000		-1	-1	OTHER	DISC
CHH-OG-06	Chickamauga Dam	CKDT1	35.099998	-85.229446	0.000000	0.0000	0.0000	0.000000	None	-1.0000	-1					-1	-1	-1	0	0	0.0000	-1.0000	-1.0000	-1.0000	-1.0000	-1.0000	-1.0000	-1.0000	-1.0000	-1.0000	-1.0000	-1.0000	-1.0000	-1.0000	-1.0000	-1.0000	-1.0000		0		-1.0000	-1	0.000000	None	None	-1	0	0	None	None	None	None	None	-1	-1	-1.000000	-1.000000	-1.000000	-1.000000		-1	-1	OTHER	DISC
CHH-OG-07	Chickamauga Dam	CKDT1	35.099998	-85.229446	0.000000	0.0000	0.0000	0.000000	None	-1.0000	-1					-1	-1	-1	0	0	0.0000	-1.0000	-1.0000	-1.0000	-1.0000	-1.0000	-1.0000	-1.0000	-1.0000	-1.0000	-1.0000	-1.0000	-1.0000	-1.0000	-1.0000	-1.0000	-1.0000		0		-1.0000	-1	0.000000	None	None	-1	0	0	None	None	None	None	None	-1	-1	-1.000000	-1.000000	-1.000000	-1.000000		-1	-1	OTHER	DISC
CHH-OG-08	Chickamauga Dam	CKDT1	35.099998	-85.229446	0.000000	0.0000	0.0000	0.000000	None	-1.0000	-1					-1	-1	-1	0	0	0.0000	-1.0000	-1.0000	-1.0000	-1.0000	-1.0000	-1.0000	-1.0000	-1.0000	-1.0000	-1.0000	-1.0000	-1.0000	-1.0000	-1.0000	-1.0000	-1.0000		0		-1.0000	-1	0.000000	None	None	-1	0	0	None	None	None	None	None	-1	-1	-1.000000	-1.000000	-1.000000	-1.000000		-1	-1	OTHER	DISC
CHH-OG-09	Chickamauga Dam	CKDT1	35.099998	-85.229446	0.000000	0.0000	0.0000	0.000000	None	-1.0000	-1					-1	-1	-1	0	0	0.0000	-1.0000	-1.0000	-1.0000	-1.0000	-1.0000	-1.0000	-1.0000	-1.0000	-1.0000	-1.0000	-1.0000	-1.0000	-1.0000	-1.0000	-1.0000	-1.0000		0		-1.0000	-1	0.000000	None	None	-1	0	0	None	None	None	None	None	-1	-1	-1.000000	-1.000000	-1.000000	-1.000000		-1	-1	OTHER	DISC
CHH-OG-10	Chickamauga Dam	CKDT1	35.099998	-85.229446	0.000000	0.0000	0.0000	0.000000	None	-1.0000	-1					-1	-1	-1	0	0	0.0000	-1.0000	-1.0000	-1.0000	-1.0000	-1.0000	-1.0000	-1.0000	-1.0000	-1.0000	-1.0000	-1.0000	-1.0000	-1.0000	-1.0000	-1.0000	-1.0000		0		-1.0000	-1	0.000000	None	None	-1	0	0	None	None	None	None	None	-1	-1	-1.000000	-1.000000	-1.000000	-1.000000		-1	-1	OTHER	DISC
CHH-OG-11	Chickamauga Dam	CKDT1	35.099998	-85.229446	0.000000	0.0000	0.0000	0.000000	None	-1.0000	-1					-1	-1	-1	0	0	0.0000	-1.0000	-1.0000	-1.0000	-1.0000	-1.0000	-1.0000	-1.0000	-1.0000	-1.0000	-1.0000	-1.0000	-1.0000	-1.0000	-1.0000	-1.0000	-1.0000		0		-1.0000	-1	0.000000	None	None	-1	0	0	None	None	None	None	None	-1	-1	-1.000000	-1.000000	-1.000000	-1.000000		-1	-1	OTHER	DISC
CHH-OG-12	Chickamauga Dam	CKDT1	35.099998	-85.229446	0.000000	0.0000	0.0000	0.000000	None	-1.0000	-1					-1	-1	-1	0	0	0.0000	-1.0000	-1.0000	-1.0000	-1.0000	-1.0000	-1.0000	-1.0000	-1.0000	-1.0000	-1.0000	-1.0000	-1.0000	-1.0000	-1.0000	-1.0000	-1.0000		0		-1.0000	-1	0.000000	None	None	-1	0	0	None	None	None	None	None	-1	-1	-1.000000	-1.000000	-1.000000	-1.000000		-1	-1	OTHER	DISC
CHH-OG-13	Chickamauga Dam	CKDT1	35.099998	-85.229446	0.000000	0.0000	0.0000	0.000000	None	-1.0000	-1					-1	-1	-1	0	0	0.0000	-1.0000	-1.0000	-1.0000	-1.0000	-1.0000	-1.0000	-1.0000	-1.0000	-1.0000	-1.0000	-1.0000	-1.0000	-1.0000	-1.0000	-1.0000	-1.0000		0		-1.0000	-1	0.000000	None	None	-1	0	0	None	None	None	None	None	-1	-1	-1.000000	-1.000000	-1.000000	-1.000000		-1	-1	OTHER	DISC
CHH-OG-14	Chickamauga Dam	CKDT1	35.099998	-85.229446	0.000000	0.0000	0.0000	0.000000	None	-1.0000	-1					-1	-1	-1	0	0	0.0000	-1.0000	-1.0000	-1.0000	-1.0000	-1.0000	-1.0000	-1.0000	-1.0000	-1.0000	-1.0000	-1.0000	-1.0000	-1.0000	-1.0000	-1.0000	-1.0000		0		-1.0000	-1	0.000000	None	None	-1	0	0	None	None	None	None	None	-1	-1	-1.000000	-1.000000	-1.000000	-1.000000		-1	-1	OTHER	DISC
CHH-SP-01	Chickamauga Dam	CKDT1	35.099998	-85.229446	0.000000	0.0000	0.0000	0.000000	None	-1.0000	-1					-1	-1	-1	0	0	0.0000	-1.0000	-1.0000	-1.0000	-1.0000	-1.0000	-1.0000	-1.0000	-1.0000	-1.0000	-1.0000	-1.0000	-1.0000	-1.0000	-1.0000	-1.0000	-1.0000		0		-1.0000	-1	0.000000	None	None	-1	0	0	None	None	None	None	None	-1	-1	-1.000000	-1.000000	-1.000000	-1.000000		-1	-1	SPILL	DISC
CHH-SP-02	Chickamauga Dam	CKDT1	35.099998	-85.229446	0.000000	0.0000	0.0000	0.000000	None	-1.0000	-1					-1	-1	-1	0	0	0.0000	-1.0000	-1.0000	-1.0000	-1.0000	-1.0000	-1.0000	-1.0000	-1.0000	-1.0000	-1.0000	-1.0000	-1.0000	-1.0000	-1.0000	-1.0000	-1.0000		0		-1.0000	-1	0.000000	None	None	-1	0	0	None	None	None	None	None	-1	-1	-1.000000	-1.000000	-1.000000	-1.000000		-1	-1	SPILL	DISC
CHH-SP-03	Chickamauga Dam	CKDT1	35.099998	-85.229446	0.000000	0.0000	0.0000	0.000000	None	-1.0000	-1					-1	-1	-1	0	0	0.0000	-1.0000	-1.0000	-1.0000	-1.0000	-1.0000	-1.0000	-1.0000	-1.0000	-1.0000	-1.0000	-1.0000	-1.0000	-1.0000	-1.0000	-1.0000	-1.0000		0		-1.0000	-1	0.000000	None	None	-1	0	0	None	None	None	None	None	-1	-1	-1.000000	-1.000000	-1.000000	-1.000000		-1	-1	SPILL	DISC
CHH-SP-04	Chickamauga Dam	CKDT1	35.099998	-85.229446	0.000000	0.0000	0.0000	0.000000	None	-1.0000	-1					-1	-1	-1	0	0	0.0000	-1.0000	-1.0000	-1.0000	-1.0000	-1.0000	-1.0000	-1.0000	-1.0000	-1.0000	-1.0000	-1.0000	-1.0000	-1.0000	-1.0000	-1.0000	-1.0000		0		-1.0000	-1	0.000000	None	None	-1	0	0	None	None	None	None	None	-1	-1	-1.000000	-1.000000	-1.000000	-1.000000		-1	-1	SPILL	DISC
CHH-SP-05	Chickamauga Dam	CKDT1	35.099998	-85.229446	0.000000	0.0000	0.0000	0.000000	None	-1.0000	-1					-1	-1	-1	0	0	0.0000	-1.0000	-1.0000	-1.0000	-1.0000	-1.0000	-1.0000	-1.0000	-1.0000	-1.0000	-1.0000	-1.0000	-1.0000	-1.0000	-1.0000	-1.0000	-1.0000		0		-1.0000	-1	0.000000	None	None	-1	0	0	None	None	None	None	None	-1	-1	-1.000000	-1.000000	-1.000000	-1.000000		-1	-1	SPILL	DISC
CHH-SP-06	Chickamauga Dam	CKDT1	35.099998	-85.229446	0.000000	0.0000	0.0000	0.000000	None	-1.0000	-1					-1	-1	-1	0	0	0.0000	-1.0000	-1.0000	-1.0000	-1.0000	-1.0000	-1.0000	-1.0000	-1.0000	-1.0000	-1.0000	-1.0000	-1.0000	-1.0000	-1.0000	-1.0000	-1.0000		0		-1.0000	-1	0.000000	None	None	-1	0	0	None	None	None	None	None	-1	-1	-1.000000	-1.000000	-1.000000	-1.000000		-1	-1	SPILL	DISC
CHH-SP-07	Chickamauga Dam	CKDT1	35.099998	-85.229446	0.000000	0.0000	0.0000	0.000000	None	-1.0000	-1					-1	-1	-1	0	0	0.0000	-1.0000	-1.0000	-1.0000	-1.0000	-1.0000	-1.0000	-1.0000	-1.0000	-1.0000	-1.0000	-1.0000	-1.0000	-1.0000	-1.0000	-1.0000	-1.0000		0		-1.0000	-1	0.000000	None	None	-1	0	0	None	None	None	None	None	-1	-1	-1.000000	-1.000000	-1.000000	-1.000000		-1	-1	SPILL	DISC
CHH-SP-08	Chickamauga Dam	CKDT1	35.099998	-85.229446	0.000000	0.0000	0.0000	0.000000	None	-1.0000	-1					-1	-1	-1	0	0	0.0000	-1.0000	-1.0000	-1.0000	-1.0000	-1.0000	-1.0000	-1.0000	-1.0000	-1.0000	-1.0000	-1.0000	-1.0000	-1.0000	-1.0000	-1.0000	-1.0000		0		-1.0000	-1	0.000000	None	None	-1	0	0	None	None	None	None	None	-1	-1	-1.000000	-1.000000	-1.000000	-1.000000		-1	-1	SPILL	DISC
CHH-SP-09	Chickamauga Dam	CKDT1	35.099998	-85.229446	0.000000	0.0000	0.0000	0.000000	None	-1.0000	-1					-1	-1	-1	0	0	0.0000	-1.0000	-1.0000	-1.0000	-1.0000	-1.0000	-1.0000	-1.0000	-1.0000	-1.0000	-1.0000	-1.0000	-1.0000	-1.0000	-1.0000	-1.0000	-1.0000		0		-1.0000	-1	0.000000	None	None	-1	0	0	None	None	None	None	None	-1	-1	-1.000000	-1.000000	-1.000000	-1.000000		-1	-1	SPILL	DISC
CHH-SP-10	Chickamauga Dam	CKDT1	35.099998	-85.229446	0.000000	0.0000	0.0000	0.000000	None	-1.0000	-1					-1	-1	-1	0	0	0.0000	-1.0000	-1.0000	-1.0000	-1.0000	-1.0000	-1.0000	-1.0000	-1.0000	-1.0000	-1.0000	-1.0000	-1.0000	-1.0000	-1.0000	-1.0000	-1.0000		0		-1.0000	-1	0.000000	None	None	-1	0	0	None	None	None	None	None	-1	-1	-1.000000	-1.000000	-1.000000	-1.000000		-1	-1	SPILL	DISC
CHH-SP-11	Chickamauga Dam	CKDT1	35.099998	-85.229446	0.000000	0.0000	0.0000	0.000000	None	-1.0000	-1					-1	-1	-1	0	0	0.0000	-1.0000	-1.0000	-1.0000	-1.0000	-1.0000	-1.0000	-1.0000	-1.0000	-1.0000	-1.0000	-1.0000	-1.0000	-1.0000	-1.0000	-1.0000	-1.0000		0		-1.0000	-1	0.000000	None	None	-1	0	0	None	None	None	None	None	-1	-1	-1.000000	-1.000000	-1.000000	-1.000000		-1	-1	SPILL	DISC
CHH-SP-12	Chickamauga Dam	CKDT1	35.099998	-85.229446	0.000000	0.0000	0.0000	0.000000	None	-1.0000	-1					-1	-1	-1	0	0	0.0000	-1.0000	-1.0000	-1.0000	-1.0000	-1.0000	-1.0000	-1.0000	-1.0000	-1.0000	-1.0000	-1.0000	-1.0000	-1.0000	-1.0000	-1.0000	-1.0000		0		-1.0000	-1	0.000000	None	None	-1	0	0	None	None	None	None	None	-1	-1	-1.000000	-1.000000	-1.000000	-1.000000		-1	-1	SPILL	DISC
CHHT1	Church Hill	CHHT1	36.521111	-82.737221	0.000000	0.0000	0.0000	0.000000	None	-1.0000	-1		EST			-1	-1	-1	0	0	0.0000	-1.0000	-1.0000	-1.0000	-1.0000	-1.0000	-1.0000	-1.0000	-1.0000	-1.0000	-1.0000	-1.0000	-1.0000	-1.0000	-1.0000	-1.0000	-1.0000	TN	0		-1.0000	-1	0.000000	Precip	None	-1	0	0	None	None	None	None	None	-1	-1	-1.000000	-1.000000	-1.000000	-1.000000		-1	-1
CHKT1	South Chickamauga Creek nr Chickamauga	CHKT1	35.013332	-85.209724	644.120000	0.0000	0.0000	0.000000	South Chickamauga Creek	11.3100	860	3567500	EST			-1	-1	-1	0	0	0.0000	-1.0000	-1.0000	-1.0000	-1.0000	-1.0000	-1.0000	-1.0000	-1.0000	-1.0000	-1.0000	-1.0000	-1.0000	-1.0000	-1.0000	-1.0000	-1.0000	TN	0		-1.0000	-1	644.120021	None	None	-1	0	0	None	None	None	None	Stream	-1	-1	-1.000000	-1.000000	-1.000000	-1.000000		-1	-1
CHLT1	Hiwassee at Charleston	CHLT1	35.294998	-84.760002	665.560000	0.0000	0.0000	0.000000	Hiwassee	18.2000	840	3566000	EST			-1	-1	-1	0	0	0.0000	-1.0000	-1.0000	-1.0000	-1.0000	-1.0000	-1.0000	-1.0000	-1.0000	-1.0000	-1.0000	-1.0000	-1.0000	-1.0000	-1.0000	-1.0000	-1.0000	TN	0		-1.0000	-1	665.560021	None	None	-1	0	0	None	None	None	None	None	-1	-1	-1.000000	-1.000000	-1.000000	-1.000000		-1	-1
CHOG1	Choestoe	CHOG1	34.802776	-83.898331	0.000000	0.0000	0.0000	0.000000	None	-1.0000	-1		EST			-1	-1	-1	0	0	0.0000	-1.0000	-1.0000	-1.0000	-1.0000	-1.0000	-1.0000	-1.0000	-1.0000	-1.0000	-1.0000	-1.0000	-1.0000	-1.0000	-1.0000	-1.0000	-1.0000	GA	0		-1.0000	-1	0.000000	Precip	None	-1	0	0	None	None	None	None	None	-1	-1	-1.000000	-1.000000	-1.000000	-1.000000		-1	-1
CHPT1	Cheatham Dam	CHPT1	36.314446	-87.216110	0.000000	0.0000	0.0000	0.000000	Cumberland	148.7000	-1		CST		CMH	3	39	13	0	0	0.0000	39.0000	-1.0000	-1.0000	-1.0000	-1.0000	-1.0000	-1.0000	359.0000	-1.0000	386.0000	-1.0000	-1.0000	-1.0000	-1.0000	-1.0000	-1.0000	TN	0	CORPS	-1.0000	-1	0.000000	Precip	None	-1	36	21	Cumberland	Non-hydropower	Chea	Chea	None	-1	-1	-1.000000	-1.000000	-1.000000	-1.000000		-1	-1
CHSA1	Flint nr Chase	CHSA1	34.823055	-86.482224	640.370000	0.0000	0.0000	0.000000	Flint	36.2000	980	3575000	CST			-1	-1	-1	0	0	0.0000	-1.0000	-1.0000	-1.0000	-1.0000	-1.0000	-1.0000	-1.0000	-1.0000	-1.0000	-1.0000	-1.0000	-1.0000	-1.0000	-1.0000	-1.0000	-1.0000	AL	0		-1.0000	-1	640.370021	None	None	-1	0	0	None	None	None	None	Stream	-1	-1	-1.000000	-1.000000	-1.000000	-1.000000		-1	-1
CHTT1	Charleston	CHTT1	35.281666	-84.773056	0.000000	0.0000	0.0000	0.000000	None	-1.0000	-1		EST			-1	-1	-1	0	0	0.0000	-1.0000	-1.0000	-1.0000	-1.0000	-1.0000	-1.0000	-1.0000	-1.0000	-1.0000	-1.0000	-1.0000	-1.0000	-1.0000	-1.0000	-1.0000	-1.0000	TN	0		-1.0000	-1	0.000000	Precip	None	-1	0	0	None	None	None	None	None	-1	-1	-1.000000	-1.000000	-1.000000	-1.000000		-1	-1
CIRI2	Ohio at Cairo	CIRI2	37.000000	-89.162498	270.900000	0.0000	0.0000	0.000000	Ohio	2.0000	-1		CST			-1	-1	-1	0	0	0.0000	-1.0000	-1.0000	-1.0000	-1.0000	-1.0000	-1.0000	-1.0000	-1.0000	-1.0000	-1.0000	-1.0000	-1.0000	-1.0000	-1.0000	-1.0000	-1.0000		0		-1.0000	-1	270.900009	None	None	-1	0	0	None	None	None	None	Stream	-1	-1	-1.000000	-1.000000	-1.000000	-1.000000		-1	-1
CKDT1	Chickamauga Dam	CKDT1	35.099998	-85.229446	0.000000	0.0000	0.0000	0.000000	Tennessee	471.0000	850	3566500	EST		CHH	4	127	40	0	1	0.0000	27.0000	7.0000	-1.0000	675.0000	675.0000	-1.0000	-1.0000	645.0000	687.0000	685.4400	706.0000	-1.0000	-1.0000	-1.0000	260.0000	190.0000	TN	0	TVA	685.4000	-1	0.000000	Precip	Fort Loudon=>Watts Bar=>Chickamauga	3	21	12	TVA	Hydropower	Chic	CHH	None	-1	-1	-1.000000	-1.000000	-1.000000	-1.000000		-1	-1
CKDT1_BCT_XSection	CKDT1_BCT_XSection	SQNT1	35.126710	-85.185390	0.000000	0.0000	0.0000	0.000000	None	-1.0000	-1				SQN	-1	-1	-1	0	0	0.0000	-1.0000	-1.0000	-1.0000	-1.0000	-1.0000	-1.0000	-1.0000	-1.0000	-1.0000	-1.0000	-1.0000	-1.0000	-1.0000	-1.0000	-1.0000	-1.0000		0	TVA	-1.0000	-1	0.000000	None	None	-1	0	0	None	None	None	None	None	-1	-1	-1.000000	-1.000000	-1.000000	-1.000000		-1	-1
CKEN7	Cherokee	CKEN7	35.578888	-83.242500	0.000000	0.0000	0.0000	0.000000	None	-1.0000	-1		EST			-1	-1	-1	0	0	0.0000	-1.0000	-1.0000	-1.0000	-1.0000	-1.0000	-1.0000	-1.0000	-1.0000	-1.0000	-1.0000	-1.0000	-1.0000	-1.0000	-1.0000	-1.0000	-1.0000	NC	0		-1.0000	-1	0.000000	Precip	South Holston=>Watauga=>Boone=>Cherokee	4	0	0	None	None	None	None	None	-1	-1	-1.000000	-1.000000	-1.000000	-1.000000		-1	-1
CKMG1	Chickamauga GA	CKMG1	34.865833	-85.288887	0.000000	0.0000	0.0000	0.000000	None	-1.0000	-1	3567340	EST			-1	-1	-1	0	0	0.0000	-1.0000	-1.0000	-1.0000	-1.0000	-1.0000	-1.0000	-1.0000	-1.0000	-1.0000	-1.0000	-1.0000	-1.0000	-1.0000	-1.0000	-1.0000	-1.0000	GA	0		-1.0000	-1	0.000000	Precip	None	-1	0	0	None	None	None	None	None	-1	-1	-1.000000	-1.000000	-1.000000	-1.000000		-1	-1
CKVT1	Cumberland at Clarksville	CKVT1	36.521946	-87.364723	300.000000	0.0000	0.0000	0.000000	Cumberland	125.5000	1440	3436500	CST			-1	-1	-1	0	0	0.0000	-1.0000	-1.0000	-1.0000	-1.0000	-1.0000	-1.0000	-1.0000	-1.0000	-1.0000	-1.0000	-1.0000	-1.0000	-1.0000	-1.0000	-1.0000	-1.0000	TN	0		-1.0000	-1	300.000010	Precip	None	-1	0	0	None	None	None	None	Stream	-1	-1	-1.000000	-1.000000	-1.000000	-1.000000		-1	-1
CKVT1N	Red at Clarksville	CKVT1N	36.536999	-87.370003	0.000000	0.0000	0.0000	0.000000	Red	-1.0000	1430					-1	-1	-1	0	0	0.0000	-1.0000	-1.0000	-1.0000	-1.0000	-1.0000	-1.0000	-1.0000	-1.0000	-1.0000	-1.0000	-1.0000	-1.0000	-1.0000	-1.0000	-1.0000	-1.0000		0		-1.0000	-1	0.000000	None	None	-1	0	0	None	None	None	None	None	-1	-1	-1.000000	-1.000000	-1.000000	-1.000000		-1	-1
CKYT1	Chuckey	CKYT1	36.219166	-82.702774	0.000000	0.0000	0.0000	0.000000	None	-1.0000	-1		EST			-1	-1	-1	0	0	0.0000	-1.0000	-1.0000	-1.0000	-1.0000	-1.0000	-1.0000	-1.0000	-1.0000	-1.0000	-1.0000	-1.0000	-1.0000	-1.0000	-1.0000	-1.0000	-1.0000	TN	0		-1.0000	-1	0.000000	Precip	None	-1	0	0	None	None	None	None	None	-1	-1	-1.000000	-1.000000	-1.000000	-1.000000		-1	-1
CLAT1	Cumberland at Celina	CLAT1	36.554165	-85.514442	489.000000	0.0000	0.0000	0.000000	Cumberland	380.8000	-1	3417500	CST			-1	-1	-1	0	0	0.0000	-1.0000	-1.0000	-1.0000	-1.0000	-1.0000	-1.0000	-1.0000	-1.0000	-1.0000	-1.0000	-1.0000	-1.0000	-1.0000	-1.0000	-1.0000	-1.0000	TN	0		-1.0000	-1	489.000016	Precip	None	-1	0	0	None	None	None	None	Stream	-1	-1	-1.000000	-1.000000	-1.000000	-1.000000		-1	-1
CLBT1	Columbia	CLBT1	35.664166	-87.032501	0.000000	0.0000	0.0000	0.000000	None	-1.0000	-1		CST			-1	-1	-1	0	0	0.0000	-1.0000	-1.0000	-1.0000	-1.0000	-1.0000	-1.0000	-1.0000	-1.0000	-1.0000	-1.0000	-1.0000	-1.0000	-1.0000	-1.0000	-1.0000	-1.0000	TN	0		-1.0000	-1	0.000000	Precip	None	-1	0	0	None	None	None	None	None	-1	-1	-1.000000	-1.000000	-1.000000	-1.000000		-1	-1
CLET1	Cleveland TN	CLET1	35.183887	-84.821388	0.000000	0.0000	0.0000	0.000000	None	-1.0000	-1		EST			-1	-1	-1	0	0	0.0000	-1.0000	-1.0000	-1.0000	-1.0000	-1.0000	-1.0000	-1.0000	-1.0000	-1.0000	-1.0000	-1.0000	-1.0000	-1.0000	-1.0000	-1.0000	-1.0000	TN	0		-1.0000	-1	0.000000	Precip	None	-1	0	0	None	None	None	None	None	-1	-1	-1.000000	-1.000000	-1.000000	-1.000000		-1	-1
CLFT1	Clifton City	CLFT1	35.372776	-87.983612	0.000000	0.0000	0.0000	0.000000	None	-1.0000	-1		CST			-1	-1	-1	0	0	0.0000	-1.0000	-1.0000	-1.0000	-1.0000	-1.0000	-1.0000	-1.0000	-1.0000	-1.0000	-1.0000	-1.0000	-1.0000	-1.0000	-1.0000	-1.0000	-1.0000	TN	0		-1.0000	-1	0.000000	Precip	None	-1	0	0	None	None	None	None	None	-1	-1	-1.000000	-1.000000	-1.000000	-1.000000		-1	-1
CLH-01	Chilhowee-Unit1	CLTT1	35.545277	-84.050278	0.000000	0.0000	0.0000	0.000000	None	-1.0000	-1					-1	-1	-1	0	0	0.0000	-1.0000	-1.0000	-1.0000	-1.0000	-1.0000	-1.0000	-1.0000	-1.0000	-1.0000	-1.0000	-1.0000	-1.0000	-1.0000	-1.0000	-1.0000	-1.0000		0		-1.0000	-1	0.000000	None	None	-1	0	0	None	None	None	None	None	-1	-1	-1.000000	-1.000000	-1.000000	-1.000000	Brookfield	-1	17
CLH-02	Chilhowee-Unit2	CLTT1	35.545277	-84.050278	0.000000	0.0000	0.0000	0.000000	None	-1.0000	-1					-1	-1	-1	0	0	0.0000	-1.0000	-1.0000	-1.0000	-1.0000	-1.0000	-1.0000	-1.0000	-1.0000	-1.0000	-1.0000	-1.0000	-1.0000	-1.0000	-1.0000	-1.0000	-1.0000		0		-1.0000	-1	0.000000	None	None	-1	0	0	None	None	None	None	None	-1	-1	-1.000000	-1.000000	-1.000000	-1.000000	Brookfield	-1	17
CLH-03	Chilhowee-Unit3	CLTT1	35.545277	-84.050278	0.000000	0.0000	0.0000	0.000000	None	-1.0000	-1					-1	-1	-1	0	0	0.0000	-1.0000	-1.0000	-1.0000	-1.0000	-1.0000	-1.0000	-1.0000	-1.0000	-1.0000	-1.0000	-1.0000	-1.0000	-1.0000	-1.0000	-1.0000	-1.0000		0		-1.0000	-1	0.000000	None	None	-1	0	0	None	None	None	None	None	-1	-1	-1.000000	-1.000000	-1.000000	-1.000000	Brookfield	-1	17
CLLT1	Collinwood	CLLT1	35.162777	-87.744446	0.000000	0.0000	0.0000	0.000000	None	-1.0000	-1		CST			-1	-1	-1	0	0	0.0000	-1.0000	-1.0000	-1.0000	-1.0000	-1.0000	-1.0000	-1.0000	-1.0000	-1.0000	-1.0000	-1.0000	-1.0000	-1.0000	-1.0000	-1.0000	-1.0000	TN	0		-1.0000	-1	0.000000	Precip	None	-1	0	0	None	None	None	None	None	-1	-1	-1.000000	-1.000000	-1.000000	-1.000000		-1	-1
CLMT1	Coalmont	CLMT1	35.345276	-85.697777	0.000000	0.0000	0.0000	0.000000	None	-1.0000	-1		CST			-1	-1	-1	0	0	0.0000	-1.0000	-1.0000	-1.0000	-1.0000	-1.0000	-1.0000	-1.0000	-1.0000	-1.0000	-1.0000	-1.0000	-1.0000	-1.0000	-1.0000	-1.0000	-1.0000	TN	0		-1.0000	-1	0.000000	Precip	None	-1	0	0	None	None	None	None	None	-1	-1	-1.000000	-1.000000	-1.000000	-1.000000		-1	-1
CLNT1	Tennessee R at Clifton	CLNT1	35.388906	-87.995477	0.000000	0.0000	0.0000	0.000000	None	-1.0000	-1					-1	-1	-1	0	0	0.0000	-1.0000	-1.0000	-1.0000	-1.0000	-1.0000	-1.0000	-1.0000	-1.0000	-1.0000	-1.0000	-1.0000	-1.0000	-1.0000	-1.0000	-1.0000	-1.0000	TN	0		-1.0000	-1	0.000000	None	None	-1	0	0	None	None	None	None	None	-1	-1	-1.000000	-1.000000	-1.000000	-1.000000		-1	-1
CLTT1	Chilhowee Dam	CLTT1	35.545277	-84.050278	0.000000	0.0000	0.0000	0.000000	Little Tennessee	33.6000	590		EST		CWH	2	51	26	0	0	0.0000	15.0000	7.0000	-1.0000	-1.0000	-1.0000	863.5000	-1.0000	-1.0000	-1.0000	874.0000	-1.0000	-1.0000	-1.0000	-1.0000	-1.0000	-1.0000	TN	0	BROOKFIELD	-1.0000	-1	0.000000	None	None	-1	41	8	Brookfield	None	CWH	CWH	None	-1	-1	-1.000000	-1.000000	-1.000000	-1.000000		-1	-1
CLVV2	Clinch at Cleveland	CLVV2	36.944721	-82.154999	1500.240000	0.0000	0.0000	0.000000	Clinch	271.6000	20	3524000	EST			-1	-1	-1	0	0	0.0000	-1.0000	-1.0000	-1.0000	-1.0000	-1.0000	-1.0000	-1.0000	-1.0000	-1.0000	-1.0000	-1.0000	-1.0000	-1.0000	-1.0000	-1.0000	-1.0000	VA	0		-1.0000	-1	1500.240048	None	None	-1	0	0	None	None	None	None	Stream	-1	-1	-1.000000	-1.000000	-1.000000	-1.000000		-1	-1
CNH-01	Center Hill-Unit1	CEHT1	36.096667	-85.827222	0.000000	0.0000	0.0000	0.000000	None	-1.0000	-1					-1	-1	-1	0	0	0.0000	-1.0000	-1.0000	-1.0000	-1.0000	-1.0000	-1.0000	-1.0000	-1.0000	-1.0000	-1.0000	-1.0000	-1.0000	-1.0000	-1.0000	-1.0000	-1.0000		0		-1.0000	-1	0.000000	None	None	-1	0	0	None	None	None	None	None	-1	-1	-1.000000	-1.000000	-1.000000	-1.000000	USACE	-1	45
CNH-02	Center Hill-Unit2	CEHT1	36.096667	-85.827222	0.000000	0.0000	0.0000	0.000000	None	-1.0000	-1					-1	-1	-1	0	0	0.0000	-1.0000	-1.0000	-1.0000	-1.0000	-1.0000	-1.0000	-1.0000	-1.0000	-1.0000	-1.0000	-1.0000	-1.0000	-1.0000	-1.0000	-1.0000	-1.0000		0		-1.0000	-1	0.000000	None	None	-1	0	0	None	None	None	None	None	-1	-1	-1.000000	-1.000000	-1.000000	-1.000000	USACE	-1	45
CNH-03	Center Hill-Unit3	CEHT1	36.096667	-85.827222	0.000000	0.0000	0.0000	0.000000	None	-1.0000	-1					-1	-1	-1	0	0	0.0000	-1.0000	-1.0000	-1.0000	-1.0000	-1.0000	-1.0000	-1.0000	-1.0000	-1.0000	-1.0000	-1.0000	-1.0000	-1.0000	-1.0000	-1.0000	-1.0000		0		-1.0000	-1	0.000000	None	None	-1	0	0	None	None	None	None	None	-1	-1	-1.000000	-1.000000	-1.000000	-1.000000	USACE	-1	45
CNTT1	Centerville	CNTT1	35.808056	-87.438057	0.000000	0.0000	0.0000	0.000000	None	-1.0000	-1		CST			-1	-1	-1	0	0	0.0000	-1.0000	-1.0000	-1.0000	-1.0000	-1.0000	-1.0000	-1.0000	-1.0000	-1.0000	-1.0000	-1.0000	-1.0000	-1.0000	-1.0000	-1.0000	-1.0000	TN	0		-1.0000	-1	0.000000	Precip	None	-1	0	0	None	None	None	None	None	-1	-1	-1.000000	-1.000000	-1.000000	-1.000000		-1	-1
CNVT1	Duck at Centerville	CNVT1	35.783333	-87.459999	447.760000	0.0000	0.0000	0.000000	Duck	-1.0000	1270	3601990				-1	-1	-1	0	0	0.0000	-1.0000	-1.0000	-1.0000	-1.0000	-1.0000	-1.0000	-1.0000	-1.0000	-1.0000	-1.0000	-1.0000	-1.0000	-1.0000	-1.0000	-1.0000	-1.0000	TN	0		-1.0000	-1	447.760014	None	None	-1	0	0	None	None	None	None	Stream	-1	-1	-1.000000	-1.000000	-1.000000	-1.000000		-1	-1
COEV2	Coeburn	COEV2	36.928890	-82.481941	0.000000	0.0000	0.0000	0.000000	None	-1.0000	-1		EST			-1	-1	-1	0	0	0.0000	-1.0000	-1.0000	-1.0000	-1.0000	-1.0000	-1.0000	-1.0000	-1.0000	-1.0000	-1.0000	-1.0000	-1.0000	-1.0000	-1.0000	-1.0000	-1.0000	VA	0		-1.0000	-1	0.000000	Precip	None	-1	0	0	None	None	None	None	None	-1	-1	-1.000000	-1.000000	-1.000000	-1.000000		-1	-1
COF	Colbert Fossil Plant	COF	34.744701	-87.849403	0.000000	0.0000	0.0000	0.000000	None	-1.0000	-1			Fossil		-1	-1	-1	0	0	0.0000	-1.0000	-1.0000	-1.0000	-1.0000	-1.0000	-1.0000	-1.0000	-1.0000	-1.0000	-1.0000	-1.0000	-1.0000	-1.0000	-1.0000	-1.0000	-1.0000		0		-1.0000	-1	0.000000	None	None	-1	0	0	TVA	Coal-fired	None	None	None	-1	-1	-1.000000	-1.000000	-1.000000	-1.000000		-1	-1
COF-01	Colbert-Unit1	COF	34.745258	-87.848509	0.000000	0.0000	0.0000	0.000000	None	-1.0000	-1					-1	-1	-1	0	0	0.0000	-1.0000	-1.0000	-1.0000	-1.0000	-1.0000	-1.0000	-1.0000	-1.0000	-1.0000	-1.0000	-1.0000	-1.0000	-1.0000	-1.0000	-1.0000	-1.0000		0		-1.0000	-1	0.000000	None	None	-1	0	0	None	None	None	None	None	-1	-1	-1.000000	-1.000000	-1.000000	-1.000000	Fossil	-1	-1
COF-02	Colbert-Unit2	COF	34.745258	-87.848509	0.000000	0.0000	0.0000	0.000000	None	-1.0000	-1					-1	-1	-1	0	0	0.0000	-1.0000	-1.0000	-1.0000	-1.0000	-1.0000	-1.0000	-1.0000	-1.0000	-1.0000	-1.0000	-1.0000	-1.0000	-1.0000	-1.0000	-1.0000	-1.0000		0		-1.0000	-1	0.000000	None	None	-1	0	0	None	None	None	None	None	-1	-1	-1.000000	-1.000000	-1.000000	-1.000000	Fossil	-1	-1
COF-03	Colbert-Unit3	COF	34.745258	-87.848509	0.000000	0.0000	0.0000	0.000000	None	-1.0000	-1					-1	-1	-1	0	0	0.0000	-1.0000	-1.0000	-1.0000	-1.0000	-1.0000	-1.0000	-1.0000	-1.0000	-1.0000	-1.0000	-1.0000	-1.0000	-1.0000	-1.0000	-1.0000	-1.0000		0		-1.0000	-1	0.000000	None	None	-1	0	0	None	None	None	None	None	-1	-1	-1.000000	-1.000000	-1.000000	-1.000000	Fossil	-1	-1
COF-04	Colbert-Unit4	COF	34.745258	-87.848509	0.000000	0.0000	0.0000	0.000000	None	-1.0000	-1					-1	-1	-1	0	0	0.0000	-1.0000	-1.0000	-1.0000	-1.0000	-1.0000	-1.0000	-1.0000	-1.0000	-1.0000	-1.0000	-1.0000	-1.0000	-1.0000	-1.0000	-1.0000	-1.0000		0		-1.0000	-1	0.000000	None	None	-1	0	0	None	None	None	None	None	-1	-1	-1.000000	-1.000000	-1.000000	-1.000000	Fossil	-1	-1
COF-05	Colbert-Unit5	COF	34.745258	-87.848509	0.000000	0.0000	0.0000	0.000000	None	-1.0000	-1					-1	-1	-1	0	0	0.0000	-1.0000	-1.0000	-1.0000	-1.0000	-1.0000	-1.0000	-1.0000	-1.0000	-1.0000	-1.0000	-1.0000	-1.0000	-1.0000	-1.0000	-1.0000	-1.0000		0		-1.0000	-1	0.000000	None	None	-1	0	0	None	None	None	None	None	-1	-1	-1.000000	-1.000000	-1.000000	-1.000000	Fossil	-1	-1
COF-SW	Colbert-Skimmer Wall	COF	34.745258	-87.848509	0.000000	0.0000	0.0000	0.000000	None	-1.0000	-1					-1	-1	-1	0	0	0.0000	-1.0000	-1.0000	-1.0000	-1.0000	-1.0000	-1.0000	-1.0000	-1.0000	-1.0000	-1.0000	-1.0000	-1.0000	-1.0000	-1.0000	-1.0000	-1.0000		0		-1.0000	-1	0.000000	None	None	-1	0	0	None	None	None	None	None	-1	-1	-1.000000	-1.000000	-1.000000	-1.000000	Other	-1	-1
COF_evap	COF_evap	COF	34.744701	-87.849403	0.000000	0.0000	0.0000	0.000000	None	-1.0000	-1				COF	-1	-1	-1	0	0	0.0000	-1.0000	-1.0000	-1.0000	-1.0000	-1.0000	-1.0000	-1.0000	-1.0000	-1.0000	-1.0000	-1.0000	-1.0000	-1.0000	-1.0000	-1.0000	-1.0000		0	TVA	-1.0000	-1	0.000000	None	None	-1	0	0	None	None	None	None	None	-1	-1	-1.000000	-1.000000	-1.000000	-1.000000		-1	-1
COFBranch1	COFBranch1	COF	0.000000	0.000000	0.000000	0.0000	0.0000	0.000000	None	-1.0000	-1				COF	-1	-1	-1	0	0	0.0000	-1.0000	-1.0000	-1.0000	-1.0000	-1.0000	-1.0000	-1.0000	-1.0000	-1.0000	-1.0000	-1.0000	-1.0000	-1.0000	-1.0000	-1.0000	-1.0000		0	TVA	-1.0000	-1	0.000000	None	None	-1	0	0	None	None	None	None	None	-1	-1	-1.000000	-1.000000	-1.000000	-1.000000		-1	-1
COFBranch2	COFBranch2	COF	0.000000	0.000000	0.000000	0.0000	0.0000	0.000000	None	-1.0000	-1				COF	-1	-1	-1	0	0	0.0000	-1.0000	-1.0000	-1.0000	-1.0000	-1.0000	-1.0000	-1.0000	-1.0000	-1.0000	-1.0000	-1.0000	-1.0000	-1.0000	-1.0000	-1.0000	-1.0000		0	TVA	-1.0000	-1	0.000000	None	None	-1	0	0	None	None	None	None	None	-1	-1	-1.000000	-1.000000	-1.000000	-1.000000		-1	-1
COHT1	Cordell Hull Dam	COHT1	36.286667	-85.940834	0.000000	0.0000	0.0000	0.000000	Cumberland	313.5000	-1	3418420	CST		CLH	3	114	38	0	0	0.0000	47.0000	-1.0000	-1.0000	-1.0000	-1.0000	-1.0000	-1.0000	464.5000	-1.0000	505.7200	513.0000	-1.0000	-1.0000	-1.0000	-1.0000	-1.0000	TN	0	CORPS	-1.0000	-1	0.000000	Precip	None	-1	33	0	Cumberland	Non-hydropower	Cord	Cord	None	-1	-1	-1.000000	-1.000000	-1.000000	-1.000000		-1	-1
COLT1	Duck at Columbia	COLT1	35.618057	-87.032219	535.330000	0.0000	0.0000	0.000000	Duck	132.8000	1260	3599500	CST			-1	-1	-1	0	0	0.0000	-1.0000	-1.0000	-1.0000	-1.0000	-1.0000	-1.0000	-1.0000	-1.0000	-1.0000	-1.0000	-1.0000	-1.0000	-1.0000	-1.0000	-1.0000	-1.0000	TN	0		-1.0000	-1	535.330017	None	None	-1	0	0	None	None	None	None	Stream	-1	-1	-1.000000	-1.000000	-1.000000	-1.000000		-1	-1
COOG1	Coosa River at State Line	COOG1	34.201670	-85.447500	549.500000	0.0000	0.0000	0.000000	None	-1.0000	-1	2397530	CST			-1	-1	-1	0	0	0.0000	-1.0000	-1.0000	-1.0000	-1.0000	-1.0000	-1.0000	-1.0000	-1.0000	-1.0000	-1.0000	-1.0000	-1.0000	-1.0000	-1.0000	-1.0000	-1.0000	GA	0		-1.0000	-1	549.500018	None	None	-1	0	0	None	None	None	None	None	-1	-1	-1.000000	-1.000000	-1.000000	-1.000000		-1	-1
COOT1	Cookeville	COOT1	36.107498	-85.503334	0.000000	0.0000	0.0000	0.000000	None	-1.0000	-1		CST			-1	-1	-1	0	0	0.0000	-1.0000	-1.0000	-1.0000	-1.0000	-1.0000	-1.0000	-1.0000	-1.0000	-1.0000	-1.0000	-1.0000	-1.0000	-1.0000	-1.0000	-1.0000	-1.0000	TN	0		-1.0000	-1	0.000000	Precip	None	-1	0	0	None	None	None	None	None	-1	-1	-1.000000	-1.000000	-1.000000	-1.000000		-1	-1
CORK2	Corbin South	CORK2	36.951389	-84.093613	1049.000000	0.0000	0.0000	0.000000	Lynn Camp Cr	3.9000	-1	3404900	EST			-1	-1	-1	0	0	0.0000	-1.0000	-1.0000	-1.0000	-1.0000	-1.0000	-1.0000	-1.0000	-1.0000	-1.0000	-1.0000	-1.0000	-1.0000	-1.0000	-1.0000	-1.0000	-1.0000	KY	0		-1.0000	-1	1049.000034	Precip	None	-1	0	0	None	None	None	None	Stream	-1	-1	-1.000000	-1.000000	-1.000000	-1.000000		-1	-1
CORPS	USACE Projects	CORPS	35.326330	-84.902344	0.000000	0.0000	0.0000	0.000000	None	-1.0000	-1					-1	-1	-1	0	0	0.0000	-1.0000	-1.0000	-1.0000	-1.0000	-1.0000	-1.0000	-1.0000	-1.0000	-1.0000	-1.0000	-1.0000	-1.0000	-1.0000	-1.0000	-1.0000	-1.0000		0		-1.0000	-1	0.000000	None	None	-1	0	0	None	None	None	None	None	-1	-1	-1.000000	-1.000000	-1.000000	-1.000000		-1	-1
CPHT1	Ocoee at Copperhill	CPHT1	34.991665	-84.377220	1445.280000	0.0000	0.0000	0.000000	Ocoee	37.5000	790	3559500	EST			-1	-1	-1	0	0	0.0000	-1.0000	-1.0000	-1.0000	-1.0000	-1.0000	-1.0000	-1.0000	-1.0000	-1.0000	-1.0000	-1.0000	-1.0000	-1.0000	-1.0000	-1.0000	-1.0000	TN	0		-1.0000	-1	1445.280046	None	None	-1	0	0	None	None	None	None	Stream	-1	-1	-1.000000	-1.000000	-1.000000	-1.000000		-1	-1
CPRT1	Copperhill	CPRT1	35.003889	-84.386944	0.000000	0.0000	0.0000	0.000000	None	-1.0000	-1					-1	-1	-1	0	0	0.0000	-1.0000	-1.0000	-1.0000	-1.0000	-1.0000	-1.0000	-1.0000	-1.0000	-1.0000	-1.0000	-1.0000	-1.0000	-1.0000	-1.0000	-1.0000	-1.0000	TN	0		-1.0000	-1	0.000000	Precip	None	-1	0	0	None	None	None	None	None	-1	-1	-1.000000	-1.000000	-1.000000	-1.000000		-1	-1
CRH-01	Cherokee-Unit1	CRKT1	36.168888	-83.500832	0.000000	0.0000	0.0000	0.000000	None	-1.0000	-1					-1	-1	-1	0	0	0.0000	-1.0000	-1.0000	-1.0000	-1.0000	-1.0000	-1.0000	-1.0000	-1.0000	-1.0000	-1.0000	-1.0000	-1.0000	-1.0000	-1.0000	-1.0000	-1.0000		0		-1.0000	-1	0.000000	None	None	-1	0	0	None	None	None	None	None	-1	-1	-1.000000	-1.000000	-1.000000	-1.000000	Hydro	8000	37
CRH-01-DS	Cherokee-Unit1-Downstream	CRH-01	36.168888	-83.500832	0.000000	0.0000	0.0000	0.000000	None	-1.0000	-1					-1	-1	-1	0	0	0.0000	-1.0000	-1.0000	-1.0000	-1.0000	-1.0000	-1.0000	-1.0000	-1.0000	-1.0000	-1.0000	-1.0000	-1.0000	-1.0000	-1.0000	-1.0000	-1.0000		0		-1.0000	-1	0.000000	None	None	-1	0	0	None	None	None	None	None	-1	-1	-1.000000	-1.000000	-1.000000	-1.000000	Other	-1	-1
CRH-02	Cherokee-Unit2	CRKT1	36.168888	-83.500832	0.000000	0.0000	0.0000	0.000000	None	-1.0000	-1					-1	-1	-1	0	0	0.0000	-1.0000	-1.0000	-1.0000	-1.0000	-1.0000	-1.0000	-1.0000	-1.0000	-1.0000	-1.0000	-1.0000	-1.0000	-1.0000	-1.0000	-1.0000	-1.0000		0		-1.0000	-1	0.000000	None	None	-1	0	0	None	None	None	None	None	-1	-1	-1.000000	-1.000000	-1.000000	-1.000000	Hydro	8000	37
CRH-02-DS	Cherokee-Unit2-Downstream	CRH-02	36.168888	-83.500832	0.000000	0.0000	0.0000	0.000000	None	-1.0000	-1					-1	-1	-1	0	0	0.0000	-1.0000	-1.0000	-1.0000	-1.0000	-1.0000	-1.0000	-1.0000	-1.0000	-1.0000	-1.0000	-1.0000	-1.0000	-1.0000	-1.0000	-1.0000	-1.0000		0		-1.0000	-1	0.000000	None	None	-1	0	0	None	None	None	None	None	-1	-1	-1.000000	-1.000000	-1.000000	-1.000000	Other	-1	-1
CRH-03	Cherokee-Unit3	CRKT1	36.168888	-83.500832	0.000000	0.0000	0.0000	0.000000	None	-1.0000	-1					-1	-1	-1	0	0	0.0000	-1.0000	-1.0000	-1.0000	-1.0000	-1.0000	-1.0000	-1.0000	-1.0000	-1.0000	-1.0000	-1.0000	-1.0000	-1.0000	-1.0000	-1.0000	-1.0000		0		-1.0000	-1	0.000000	None	None	-1	0	0	None	None	None	None	None	-1	-1	-1.000000	-1.000000	-1.000000	-1.000000	Hydro	8000	37
CRH-04	Cherokee-Unit4	CRKT1	36.168888	-83.500832	0.000000	0.0000	0.0000	0.000000	None	-1.0000	-1					-1	-1	-1	0	0	0.0000	-1.0000	-1.0000	-1.0000	-1.0000	-1.0000	-1.0000	-1.0000	-1.0000	-1.0000	-1.0000	-1.0000	-1.0000	-1.0000	-1.0000	-1.0000	-1.0000		0		-1.0000	-1	0.000000	None	None	-1	0	0	None	None	None	None	None	-1	-1	-1.000000	-1.000000	-1.000000	-1.000000	Hydro	8000	37
CRH-OG-01	Cherokee Dam	CRKT1	36.168888	-83.500832	0.000000	0.0000	0.0000	0.000000	None	-1.0000	-1					-1	-1	-1	0	0	0.0000	-1.0000	-1.0000	-1.0000	-1.0000	-1.0000	-1.0000	-1.0000	-1.0000	-1.0000	-1.0000	-1.0000	-1.0000	-1.0000	-1.0000	-1.0000	-1.0000		0		-1.0000	-1	0.000000	None	None	-1	0	0	None	None	None	None	None	-1	-1	-1.000000	-1.000000	-1.000000	-1.000000		-1	-1	OTHER	DISC
CRH-OG-02	Cherokee Dam	CRKT1	36.168888	-83.500832	0.000000	0.0000	0.0000	0.000000	None	-1.0000	-1					-1	-1	-1	0	0	0.0000	-1.0000	-1.0000	-1.0000	-1.0000	-1.0000	-1.0000	-1.0000	-1.0000	-1.0000	-1.0000	-1.0000	-1.0000	-1.0000	-1.0000	-1.0000	-1.0000		0		-1.0000	-1	0.000000	None	None	-1	0	0	None	None	None	None	None	-1	-1	-1.000000	-1.000000	-1.000000	-1.000000		-1	-1	OTHER	DISC
CRH-OG-03	Cherokee Dam	CRKT1	36.168888	-83.500832	0.000000	0.0000	0.0000	0.000000	None	-1.0000	-1					-1	-1	-1	0	0	0.0000	-1.0000	-1.0000	-1.0000	-1.0000	-1.0000	-1.0000	-1.0000	-1.0000	-1.0000	-1.0000	-1.0000	-1.0000	-1.0000	-1.0000	-1.0000	-1.0000		0		-1.0000	-1	0.000000	None	None	-1	0	0	None	None	None	None	None	-1	-1	-1.000000	-1.000000	-1.000000	-1.000000		-1	-1	OTHER	DISC
CRH-OG-04	Cherokee Dam	CRKT1	36.168888	-83.500832	0.000000	0.0000	0.0000	0.000000	None	-1.0000	-1					-1	-1	-1	0	0	0.0000	-1.0000	-1.0000	-1.0000	-1.0000	-1.0000	-1.0000	-1.0000	-1.0000	-1.0000	-1.0000	-1.0000	-1.0000	-1.0000	-1.0000	-1.0000	-1.0000		0		-1.0000	-1	0.000000	None	None	-1	0	0	None	None	None	None	None	-1	-1	-1.000000	-1.000000	-1.000000	-1.000000		-1	-1	OTHER	DISC
CRH-OG-05	Cherokee Dam	CRKT1	36.168888	-83.500832	0.000000	0.0000	0.0000	0.000000	None	-1.0000	-1					-1	-1	-1	0	0	0.0000	-1.0000	-1.0000	-1.0000	-1.0000	-1.0000	-1.0000	-1.0000	-1.0000	-1.0000	-1.0000	-1.0000	-1.0000	-1.0000	-1.0000	-1.0000	-1.0000		0		-1.0000	-1	0.000000	None	None	-1	0	0	None	None	None	None	None	-1	-1	-1.000000	-1.000000	-1.000000	-1.000000		-1	-1	OTHER	DISC
CRH-SL-01	Cherokee Dam	CRKT1	36.168888	-83.500832	0.000000	0.0000	0.0000	0.000000	None	-1.0000	-1					-1	-1	-1	0	0	0.0000	-1.0000	-1.0000	-1.0000	-1.0000	-1.0000	-1.0000	-1.0000	-1.0000	-1.0000	-1.0000	-1.0000	-1.0000	-1.0000	-1.0000	-1.0000	-1.0000		0		-1.0000	-1	0.000000	None	None	-1	0	0	None	None	None	None	None	-1	-1	-1.000000	-1.000000	-1.000000	-1.000000		-1	-1	SLUICE	CONT
CRH-SL-02	Cherokee Dam	CRKT1	36.168888	-83.500832	0.000000	0.0000	0.0000	0.000000	None	-1.0000	-1					-1	-1	-1	0	0	0.0000	-1.0000	-1.0000	-1.0000	-1.0000	-1.0000	-1.0000	-1.0000	-1.0000	-1.0000	-1.0000	-1.0000	-1.0000	-1.0000	-1.0000	-1.0000	-1.0000		0		-1.0000	-1	0.000000	None	None	-1	0	0	None	None	None	None	None	-1	-1	-1.000000	-1.000000	-1.000000	-1.000000		-1	-1	SLUICE	CONT
CRH-SL-03	Cherokee Dam	CRKT1	36.168888	-83.500832	0.000000	0.0000	0.0000	0.000000	None	-1.0000	-1					-1	-1	-1	0	0	0.0000	-1.0000	-1.0000	-1.0000	-1.0000	-1.0000	-1.0000	-1.0000	-1.0000	-1.0000	-1.0000	-1.0000	-1.0000	-1.0000	-1.0000	-1.0000	-1.0000		0		-1.0000	-1	0.000000	None	None	-1	0	0	None	None	None	None	None	-1	-1	-1.000000	-1.000000	-1.000000	-1.000000		-1	-1	SLUICE	CONT
CRH-SL-04	Cherokee Dam	CRKT1	36.168888	-83.500832	0.000000	0.0000	0.0000	0.000000	None	-1.0000	-1					-1	-1	-1	0	0	0.0000	-1.0000	-1.0000	-1.0000	-1.0000	-1.0000	-1.0000	-1.0000	-1.0000	-1.0000	-1.0000	-1.0000	-1.0000	-1.0000	-1.0000	-1.0000	-1.0000		0		-1.0000	-1	0.000000	None	None	-1	0	0	None	None	None	None	None	-1	-1	-1.000000	-1.000000	-1.000000	-1.000000		-1	-1	SLUICE	CONT
CRH-SL-05	Cherokee Dam	CRKT1	36.168888	-83.500832	0.000000	0.0000	0.0000	0.000000	None	-1.0000	-1					-1	-1	-1	0	0	0.0000	-1.0000	-1.0000	-1.0000	-1.0000	-1.0000	-1.0000	-1.0000	-1.0000	-1.0000	-1.0000	-1.0000	-1.0000	-1.0000	-1.0000	-1.0000	-1.0000		0		-1.0000	-1	0.000000	None	None	-1	0	0	None	None	None	None	None	-1	-1	-1.000000	-1.000000	-1.000000	-1.000000		-1	-1	SLUICE	CONT
CRH-SL-06	Cherokee Dam	CRKT1	36.168888	-83.500832	0.000000	0.0000	0.0000	0.000000	None	-1.0000	-1					-1	-1	-1	0	0	0.0000	-1.0000	-1.0000	-1.0000	-1.0000	-1.0000	-1.0000	-1.0000	-1.0000	-1.0000	-1.0000	-1.0000	-1.0000	-1.0000	-1.0000	-1.0000	-1.0000		0		-1.0000	-1	0.000000	None	None	-1	0	0	None	None	None	None	None	-1	-1	-1.000000	-1.000000	-1.000000	-1.000000		-1	-1	SLUICE	CONT
CRH-SL-07	Cherokee Dam	CRKT1	36.168888	-83.500832	0.000000	0.0000	0.0000	0.000000	None	-1.0000	-1					-1	-1	-1	0	0	0.0000	-1.0000	-1.0000	-1.0000	-1.0000	-1.0000	-1.0000	-1.0000	-1.0000	-1.0000	-1.0000	-1.0000	-1.0000	-1.0000	-1.0000	-1.0000	-1.0000		0		-1.0000	-1	0.000000	None	None	-1	0	0	None	None	None	None	None	-1	-1	-1.000000	-1.000000	-1.000000	-1.000000		-1	-1	SLUICE	CONT
CRH-SL-08	Cherokee Dam	CRKT1	36.168888	-83.500832	0.000000	0.0000	0.0000	0.000000	None	-1.0000	-1					-1	-1	-1	0	0	0.0000	-1.0000	-1.0000	-1.0000	-1.0000	-1.0000	-1.0000	-1.0000	-1.0000	-1.0000	-1.0000	-1.0000	-1.0000	-1.0000	-1.0000	-1.0000	-1.0000		0		-1.0000	-1	0.000000	None	None	-1	0	0	None	None	None	None	None	-1	-1	-1.000000	-1.000000	-1.000000	-1.000000		-1	-1	SLUICE	CONT
CRH-SP-01	Cherokee Dam	CRKT1	36.168888	-83.500832	0.000000	0.0000	0.0000	0.000000	None	-1.0000	-1					-1	-1	-1	0	0	0.0000	-1.0000	-1.0000	-1.0000	-1.0000	-1.0000	-1.0000	-1.0000	-1.0000	-1.0000	-1.0000	-1.0000	-1.0000	-1.0000	-1.0000	-1.0000	-1.0000		0		-1.0000	-1	0.000000	None	None	-1	0	0	None	None	None	None	None	-1	-1	-1.000000	-1.000000	-1.000000	-1.000000		-1	-1	SPILL	DISC
CRH-SP-02	Cherokee Dam	CRKT1	36.168888	-83.500832	0.000000	0.0000	0.0000	0.000000	None	-1.0000	-1					-1	-1	-1	0	0	0.0000	-1.0000	-1.0000	-1.0000	-1.0000	-1.0000	-1.0000	-1.0000	-1.0000	-1.0000	-1.0000	-1.0000	-1.0000	-1.0000	-1.0000	-1.0000	-1.0000		0		-1.0000	-1	0.000000	None	None	-1	0	0	None	None	None	None	None	-1	-1	-1.000000	-1.000000	-1.000000	-1.000000		-1	-1	SPILL	DISC
CRH-SP-03	Cherokee Dam	CRKT1	36.168888	-83.500832	0.000000	0.0000	0.0000	0.000000	None	-1.0000	-1					-1	-1	-1	0	0	0.0000	-1.0000	-1.0000	-1.0000	-1.0000	-1.0000	-1.0000	-1.0000	-1.0000	-1.0000	-1.0000	-1.0000	-1.0000	-1.0000	-1.0000	-1.0000	-1.0000		0		-1.0000	-1	0.000000	None	None	-1	0	0	None	None	None	None	None	-1	-1	-1.000000	-1.000000	-1.000000	-1.000000		-1	-1	SPILL	DISC
CRH-SP-04	Cherokee Dam	CRKT1	36.168888	-83.500832	0.000000	0.0000	0.0000	0.000000	None	-1.0000	-1					-1	-1	-1	0	0	0.0000	-1.0000	-1.0000	-1.0000	-1.0000	-1.0000	-1.0000	-1.0000	-1.0000	-1.0000	-1.0000	-1.0000	-1.0000	-1.0000	-1.0000	-1.0000	-1.0000		0		-1.0000	-1	0.000000	None	None	-1	0	0	None	None	None	None	None	-1	-1	-1.000000	-1.000000	-1.000000	-1.000000		-1	-1	SPILL	DISC
CRH-SP-05	Cherokee Dam	CRKT1	36.168888	-83.500832	0.000000	0.0000	0.0000	0.000000	None	-1.0000	-1					-1	-1	-1	0	0	0.0000	-1.0000	-1.0000	-1.0000	-1.0000	-1.0000	-1.0000	-1.0000	-1.0000	-1.0000	-1.0000	-1.0000	-1.0000	-1.0000	-1.0000	-1.0000	-1.0000		0		-1.0000	-1	0.000000	None	None	-1	0	0	None	None	None	None	None	-1	-1	-1.000000	-1.000000	-1.000000	-1.000000		-1	-1	SPILL	DISC
CRH-SP-06	Cherokee Dam	CRKT1	36.168888	-83.500832	0.000000	0.0000	0.0000	0.000000	None	-1.0000	-1					-1	-1	-1	0	0	0.0000	-1.0000	-1.0000	-1.0000	-1.0000	-1.0000	-1.0000	-1.0000	-1.0000	-1.0000	-1.0000	-1.0000	-1.0000	-1.0000	-1.0000	-1.0000	-1.0000		0		-1.0000	-1	0.000000	None	None	-1	0	0	None	None	None	None	None	-1	-1	-1.000000	-1.000000	-1.000000	-1.000000		-1	-1	SPILL	DISC
CRH-SP-07	Cherokee Dam	CRKT1	36.168888	-83.500832	0.000000	0.0000	0.0000	0.000000	None	-1.0000	-1					-1	-1	-1	0	0	0.0000	-1.0000	-1.0000	-1.0000	-1.0000	-1.0000	-1.0000	-1.0000	-1.0000	-1.0000	-1.0000	-1.0000	-1.0000	-1.0000	-1.0000	-1.0000	-1.0000		0		-1.0000	-1	0.000000	None	None	-1	0	0	None	None	None	None	None	-1	-1	-1.000000	-1.000000	-1.000000	-1.000000		-1	-1	SPILL	DISC
CRH-SP-08	Cherokee Dam	CRKT1	36.168888	-83.500832	0.000000	0.0000	0.0000	0.000000	None	-1.0000	-1					-1	-1	-1	0	0	0.0000	-1.0000	-1.0000	-1.0000	-1.0000	-1.0000	-1.0000	-1.0000	-1.0000	-1.0000	-1.0000	-1.0000	-1.0000	-1.0000	-1.0000	-1.0000	-1.0000		0		-1.0000	-1	0.000000	None	None	-1	0	0	None	None	None	None	None	-1	-1	-1.000000	-1.000000	-1.000000	-1.000000		-1	-1	SPILL	DISC
CRH-SP-09	Cherokee Dam	CRKT1	36.168888	-83.500832	0.000000	0.0000	0.0000	0.000000	None	-1.0000	-1					-1	-1	-1	0	0	0.0000	-1.0000	-1.0000	-1.0000	-1.0000	-1.0000	-1.0000	-1.0000	-1.0000	-1.0000	-1.0000	-1.0000	-1.0000	-1.0000	-1.0000	-1.0000	-1.0000		0		-1.0000	-1	0.000000	None	None	-1	0	0	None	None	None	None	None	-1	-1	-1.000000	-1.000000	-1.000000	-1.000000		-1	-1	SPILL	DISC
CRKT1	Cherokee Dam	CRKT1	36.168888	-83.500832	0.000000	0.0000	0.0000	0.000000	Holston	52.3000	170	3493500	EST		CRH	4	140	37	3	1	0.0000	5.0000	10.0000	-1.0000	-1.0000	1020.0000	980.0000	-1.0000	1043.0000	1076.0000	1075.0000	1089.8000	-1.0000	-1.0000	-1.0000	50.0000	30.0000	TN	1	TVA	1075.0000	1942	0.000000	Precip	South Holston=>Watauga=>Boone=>Cherokee	4	6	27	TVA	Hydropower	Cher	CRH	None	-1	-1	-1.000000	-1.000000	-1.000000	-1.000000		-1	-1
CRKT1_evap	CRKT1_evap	CRKT1	36.168888	-83.500832	0.000000	0.0000	0.0000	0.000000	None	-1.0000	-1					-1	-1	-1	0	0	0.0000	-1.0000	-1.0000	-1.0000	-1.0000	-1.0000	-1.0000	-1.0000	-1.0000	-1.0000	-1.0000	-1.0000	-1.0000	-1.0000	-1.0000	-1.0000	-1.0000		0	TVA	-1.0000	-1	0.000000	None	None	-1	0	0	None	None	None	None	None	-1	-1	-1.000000	-1.000000	-1.000000	-1.000000		-1	-1
CRKT1Branch1	CRKT1Branch1	CRKT1	0.000000	0.000000	0.000000	0.0000	0.0000	0.000000	None	-1.0000	-1				CherokeeTail	-1	-1	-1	0	0	0.0000	-1.0000	-1.0000	-1.0000	-1.0000	-1.0000	-1.0000	-1.0000	-1.0000	-1.0000	-1.0000	-1.0000	-1.0000	-1.0000	-1.0000	-1.0000	-1.0000		0	TVA	-1.0000	-1	0.000000	None	None	-1	0	0	None	None	None	None	None	-1	-1	-1.000000	-1.000000	-1.000000	-1.000000		-1	-1
CSEA1	Chase	CSEA1	34.793889	-86.518889	0.000000	0.0000	0.0000	0.000000	None	-1.0000	-1					-1	-1	-1	0	0	0.0000	-1.0000	-1.0000	-1.0000	-1.0000	-1.0000	-1.0000	-1.0000	-1.0000	-1.0000	-1.0000	-1.0000	-1.0000	-1.0000	-1.0000	-1.0000	-1.0000	AL	0		-1.0000	-1	0.000000	Precip	None	-1	0	0	None	None	None	None	None	-1	-1	-1.000000	-1.000000	-1.000000	-1.000000		-1	-1
CTH-01	Chatuge-Unit1	CHAN7	35.019722	-83.790558	0.000000	0.0000	0.0000	0.000000	None	-1.0000	-1					-1	-1	-1	0	0	0.0000	-1.0000	-1.0000	-1.0000	-1.0000	-1.0000	-1.0000	-1.0000	-1.0000	-1.0000	-1.0000	-1.0000	-1.0000	-1.0000	-1.0000	-1.0000	-1.0000		0		-1.0000	-1	0.000000	None	None	-1	0	0	None	None	None	None	None	-1	-1	-1.000000	-1.000000	-1.000000	-1.000000	Hydro	3000	15
CTH-OG-01	Chatuge Dam	CHAN7	35.019722	-83.790558	0.000000	0.0000	0.0000	0.000000	None	-1.0000	-1					-1	-1	-1	0	0	0.0000	-1.0000	-1.0000	-1.0000	-1.0000	-1.0000	-1.0000	-1.0000	-1.0000	-1.0000	-1.0000	-1.0000	-1.0000	-1.0000	-1.0000	-1.0000	-1.0000		0		-1.0000	-1	0.000000	None	None	-1	0	0	None	None	None	None	None	-1	-1	-1.000000	-1.000000	-1.000000	-1.000000		-1	-1	OTHER	DISC
CTH-SP-01	Chatuge Dam	CHAN7	35.019722	-83.790558	0.000000	0.0000	0.0000	0.000000	None	-1.0000	-1					-1	-1	-1	0	0	0.0000	-1.0000	-1.0000	-1.0000	-1.0000	-1.0000	-1.0000	-1.0000	-1.0000	-1.0000	-1.0000	-1.0000	-1.0000	-1.0000	-1.0000	-1.0000	-1.0000		0		-1.0000	-1	0.000000	None	None	-1	0	0	None	None	None	None	None	-1	-1	-1.000000	-1.000000	-1.000000	-1.000000		-1	-1	SPILL	DISC
CTH-SP-02	Chatuge Dam	CHAN7	35.019722	-83.790558	0.000000	0.0000	0.0000	0.000000	None	-1.0000	-1					-1	-1	-1	0	0	0.0000	-1.0000	-1.0000	-1.0000	-1.0000	-1.0000	-1.0000	-1.0000	-1.0000	-1.0000	-1.0000	-1.0000	-1.0000	-1.0000	-1.0000	-1.0000	-1.0000		0		-1.0000	-1	0.000000	None	None	-1	0	0	None	None	None	None	None	-1	-1	-1.000000	-1.000000	-1.000000	-1.000000		-1	-1	SPILL	DISC
CTH-SP-03	Chatuge Dam	CHAN7	35.019722	-83.790558	0.000000	0.0000	0.0000	0.000000	None	-1.0000	-1					-1	-1	-1	0	0	0.0000	-1.0000	-1.0000	-1.0000	-1.0000	-1.0000	-1.0000	-1.0000	-1.0000	-1.0000	-1.0000	-1.0000	-1.0000	-1.0000	-1.0000	-1.0000	-1.0000		0		-1.0000	-1	0.000000	None	None	-1	0	0	None	None	None	None	None	-1	-1	-1.000000	-1.000000	-1.000000	-1.000000		-1	-1	SPILL	DISC
CTH-SP-04	Chatuge Dam	CHAN7	35.019722	-83.790558	0.000000	0.0000	0.0000	0.000000	None	-1.0000	-1					-1	-1	-1	0	0	0.0000	-1.0000	-1.0000	-1.0000	-1.0000	-1.0000	-1.0000	-1.0000	-1.0000	-1.0000	-1.0000	-1.0000	-1.0000	-1.0000	-1.0000	-1.0000	-1.0000		0		-1.0000	-1	0.000000	None	None	-1	0	0	None	None	None	None	None	-1	-1	-1.000000	-1.000000	-1.000000	-1.000000		-1	-1	SPILL	DISC
CTH-SP-05	Chatuge Dam	CHAN7	35.019722	-83.790558	0.000000	0.0000	0.0000	0.000000	None	-1.0000	-1					-1	-1	-1	0	0	0.0000	-1.0000	-1.0000	-1.0000	-1.0000	-1.0000	-1.0000	-1.0000	-1.0000	-1.0000	-1.0000	-1.0000	-1.0000	-1.0000	-1.0000	-1.0000	-1.0000		0		-1.0000	-1	0.000000	None	None	-1	0	0	None	None	None	None	None	-1	-1	-1.000000	-1.000000	-1.000000	-1.000000		-1	-1	SPILL	DISC
CTH-SP-06	Chatuge Dam	CHAN7	35.019722	-83.790558	0.000000	0.0000	0.0000	0.000000	None	-1.0000	-1					-1	-1	-1	0	0	0.0000	-1.0000	-1.0000	-1.0000	-1.0000	-1.0000	-1.0000	-1.0000	-1.0000	-1.0000	-1.0000	-1.0000	-1.0000	-1.0000	-1.0000	-1.0000	-1.0000		0		-1.0000	-1	0.000000	None	None	-1	0	0	None	None	None	None	None	-1	-1	-1.000000	-1.000000	-1.000000	-1.000000		-1	-1	SPILL	DISC
CTH-SP-07	Chatuge Dam	CHAN7	35.019722	-83.790558	0.000000	0.0000	0.0000	0.000000	None	-1.0000	-1					-1	-1	-1	0	0	0.0000	-1.0000	-1.0000	-1.0000	-1.0000	-1.0000	-1.0000	-1.0000	-1.0000	-1.0000	-1.0000	-1.0000	-1.0000	-1.0000	-1.0000	-1.0000	-1.0000		0		-1.0000	-1	0.000000	None	None	-1	0	0	None	None	None	None	None	-1	-1	-1.000000	-1.000000	-1.000000	-1.000000		-1	-1	SPILL	DISC
CTH-SP-08	Chatuge Dam	CHAN7	35.019722	-83.790558	0.000000	0.0000	0.0000	0.000000	None	-1.0000	-1					-1	-1	-1	0	0	0.0000	-1.0000	-1.0000	-1.0000	-1.0000	-1.0000	-1.0000	-1.0000	-1.0000	-1.0000	-1.0000	-1.0000	-1.0000	-1.0000	-1.0000	-1.0000	-1.0000		0		-1.0000	-1	0.000000	None	None	-1	0	0	None	None	None	None	None	-1	-1	-1.000000	-1.000000	-1.000000	-1.000000		-1	-1	SPILL	DISC
CTH-SP-09	Chatuge Dam	CHAN7	35.019722	-83.790558	0.000000	0.0000	0.0000	0.000000	None	-1.0000	-1					-1	-1	-1	0	0	0.0000	-1.0000	-1.0000	-1.0000	-1.0000	-1.0000	-1.0000	-1.0000	-1.0000	-1.0000	-1.0000	-1.0000	-1.0000	-1.0000	-1.0000	-1.0000	-1.0000		0		-1.0000	-1	0.000000	None	None	-1	0	0	None	None	None	None	None	-1	-1	-1.000000	-1.000000	-1.000000	-1.000000		-1	-1	SPILL	DISC
CTH-SP-10	Chatuge Dam	CHAN7	35.019722	-83.790558	0.000000	0.0000	0.0000	0.000000	None	-1.0000	-1					-1	-1	-1	0	0	0.0000	-1.0000	-1.0000	-1.0000	-1.0000	-1.0000	-1.0000	-1.0000	-1.0000	-1.0000	-1.0000	-1.0000	-1.0000	-1.0000	-1.0000	-1.0000	-1.0000		0		-1.0000	-1	0.000000	None	None	-1	0	0	None	None	None	None	None	-1	-1	-1.000000	-1.000000	-1.000000	-1.000000		-1	-1	SPILL	DISC
CTH-SP-11	Chatuge Dam	CHAN7	35.019722	-83.790558	0.000000	0.0000	0.0000	0.000000	None	-1.0000	-1					-1	-1	-1	0	0	0.0000	-1.0000	-1.0000	-1.0000	-1.0000	-1.0000	-1.0000	-1.0000	-1.0000	-1.0000	-1.0000	-1.0000	-1.0000	-1.0000	-1.0000	-1.0000	-1.0000		0		-1.0000	-1	0.000000	None	None	-1	0	0	None	None	None	None	None	-1	-1	-1.000000	-1.000000	-1.000000	-1.000000		-1	-1	SPILL	DISC
CTH-SP-12	Chatuge Dam	CHAN7	35.019722	-83.790558	0.000000	0.0000	0.0000	0.000000	None	-1.0000	-1					-1	-1	-1	0	0	0.0000	-1.0000	-1.0000	-1.0000	-1.0000	-1.0000	-1.0000	-1.0000	-1.0000	-1.0000	-1.0000	-1.0000	-1.0000	-1.0000	-1.0000	-1.0000	-1.0000		0		-1.0000	-1	0.000000	None	None	-1	0	0	None	None	None	None	None	-1	-1	-1.000000	-1.000000	-1.000000	-1.000000		-1	-1	SPILL	DISC
CTH-SP-13	Chatuge Dam	CHAN7	35.019722	-83.790558	0.000000	0.0000	0.0000	0.000000	None	-1.0000	-1					-1	-1	-1	0	0	0.0000	-1.0000	-1.0000	-1.0000	-1.0000	-1.0000	-1.0000	-1.0000	-1.0000	-1.0000	-1.0000	-1.0000	-1.0000	-1.0000	-1.0000	-1.0000	-1.0000		0		-1.0000	-1	0.000000	None	None	-1	0	0	None	None	None	None	None	-1	-1	-1.000000	-1.000000	-1.000000	-1.000000		-1	-1	SPILL	DISC
CTH-SP-14	Chatuge Dam	CHAN7	35.019722	-83.790558	0.000000	0.0000	0.0000	0.000000	None	-1.0000	-1					-1	-1	-1	0	0	0.0000	-1.0000	-1.0000	-1.0000	-1.0000	-1.0000	-1.0000	-1.0000	-1.0000	-1.0000	-1.0000	-1.0000	-1.0000	-1.0000	-1.0000	-1.0000	-1.0000		0		-1.0000	-1	0.000000	None	None	-1	0	0	None	None	None	None	None	-1	-1	-1.000000	-1.000000	-1.000000	-1.000000		-1	-1	SPILL	DISC
CTH-SP-15	Chatuge Dam	CHAN7	35.019722	-83.790558	0.000000	0.0000	0.0000	0.000000	None	-1.0000	-1					-1	-1	-1	0	0	0.0000	-1.0000	-1.0000	-1.0000	-1.0000	-1.0000	-1.0000	-1.0000	-1.0000	-1.0000	-1.0000	-1.0000	-1.0000	-1.0000	-1.0000	-1.0000	-1.0000		0		-1.0000	-1	0.000000	None	None	-1	0	0	None	None	None	None	None	-1	-1	-1.000000	-1.000000	-1.000000	-1.000000		-1	-1	SPILL	DISC
CTH-SP-16	Chatuge Dam	CHAN7	35.019722	-83.790558	0.000000	0.0000	0.0000	0.000000	None	-1.0000	-1					-1	-1	-1	0	0	0.0000	-1.0000	-1.0000	-1.0000	-1.0000	-1.0000	-1.0000	-1.0000	-1.0000	-1.0000	-1.0000	-1.0000	-1.0000	-1.0000	-1.0000	-1.0000	-1.0000		0		-1.0000	-1	0.000000	None	None	-1	0	0	None	None	None	None	None	-1	-1	-1.000000	-1.000000	-1.000000	-1.000000		-1	-1	SPILL	DISC
CTH-SP-17	Chatuge Dam	CHAN7	35.019722	-83.790558	0.000000	0.0000	0.0000	0.000000	None	-1.0000	-1					-1	-1	-1	0	0	0.0000	-1.0000	-1.0000	-1.0000	-1.0000	-1.0000	-1.0000	-1.0000	-1.0000	-1.0000	-1.0000	-1.0000	-1.0000	-1.0000	-1.0000	-1.0000	-1.0000		0		-1.0000	-1	0.000000	None	None	-1	0	0	None	None	None	None	None	-1	-1	-1.000000	-1.000000	-1.000000	-1.000000		-1	-1	SPILL	DISC
CTH-SP-18	Chatuge Dam	CHAN7	35.019722	-83.790558	0.000000	0.0000	0.0000	0.000000	None	-1.0000	-1					-1	-1	-1	0	0	0.0000	-1.0000	-1.0000	-1.0000	-1.0000	-1.0000	-1.0000	-1.0000	-1.0000	-1.0000	-1.0000	-1.0000	-1.0000	-1.0000	-1.0000	-1.0000	-1.0000		0		-1.0000	-1	0.000000	None	None	-1	0	0	None	None	None	None	None	-1	-1	-1.000000	-1.000000	-1.000000	-1.000000		-1	-1	SPILL	DISC
CTH-SP-19	Chatuge Dam	CHAN7	35.019722	-83.790558	0.000000	0.0000	0.0000	0.000000	None	-1.0000	-1					-1	-1	-1	0	0	0.0000	-1.0000	-1.0000	-1.0000	-1.0000	-1.0000	-1.0000	-1.0000	-1.0000	-1.0000	-1.0000	-1.0000	-1.0000	-1.0000	-1.0000	-1.0000	-1.0000		0		-1.0000	-1	0.000000	None	None	-1	0	0	None	None	None	None	None	-1	-1	-1.000000	-1.000000	-1.000000	-1.000000		-1	-1	SPILL	DISC
CTH-SP-20	Chatuge Dam	CHAN7	35.019722	-83.790558	0.000000	0.0000	0.0000	0.000000	None	-1.0000	-1					-1	-1	-1	0	0	0.0000	-1.0000	-1.0000	-1.0000	-1.0000	-1.0000	-1.0000	-1.0000	-1.0000	-1.0000	-1.0000	-1.0000	-1.0000	-1.0000	-1.0000	-1.0000	-1.0000		0		-1.0000	-1	0.000000	None	None	-1	0	0	None	None	None	None	None	-1	-1	-1.000000	-1.000000	-1.000000	-1.000000		-1	-1	SPILL	DISC
CTH-SP-21	Chatuge Dam	CHAN7	35.019722	-83.790558	0.000000	0.0000	0.0000	0.000000	None	-1.0000	-1					-1	-1	-1	0	0	0.0000	-1.0000	-1.0000	-1.0000	-1.0000	-1.0000	-1.0000	-1.0000	-1.0000	-1.0000	-1.0000	-1.0000	-1.0000	-1.0000	-1.0000	-1.0000	-1.0000		0		-1.0000	-1	0.000000	None	None	-1	0	0	None	None	None	None	None	-1	-1	-1.000000	-1.000000	-1.000000	-1.000000		-1	-1	SPILL	DISC
CTH-SP-22	Chatuge Dam	CHAN7	35.019722	-83.790558	0.000000	0.0000	0.0000	0.000000	None	-1.0000	-1					-1	-1	-1	0	0	0.0000	-1.0000	-1.0000	-1.0000	-1.0000	-1.0000	-1.0000	-1.0000	-1.0000	-1.0000	-1.0000	-1.0000	-1.0000	-1.0000	-1.0000	-1.0000	-1.0000		0		-1.0000	-1	0.000000	None	None	-1	0	0	None	None	None	None	None	-1	-1	-1.000000	-1.000000	-1.000000	-1.000000		-1	-1	SPILL	DISC
CTH-SP-23	Chatuge Dam	CHAN7	35.019722	-83.790558	0.000000	0.0000	0.0000	0.000000	None	-1.0000	-1					-1	-1	-1	0	0	0.0000	-1.0000	-1.0000	-1.0000	-1.0000	-1.0000	-1.0000	-1.0000	-1.0000	-1.0000	-1.0000	-1.0000	-1.0000	-1.0000	-1.0000	-1.0000	-1.0000		0		-1.0000	-1	0.000000	None	None	-1	0	0	None	None	None	None	None	-1	-1	-1.000000	-1.000000	-1.000000	-1.000000		-1	-1	SPILL	DISC
CTH-SP-24	Chatuge Dam	CHAN7	35.019722	-83.790558	0.000000	0.0000	0.0000	0.000000	None	-1.0000	-1					-1	-1	-1	0	0	0.0000	-1.0000	-1.0000	-1.0000	-1.0000	-1.0000	-1.0000	-1.0000	-1.0000	-1.0000	-1.0000	-1.0000	-1.0000	-1.0000	-1.0000	-1.0000	-1.0000		0		-1.0000	-1	0.000000	None	None	-1	0	0	None	None	None	None	None	-1	-1	-1.000000	-1.000000	-1.000000	-1.000000		-1	-1	SPILL	DISC
CTH-SP-25	Chatuge Dam	CHAN7	35.019722	-83.790558	0.000000	0.0000	0.0000	0.000000	None	-1.0000	-1					-1	-1	-1	0	0	0.0000	-1.0000	-1.0000	-1.0000	-1.0000	-1.0000	-1.0000	-1.0000	-1.0000	-1.0000	-1.0000	-1.0000	-1.0000	-1.0000	-1.0000	-1.0000	-1.0000		0		-1.0000	-1	0.000000	None	None	-1	0	0	None	None	None	None	None	-1	-1	-1.000000	-1.000000	-1.000000	-1.000000		-1	-1	SPILL	DISC
CTH-SP-26	Chatuge Dam	CHAN7	35.019722	-83.790558	0.000000	0.0000	0.0000	0.000000	None	-1.0000	-1					-1	-1	-1	0	0	0.0000	-1.0000	-1.0000	-1.0000	-1.0000	-1.0000	-1.0000	-1.0000	-1.0000	-1.0000	-1.0000	-1.0000	-1.0000	-1.0000	-1.0000	-1.0000	-1.0000		0		-1.0000	-1	0.000000	None	None	-1	0	0	None	None	None	None	None	-1	-1	-1.000000	-1.000000	-1.000000	-1.000000		-1	-1	SPILL	DISC
CTH-SP-27	Chatuge Dam	CHAN7	35.019722	-83.790558	0.000000	0.0000	0.0000	0.000000	None	-1.0000	-1					-1	-1	-1	0	0	0.0000	-1.0000	-1.0000	-1.0000	-1.0000	-1.0000	-1.0000	-1.0000	-1.0000	-1.0000	-1.0000	-1.0000	-1.0000	-1.0000	-1.0000	-1.0000	-1.0000		0		-1.0000	-1	0.000000	None	None	-1	0	0	None	None	None	None	None	-1	-1	-1.000000	-1.000000	-1.000000	-1.000000		-1	-1	SPILL	DISC
CTH-SP-28	Chatuge Dam	CHAN7	35.019722	-83.790558	0.000000	0.0000	0.0000	0.000000	None	-1.0000	-1					-1	-1	-1	0	0	0.0000	-1.0000	-1.0000	-1.0000	-1.0000	-1.0000	-1.0000	-1.0000	-1.0000	-1.0000	-1.0000	-1.0000	-1.0000	-1.0000	-1.0000	-1.0000	-1.0000		0		-1.0000	-1	0.000000	None	None	-1	0	0	None	None	None	None	None	-1	-1	-1.000000	-1.000000	-1.000000	-1.000000		-1	-1	SPILL	DISC
CTH-SP-29	Chatuge Dam	CHAN7	35.019722	-83.790558	0.000000	0.0000	0.0000	0.000000	None	-1.0000	-1					-1	-1	-1	0	0	0.0000	-1.0000	-1.0000	-1.0000	-1.0000	-1.0000	-1.0000	-1.0000	-1.0000	-1.0000	-1.0000	-1.0000	-1.0000	-1.0000	-1.0000	-1.0000	-1.0000		0		-1.0000	-1	0.000000	None	None	-1	0	0	None	None	None	None	None	-1	-1	-1.000000	-1.000000	-1.000000	-1.000000		-1	-1	SPILL	DISC
CTH-SP-30	Chatuge Dam	CHAN7	35.019722	-83.790558	0.000000	0.0000	0.0000	0.000000	None	-1.0000	-1					-1	-1	-1	0	0	0.0000	-1.0000	-1.0000	-1.0000	-1.0000	-1.0000	-1.0000	-1.0000	-1.0000	-1.0000	-1.0000	-1.0000	-1.0000	-1.0000	-1.0000	-1.0000	-1.0000		0		-1.0000	-1	0.000000	None	None	-1	0	0	None	None	None	None	None	-1	-1	-1.000000	-1.000000	-1.000000	-1.000000		-1	-1	SPILL	DISC
CTH-SP-31	Chatuge Dam	CHAN7	35.019722	-83.790558	0.000000	0.0000	0.0000	0.000000	None	-1.0000	-1					-1	-1	-1	0	0	0.0000	-1.0000	-1.0000	-1.0000	-1.0000	-1.0000	-1.0000	-1.0000	-1.0000	-1.0000	-1.0000	-1.0000	-1.0000	-1.0000	-1.0000	-1.0000	-1.0000		0		-1.0000	-1	0.000000	None	None	-1	0	0	None	None	None	None	None	-1	-1	-1.000000	-1.000000	-1.000000	-1.000000		-1	-1	SPILL	DISC
CTH-SP-32	Chatuge Dam	CHAN7	35.019722	-83.790558	0.000000	0.0000	0.0000	0.000000	None	-1.0000	-1					-1	-1	-1	0	0	0.0000	-1.0000	-1.0000	-1.0000	-1.0000	-1.0000	-1.0000	-1.0000	-1.0000	-1.0000	-1.0000	-1.0000	-1.0000	-1.0000	-1.0000	-1.0000	-1.0000		0		-1.0000	-1	0.000000	None	None	-1	0	0	None	None	None	None	None	-1	-1	-1.000000	-1.000000	-1.000000	-1.000000		-1	-1	SPILL	DISC
CTH-SP-33	Chatuge Dam	CHAN7	35.019722	-83.790558	0.000000	0.0000	0.0000	0.000000	None	-1.0000	-1					-1	-1	-1	0	0	0.0000	-1.0000	-1.0000	-1.0000	-1.0000	-1.0000	-1.0000	-1.0000	-1.0000	-1.0000	-1.0000	-1.0000	-1.0000	-1.0000	-1.0000	-1.0000	-1.0000		0		-1.0000	-1	0.000000	None	None	-1	0	0	None	None	None	None	None	-1	-1	-1.000000	-1.000000	-1.000000	-1.000000		-1	-1	SPILL	DISC
CTH-SP-34	Chatuge Dam	CHAN7	35.019722	-83.790558	0.000000	0.0000	0.0000	0.000000	None	-1.0000	-1					-1	-1	-1	0	0	0.0000	-1.0000	-1.0000	-1.0000	-1.0000	-1.0000	-1.0000	-1.0000	-1.0000	-1.0000	-1.0000	-1.0000	-1.0000	-1.0000	-1.0000	-1.0000	-1.0000		0		-1.0000	-1	0.000000	None	None	-1	0	0	None	None	None	None	None	-1	-1	-1.000000	-1.000000	-1.000000	-1.000000		-1	-1	SPILL	DISC
CTH-SP-35	Chatuge Dam	CHAN7	35.019722	-83.790558	0.000000	0.0000	0.0000	0.000000	None	-1.0000	-1					-1	-1	-1	0	0	0.0000	-1.0000	-1.0000	-1.0000	-1.0000	-1.0000	-1.0000	-1.0000	-1.0000	-1.0000	-1.0000	-1.0000	-1.0000	-1.0000	-1.0000	-1.0000	-1.0000		0		-1.0000	-1	0.000000	None	None	-1	0	0	None	None	None	None	None	-1	-1	-1.000000	-1.000000	-1.000000	-1.000000		-1	-1	SPILL	DISC
CTH-SP-36	Chatuge Dam	CHAN7	35.019722	-83.790558	0.000000	0.0000	0.0000	0.000000	None	-1.0000	-1					-1	-1	-1	0	0	0.0000	-1.0000	-1.0000	-1.0000	-1.0000	-1.0000	-1.0000	-1.0000	-1.0000	-1.0000	-1.0000	-1.0000	-1.0000	-1.0000	-1.0000	-1.0000	-1.0000		0		-1.0000	-1	0.000000	None	None	-1	0	0	None	None	None	None	None	-1	-1	-1.000000	-1.000000	-1.000000	-1.000000		-1	-1	SPILL	DISC
CTH-SP-37	Chatuge Dam	CHAN7	35.019722	-83.790558	0.000000	0.0000	0.0000	0.000000	None	-1.0000	-1					-1	-1	-1	0	0	0.0000	-1.0000	-1.0000	-1.0000	-1.0000	-1.0000	-1.0000	-1.0000	-1.0000	-1.0000	-1.0000	-1.0000	-1.0000	-1.0000	-1.0000	-1.0000	-1.0000		0		-1.0000	-1	0.000000	None	None	-1	0	0	None	None	None	None	None	-1	-1	-1.000000	-1.000000	-1.000000	-1.000000		-1	-1	SPILL	DISC
CTH-SP-38	Chatuge Dam	CHAN7	35.019722	-83.790558	0.000000	0.0000	0.0000	0.000000	None	-1.0000	-1					-1	-1	-1	0	0	0.0000	-1.0000	-1.0000	-1.0000	-1.0000	-1.0000	-1.0000	-1.0000	-1.0000	-1.0000	-1.0000	-1.0000	-1.0000	-1.0000	-1.0000	-1.0000	-1.0000		0		-1.0000	-1	0.000000	None	None	-1	0	0	None	None	None	None	None	-1	-1	-1.000000	-1.000000	-1.000000	-1.000000		-1	-1	SPILL	DISC
CTH-SP-39	Chatuge Dam	CHAN7	35.019722	-83.790558	0.000000	0.0000	0.0000	0.000000	None	-1.0000	-1					-1	-1	-1	0	0	0.0000	-1.0000	-1.0000	-1.0000	-1.0000	-1.0000	-1.0000	-1.0000	-1.0000	-1.0000	-1.0000	-1.0000	-1.0000	-1.0000	-1.0000	-1.0000	-1.0000		0		-1.0000	-1	0.000000	None	None	-1	0	0	None	None	None	None	None	-1	-1	-1.000000	-1.000000	-1.000000	-1.000000		-1	-1	SPILL	DISC
CTH-SP-40	Chatuge Dam	CHAN7	35.019722	-83.790558	0.000000	0.0000	0.0000	0.000000	None	-1.0000	-1					-1	-1	-1	0	0	0.0000	-1.0000	-1.0000	-1.0000	-1.0000	-1.0000	-1.0000	-1.0000	-1.0000	-1.0000	-1.0000	-1.0000	-1.0000	-1.0000	-1.0000	-1.0000	-1.0000		0		-1.0000	-1	0.000000	None	None	-1	0	0	None	None	None	None	None	-1	-1	-1.000000	-1.000000	-1.000000	-1.000000		-1	-1	SPILL	DISC
CTH-SP-41	Chatuge Dam	CHAN7	35.019722	-83.790558	0.000000	0.0000	0.0000	0.000000	None	-1.0000	-1					-1	-1	-1	0	0	0.0000	-1.0000	-1.0000	-1.0000	-1.0000	-1.0000	-1.0000	-1.0000	-1.0000	-1.0000	-1.0000	-1.0000	-1.0000	-1.0000	-1.0000	-1.0000	-1.0000		0		-1.0000	-1	0.000000	None	None	-1	0	0	None	None	None	None	None	-1	-1	-1.000000	-1.000000	-1.000000	-1.000000		-1	-1	SPILL	DISC
CTH-SP-42	Chatuge Dam	CHAN7	35.019722	-83.790558	0.000000	0.0000	0.0000	0.000000	None	-1.0000	-1					-1	-1	-1	0	0	0.0000	-1.0000	-1.0000	-1.0000	-1.0000	-1.0000	-1.0000	-1.0000	-1.0000	-1.0000	-1.0000	-1.0000	-1.0000	-1.0000	-1.0000	-1.0000	-1.0000		0		-1.0000	-1	0.000000	None	None	-1	0	0	None	None	None	None	None	-1	-1	-1.000000	-1.000000	-1.000000	-1.000000		-1	-1	SPILL	DISC
CTH-SP-43	Chatuge Dam	CHAN7	35.019722	-83.790558	0.000000	0.0000	0.0000	0.000000	None	-1.0000	-1					-1	-1	-1	0	0	0.0000	-1.0000	-1.0000	-1.0000	-1.0000	-1.0000	-1.0000	-1.0000	-1.0000	-1.0000	-1.0000	-1.0000	-1.0000	-1.0000	-1.0000	-1.0000	-1.0000		0		-1.0000	-1	0.000000	None	None	-1	0	0	None	None	None	None	None	-1	-1	-1.000000	-1.000000	-1.000000	-1.000000		-1	-1	SPILL	DISC
CTH-SP-44	Chatuge Dam	CHAN7	35.019722	-83.790558	0.000000	0.0000	0.0000	0.000000	None	-1.0000	-1					-1	-1	-1	0	0	0.0000	-1.0000	-1.0000	-1.0000	-1.0000	-1.0000	-1.0000	-1.0000	-1.0000	-1.0000	-1.0000	-1.0000	-1.0000	-1.0000	-1.0000	-1.0000	-1.0000		0		-1.0000	-1	0.000000	None	None	-1	0	0	None	None	None	None	None	-1	-1	-1.000000	-1.000000	-1.000000	-1.000000		-1	-1	SPILL	DISC
CTH-SP-45	Chatuge Dam	CHAN7	35.019722	-83.790558	0.000000	0.0000	0.0000	0.000000	None	-1.0000	-1					-1	-1	-1	0	0	0.0000	-1.0000	-1.0000	-1.0000	-1.0000	-1.0000	-1.0000	-1.0000	-1.0000	-1.0000	-1.0000	-1.0000	-1.0000	-1.0000	-1.0000	-1.0000	-1.0000		0		-1.0000	-1	0.000000	None	None	-1	0	0	None	None	None	None	None	-1	-1	-1.000000	-1.000000	-1.000000	-1.000000		-1	-1	SPILL	DISC
CTH-SP-46	Chatuge Dam	CHAN7	35.019722	-83.790558	0.000000	0.0000	0.0000	0.000000	None	-1.0000	-1					-1	-1	-1	0	0	0.0000	-1.0000	-1.0000	-1.0000	-1.0000	-1.0000	-1.0000	-1.0000	-1.0000	-1.0000	-1.0000	-1.0000	-1.0000	-1.0000	-1.0000	-1.0000	-1.0000		0		-1.0000	-1	0.000000	None	None	-1	0	0	None	None	None	None	None	-1	-1	-1.000000	-1.000000	-1.000000	-1.000000		-1	-1	SPILL	DISC
CTH-SP-47	Chatuge Dam	CHAN7	35.019722	-83.790558	0.000000	0.0000	0.0000	0.000000	None	-1.0000	-1					-1	-1	-1	0	0	0.0000	-1.0000	-1.0000	-1.0000	-1.0000	-1.0000	-1.0000	-1.0000	-1.0000	-1.0000	-1.0000	-1.0000	-1.0000	-1.0000	-1.0000	-1.0000	-1.0000		0		-1.0000	-1	0.000000	None	None	-1	0	0	None	None	None	None	None	-1	-1	-1.000000	-1.000000	-1.000000	-1.000000		-1	-1	SPILL	DISC
CTH-SP-48	Chatuge Dam	CHAN7	35.019722	-83.790558	0.000000	0.0000	0.0000	0.000000	None	-1.0000	-1					-1	-1	-1	0	0	0.0000	-1.0000	-1.0000	-1.0000	-1.0000	-1.0000	-1.0000	-1.0000	-1.0000	-1.0000	-1.0000	-1.0000	-1.0000	-1.0000	-1.0000	-1.0000	-1.0000		0		-1.0000	-1	0.000000	None	None	-1	0	0	None	None	None	None	None	-1	-1	-1.000000	-1.000000	-1.000000	-1.000000		-1	-1	SPILL	DISC
CTH-SP-49	Chatuge Dam	CHAN7	35.019722	-83.790558	0.000000	0.0000	0.0000	0.000000	None	-1.0000	-1					-1	-1	-1	0	0	0.0000	-1.0000	-1.0000	-1.0000	-1.0000	-1.0000	-1.0000	-1.0000	-1.0000	-1.0000	-1.0000	-1.0000	-1.0000	-1.0000	-1.0000	-1.0000	-1.0000		0		-1.0000	-1	0.000000	None	None	-1	0	0	None	None	None	None	None	-1	-1	-1.000000	-1.000000	-1.000000	-1.000000		-1	-1	SPILL	DISC
CTH-SP-50	Chatuge Dam	CHAN7	35.019722	-83.790558	0.000000	0.0000	0.0000	0.000000	None	-1.0000	-1					-1	-1	-1	0	0	0.0000	-1.0000	-1.0000	-1.0000	-1.0000	-1.0000	-1.0000	-1.0000	-1.0000	-1.0000	-1.0000	-1.0000	-1.0000	-1.0000	-1.0000	-1.0000	-1.0000		0		-1.0000	-1	0.000000	None	None	-1	0	0	None	None	None	None	None	-1	-1	-1.000000	-1.000000	-1.000000	-1.000000		-1	-1	SPILL	DISC
CTHT1	Cumberland at Carthage	CTHT1	36.248055	-85.955276	437.530000	0.0000	0.0000	0.000000	Cumberland	308.2000	-1	3425000	CST			-1	-1	-1	0	0	0.0000	-1.0000	-1.0000	-1.0000	-1.0000	-1.0000	-1.0000	-1.0000	-1.0000	-1.0000	-1.0000	-1.0000	-1.0000	-1.0000	-1.0000	-1.0000	-1.0000	TN	0		-1.0000	-1	437.530014	Precip	None	-1	0	0	None	None	None	None	Stream	-1	-1	-1.000000	-1.000000	-1.000000	-1.000000		-1	-1
CTNK2	Canton KY	CTNK2	36.799999	-87.966667	0.000000	0.0000	0.0000	0.000000	None	-1.0000	-1		CST			-1	-1	-1	0	0	0.0000	-1.0000	-1.0000	-1.0000	-1.0000	-1.0000	-1.0000	-1.0000	-1.0000	-1.0000	-1.0000	-1.0000	-1.0000	-1.0000	-1.0000	-1.0000	-1.0000	KY	0		-1.0000	-1	0.000000	Precip	None	-1	0	0	None	None	None	None	None	-1	-1	-1.000000	-1.000000	-1.000000	-1.000000		-1	-1
CTNN7	Canton NC	CTNN7	35.548611	-82.828331	0.000000	0.0000	0.0000	0.000000	None	-1.0000	-1		EST			-1	-1	-1	0	0	0.0000	-1.0000	-1.0000	-1.0000	-1.0000	-1.0000	-1.0000	-1.0000	-1.0000	-1.0000	-1.0000	-1.0000	-1.0000	-1.0000	-1.0000	-1.0000	-1.0000	NC	0		-1.0000	-1	0.000000	Precip	None	-1	0	0	None	None	None	None	None	-1	-1	-1.000000	-1.000000	-1.000000	-1.000000		-1	-1
CTPN7	Pigeon at Canton	CTPN7	35.523056	-82.846664	0.000000	0.0000	0.0000	0.000000	Pigeon	-1.0000	320					-1	-1	-1	0	0	0.0000	-1.0000	-1.0000	-1.0000	-1.0000	-1.0000	-1.0000	-1.0000	-1.0000	-1.0000	-1.0000	-1.0000	-1.0000	-1.0000	-1.0000	-1.0000	-1.0000	NC	0		-1.0000	-1	0.000000	None	None	-1	0	0	None	None	None	None	None	-1	-1	-1.000000	-1.000000	-1.000000	-1.000000		-1	-1
CUF	Cumberland Fossil Plant	CUF	36.391201	-87.655098	0.000000	0.0000	0.0000	0.000000	None	-1.0000	-1					-1	-1	-1	0	0	0.0000	-1.0000	-1.0000	-1.0000	-1.0000	-1.0000	-1.0000	-1.0000	-1.0000	-1.0000	-1.0000	-1.0000	-1.0000	-1.0000	-1.0000	-1.0000	-1.0000		0		-1.0000	-1	0.000000	None	None	-1	0	0	TVA	Coal-fired	CUF	CUF	None	-1	-1	-1.000000	-1.000000	-1.000000	-1.000000		-1	-1
CUF-01	Cumberland-Unit1	CUF	36.393712	-87.653829	0.000000	0.0000	0.0000	0.000000	None	-1.0000	-1					-1	-1	-1	0	0	0.0000	-1.0000	-1.0000	-1.0000	-1.0000	-1.0000	-1.0000	-1.0000	-1.0000	-1.0000	-1.0000	-1.0000	-1.0000	-1.0000	-1.0000	-1.0000	-1.0000		0		-1.0000	-1	0.000000	None	None	-1	0	0	None	None	None	None	None	-1	-1	-1.000000	-1.000000	-1.000000	-1.000000	Fossil	-1	1205
CUF-02	Cumberland-Unit2	CUF	36.393712	-87.653829	0.000000	0.0000	0.0000	0.000000	None	-1.0000	-1					-1	-1	-1	0	0	0.0000	-1.0000	-1.0000	-1.0000	-1.0000	-1.0000	-1.0000	-1.0000	-1.0000	-1.0000	-1.0000	-1.0000	-1.0000	-1.0000	-1.0000	-1.0000	-1.0000		0		-1.0000	-1	0.000000	None	None	-1	0	0	None	None	None	None	None	-1	-1	-1.000000	-1.000000	-1.000000	-1.000000	Fossil	-1	1205
CUF-DS	Cumberland-Downstream	CUF	36.393712	-87.653829	0.000000	0.0000	0.0000	0.000000	None	-1.0000	-1					-1	-1	-1	0	0	0.0000	-1.0000	-1.0000	-1.0000	-1.0000	-1.0000	-1.0000	-1.0000	-1.0000	-1.0000	-1.0000	-1.0000	-1.0000	-1.0000	-1.0000	-1.0000	-1.0000		0		-1.0000	-1	0.000000	None	None	-1	0	0	None	None	None	None	None	-1	-1	-1.000000	-1.000000	-1.000000	-1.000000	Fossil	-1	-1
CUF-DS-L	Cumberland-Downstream-Left	CUF	36.393712	-87.653829	0.000000	0.0000	0.0000	0.000000	None	-1.0000	-1					-1	-1	-1	0	0	0.0000	-1.0000	-1.0000	-1.0000	-1.0000	-1.0000	-1.0000	-1.0000	-1.0000	-1.0000	-1.0000	-1.0000	-1.0000	-1.0000	-1.0000	-1.0000	-1.0000		0		-1.0000	-1	0.000000	None	None	-1	0	0	None	None	None	None	None	-1	-1	-1.000000	-1.000000	-1.000000	-1.000000	Fossil	-1	-1
CUF-DS-R	Cumberland-Downstream-Right	CUF	36.393712	-87.653829	0.000000	0.0000	0.0000	0.000000	None	-1.0000	-1					-1	-1	-1	0	0	0.0000	-1.0000	-1.0000	-1.0000	-1.0000	-1.0000	-1.0000	-1.0000	-1.0000	-1.0000	-1.0000	-1.0000	-1.0000	-1.0000	-1.0000	-1.0000	-1.0000		0		-1.0000	-1	0.000000	None	None	-1	0	0	None	None	None	None	None	-1	-1	-1.000000	-1.000000	-1.000000	-1.000000	Fossil	-1	-1
CUF-IN	Cumberland-Intake	CUF	36.393712	-87.653829	0.000000	0.0000	0.0000	0.000000	None	-1.0000	-1					-1	-1	-1	0	0	0.0000	-1.0000	-1.0000	-1.0000	-1.0000	-1.0000	-1.0000	-1.0000	-1.0000	-1.0000	-1.0000	-1.0000	-1.0000	-1.0000	-1.0000	-1.0000	-1.0000		0		-1.0000	-1	0.000000	None	None	-1	0	0	None	None	None	None	None	-1	-1	-1.000000	-1.000000	-1.000000	-1.000000	Fossil	-1	-1
CUF-US-L	Cumberland-Upstream-Left	CUF	36.393712	-87.653829	0.000000	0.0000	0.0000	0.000000	None	-1.0000	-1					-1	-1	-1	0	0	0.0000	-1.0000	-1.0000	-1.0000	-1.0000	-1.0000	-1.0000	-1.0000	-1.0000	-1.0000	-1.0000	-1.0000	-1.0000	-1.0000	-1.0000	-1.0000	-1.0000		0		-1.0000	-1	0.000000	None	None	-1	0	0	None	None	None	None	None	-1	-1	-1.000000	-1.000000	-1.000000	-1.000000	Fossil	-1	-1
CUF-US-R	Cumberland-Upstream-Right	CUF	36.393712	-87.653829	0.000000	0.0000	0.0000	0.000000	None	-1.0000	-1					-1	-1	-1	0	0	0.0000	-1.0000	-1.0000	-1.0000	-1.0000	-1.0000	-1.0000	-1.0000	-1.0000	-1.0000	-1.0000	-1.0000	-1.0000	-1.0000	-1.0000	-1.0000	-1.0000		0		-1.0000	-1	0.000000	None	None	-1	0	0	None	None	None	None	None	-1	-1	-1.000000	-1.000000	-1.000000	-1.000000	Fossil	-1	-1
CUF_BAH_KYH_evap	CUF_BAH_KYH_evap	CUF	36.323000	-87.556000	0.000000	0.0000	0.0000	0.000000	None	-1.0000	-1				CUF	-1	-1	-1	0	0	0.0000	-1.0000	-1.0000	-1.0000	-1.0000	-1.0000	-1.0000	-1.0000	-1.0000	-1.0000	-1.0000	-1.0000	-1.0000	-1.0000	-1.0000	-1.0000	-1.0000		0	TVA	-1.0000	-1	0.000000	None	None	-1	0	0	None	None	None	None	None	-1	-1	-1.000000	-1.000000	-1.000000	-1.000000		-1	-1
CUF_BAH_KYHBranch1	CUF_BAH_KYHBranch1	CUF	0.000000	0.000000	0.000000	0.0000	0.0000	0.000000	None	-1.0000	-1				CUF	-1	-1	-1	0	0	0.0000	-1.0000	-1.0000	-1.0000	-1.0000	-1.0000	-1.0000	-1.0000	-1.0000	-1.0000	-1.0000	-1.0000	-1.0000	-1.0000	-1.0000	-1.0000	-1.0000		0	TVA	-1.0000	-1	0.000000	None	None	-1	0	0	None	None	None	None	None	-1	-1	-1.000000	-1.000000	-1.000000	-1.000000		-1	-1
CUF_BAH_KYHBranch2	CUF_BAH_KYHBranch2	CUF	0.000000	0.000000	0.000000	0.0000	0.0000	0.000000	None	-1.0000	-1				CUF	-1	-1	-1	0	0	0.0000	-1.0000	-1.0000	-1.0000	-1.0000	-1.0000	-1.0000	-1.0000	-1.0000	-1.0000	-1.0000	-1.0000	-1.0000	-1.0000	-1.0000	-1.0000	-1.0000		0	TVA	-1.0000	-1	0.000000	None	None	-1	0	0	None	None	None	None	None	-1	-1	-1.000000	-1.000000	-1.000000	-1.000000		-1	-1
CUF_evap	CUF_evap	CUF	36.323000	-87.556000	0.000000	0.0000	0.0000	0.000000	None	-1.0000	-1				CUF	-1	-1	-1	0	0	0.0000	-1.0000	-1.0000	-1.0000	-1.0000	-1.0000	-1.0000	-1.0000	-1.0000	-1.0000	-1.0000	-1.0000	-1.0000	-1.0000	-1.0000	-1.0000	-1.0000		0	TVA	-1.0000	-1	0.000000	None	None	-1	0	0	None	None	None	None	None	-1	-1	-1.000000	-1.000000	-1.000000	-1.000000		-1	-1
CUFBranch1	CUFBranch1	CUF	0.000000	0.000000	0.000000	0.0000	0.0000	0.000000	None	-1.0000	-1				CUF	-1	-1	-1	0	0	0.0000	-1.0000	-1.0000	-1.0000	-1.0000	-1.0000	-1.0000	-1.0000	-1.0000	-1.0000	-1.0000	-1.0000	-1.0000	-1.0000	-1.0000	-1.0000	-1.0000		0	TVA	-1.0000	-1	0.000000	None	None	-1	0	0	None	None	None	None	None	-1	-1	-1.000000	-1.000000	-1.000000	-1.000000		-1	-1
CWH-01	Calderwood-Unit1	CALT1	35.494720	-83.988335	0.000000	0.0000	0.0000	0.000000	None	-1.0000	-1					-1	-1	-1	0	0	0.0000	-1.0000	-1.0000	-1.0000	-1.0000	-1.0000	-1.0000	-1.0000	-1.0000	-1.0000	-1.0000	-1.0000	-1.0000	-1.0000	-1.0000	-1.0000	-1.0000		0		-1.0000	-1	0.000000	None	None	-1	0	0	None	None	None	None	None	-1	-1	-1.000000	-1.000000	-1.000000	-1.000000	Brookfield	-1	37
CWH-02	Calderwood-Unit2	CALT1	35.494720	-83.988335	0.000000	0.0000	0.0000	0.000000	None	-1.0000	-1					-1	-1	-1	0	0	0.0000	-1.0000	-1.0000	-1.0000	-1.0000	-1.0000	-1.0000	-1.0000	-1.0000	-1.0000	-1.0000	-1.0000	-1.0000	-1.0000	-1.0000	-1.0000	-1.0000		0		-1.0000	-1	0.000000	None	None	-1	0	0	None	None	None	None	None	-1	-1	-1.000000	-1.000000	-1.000000	-1.000000	Brookfield	-1	39
CWH-03	Calderwood-Unit3	CALT1	35.494720	-83.988335	0.000000	0.0000	0.0000	0.000000	None	-1.0000	-1					-1	-1	-1	0	0	0.0000	-1.0000	-1.0000	-1.0000	-1.0000	-1.0000	-1.0000	-1.0000	-1.0000	-1.0000	-1.0000	-1.0000	-1.0000	-1.0000	-1.0000	-1.0000	-1.0000		0		-1.0000	-1	0.000000	None	None	-1	0	0	None	None	None	None	None	-1	-1	-1.000000	-1.000000	-1.000000	-1.000000	Brookfield	-1	39
DECA1	Tennessee at Decatur	DECA1	34.613056	-86.973892	549.000000	0.0000	0.0000	0.000000	Tennessee	304.1000	1030	3577150	CST			-1	-1	-1	0	0	0.0000	-1.0000	-1.0000	-1.0000	-1.0000	-1.0000	-1.0000	-1.0000	-1.0000	-1.0000	-1.0000	-1.0000	-1.0000	-1.0000	-1.0000	-1.0000	-1.0000	AL	0		559.0000	-1	549.000018	None	None	-1	0	0	None	None	None	None	Stream	-1	-1	-1.000000	-1.000000	-1.000000	-1.000000		-1	-1
DECT1	Decatur	DECT1	35.491390	-84.813332	0.000000	0.0000	0.0000	0.000000	None	-1.0000	-1		EST			-1	-1	-1	0	0	0.0000	-1.0000	-1.0000	-1.0000	-1.0000	-1.0000	-1.0000	-1.0000	-1.0000	-1.0000	-1.0000	-1.0000	-1.0000	-1.0000	-1.0000	-1.0000	-1.0000	TN	0		-1.0000	-1	0.000000	Precip	None	-1	0	0	None	None	None	None	None	-1	-1	-1.000000	-1.000000	-1.000000	-1.000000		-1	-1
DELT1	Del Rio	DELT1	35.886665	-82.974442	0.000000	0.0000	0.0000	0.000000	None	-1.0000	-1		EST			-1	-1	-1	0	0	0.0000	-1.0000	-1.0000	-1.0000	-1.0000	-1.0000	-1.0000	-1.0000	-1.0000	-1.0000	-1.0000	-1.0000	-1.0000	-1.0000	-1.0000	-1.0000	-1.0000	TN	0		-1.0000	-1	0.000000	Precip	None	-1	0	0	None	None	None	None	None	-1	-1	-1.000000	-1.000000	-1.000000	-1.000000		-1	-1
DERT1	De Rossett	DERT1	35.963055	-85.281387	0.000000	0.0000	0.0000	0.000000	None	-1.0000	-1		CST			-1	-1	-1	0	0	0.0000	-1.0000	-1.0000	-1.0000	-1.0000	-1.0000	-1.0000	-1.0000	-1.0000	-1.0000	-1.0000	-1.0000	-1.0000	-1.0000	-1.0000	-1.0000	-1.0000	TN	0		-1.0000	-1	0.000000	Precip	None	-1	0	0	None	None	None	None	None	-1	-1	-1.000000	-1.000000	-1.000000	-1.000000		-1	-1
DGH-01	Douglas-Unit1	DUGT1	35.962776	-83.541115	0.000000	0.0000	0.0000	0.000000	None	-1.0000	-1					-1	-1	-1	0	0	0.0000	-1.0000	-1.0000	-1.0000	-1.0000	-1.0000	-1.0000	-1.0000	-1.0000	-1.0000	-1.0000	-1.0000	-1.0000	-1.0000	-1.0000	-1.0000	-1.0000		0		-1.0000	-1	0.000000	None	None	-1	0	0	None	None	None	None	None	-1	-1	-1.000000	-1.000000	-1.000000	-1.000000	Hydro	8000	46
DGH-01-DS	Douglas-Unit1-Downstream	DGH-01	35.962776	-83.541115	0.000000	0.0000	0.0000	0.000000	None	-1.0000	-1					-1	-1	-1	0	0	0.0000	-1.0000	-1.0000	-1.0000	-1.0000	-1.0000	-1.0000	-1.0000	-1.0000	-1.0000	-1.0000	-1.0000	-1.0000	-1.0000	-1.0000	-1.0000	-1.0000		0		-1.0000	-1	0.000000	None	None	-1	0	0	None	None	None	None	None	-1	-1	-1.000000	-1.000000	-1.000000	-1.000000	Other	-1	-1
DGH-02	Douglas-Unit2	DUGT1	35.962776	-83.541115	0.000000	0.0000	0.0000	0.000000	None	-1.0000	-1					-1	-1	-1	0	0	0.0000	-1.0000	-1.0000	-1.0000	-1.0000	-1.0000	-1.0000	-1.0000	-1.0000	-1.0000	-1.0000	-1.0000	-1.0000	-1.0000	-1.0000	-1.0000	-1.0000		0		-1.0000	-1	0.000000	None	None	-1	0	0	None	None	None	None	None	-1	-1	-1.000000	-1.000000	-1.000000	-1.000000	Hydro	8000	46
DGH-02-DS	Douglas-Unit2-Downstream	DGH-02	35.962776	-83.541115	0.000000	0.0000	0.0000	0.000000	None	-1.0000	-1					-1	-1	-1	0	0	0.0000	-1.0000	-1.0000	-1.0000	-1.0000	-1.0000	-1.0000	-1.0000	-1.0000	-1.0000	-1.0000	-1.0000	-1.0000	-1.0000	-1.0000	-1.0000	-1.0000		0		-1.0000	-1	0.000000	None	None	-1	0	0	None	None	None	None	None	-1	-1	-1.000000	-1.000000	-1.000000	-1.000000	Other	-1	-1
DGH-03	Douglas-Unit3	DUGT1	35.962776	-83.541115	0.000000	0.0000	0.0000	0.000000	None	-1.0000	-1					-1	-1	-1	0	0	0.0000	-1.0000	-1.0000	-1.0000	-1.0000	-1.0000	-1.0000	-1.0000	-1.0000	-1.0000	-1.0000	-1.0000	-1.0000	-1.0000	-1.0000	-1.0000	-1.0000		0		-1.0000	-1	0.000000	None	None	-1	0	0	None	None	None	None	None	-1	-1	-1.000000	-1.000000	-1.000000	-1.000000	Hydro	8000	46
DGH-04	Douglas-Unit4	DUGT1	35.962776	-83.541115	0.000000	0.0000	0.0000	0.000000	None	-1.0000	-1					-1	-1	-1	0	0	0.0000	-1.0000	-1.0000	-1.0000	-1.0000	-1.0000	-1.0000	-1.0000	-1.0000	-1.0000	-1.0000	-1.0000	-1.0000	-1.0000	-1.0000	-1.0000	-1.0000		0		-1.0000	-1	0.000000	None	None	-1	0	0	None	None	None	None	None	-1	-1	-1.000000	-1.000000	-1.000000	-1.000000	Hydro	8000	46
DGH-OG-01	Douglas Dam	DUGT1	35.962776	-83.541115	0.000000	0.0000	0.0000	0.000000	None	-1.0000	-1					-1	-1	-1	0	0	0.0000	-1.0000	-1.0000	-1.0000	-1.0000	-1.0000	-1.0000	-1.0000	-1.0000	-1.0000	-1.0000	-1.0000	-1.0000	-1.0000	-1.0000	-1.0000	-1.0000		0		-1.0000	-1	0.000000	None	None	-1	0	0	None	None	None	None	None	-1	-1	-1.000000	-1.000000	-1.000000	-1.000000		-1	-1	OTHER	DISC
DGH-OG-02	Douglas Dam	DUGT1	35.962776	-83.541115	0.000000	0.0000	0.0000	0.000000	None	-1.0000	-1					-1	-1	-1	0	0	0.0000	-1.0000	-1.0000	-1.0000	-1.0000	-1.0000	-1.0000	-1.0000	-1.0000	-1.0000	-1.0000	-1.0000	-1.0000	-1.0000	-1.0000	-1.0000	-1.0000		0		-1.0000	-1	0.000000	None	None	-1	0	0	None	None	None	None	None	-1	-1	-1.000000	-1.000000	-1.000000	-1.000000		-1	-1	OTHER	DISC
DGH-OG-03	Douglas Dam	DUGT1	35.962776	-83.541115	0.000000	0.0000	0.0000	0.000000	None	-1.0000	-1					-1	-1	-1	0	0	0.0000	-1.0000	-1.0000	-1.0000	-1.0000	-1.0000	-1.0000	-1.0000	-1.0000	-1.0000	-1.0000	-1.0000	-1.0000	-1.0000	-1.0000	-1.0000	-1.0000		0		-1.0000	-1	0.000000	None	None	-1	0	0	None	None	None	None	None	-1	-1	-1.000000	-1.000000	-1.000000	-1.000000		-1	-1	OTHER	DISC
DGH-OG-04	Douglas Dam	DUGT1	35.962776	-83.541115	0.000000	0.0000	0.0000	0.000000	None	-1.0000	-1					-1	-1	-1	0	0	0.0000	-1.0000	-1.0000	-1.0000	-1.0000	-1.0000	-1.0000	-1.0000	-1.0000	-1.0000	-1.0000	-1.0000	-1.0000	-1.0000	-1.0000	-1.0000	-1.0000		0		-1.0000	-1	0.000000	None	None	-1	0	0	None	None	None	None	None	-1	-1	-1.000000	-1.000000	-1.000000	-1.000000		-1	-1	OTHER	DISC
DGH-OG-05	Douglas Dam	DUGT1	35.962776	-83.541115	0.000000	0.0000	0.0000	0.000000	None	-1.0000	-1					-1	-1	-1	0	0	0.0000	-1.0000	-1.0000	-1.0000	-1.0000	-1.0000	-1.0000	-1.0000	-1.0000	-1.0000	-1.0000	-1.0000	-1.0000	-1.0000	-1.0000	-1.0000	-1.0000		0		-1.0000	-1	0.000000	None	None	-1	0	0	None	None	None	None	None	-1	-1	-1.000000	-1.000000	-1.000000	-1.000000		-1	-1	OTHER	DISC
DGH-SL-01	Douglas Dam	DUGT1	35.962776	-83.541115	0.000000	0.0000	0.0000	0.000000	None	-1.0000	-1					-1	-1	-1	0	0	0.0000	-1.0000	-1.0000	-1.0000	-1.0000	-1.0000	-1.0000	-1.0000	-1.0000	-1.0000	-1.0000	-1.0000	-1.0000	-1.0000	-1.0000	-1.0000	-1.0000		0		-1.0000	-1	0.000000	None	None	-1	0	0	None	None	None	None	None	-1	-1	-1.000000	-1.000000	-1.000000	-1.000000		-1	-1	SLUICE	CONT
DGH-SL-02	Douglas Dam	DUGT1	35.962776	-83.541115	0.000000	0.0000	0.0000	0.000000	None	-1.0000	-1					-1	-1	-1	0	0	0.0000	-1.0000	-1.0000	-1.0000	-1.0000	-1.0000	-1.0000	-1.0000	-1.0000	-1.0000	-1.0000	-1.0000	-1.0000	-1.0000	-1.0000	-1.0000	-1.0000		0		-1.0000	-1	0.000000	None	None	-1	0	0	None	None	None	None	None	-1	-1	-1.000000	-1.000000	-1.000000	-1.000000		-1	-1	SLUICE	CONT
DGH-SL-03	Douglas Dam	DUGT1	35.962776	-83.541115	0.000000	0.0000	0.0000	0.000000	None	-1.0000	-1					-1	-1	-1	0	0	0.0000	-1.0000	-1.0000	-1.0000	-1.0000	-1.0000	-1.0000	-1.0000	-1.0000	-1.0000	-1.0000	-1.0000	-1.0000	-1.0000	-1.0000	-1.0000	-1.0000		0		-1.0000	-1	0.000000	None	None	-1	0	0	None	None	None	None	None	-1	-1	-1.000000	-1.000000	-1.000000	-1.000000		-1	-1	SLUICE	CONT
DGH-SL-04	Douglas Dam	DUGT1	35.962776	-83.541115	0.000000	0.0000	0.0000	0.000000	None	-1.0000	-1					-1	-1	-1	0	0	0.0000	-1.0000	-1.0000	-1.0000	-1.0000	-1.0000	-1.0000	-1.0000	-1.0000	-1.0000	-1.0000	-1.0000	-1.0000	-1.0000	-1.0000	-1.0000	-1.0000		0		-1.0000	-1	0.000000	None	None	-1	0	0	None	None	None	None	None	-1	-1	-1.000000	-1.000000	-1.000000	-1.000000		-1	-1	SLUICE	CONT
DGH-SL-05	Douglas Dam	DUGT1	35.962776	-83.541115	0.000000	0.0000	0.0000	0.000000	None	-1.0000	-1					-1	-1	-1	0	0	0.0000	-1.0000	-1.0000	-1.0000	-1.0000	-1.0000	-1.0000	-1.0000	-1.0000	-1.0000	-1.0000	-1.0000	-1.0000	-1.0000	-1.0000	-1.0000	-1.0000		0		-1.0000	-1	0.000000	None	None	-1	0	0	None	None	None	None	None	-1	-1	-1.000000	-1.000000	-1.000000	-1.000000		-1	-1	SLUICE	CONT
DGH-SL-06	Douglas Dam	DUGT1	35.962776	-83.541115	0.000000	0.0000	0.0000	0.000000	None	-1.0000	-1					-1	-1	-1	0	0	0.0000	-1.0000	-1.0000	-1.0000	-1.0000	-1.0000	-1.0000	-1.0000	-1.0000	-1.0000	-1.0000	-1.0000	-1.0000	-1.0000	-1.0000	-1.0000	-1.0000		0		-1.0000	-1	0.000000	None	None	-1	0	0	None	None	None	None	None	-1	-1	-1.000000	-1.000000	-1.000000	-1.000000		-1	-1	SLUICE	CONT
DGH-SL-07	Douglas Dam	DUGT1	35.962776	-83.541115	0.000000	0.0000	0.0000	0.000000	None	-1.0000	-1					-1	-1	-1	0	0	0.0000	-1.0000	-1.0000	-1.0000	-1.0000	-1.0000	-1.0000	-1.0000	-1.0000	-1.0000	-1.0000	-1.0000	-1.0000	-1.0000	-1.0000	-1.0000	-1.0000		0		-1.0000	-1	0.000000	None	None	-1	0	0	None	None	None	None	None	-1	-1	-1.000000	-1.000000	-1.000000	-1.000000		-1	-1	SLUICE	CONT
DGH-SL-08	Douglas Dam	DUGT1	35.962776	-83.541115	0.000000	0.0000	0.0000	0.000000	None	-1.0000	-1					-1	-1	-1	0	0	0.0000	-1.0000	-1.0000	-1.0000	-1.0000	-1.0000	-1.0000	-1.0000	-1.0000	-1.0000	-1.0000	-1.0000	-1.0000	-1.0000	-1.0000	-1.0000	-1.0000		0		-1.0000	-1	0.000000	None	None	-1	0	0	None	None	None	None	None	-1	-1	-1.000000	-1.000000	-1.000000	-1.000000		-1	-1	SLUICE	CONT
DGH-SP-01	Douglas Dam	DUGT1	35.962776	-83.541115	0.000000	0.0000	0.0000	0.000000	None	-1.0000	-1					-1	-1	-1	0	0	0.0000	-1.0000	-1.0000	-1.0000	-1.0000	-1.0000	-1.0000	-1.0000	-1.0000	-1.0000	-1.0000	-1.0000	-1.0000	-1.0000	-1.0000	-1.0000	-1.0000		0		-1.0000	-1	0.000000	None	None	-1	0	0	None	None	None	None	None	-1	-1	-1.000000	-1.000000	-1.000000	-1.000000		-1	-1	SPILL	DISC
DGH-SP-02	Douglas Dam	DUGT1	35.962776	-83.541115	0.000000	0.0000	0.0000	0.000000	None	-1.0000	-1					-1	-1	-1	0	0	0.0000	-1.0000	-1.0000	-1.0000	-1.0000	-1.0000	-1.0000	-1.0000	-1.0000	-1.0000	-1.0000	-1.0000	-1.0000	-1.0000	-1.0000	-1.0000	-1.0000		0		-1.0000	-1	0.000000	None	None	-1	0	0	None	None	None	None	None	-1	-1	-1.000000	-1.000000	-1.000000	-1.000000		-1	-1	SPILL	DISC
DGH-SP-03	Douglas Dam	DUGT1	35.962776	-83.541115	0.000000	0.0000	0.0000	0.000000	None	-1.0000	-1					-1	-1	-1	0	0	0.0000	-1.0000	-1.0000	-1.0000	-1.0000	-1.0000	-1.0000	-1.0000	-1.0000	-1.0000	-1.0000	-1.0000	-1.0000	-1.0000	-1.0000	-1.0000	-1.0000		0		-1.0000	-1	0.000000	None	None	-1	0	0	None	None	None	None	None	-1	-1	-1.000000	-1.000000	-1.000000	-1.000000		-1	-1	SPILL	DISC
DGH-SP-04	Douglas Dam	DUGT1	35.962776	-83.541115	0.000000	0.0000	0.0000	0.000000	None	-1.0000	-1					-1	-1	-1	0	0	0.0000	-1.0000	-1.0000	-1.0000	-1.0000	-1.0000	-1.0000	-1.0000	-1.0000	-1.0000	-1.0000	-1.0000	-1.0000	-1.0000	-1.0000	-1.0000	-1.0000		0		-1.0000	-1	0.000000	None	None	-1	0	0	None	None	None	None	None	-1	-1	-1.000000	-1.000000	-1.000000	-1.000000		-1	-1	SPILL	DISC
DGH-SP-05	Douglas Dam	DUGT1	35.962776	-83.541115	0.000000	0.0000	0.0000	0.000000	None	-1.0000	-1					-1	-1	-1	0	0	0.0000	-1.0000	-1.0000	-1.0000	-1.0000	-1.0000	-1.0000	-1.0000	-1.0000	-1.0000	-1.0000	-1.0000	-1.0000	-1.0000	-1.0000	-1.0000	-1.0000		0		-1.0000	-1	0.000000	None	None	-1	0	0	None	None	None	None	None	-1	-1	-1.000000	-1.000000	-1.000000	-1.000000		-1	-1	SPILL	DISC
DGH-SP-06	Douglas Dam	DUGT1	35.962776	-83.541115	0.000000	0.0000	0.0000	0.000000	None	-1.0000	-1					-1	-1	-1	0	0	0.0000	-1.0000	-1.0000	-1.0000	-1.0000	-1.0000	-1.0000	-1.0000	-1.0000	-1.0000	-1.0000	-1.0000	-1.0000	-1.0000	-1.0000	-1.0000	-1.0000		0		-1.0000	-1	0.000000	None	None	-1	0	0	None	None	None	None	None	-1	-1	-1.000000	-1.000000	-1.000000	-1.000000		-1	-1	SPILL	DISC
DGH-SP-07	Douglas Dam	DUGT1	35.962776	-83.541115	0.000000	0.0000	0.0000	0.000000	None	-1.0000	-1					-1	-1	-1	0	0	0.0000	-1.0000	-1.0000	-1.0000	-1.0000	-1.0000	-1.0000	-1.0000	-1.0000	-1.0000	-1.0000	-1.0000	-1.0000	-1.0000	-1.0000	-1.0000	-1.0000		0		-1.0000	-1	0.000000	None	None	-1	0	0	None	None	None	None	None	-1	-1	-1.000000	-1.000000	-1.000000	-1.000000		-1	-1	SPILL	DISC
DGH-SP-08	Douglas Dam	DUGT1	35.962776	-83.541115	0.000000	0.0000	0.0000	0.000000	None	-1.0000	-1					-1	-1	-1	0	0	0.0000	-1.0000	-1.0000	-1.0000	-1.0000	-1.0000	-1.0000	-1.0000	-1.0000	-1.0000	-1.0000	-1.0000	-1.0000	-1.0000	-1.0000	-1.0000	-1.0000		0		-1.0000	-1	0.000000	None	None	-1	0	0	None	None	None	None	None	-1	-1	-1.000000	-1.000000	-1.000000	-1.000000		-1	-1	SPILL	DISC
DGH-SP-09	Douglas Dam	DUGT1	35.962776	-83.541115	0.000000	0.0000	0.0000	0.000000	None	-1.0000	-1					-1	-1	-1	0	0	0.0000	-1.0000	-1.0000	-1.0000	-1.0000	-1.0000	-1.0000	-1.0000	-1.0000	-1.0000	-1.0000	-1.0000	-1.0000	-1.0000	-1.0000	-1.0000	-1.0000		0		-1.0000	-1	0.000000	None	None	-1	0	0	None	None	None	None	None	-1	-1	-1.000000	-1.000000	-1.000000	-1.000000		-1	-1	SPILL	DISC
DGH-SP-10	Douglas Dam	DUGT1	35.962776	-83.541115	0.000000	0.0000	0.0000	0.000000	None	-1.0000	-1					-1	-1	-1	0	0	0.0000	-1.0000	-1.0000	-1.0000	-1.0000	-1.0000	-1.0000	-1.0000	-1.0000	-1.0000	-1.0000	-1.0000	-1.0000	-1.0000	-1.0000	-1.0000	-1.0000		0		-1.0000	-1	0.000000	None	None	-1	0	0	None	None	None	None	None	-1	-1	-1.000000	-1.000000	-1.000000	-1.000000		-1	-1	SPILL	DISC
DGH-SP-11	Douglas Dam	DUGT1	35.962776	-83.541115	0.000000	0.0000	0.0000	0.000000	None	-1.0000	-1					-1	-1	-1	0	0	0.0000	-1.0000	-1.0000	-1.0000	-1.0000	-1.0000	-1.0000	-1.0000	-1.0000	-1.0000	-1.0000	-1.0000	-1.0000	-1.0000	-1.0000	-1.0000	-1.0000		0		-1.0000	-1	0.000000	None	None	-1	0	0	None	None	None	None	None	-1	-1	-1.000000	-1.000000	-1.000000	-1.000000		-1	-1	SPILL	DISC
DHO-01	Dale Hollow-Unit1	DLHT1	36.538611	-85.451389	0.000000	0.0000	0.0000	0.000000	None	-1.0000	-1					-1	-1	-1	0	0	0.0000	-1.0000	-1.0000	-1.0000	-1.0000	-1.0000	-1.0000	-1.0000	-1.0000	-1.0000	-1.0000	-1.0000	-1.0000	-1.0000	-1.0000	-1.0000	-1.0000		0		-1.0000	-1	0.000000	None	None	-1	0	0	None	None	None	None	None	-1	-1	-1.000000	-1.000000	-1.000000	-1.000000	USACE	-1	18
DHO-02	Dale Hollow-Unit2	DLHT1	36.538611	-85.451389	0.000000	0.0000	0.0000	0.000000	None	-1.0000	-1					-1	-1	-1	0	0	0.0000	-1.0000	-1.0000	-1.0000	-1.0000	-1.0000	-1.0000	-1.0000	-1.0000	-1.0000	-1.0000	-1.0000	-1.0000	-1.0000	-1.0000	-1.0000	-1.0000		0		-1.0000	-1	0.000000	None	None	-1	0	0	None	None	None	None	None	-1	-1	-1.000000	-1.000000	-1.000000	-1.000000	USACE	-1	18
DHO-03	Dale Hollow-Unit3	DLHT1	36.538611	-85.451389	0.000000	0.0000	0.0000	0.000000	None	-1.0000	-1					-1	-1	-1	0	0	0.0000	-1.0000	-1.0000	-1.0000	-1.0000	-1.0000	-1.0000	-1.0000	-1.0000	-1.0000	-1.0000	-1.0000	-1.0000	-1.0000	-1.0000	-1.0000	-1.0000		0		-1.0000	-1	0.000000	None	None	-1	0	0	None	None	None	None	None	-1	-1	-1.000000	-1.000000	-1.000000	-1.000000	USACE	-1	18
DILN7	Tuckasegee nr Dillsboro	DILN7	35.384445	-83.291664	1920.000000	0.0000	0.0000	0.000000	Tuckasegee	-1.0000	490	3510577				-1	-1	-1	0	0	0.0000	-1.0000	-1.0000	-1.0000	-1.0000	-1.0000	-1.0000	-1.0000	-1.0000	-1.0000	-1.0000	-1.0000	-1.0000	-1.0000	-1.0000	-1.0000	-1.0000	NC	0		-1.0000	-1	1920.000061	None	None	-1	0	0	None	None	None	None	Stream	-1	-1	-1.000000	-1.000000	-1.000000	-1.000000		-1	-1
DLHT1	Dale Hollow Dam	DLHT1	36.541389	-85.456390	0.000000	0.0000	0.0000	0.000000	Obey	7.3000	-1		CST		DHH	3	59	20	0	0	0.0000	35.0000	-1.0000	-1.0000	-1.0000	-1.0000	-1.0000	-1.0000	651.0000	-1.0000	663.0000	678.0000	-1.0000	-1.0000	-1.0000	-1.0000	-1.0000	TN	0	CORPS	-1.0000	-1	0.000000	None	None	-1	32	0	Cumberland	Non-hydropower	Dale	Dale	None	-1	-1	-1.000000	-1.000000	-1.000000	-1.000000		-1	-1
DMEA1	Dime	DMEA1	34.333890	-87.650560	0.000000	0.0000	0.0000	0.000000	None	-1.0000	-1		CST			-1	-1	-1	0	0	0.0000	-1.0000	-1.0000	-1.0000	-1.0000	-1.0000	-1.0000	-1.0000	-1.0000	-1.0000	-1.0000	-1.0000	-1.0000	-1.0000	-1.0000	-1.0000	-1.0000	AL	0		-1.0000	-1	0.000000	Precip	None	-1	0	0	None	None	None	None	None	-1	-1	-1.000000	-1.000000	-1.000000	-1.000000		-1	-1
DNNM6	Jamie Whitten Lock and Dam	DNNM6	34.522222	-88.325000	0.000000	0.0000	0.0000	0.000000	None	-1.0000	-1					-1	-1	-1	0	0	0.0000	68.0000	-1.0000	-1.0000	-1.0000	-1.0000	-1.0000	-1.0000	-1.0000	-1.0000	-1.0000	-1.0000	-1.0000	-1.0000	-1.0000	-1.0000	-1.0000	MS	0	CORPS	-1.0000	-1	0.000000	None	None	-1	0	0	None	None	None	None	None	-1	-1	-1.000000	-1.000000	-1.000000	-1.000000		-1	-1
DNNT1	Dunn	DNNT1	35.198055	-87.325554	0.000000	0.0000	0.0000	0.000000	None	-1.0000	-1		CST			-1	-1	-1	0	0	0.0000	-1.0000	-1.0000	-1.0000	-1.0000	-1.0000	-1.0000	-1.0000	-1.0000	-1.0000	-1.0000	-1.0000	-1.0000	-1.0000	-1.0000	-1.0000	-1.0000	TN	0		-1.0000	-1	0.000000	Precip	None	-1	0	0	None	None	None	None	None	-1	-1	-1.000000	-1.000000	-1.000000	-1.000000		-1	-1
DOET1	Doe at Elizabethton	DOET1	36.344444	-82.209999	1524.730000	0.0000	0.0000	0.000000	Doe	1.0000	110	3485500	EST			-1	-1	-1	0	0	0.0000	-1.0000	-1.0000	-1.0000	-1.0000	-1.0000	-1.0000	-1.0000	-1.0000	-1.0000	-1.0000	-1.0000	-1.0000	-1.0000	-1.0000	-1.0000	-1.0000	TN	0		-1.0000	-1	1524.730049	None	None	-1	0	0	None	None	None	None	Stream	-1	-1	-1.000000	-1.000000	-1.000000	-1.000000		-1	-1
DOGT1	Dogwood Dam	DOGT1	35.696667	-88.241943	0.000000	430.0000	0.0000	0.000000	Big Creek	6.7000	-1		CST		BES	-1	-1	-1	0	0	0.0000	64.0000	-1.0000	-1.0000	-1.0000	-1.0000	-1.0000	-1.0000	443.7000	-1.0000	-1.0000	452.0000	-1.0000	-1.0000	-1.0000	-1.0000	-1.0000	TN	0	TVA	-1.0000	-1	0.000000	None	None	-1	0	0	TVA	Non-hydropower	None	None	None	-1	-1	-1.000000	-1.000000	-1.000000	-1.000000		-1	-1
DOVT1	Cumberland at Dover	DOVT1	36.493332	-87.838890	300.000000	0.0000	0.0000	0.000000	Cumberland	88.8000	1470	3437000	CST			-1	-1	-1	0	0	0.0000	-1.0000	-1.0000	-1.0000	-1.0000	-1.0000	-1.0000	-1.0000	-1.0000	-1.0000	-1.0000	-1.0000	-1.0000	-1.0000	-1.0000	-1.0000	-1.0000	TN	0		-1.0000	-1	300.000010	Precip	None	-1	0	0	None	None	None	None	Stream	-1	-1	-1.000000	-1.000000	-1.000000	-1.000000		-1	-1
DUFV2	Duffield	DUFV2	36.711945	-82.796112	0.000000	0.0000	0.0000	0.000000	None	-1.0000	-1		EST			-1	-1	-1	0	0	0.0000	-1.0000	-1.0000	-1.0000	-1.0000	-1.0000	-1.0000	-1.0000	-1.0000	-1.0000	-1.0000	-1.0000	-1.0000	-1.0000	-1.0000	-1.0000	-1.0000	VA	0		-1.0000	-1	0.000000	Precip	None	-1	0	0	None	None	None	None	None	-1	-1	-1.000000	-1.000000	-1.000000	-1.000000		-1	-1
DUGT1	Douglas Dam	DUGT1	35.962776	-83.541115	0.000000	0.0000	0.0000	0.000000	French Broad	32.3000	370	3468500	EST		DGH	4	178	44	0	1	0.0000	7.0000	7.0000	-1.0000	-1.0000	940.0000	910.0000	-1.0000	970.0000	1003.0000	1002.0000	1022.5000	-1.0000	-1.0000	-1.0000	55.0000	40.0000	TN	1	TVA	1002.0000	1944	0.000000	Precip	Douglas=>Fontana=>Norris=>Melton Hill	1	7	28	TVA	Hydropower	Doug	DGH	None	-1	-1	-1.000000	-1.000000	-1.000000	-1.000000		-1	-1
DUGT1_evap	DUGT1_evap	DUGT1	35.962776	-83.541115	0.000000	0.0000	0.0000	0.000000	None	-1.0000	-1					-1	-1	-1	0	0	0.0000	-1.0000	-1.0000	-1.0000	-1.0000	-1.0000	-1.0000	-1.0000	-1.0000	-1.0000	-1.0000	-1.0000	-1.0000	-1.0000	-1.0000	-1.0000	-1.0000		0	TVA	-1.0000	-1	0.000000	None	None	-1	0	0	None	None	None	None	None	-1	-1	-1.000000	-1.000000	-1.000000	-1.000000		-1	-1
DUGT1Branch1	DUGT1Branch1	DUGT1	0.000000	0.000000	0.000000	0.0000	0.0000	0.000000	None	-1.0000	-1				DouglasTail	-1	-1	-1	0	0	0.0000	-1.0000	-1.0000	-1.0000	-1.0000	-1.0000	-1.0000	-1.0000	-1.0000	-1.0000	-1.0000	-1.0000	-1.0000	-1.0000	-1.0000	-1.0000	-1.0000		0	TVA	-1.0000	-1	0.000000	None	None	-1	0	0	None	None	None	None	None	-1	-1	-1.000000	-1.000000	-1.000000	-1.000000		-1	-1
DUKE	Duke Projects	DUKE	35.326330	-84.902344	0.000000	0.0000	0.0000	0.000000	None	-1.0000	-1					-1	-1	-1	0	0	0.0000	-1.0000	-1.0000	-1.0000	-1.0000	-1.0000	-1.0000	-1.0000	-1.0000	-1.0000	-1.0000	-1.0000	-1.0000	-1.0000	-1.0000	-1.0000	-1.0000		0		-1.0000	-1	0.000000	None	None	-1	0	0	None	None	None	None	None	-1	-1	-1.000000	-1.000000	-1.000000	-1.000000		-1	-1
DUNT1	Dunlap	DUNT1	35.402500	-85.373055	0.000000	0.0000	0.0000	0.000000	None	-1.0000	-1		CST			-1	-1	-1	0	0	0.0000	-1.0000	-1.0000	-1.0000	-1.0000	-1.0000	-1.0000	-1.0000	-1.0000	-1.0000	-1.0000	-1.0000	-1.0000	-1.0000	-1.0000	-1.0000	-1.0000	TN	0		-1.0000	-1	0.000000	Precip	None	-1	0	0	None	None	None	None	None	-1	-1	-1.000000	-1.000000	-1.000000	-1.000000		-1	-1
DYNT1	Dayton	DYNT1	35.496666	-85.016388	0.000000	0.0000	0.0000	0.000000	None	-1.0000	-1		EST			-1	-1	-1	0	0	0.0000	-1.0000	-1.0000	-1.0000	-1.0000	-1.0000	-1.0000	-1.0000	-1.0000	-1.0000	-1.0000	-1.0000	-1.0000	-1.0000	-1.0000	-1.0000	-1.0000	TN	0		-1.0000	-1	0.000000	Precip	None	-1	0	0	None	None	None	None	None	-1	-1	-1.000000	-1.000000	-1.000000	-1.000000		-1	-1
EBVT1	Embreeville	EBVT1	36.182500	-82.456667	0.000000	0.0000	0.0000	0.000000	None	-1.0000	-1					-1	-1	-1	0	0	0.0000	-1.0000	-1.0000	-1.0000	-1.0000	-1.0000	-1.0000	-1.0000	-1.0000	-1.0000	-1.0000	-1.0000	-1.0000	-1.0000	-1.0000	-1.0000	-1.0000	TN	0		-1.0000	-1	0.000000	Precip	None	-1	0	0	None	None	None	None	None	-1	-1	-1.000000	-1.000000	-1.000000	-1.000000		-1	-1
ECHO-DTX	DTX inside BFN barge	ECHO-DTX	34.699974	-87.118456	0.000000	0.0000	0.0000	0.000000	None	-1.0000	-1					-1	-1	-1	0	0	0.0000	-1.0000	-1.0000	-1.0000	-1.0000	-1.0000	-1.0000	-1.0000	-1.0000	-1.0000	-1.0000	-1.0000	-1.0000	-1.0000	-1.0000	-1.0000	-1.0000		0		-1.0000	-1	0.000000	None	None	-1	0	0	None	None	None	None	None	-1	-1	-1.000000	-1.000000	-1.000000	-1.000000		-1	-1
ECHO-TVA1	TVA1 BFN barge DS	ECHO-TVA1	34.699774	-87.118413	0.000000	0.0000	0.0000	0.000000	None	-1.0000	-1					-1	-1	-1	0	0	0.0000	-1.0000	-1.0000	-1.0000	-1.0000	-1.0000	-1.0000	-1.0000	-1.0000	-1.0000	-1.0000	-1.0000	-1.0000	-1.0000	-1.0000	-1.0000	-1.0000		0		-1.0000	-1	0.000000	None	None	-1	0	0	None	None	None	None	None	-1	-1	-1.000000	-1.000000	-1.000000	-1.000000		-1	-1
ECHO-TVA2	TVA2 BFN barge US	ECHO-TVA2	34.699665	-87.117318	0.000000	0.0000	0.0000	0.000000	None	-1.0000	-1					-1	-1	-1	0	0	0.0000	-1.0000	-1.0000	-1.0000	-1.0000	-1.0000	-1.0000	-1.0000	-1.0000	-1.0000	-1.0000	-1.0000	-1.0000	-1.0000	-1.0000	-1.0000	-1.0000		0		-1.0000	-1	0.000000	None	None	-1	0	0	None	None	None	None	None	-1	-1	-1.000000	-1.000000	-1.000000	-1.000000		-1	-1
ECHO-TVA3	TVA3 GUH powerhouse	ECHO-TVA3	34.422053	-86.392755	0.000000	0.0000	0.0000	0.000000	None	-1.0000	-1					-1	-1	-1	0	0	0.0000	-1.0000	-1.0000	-1.0000	-1.0000	-1.0000	-1.0000	-1.0000	-1.0000	-1.0000	-1.0000	-1.0000	-1.0000	-1.0000	-1.0000	-1.0000	-1.0000		0		-1.0000	-1	0.000000	None	None	-1	0	0	None	None	None	None	None	-1	-1	-1.000000	-1.000000	-1.000000	-1.000000		-1	-1
ECHO-TVA4	TVA4 GUH lock	ECHO-TVA4	34.425173	-86.391055	0.000000	0.0000	0.0000	0.000000	None	-1.0000	-1					-1	-1	-1	0	0	0.0000	-1.0000	-1.0000	-1.0000	-1.0000	-1.0000	-1.0000	-1.0000	-1.0000	-1.0000	-1.0000	-1.0000	-1.0000	-1.0000	-1.0000	-1.0000	-1.0000		0		-1.0000	-1	0.000000	None	None	-1	0	0	None	None	None	None	None	-1	-1	-1.000000	-1.000000	-1.000000	-1.000000		-1	-1
ECHO_AGG-BFN	Aggregate ECHO BFN	ECHO_AGG-BFN	34.699800	-87.118000	0.000000	0.0000	0.0000	0.000000	None	-1.0000	-1					-1	-1	-1	0	0	0.0000	-1.0000	-1.0000	-1.0000	-1.0000	-1.0000	-1.0000	-1.0000	-1.0000	-1.0000	-1.0000	-1.0000	-1.0000	-1.0000	-1.0000	-1.0000	-1.0000		0		-1.0000	-1	0.000000	None	None	-1	0	0	None	None	None	None	None	-1	-1	-1.000000	-1.000000	-1.000000	-1.000000		-1	-1
ECHO_AGG-GUH	Aggregate ECHO GUH	ECHO_AGG-GUH	34.423500	-86.392000	0.000000	0.0000	0.0000	0.000000	None	-1.0000	-1					-1	-1	-1	0	0	0.0000	-1.0000	-1.0000	-1.0000	-1.0000	-1.0000	-1.0000	-1.0000	-1.0000	-1.0000	-1.0000	-1.0000	-1.0000	-1.0000	-1.0000	-1.0000	-1.0000		0		-1.0000	-1	0.000000	None	None	-1	0	0	None	None	None	None	None	-1	-1	-1.000000	-1.000000	-1.000000	-1.000000		-1	-1
EgnerFerry	Egner Ferry Bridge	EgnerFerry	36.773931	-88.120252	0.000000	0.0000	0.0000	0.000000	None	-1.0000	-1					-1	-1	-1	0	0	0.0000	-1.0000	-1.0000	-1.0000	-1.0000	-1.0000	-1.0000	-1.0000	-1.0000	-1.0000	-1.0000	-1.0000	-1.0000	-1.0000	-1.0000	-1.0000	-1.0000		0		-1.0000	-1	0.000000	None	None	-1	0	0	None	None	None	None	None	-1	-1	-1.000000	-1.000000	-1.000000	-1.000000		-1	-1
EKTK2	Elkton KY	EKTK2	36.783333	-87.166664	0.000000	0.0000	0.0000	0.000000	None	-1.0000	-1		CST			-1	-1	-1	0	0	0.0000	-1.0000	-1.0000	-1.0000	-1.0000	-1.0000	-1.0000	-1.0000	-1.0000	-1.0000	-1.0000	-1.0000	-1.0000	-1.0000	-1.0000	-1.0000	-1.0000	KY	0		-1.0000	-1	0.000000	Precip	None	-1	0	0	None	None	None	None	None	-1	-1	-1.000000	-1.000000	-1.000000	-1.000000		-1	-1
Elk_BCT_XSection	Elk_BCT_XSection	B	34.761542	-87.264266	0.000000	0.0000	0.0000	0.000000	None	-1.0000	-1				BFN	-1	-1	-1	0	0	0.0000	-1.0000	-1.0000	-1.0000	-1.0000	-1.0000	-1.0000	-1.0000	-1.0000	-1.0000	-1.0000	-1.0000	-1.0000	-1.0000	-1.0000	-1.0000	-1.0000		0	TVA	-1.0000	-1	0.000000	None	None	-1	0	0	None	None	None	None	None	-1	-1	-1.000000	-1.000000	-1.000000	-1.000000		-1	-1
Elk_confluence	TennTom Elk Confluence	Elk_confluence	34.750507	-87.244354	0.000000	0.0000	0.0000	0.000000	None	-1.0000	-1					-1	-1	-1	0	0	0.0000	-1.0000	-1.0000	-1.0000	-1.0000	-1.0000	-1.0000	-1.0000	-1.0000	-1.0000	-1.0000	-1.0000	-1.0000	-1.0000	-1.0000	-1.0000	-1.0000		0		-1.0000	-1	0.000000	None	None	-1	0	0	None	None	None	None	None	-1	-1	-1.000000	-1.000000	-1.000000	-1.000000		-1	-1
ELKT1	Elkton TN	ELKT1	35.036110	-86.887497	0.000000	0.0000	0.0000	0.000000	None	-1.0000	-1		CST			-1	-1	-1	0	0	0.0000	-1.0000	-1.0000	-1.0000	-1.0000	-1.0000	-1.0000	-1.0000	-1.0000	-1.0000	-1.0000	-1.0000	-1.0000	-1.0000	-1.0000	-1.0000	-1.0000	TN	0		-1.0000	-1	0.000000	Precip	None	-1	0	0	None	None	None	None	None	-1	-1	-1.000000	-1.000000	-1.000000	-1.000000		-1	-1
EMBT1	Nolichucky at Embreeville	EMBT1	36.176388	-82.457497	1519.300000	0.0000	0.0000	0.000000	Nolichucky	89.0000	180	3465500	EST			-1	-1	-1	0	0	0.0000	-1.0000	-1.0000	-1.0000	-1.0000	-1.0000	-1.0000	-1.0000	-1.0000	-1.0000	-1.0000	-1.0000	-1.0000	-1.0000	-1.0000	-1.0000	-1.0000	TN	0		-1.0000	-1	1519.300049	None	None	-1	0	0	None	None	None	None	Stream	-1	-1	-1.000000	-1.000000	-1.000000	-1.000000		-1	-1
EMGT1	Yellow Creek at Ellis Mills	EMGT1	36.310833	-87.553612	417.000000	0.0000	0.0000	0.000000	Yellow Creek	-1.0000	1450	3436690	CST			-1	-1	-1	0	0	0.0000	-1.0000	-1.0000	-1.0000	-1.0000	-1.0000	-1.0000	-1.0000	-1.0000	-1.0000	-1.0000	-1.0000	-1.0000	-1.0000	-1.0000	-1.0000	-1.0000	TN	0		-1.0000	-1	417.000013	Precip	None	-1	0	0	None	None	None	None	Stream	-1	-1	-1.000000	-1.000000	-1.000000	-1.000000		-1	-1
ENGG1	Lookout at New England	ENGG1	34.897499	-85.463058	663.800000	0.0000	0.0000	0.000000	Lookout	-1.0000	880	3568933				-1	-1	-1	0	0	0.0000	-1.0000	-1.0000	-1.0000	-1.0000	-1.0000	-1.0000	-1.0000	-1.0000	-1.0000	-1.0000	-1.0000	-1.0000	-1.0000	-1.0000	-1.0000	-1.0000	GA	0		-1.0000	-1	663.800021	Precip	None	-1	0	0	None	None	None	None	Stream	-1	-1	-1.000000	-1.000000	-1.000000	-1.000000		-1	-1
EPWG1	Higdons Store	EPWG1	34.903332	-84.436111	0.000000	0.0000	0.0000	0.000000	None	-1.0000	-1		EST			-1	-1	-1	0	0	0.0000	-1.0000	-1.0000	-1.0000	-1.0000	-1.0000	-1.0000	-1.0000	-1.0000	-1.0000	-1.0000	-1.0000	-1.0000	-1.0000	-1.0000	-1.0000	-1.0000	GA	0		-1.0000	-1	0.000000	Precip	None	-1	0	0	None	None	None	None	None	-1	-1	-1.000000	-1.000000	-1.000000	-1.000000		-1	-1
ES_Utility	East Side Utility	ES_Utility	35.115000	-85.199000	0.000000	0.0000	0.0000	0.000000	None	-1.0000	-1					-1	-1	-1	0	0	0.0000	-1.0000	-1.0000	-1.0000	-1.0000	-1.0000	-1.0000	-1.0000	-1.0000	-1.0000	-1.0000	-1.0000	-1.0000	-1.0000	-1.0000	-1.0000	-1.0000		0		-1.0000	-1	0.000000	None	None	-1	0	0	None	None	None	None	None	-1	-1	-1.000000	-1.000000	-1.000000	-1.000000		-1	-1
ETOT1	Etowah	ETOT1	35.330276	-84.521111	0.000000	0.0000	0.0000	0.000000	None	-1.0000	-1		EST			-1	-1	-1	0	0	0.0000	-1.0000	-1.0000	-1.0000	-1.0000	-1.0000	-1.0000	-1.0000	-1.0000	-1.0000	-1.0000	-1.0000	-1.0000	-1.0000	-1.0000	-1.0000	-1.0000	TN	0		-1.0000	-1	0.000000	Precip	None	-1	0	0	None	None	None	None	None	-1	-1	-1.000000	-1.000000	-1.000000	-1.000000		-1	-1
EZBT1	Watauga at Elizabethton	EZBT1	36.355835	-82.223610	1486.230000	0.0000	0.0000	0.000000	Watauga	25.8600	115	3486000	EST			-1	-1	-1	0	0	0.0000	-1.0000	-1.0000	-1.0000	-1.0000	-1.0000	-1.0000	-1.0000	-1.0000	-1.0000	-1.0000	-1.0000	-1.0000	-1.0000	-1.0000	-1.0000	-1.0000	TN	0		-1.0000	-1	1486.230048	None	None	-1	0	0	None	None	None	None	Stream	-1	-1	-1.000000	-1.000000	-1.000000	-1.000000		-1	-1
FALT1	Falls Creek	FALT1	35.679722	-85.308334	0.000000	0.0000	0.0000	0.000000	None	-1.0000	-1		CST			-1	-1	-1	0	0	0.0000	-1.0000	-1.0000	-1.0000	-1.0000	-1.0000	-1.0000	-1.0000	-1.0000	-1.0000	-1.0000	-1.0000	-1.0000	-1.0000	-1.0000	-1.0000	-1.0000	TN	0		-1.0000	-1	0.000000	Precip	None	-1	0	0	None	None	None	None	None	-1	-1	-1.000000	-1.000000	-1.000000	-1.000000		-1	-1
FGPT1	Fitts Gap	FGPT1	36.589443	-83.228058	0.000000	0.0000	0.0000	0.000000	None	-1.0000	-1		EST			-1	-1	-1	0	0	0.0000	-1.0000	-1.0000	-1.0000	-1.0000	-1.0000	-1.0000	-1.0000	-1.0000	-1.0000	-1.0000	-1.0000	-1.0000	-1.0000	-1.0000	-1.0000	-1.0000	TN	0		-1.0000	-1	0.000000	Precip	None	-1	0	0	None	None	None	None	None	-1	-1	-1.000000	-1.000000	-1.000000	-1.000000		-1	-1
FKVA1	Falkville	FKVA1	34.374168	-86.912781	0.000000	0.0000	0.0000	0.000000	None	-1.0000	-1		CST			-1	-1	-1	0	0	0.0000	-1.0000	-1.0000	-1.0000	-1.0000	-1.0000	-1.0000	-1.0000	-1.0000	-1.0000	-1.0000	-1.0000	-1.0000	-1.0000	-1.0000	-1.0000	-1.0000	AL	0		-1.0000	-1	0.000000	Precip	None	-1	0	0	None	None	None	None	None	-1	-1	-1.000000	-1.000000	-1.000000	-1.000000		-1	-1
FLCN7	French Broad at Fletcher	FLCN7	35.427502	-82.548058	0.000000	0.0000	0.0000	0.000000	French Broad	-1.0000	230					-1	-1	-1	0	0	0.0000	-1.0000	-1.0000	-1.0000	-1.0000	-1.0000	-1.0000	-1.0000	-1.0000	-1.0000	-1.0000	-1.0000	-1.0000	-1.0000	-1.0000	-1.0000	-1.0000	NC	0		-1.0000	-1	0.000000	None	None	-1	0	0	None	None	None	None	None	-1	-1	-1.000000	-1.000000	-1.000000	-1.000000		-1	-1
FLDT1	Fort Loudoun Dam	FLDT1	35.792221	-84.245277	0.000000	824.4200	0.0000	0.000000	Tennessee	602.3000	430	3499500	EST	Hydro	FLH	4	144	36	0	1	0.0000	8.0000	7.0000	-1.0000	807.0000	807.0000	-1.0000	-1.0000	783.0000	817.0000	815.0000	833.3000	-1.0000	0.2000	-1.0000	180.0000	100.0000	TN	0	TVA	815.0000	-1	0.000000	Precip	Fort Loudon=>Watts Bar=>Chickamauga	1	19	10	TVA	Hydropower	FtLo	FLH	None	-1	-1	-1.000000	-1.000000	-1.000000	-1.000000		-1	-1
FLH-01	Fort Loudoun-Unit1	FLDT1	35.792221	-84.245277	0.000000	0.0000	0.0000	0.000000	None	-1.0000	-1					-1	-1	-1	0	0	0.0000	-1.0000	-1.0000	-1.0000	-1.0000	-1.0000	-1.0000	-1.0000	-1.0000	-1.0000	-1.0000	-1.0000	-1.0000	-1.0000	-1.0000	-1.0000	-1.0000		0		-1.0000	-1	0.000000	None	None	-1	0	0	None	None	None	None	None	-1	-1	-1.000000	-1.000000	-1.000000	-1.000000	Hydro	15000	36
FLH-01-TD	Fort Loudoun-Unit1-Taildeck	FLH-01	35.792221	-84.245277	0.000000	0.0000	0.0000	0.000000	None	-1.0000	-1					-1	-1	-1	0	0	0.0000	-1.0000	-1.0000	-1.0000	-1.0000	-1.0000	-1.0000	-1.0000	-1.0000	-1.0000	-1.0000	-1.0000	-1.0000	-1.0000	-1.0000	-1.0000	-1.0000		0		-1.0000	-1	0.000000	None	None	-1	0	0	None	None	None	None	None	-1	-1	-1.000000	-1.000000	-1.000000	-1.000000	Other	-1	-1
FLH-02	Fort Loudoun-Unit2	FLDT1	35.792221	-84.245277	0.000000	0.0000	0.0000	0.000000	None	-1.0000	-1					-1	-1	-1	0	0	0.0000	-1.0000	-1.0000	-1.0000	-1.0000	-1.0000	-1.0000	-1.0000	-1.0000	-1.0000	-1.0000	-1.0000	-1.0000	-1.0000	-1.0000	-1.0000	-1.0000		0		-1.0000	-1	0.000000	None	None	-1	0	0	None	None	None	None	None	-1	-1	-1.000000	-1.000000	-1.000000	-1.000000	Hydro	15000	36
FLH-03	Fort Loudoun-Unit3	FLDT1	35.792221	-84.245277	0.000000	0.0000	0.0000	0.000000	None	-1.0000	-1					-1	-1	-1	0	0	0.0000	-1.0000	-1.0000	-1.0000	-1.0000	-1.0000	-1.0000	-1.0000	-1.0000	-1.0000	-1.0000	-1.0000	-1.0000	-1.0000	-1.0000	-1.0000	-1.0000		0		-1.0000	-1	0.000000	None	None	-1	0	0	None	None	None	None	None	-1	-1	-1.000000	-1.000000	-1.000000	-1.000000	Hydro	15000	40
FLH-04	Fort Loudoun-Unit4	FLDT1	35.792221	-84.245277	0.000000	0.0000	0.0000	0.000000	None	-1.0000	-1					-1	-1	-1	0	0	0.0000	-1.0000	-1.0000	-1.0000	-1.0000	-1.0000	-1.0000	-1.0000	-1.0000	-1.0000	-1.0000	-1.0000	-1.0000	-1.0000	-1.0000	-1.0000	-1.0000		0		-1.0000	-1	0.000000	None	None	-1	0	0	None	None	None	None	None	-1	-1	-1.000000	-1.000000	-1.000000	-1.000000	Hydro	15000	40
FLH-04-TD	Fort Loudoun-Unit4-Taildeck	FLH-04	35.792221	-84.245277	0.000000	0.0000	0.0000	0.000000	None	-1.0000	-1					-1	-1	-1	0	0	0.0000	-1.0000	-1.0000	-1.0000	-1.0000	-1.0000	-1.0000	-1.0000	-1.0000	-1.0000	-1.0000	-1.0000	-1.0000	-1.0000	-1.0000	-1.0000	-1.0000		0		-1.0000	-1	0.000000	None	None	-1	0	0	None	None	None	None	None	-1	-1	-1.000000	-1.000000	-1.000000	-1.000000	Other	-1	-1
FLH-OG-01	Fort Loudoun Dam	FLDT1	35.792221	-84.245277	0.000000	0.0000	0.0000	0.000000	None	-1.0000	-1					-1	-1	-1	0	0	0.0000	-1.0000	-1.0000	-1.0000	-1.0000	-1.0000	-1.0000	-1.0000	-1.0000	-1.0000	-1.0000	-1.0000	-1.0000	-1.0000	-1.0000	-1.0000	-1.0000		0		-1.0000	-1	0.000000	None	None	-1	0	0	None	None	None	None	None	-1	-1	-1.000000	-1.000000	-1.000000	-1.000000		-1	-1	OTHER	DISC
FLH-OG-02	Fort Loudoun Dam	FLDT1	35.792221	-84.245277	0.000000	0.0000	0.0000	0.000000	None	-1.0000	-1					-1	-1	-1	0	0	0.0000	-1.0000	-1.0000	-1.0000	-1.0000	-1.0000	-1.0000	-1.0000	-1.0000	-1.0000	-1.0000	-1.0000	-1.0000	-1.0000	-1.0000	-1.0000	-1.0000		0		-1.0000	-1	0.000000	None	None	-1	0	0	None	None	None	None	None	-1	-1	-1.000000	-1.000000	-1.000000	-1.000000		-1	-1	OTHER	DISC
FLH-OG-03	Fort Loudoun Dam	FLDT1	35.792221	-84.245277	0.000000	0.0000	0.0000	0.000000	None	-1.0000	-1					-1	-1	-1	0	0	0.0000	-1.0000	-1.0000	-1.0000	-1.0000	-1.0000	-1.0000	-1.0000	-1.0000	-1.0000	-1.0000	-1.0000	-1.0000	-1.0000	-1.0000	-1.0000	-1.0000		0		-1.0000	-1	0.000000	None	None	-1	0	0	None	None	None	None	None	-1	-1	-1.000000	-1.000000	-1.000000	-1.000000		-1	-1	OTHER	DISC
FLH-OG-04	Fort Loudoun Dam	FLDT1	35.792221	-84.245277	0.000000	0.0000	0.0000	0.000000	None	-1.0000	-1					-1	-1	-1	0	0	0.0000	-1.0000	-1.0000	-1.0000	-1.0000	-1.0000	-1.0000	-1.0000	-1.0000	-1.0000	-1.0000	-1.0000	-1.0000	-1.0000	-1.0000	-1.0000	-1.0000		0		-1.0000	-1	0.000000	None	None	-1	0	0	None	None	None	None	None	-1	-1	-1.000000	-1.000000	-1.000000	-1.000000		-1	-1	OTHER	DISC
FLH-OG-05	Fort Loudoun Dam	FLDT1	35.792221	-84.245277	0.000000	0.0000	0.0000	0.000000	None	-1.0000	-1					-1	-1	-1	0	0	0.0000	-1.0000	-1.0000	-1.0000	-1.0000	-1.0000	-1.0000	-1.0000	-1.0000	-1.0000	-1.0000	-1.0000	-1.0000	-1.0000	-1.0000	-1.0000	-1.0000		0		-1.0000	-1	0.000000	None	None	-1	0	0	None	None	None	None	None	-1	-1	-1.000000	-1.000000	-1.000000	-1.000000		-1	-1	OTHER	DISC
FLH-OG-06	Fort Loudoun Dam	FLDT1	35.792221	-84.245277	0.000000	0.0000	0.0000	0.000000	None	-1.0000	-1					-1	-1	-1	0	0	0.0000	-1.0000	-1.0000	-1.0000	-1.0000	-1.0000	-1.0000	-1.0000	-1.0000	-1.0000	-1.0000	-1.0000	-1.0000	-1.0000	-1.0000	-1.0000	-1.0000		0		-1.0000	-1	0.000000	None	None	-1	0	0	None	None	None	None	None	-1	-1	-1.000000	-1.000000	-1.000000	-1.000000		-1	-1	OTHER	DISC
FLH-OG-07	Fort Loudoun Dam	FLDT1	35.792221	-84.245277	0.000000	0.0000	0.0000	0.000000	None	-1.0000	-1					-1	-1	-1	0	0	0.0000	-1.0000	-1.0000	-1.0000	-1.0000	-1.0000	-1.0000	-1.0000	-1.0000	-1.0000	-1.0000	-1.0000	-1.0000	-1.0000	-1.0000	-1.0000	-1.0000		0		-1.0000	-1	0.000000	None	None	-1	0	0	None	None	None	None	None	-1	-1	-1.000000	-1.000000	-1.000000	-1.000000		-1	-1	OTHER	DISC
FLH-OG-08	Fort Loudoun Dam	FLDT1	35.792221	-84.245277	0.000000	0.0000	0.0000	0.000000	None	-1.0000	-1					-1	-1	-1	0	0	0.0000	-1.0000	-1.0000	-1.0000	-1.0000	-1.0000	-1.0000	-1.0000	-1.0000	-1.0000	-1.0000	-1.0000	-1.0000	-1.0000	-1.0000	-1.0000	-1.0000		0		-1.0000	-1	0.000000	None	None	-1	0	0	None	None	None	None	None	-1	-1	-1.000000	-1.000000	-1.000000	-1.000000		-1	-1	OTHER	DISC
FLH-OG-09	Fort Loudoun Dam	FLDT1	35.792221	-84.245277	0.000000	0.0000	0.0000	0.000000	None	-1.0000	-1					-1	-1	-1	0	0	0.0000	-1.0000	-1.0000	-1.0000	-1.0000	-1.0000	-1.0000	-1.0000	-1.0000	-1.0000	-1.0000	-1.0000	-1.0000	-1.0000	-1.0000	-1.0000	-1.0000		0		-1.0000	-1	0.000000	None	None	-1	0	0	None	None	None	None	None	-1	-1	-1.000000	-1.000000	-1.000000	-1.000000		-1	-1	OTHER	DISC
FLH-OG-10	Fort Loudoun Dam	FLDT1	35.792221	-84.245277	0.000000	0.0000	0.0000	0.000000	None	-1.0000	-1					-1	-1	-1	0	0	0.0000	-1.0000	-1.0000	-1.0000	-1.0000	-1.0000	-1.0000	-1.0000	-1.0000	-1.0000	-1.0000	-1.0000	-1.0000	-1.0000	-1.0000	-1.0000	-1.0000		0		-1.0000	-1	0.000000	None	None	-1	0	0	None	None	None	None	None	-1	-1	-1.000000	-1.000000	-1.000000	-1.000000		-1	-1	OTHER	DISC
FLH-SP-01	Fort Loudoun Dam	FLDT1	35.792221	-84.245277	0.000000	0.0000	0.0000	0.000000	None	-1.0000	-1					-1	-1	-1	0	0	0.0000	-1.0000	-1.0000	-1.0000	-1.0000	-1.0000	-1.0000	-1.0000	-1.0000	-1.0000	-1.0000	-1.0000	-1.0000	-1.0000	-1.0000	-1.0000	-1.0000		0		-1.0000	-1	0.000000	None	None	-1	0	0	None	None	None	None	None	-1	-1	-1.000000	-1.000000	-1.000000	-1.000000		-1	-1	SPILL	DISC
FLH-SP-02	Fort Loudoun Dam	FLDT1	35.792221	-84.245277	0.000000	0.0000	0.0000	0.000000	None	-1.0000	-1					-1	-1	-1	0	0	0.0000	-1.0000	-1.0000	-1.0000	-1.0000	-1.0000	-1.0000	-1.0000	-1.0000	-1.0000	-1.0000	-1.0000	-1.0000	-1.0000	-1.0000	-1.0000	-1.0000		0		-1.0000	-1	0.000000	None	None	-1	0	0	None	None	None	None	None	-1	-1	-1.000000	-1.000000	-1.000000	-1.000000		-1	-1	SPILL	DISC
FLH-SP-03	Fort Loudoun Dam	FLDT1	35.792221	-84.245277	0.000000	0.0000	0.0000	0.000000	None	-1.0000	-1					-1	-1	-1	0	0	0.0000	-1.0000	-1.0000	-1.0000	-1.0000	-1.0000	-1.0000	-1.0000	-1.0000	-1.0000	-1.0000	-1.0000	-1.0000	-1.0000	-1.0000	-1.0000	-1.0000		0		-1.0000	-1	0.000000	None	None	-1	0	0	None	None	None	None	None	-1	-1	-1.000000	-1.000000	-1.000000	-1.000000		-1	-1	SPILL	DISC
FLH-SP-04	Fort Loudoun Dam	FLDT1	35.792221	-84.245277	0.000000	0.0000	0.0000	0.000000	None	-1.0000	-1					-1	-1	-1	0	0	0.0000	-1.0000	-1.0000	-1.0000	-1.0000	-1.0000	-1.0000	-1.0000	-1.0000	-1.0000	-1.0000	-1.0000	-1.0000	-1.0000	-1.0000	-1.0000	-1.0000		0		-1.0000	-1	0.000000	None	None	-1	0	0	None	None	None	None	None	-1	-1	-1.000000	-1.000000	-1.000000	-1.000000		-1	-1	SPILL	DISC
FLH-SP-05	Fort Loudoun Dam	FLDT1	35.792221	-84.245277	0.000000	0.0000	0.0000	0.000000	None	-1.0000	-1					-1	-1	-1	0	0	0.0000	-1.0000	-1.0000	-1.0000	-1.0000	-1.0000	-1.0000	-1.0000	-1.0000	-1.0000	-1.0000	-1.0000	-1.0000	-1.0000	-1.0000	-1.0000	-1.0000		0		-1.0000	-1	0.000000	None	None	-1	0	0	None	None	None	None	None	-1	-1	-1.000000	-1.000000	-1.000000	-1.000000		-1	-1	SPILL	DISC
FLH-SP-06	Fort Loudoun Dam	FLDT1	35.792221	-84.245277	0.000000	0.0000	0.0000	0.000000	None	-1.0000	-1					-1	-1	-1	0	0	0.0000	-1.0000	-1.0000	-1.0000	-1.0000	-1.0000	-1.0000	-1.0000	-1.0000	-1.0000	-1.0000	-1.0000	-1.0000	-1.0000	-1.0000	-1.0000	-1.0000		0		-1.0000	-1	0.000000	None	None	-1	0	0	None	None	None	None	None	-1	-1	-1.000000	-1.000000	-1.000000	-1.000000		-1	-1	SPILL	DISC
FLH-SP-07	Fort Loudoun Dam	FLDT1	35.792221	-84.245277	0.000000	0.0000	0.0000	0.000000	None	-1.0000	-1					-1	-1	-1	0	0	0.0000	-1.0000	-1.0000	-1.0000	-1.0000	-1.0000	-1.0000	-1.0000	-1.0000	-1.0000	-1.0000	-1.0000	-1.0000	-1.0000	-1.0000	-1.0000	-1.0000		0		-1.0000	-1	0.000000	None	None	-1	0	0	None	None	None	None	None	-1	-1	-1.000000	-1.000000	-1.000000	-1.000000		-1	-1	SPILL	DISC
FLH-SP-08	Fort Loudoun Dam	FLDT1	35.792221	-84.245277	0.000000	0.0000	0.0000	0.000000	None	-1.0000	-1					-1	-1	-1	0	0	0.0000	-1.0000	-1.0000	-1.0000	-1.0000	-1.0000	-1.0000	-1.0000	-1.0000	-1.0000	-1.0000	-1.0000	-1.0000	-1.0000	-1.0000	-1.0000	-1.0000		0		-1.0000	-1	0.000000	None	None	-1	0	0	None	None	None	None	None	-1	-1	-1.000000	-1.000000	-1.000000	-1.000000		-1	-1	SPILL	DISC
FLH-SP-09	Fort Loudoun Dam	FLDT1	35.792221	-84.245277	0.000000	0.0000	0.0000	0.000000	None	-1.0000	-1					-1	-1	-1	0	0	0.0000	-1.0000	-1.0000	-1.0000	-1.0000	-1.0000	-1.0000	-1.0000	-1.0000	-1.0000	-1.0000	-1.0000	-1.0000	-1.0000	-1.0000	-1.0000	-1.0000		0		-1.0000	-1	0.000000	None	None	-1	0	0	None	None	None	None	None	-1	-1	-1.000000	-1.000000	-1.000000	-1.000000		-1	-1	SPILL	DISC
FLH-SP-10	Fort Loudoun Dam	FLDT1	35.792221	-84.245277	0.000000	0.0000	0.0000	0.000000	None	-1.0000	-1					-1	-1	-1	0	0	0.0000	-1.0000	-1.0000	-1.0000	-1.0000	-1.0000	-1.0000	-1.0000	-1.0000	-1.0000	-1.0000	-1.0000	-1.0000	-1.0000	-1.0000	-1.0000	-1.0000		0		-1.0000	-1	0.000000	None	None	-1	0	0	None	None	None	None	None	-1	-1	-1.000000	-1.000000	-1.000000	-1.000000		-1	-1	SPILL	DISC
FLH-SP-11	Fort Loudoun Dam	FLDT1	35.792221	-84.245277	0.000000	0.0000	0.0000	0.000000	None	-1.0000	-1					-1	-1	-1	0	0	0.0000	-1.0000	-1.0000	-1.0000	-1.0000	-1.0000	-1.0000	-1.0000	-1.0000	-1.0000	-1.0000	-1.0000	-1.0000	-1.0000	-1.0000	-1.0000	-1.0000		0		-1.0000	-1	0.000000	None	None	-1	0	0	None	None	None	None	None	-1	-1	-1.000000	-1.000000	-1.000000	-1.000000		-1	-1	SPILL	DISC
FLH-SP-12	Fort Loudoun Dam	FLDT1	35.792221	-84.245277	0.000000	0.0000	0.0000	0.000000	None	-1.0000	-1					-1	-1	-1	0	0	0.0000	-1.0000	-1.0000	-1.0000	-1.0000	-1.0000	-1.0000	-1.0000	-1.0000	-1.0000	-1.0000	-1.0000	-1.0000	-1.0000	-1.0000	-1.0000	-1.0000		0		-1.0000	-1	0.000000	None	None	-1	0	0	None	None	None	None	None	-1	-1	-1.000000	-1.000000	-1.000000	-1.000000		-1	-1	SPILL	DISC
FLH-SP-13	Fort Loudoun Dam	FLDT1	35.792221	-84.245277	0.000000	0.0000	0.0000	0.000000	None	-1.0000	-1					-1	-1	-1	0	0	0.0000	-1.0000	-1.0000	-1.0000	-1.0000	-1.0000	-1.0000	-1.0000	-1.0000	-1.0000	-1.0000	-1.0000	-1.0000	-1.0000	-1.0000	-1.0000	-1.0000		0		-1.0000	-1	0.000000	None	None	-1	0	0	None	None	None	None	None	-1	-1	-1.000000	-1.000000	-1.000000	-1.000000		-1	-1	SPILL	DISC
FLH-SP-14	Fort Loudoun Dam	FLDT1	35.792221	-84.245277	0.000000	0.0000	0.0000	0.000000	None	-1.0000	-1					-1	-1	-1	0	0	0.0000	-1.0000	-1.0000	-1.0000	-1.0000	-1.0000	-1.0000	-1.0000	-1.0000	-1.0000	-1.0000	-1.0000	-1.0000	-1.0000	-1.0000	-1.0000	-1.0000		0		-1.0000	-1	0.000000	None	None	-1	0	0	None	None	None	None	None	-1	-1	-1.000000	-1.000000	-1.000000	-1.000000		-1	-1	SPILL	DISC
FLOA1	Tennessee at Florence	FLOA1	34.786945	-87.669998	401.120000	0.0000	0.0000	0.000000	Tennessee	256.7000	-1	3589500	CST			-1	-1	-1	0	0	0.0000	-1.0000	-1.0000	-1.0000	-1.0000	-1.0000	-1.0000	-1.0000	-1.0000	-1.0000	-1.0000	-1.0000	-1.0000	-1.0000	-1.0000	-1.0000	-1.0000	AL	0		419.1000	-1	401.120013	None	None	-1	0	0	None	None	None	None	Stream	-1	-1	-1.000000	-1.000000	-1.000000	-1.000000		-1	-1
Florence_AL	Florence, AL (upstream end of city)	Florence_AL	34.810000	-87.617000	0.000000	0.0000	0.0000	0.000000	None	-1.0000	-1					-1	-1	-1	0	0	0.0000	-1.0000	-1.0000	-1.0000	-1.0000	-1.0000	-1.0000	-1.0000	-1.0000	-1.0000	-1.0000	-1.0000	-1.0000	-1.0000	-1.0000	-1.0000	-1.0000		0		-1.0000	-1	0.000000	None	None	-1	0	0	None	None	None	None	None	-1	-1	-1.000000	-1.000000	-1.000000	-1.000000		-1	-1
FLRA1	Flat Rock	FLRA1	34.768055	-85.701111	0.000000	0.0000	0.0000	0.000000	None	-1.0000	-1		CST			-1	-1	-1	0	0	0.0000	-1.0000	-1.0000	-1.0000	-1.0000	-1.0000	-1.0000	-1.0000	-1.0000	-1.0000	-1.0000	-1.0000	-1.0000	-1.0000	-1.0000	-1.0000	-1.0000	AL	0		-1.0000	-1	0.000000	Precip	None	-1	0	0	None	None	None	None	None	-1	-1	-1.000000	-1.000000	-1.000000	-1.000000		-1	-1
FLTT1	Buffalo nr Flat Woods	FLTT1	35.495834	-87.832779	513.580000	0.0000	0.0000	0.000000	Buffalo	58.7000	1210	3604000	CST			-1	-1	-1	0	0	0.0000	-1.0000	-1.0000	-1.0000	-1.0000	-1.0000	-1.0000	-1.0000	-1.0000	-1.0000	-1.0000	-1.0000	-1.0000	-1.0000	-1.0000	-1.0000	-1.0000	TN	0		-1.0000	-1	513.580016	None	None	-1	0	0	None	None	None	None	Stream	-1	-1	-1.000000	-1.000000	-1.000000	-1.000000		-1	-1
FNH-01	Fontana-Unit1	FONN7	35.450279	-83.805275	0.000000	0.0000	0.0000	0.000000	None	-1.0000	-1					-1	-1	-1	0	0	0.0000	-1.0000	-1.0000	-1.0000	-1.0000	-1.0000	-1.0000	-1.0000	-1.0000	-1.0000	-1.0000	-1.0000	-1.0000	-1.0000	-1.0000	-1.0000	-1.0000		0		-1.0000	-1	0.000000	None	None	-1	0	0	None	None	None	None	None	-1	-1	-1.000000	-1.000000	-1.000000	-1.000000	Hydro	5000	103
FNH-02	Fontana-Unit2	FONN7	35.450279	-83.805275	0.000000	0.0000	0.0000	0.000000	None	-1.0000	-1					-1	-1	-1	0	0	0.0000	-1.0000	-1.0000	-1.0000	-1.0000	-1.0000	-1.0000	-1.0000	-1.0000	-1.0000	-1.0000	-1.0000	-1.0000	-1.0000	-1.0000	-1.0000	-1.0000		0		-1.0000	-1	0.000000	None	None	-1	0	0	None	None	None	None	None	-1	-1	-1.000000	-1.000000	-1.000000	-1.000000	Hydro	5000	103
FNH-03	Fontana-Unit3	FONN7	35.450279	-83.805275	0.000000	0.0000	0.0000	0.000000	None	-1.0000	-1					-1	-1	-1	0	0	0.0000	-1.0000	-1.0000	-1.0000	-1.0000	-1.0000	-1.0000	-1.0000	-1.0000	-1.0000	-1.0000	-1.0000	-1.0000	-1.0000	-1.0000	-1.0000	-1.0000		0		-1.0000	-1	0.000000	None	None	-1	0	0	None	None	None	None	None	-1	-1	-1.000000	-1.000000	-1.000000	-1.000000	Hydro	5000	103
FNH-OG-01	Fontana Dam	FONN7	35.450279	-83.805275	0.000000	0.0000	0.0000	0.000000	None	-1.0000	-1					-1	-1	-1	0	0	0.0000	-1.0000	-1.0000	-1.0000	-1.0000	-1.0000	-1.0000	-1.0000	-1.0000	-1.0000	-1.0000	-1.0000	-1.0000	-1.0000	-1.0000	-1.0000	-1.0000		0		-1.0000	-1	0.000000	None	None	-1	0	0	None	None	None	None	None	-1	-1	-1.000000	-1.000000	-1.000000	-1.000000		-1	-1	OTHER	DISC
FNH-OG-02	Fontana Dam	FONN7	35.450279	-83.805275	0.000000	0.0000	0.0000	0.000000	None	-1.0000	-1					-1	-1	-1	0	0	0.0000	-1.0000	-1.0000	-1.0000	-1.0000	-1.0000	-1.0000	-1.0000	-1.0000	-1.0000	-1.0000	-1.0000	-1.0000	-1.0000	-1.0000	-1.0000	-1.0000		0		-1.0000	-1	0.000000	None	None	-1	0	0	None	None	None	None	None	-1	-1	-1.000000	-1.000000	-1.000000	-1.000000		-1	-1	OTHER	DISC
FNH-OG-03	Fontana Dam	FONN7	35.450279	-83.805275	0.000000	0.0000	0.0000	0.000000	None	-1.0000	-1					-1	-1	-1	0	0	0.0000	-1.0000	-1.0000	-1.0000	-1.0000	-1.0000	-1.0000	-1.0000	-1.0000	-1.0000	-1.0000	-1.0000	-1.0000	-1.0000	-1.0000	-1.0000	-1.0000		0		-1.0000	-1	0.000000	None	None	-1	0	0	None	None	None	None	None	-1	-1	-1.000000	-1.000000	-1.000000	-1.000000		-1	-1	OTHER	DISC
FNH-OG-04	Fontana Dam	FONN7	35.450279	-83.805275	0.000000	0.0000	0.0000	0.000000	None	-1.0000	-1					-1	-1	-1	0	0	0.0000	-1.0000	-1.0000	-1.0000	-1.0000	-1.0000	-1.0000	-1.0000	-1.0000	-1.0000	-1.0000	-1.0000	-1.0000	-1.0000	-1.0000	-1.0000	-1.0000		0		-1.0000	-1	0.000000	None	None	-1	0	0	None	None	None	None	None	-1	-1	-1.000000	-1.000000	-1.000000	-1.000000		-1	-1	OTHER	DISC
FNH-OG-05	Fontana Dam	FONN7	35.450279	-83.805275	0.000000	0.0000	0.0000	0.000000	None	-1.0000	-1					-1	-1	-1	0	0	0.0000	-1.0000	-1.0000	-1.0000	-1.0000	-1.0000	-1.0000	-1.0000	-1.0000	-1.0000	-1.0000	-1.0000	-1.0000	-1.0000	-1.0000	-1.0000	-1.0000		0		-1.0000	-1	0.000000	None	None	-1	0	0	None	None	None	None	None	-1	-1	-1.000000	-1.000000	-1.000000	-1.000000		-1	-1	OTHER	DISC
FNH-OG-06	Fontana Dam	FONN7	35.450279	-83.805275	0.000000	0.0000	0.0000	0.000000	None	-1.0000	-1					-1	-1	-1	0	0	0.0000	-1.0000	-1.0000	-1.0000	-1.0000	-1.0000	-1.0000	-1.0000	-1.0000	-1.0000	-1.0000	-1.0000	-1.0000	-1.0000	-1.0000	-1.0000	-1.0000		0		-1.0000	-1	0.000000	None	None	-1	0	0	None	None	None	None	None	-1	-1	-1.000000	-1.000000	-1.000000	-1.000000		-1	-1	OTHER	CONT
FNH-SL-01	Fontana Dam	FONN7	35.450279	-83.805275	0.000000	0.0000	0.0000	0.000000	None	-1.0000	-1					-1	-1	-1	0	0	0.0000	-1.0000	-1.0000	-1.0000	-1.0000	-1.0000	-1.0000	-1.0000	-1.0000	-1.0000	-1.0000	-1.0000	-1.0000	-1.0000	-1.0000	-1.0000	-1.0000		0		-1.0000	-1	0.000000	None	None	-1	0	0	None	None	None	None	None	-1	-1	-1.000000	-1.000000	-1.000000	-1.000000		-1	-1	SLUICE	DISC
FNH-SL-02	Fontana Dam	FONN7	35.450279	-83.805275	0.000000	0.0000	0.0000	0.000000	None	-1.0000	-1					-1	-1	-1	0	0	0.0000	-1.0000	-1.0000	-1.0000	-1.0000	-1.0000	-1.0000	-1.0000	-1.0000	-1.0000	-1.0000	-1.0000	-1.0000	-1.0000	-1.0000	-1.0000	-1.0000		0		-1.0000	-1	0.000000	None	None	-1	0	0	None	None	None	None	None	-1	-1	-1.000000	-1.000000	-1.000000	-1.000000		-1	-1	SLUICE	DISC
FNH-SL-03	Fontana Dam	FONN7	35.450279	-83.805275	0.000000	0.0000	0.0000	0.000000	None	-1.0000	-1					-1	-1	-1	0	0	0.0000	-1.0000	-1.0000	-1.0000	-1.0000	-1.0000	-1.0000	-1.0000	-1.0000	-1.0000	-1.0000	-1.0000	-1.0000	-1.0000	-1.0000	-1.0000	-1.0000		0		-1.0000	-1	0.000000	None	None	-1	0	0	None	None	None	None	None	-1	-1	-1.000000	-1.000000	-1.000000	-1.000000		-1	-1	SLUICE	DISC
FNH-SL-04	Fontana Dam	FONN7	35.450279	-83.805275	0.000000	0.0000	0.0000	0.000000	None	-1.0000	-1					-1	-1	-1	0	0	0.0000	-1.0000	-1.0000	-1.0000	-1.0000	-1.0000	-1.0000	-1.0000	-1.0000	-1.0000	-1.0000	-1.0000	-1.0000	-1.0000	-1.0000	-1.0000	-1.0000		0		-1.0000	-1	0.000000	None	None	-1	0	0	None	None	None	None	None	-1	-1	-1.000000	-1.000000	-1.000000	-1.000000		-1	-1	SLUICE	DISC
FNH-SL-05	Fontana Dam	FONN7	35.450279	-83.805275	0.000000	0.0000	0.0000	0.000000	None	-1.0000	-1					-1	-1	-1	0	0	0.0000	-1.0000	-1.0000	-1.0000	-1.0000	-1.0000	-1.0000	-1.0000	-1.0000	-1.0000	-1.0000	-1.0000	-1.0000	-1.0000	-1.0000	-1.0000	-1.0000		0		-1.0000	-1	0.000000	None	None	-1	0	0	None	None	None	None	None	-1	-1	-1.000000	-1.000000	-1.000000	-1.000000		-1	-1	SLUICE	DISC
FNH-SL-06	Fontana Dam	FONN7	35.450279	-83.805275	0.000000	0.0000	0.0000	0.000000	None	-1.0000	-1					-1	-1	-1	0	0	0.0000	-1.0000	-1.0000	-1.0000	-1.0000	-1.0000	-1.0000	-1.0000	-1.0000	-1.0000	-1.0000	-1.0000	-1.0000	-1.0000	-1.0000	-1.0000	-1.0000		0		-1.0000	-1	0.000000	None	None	-1	0	0	None	None	None	None	None	-1	-1	-1.000000	-1.000000	-1.000000	-1.000000		-1	-1	SLUICE	DISC
FNH-SP-01	Fontana Dam	FONN7	35.450279	-83.805275	0.000000	0.0000	0.0000	0.000000	None	-1.0000	-1					-1	-1	-1	0	0	0.0000	-1.0000	-1.0000	-1.0000	-1.0000	-1.0000	-1.0000	-1.0000	-1.0000	-1.0000	-1.0000	-1.0000	-1.0000	-1.0000	-1.0000	-1.0000	-1.0000		0		-1.0000	-1	0.000000	None	None	-1	0	0	None	None	None	None	None	-1	-1	-1.000000	-1.000000	-1.000000	-1.000000		-1	-1	SPILL	DISC
FNH-SP-02	Fontana Dam	FONN7	35.450279	-83.805275	0.000000	0.0000	0.0000	0.000000	None	-1.0000	-1					-1	-1	-1	0	0	0.0000	-1.0000	-1.0000	-1.0000	-1.0000	-1.0000	-1.0000	-1.0000	-1.0000	-1.0000	-1.0000	-1.0000	-1.0000	-1.0000	-1.0000	-1.0000	-1.0000		0		-1.0000	-1	0.000000	None	None	-1	0	0	None	None	None	None	None	-1	-1	-1.000000	-1.000000	-1.000000	-1.000000		-1	-1	SPILL	DISC
FNH-SP-03	Fontana Dam	FONN7	35.450279	-83.805275	0.000000	0.0000	0.0000	0.000000	None	-1.0000	-1					-1	-1	-1	0	0	0.0000	-1.0000	-1.0000	-1.0000	-1.0000	-1.0000	-1.0000	-1.0000	-1.0000	-1.0000	-1.0000	-1.0000	-1.0000	-1.0000	-1.0000	-1.0000	-1.0000		0		-1.0000	-1	0.000000	None	None	-1	0	0	None	None	None	None	None	-1	-1	-1.000000	-1.000000	-1.000000	-1.000000		-1	-1	SPILL	DISC
FNH-SP-04	Fontana Dam	FONN7	35.450279	-83.805275	0.000000	0.0000	0.0000	0.000000	None	-1.0000	-1					-1	-1	-1	0	0	0.0000	-1.0000	-1.0000	-1.0000	-1.0000	-1.0000	-1.0000	-1.0000	-1.0000	-1.0000	-1.0000	-1.0000	-1.0000	-1.0000	-1.0000	-1.0000	-1.0000		0		-1.0000	-1	0.000000	None	None	-1	0	0	None	None	None	None	None	-1	-1	-1.000000	-1.000000	-1.000000	-1.000000		-1	-1	SPILL	DISC
FNKN7	Franklin NC	FNKN7	35.199722	-83.380280	0.000000	0.0000	0.0000	0.000000	None	-1.0000	-1		EST			-1	-1	-1	0	0	0.0000	-1.0000	-1.0000	-1.0000	-1.0000	-1.0000	-1.0000	-1.0000	-1.0000	-1.0000	-1.0000	-1.0000	-1.0000	-1.0000	-1.0000	-1.0000	-1.0000	NC	0		-1.0000	-1	0.000000	Precip	None	-1	0	0	None	None	None	None	None	-1	-1	-1.000000	-1.000000	-1.000000	-1.000000		-1	-1
FNVT1	Flintville	FNVT1	35.063889	-86.413612	0.000000	0.0000	0.0000	0.000000	None	-1.0000	-1		CST			-1	-1	-1	0	0	0.0000	-1.0000	-1.0000	-1.0000	-1.0000	-1.0000	-1.0000	-1.0000	-1.0000	-1.0000	-1.0000	-1.0000	-1.0000	-1.0000	-1.0000	-1.0000	-1.0000	TN	0		-1.0000	-1	0.000000	None	None	-1	0	0	None	None	None	None	None	-1	-1	-1.000000	-1.000000	-1.000000	-1.000000		-1	-1
FONN7	Fontana Dam	FONN7	35.450279	-83.805275	0.000000	0.0000	0.0000	0.000000	Little Tenn	61.0000	550	3514500	EST		FNH	3	294	98	10	1	0.0000	11.0000	10.0000	-1.0000	-1.0000	1580.0000	1470.0000	-1.0000	1675.0000	1711.0000	1710.0000	1727.0000	-1.0000	-1.0000	-1.0000	-1.0000	30.0000	NC	1	TVA	1710.0000	1945	0.000000	Precip	Douglas=>Fontana=>Norris=>Melton Hill	2	8	29	TVA	Hydropower	Font	FNH	None	-1	-1	-1.000000	-1.000000	-1.000000	-1.000000		-1	-1
Forks_of_River	Forks of River	Forks_of_River	35.958908	-83.850520	0.000000	0.0000	0.0000	0.000000	None	-1.0000	-1					-1	-1	-1	0	0	0.0000	-1.0000	-1.0000	-1.0000	-1.0000	-1.0000	-1.0000	-1.0000	-1.0000	-1.0000	-1.0000	-1.0000	-1.0000	-1.0000	-1.0000	-1.0000	-1.0000		0		-1.0000	-1	0.000000	None	None	-1	0	0	None	None	None	None	None	-1	-1	-1.000000	-1.000000	-1.000000	-1.000000		-1	-1
FortLoudoun_CE-QUAL-W2_mainstem	FortLoudoun_CE-QUAL-W2 mainstem	FLDT1	0.000000	0.000000	0.000000	0.0000	0.0000	0.000000	None	-1.0000	-1					-1	-1	-1	0	0	0.0000	-1.0000	-1.0000	-1.0000	-1.0000	-1.0000	-1.0000	-1.0000	-1.0000	-1.0000	-1.0000	-1.0000	-1.0000	-1.0000	-1.0000	-1.0000	-1.0000		0	TVA	-1.0000	-1	0.000000	None	None	-1	0	0	None	None	None	None	None	-1	-1	-1.000000	-1.000000	-1.000000	-1.000000		-1	-1
FPH-01	Fort Patrick Henry-Unit1	FPHT1	36.498901	-82.509102	0.000000	0.0000	0.0000	0.000000	None	-1.0000	-1					-1	-1	-1	0	0	0.0000	-1.0000	-1.0000	-1.0000	-1.0000	-1.0000	-1.0000	-1.0000	-1.0000	-1.0000	-1.0000	-1.0000	-1.0000	-1.0000	-1.0000	-1.0000	-1.0000		0		-1.0000	-1	0.000000	None	None	-1	0	0	None	None	None	None	None	-1	-1	-1.000000	-1.000000	-1.000000	-1.000000	Hydro	5000	24
FPH-02	Fort Patrick Henry-Unit2	FPHT1	36.498901	-82.509102	0.000000	0.0000	0.0000	0.000000	None	-1.0000	-1					-1	-1	-1	0	0	0.0000	-1.0000	-1.0000	-1.0000	-1.0000	-1.0000	-1.0000	-1.0000	-1.0000	-1.0000	-1.0000	-1.0000	-1.0000	-1.0000	-1.0000	-1.0000	-1.0000		0		-1.0000	-1	0.000000	None	None	-1	0	0	None	None	None	None	None	-1	-1	-1.000000	-1.000000	-1.000000	-1.000000	Hydro	5000	24
FPH-OG-01	Fort Patrick Henry Dam	FPHT1	36.498901	-82.509102	0.000000	0.0000	0.0000	0.000000	None	-1.0000	-1					-1	-1	-1	0	0	0.0000	-1.0000	-1.0000	-1.0000	-1.0000	-1.0000	-1.0000	-1.0000	-1.0000	-1.0000	-1.0000	-1.0000	-1.0000	-1.0000	-1.0000	-1.0000	-1.0000		0		-1.0000	-1	0.000000	None	None	-1	0	0	None	None	None	None	None	-1	-1	-1.000000	-1.000000	-1.000000	-1.000000		-1	-1	OTHER	DISC
FPH-OG-02	Fort Patrick Henry Dam	FPHT1	36.498901	-82.509102	0.000000	0.0000	0.0000	0.000000	None	-1.0000	-1					-1	-1	-1	0	0	0.0000	-1.0000	-1.0000	-1.0000	-1.0000	-1.0000	-1.0000	-1.0000	-1.0000	-1.0000	-1.0000	-1.0000	-1.0000	-1.0000	-1.0000	-1.0000	-1.0000		0		-1.0000	-1	0.000000	None	None	-1	0	0	None	None	None	None	None	-1	-1	-1.000000	-1.000000	-1.000000	-1.000000		-1	-1	OTHER	DISC
FPH-OG-03	Fort Patrick Henry Dam	FPHT1	36.498901	-82.509102	0.000000	0.0000	0.0000	0.000000	None	-1.0000	-1					-1	-1	-1	0	0	0.0000	-1.0000	-1.0000	-1.0000	-1.0000	-1.0000	-1.0000	-1.0000	-1.0000	-1.0000	-1.0000	-1.0000	-1.0000	-1.0000	-1.0000	-1.0000	-1.0000		0		-1.0000	-1	0.000000	None	None	-1	0	0	None	None	None	None	None	-1	-1	-1.000000	-1.000000	-1.000000	-1.000000		-1	-1	OTHER	DISC
FPH-SP-01	Fort Patrick Henry Dam	FPHT1	36.498901	-82.509102	0.000000	0.0000	0.0000	0.000000	None	-1.0000	-1					-1	-1	-1	0	0	0.0000	-1.0000	-1.0000	-1.0000	-1.0000	-1.0000	-1.0000	-1.0000	-1.0000	-1.0000	-1.0000	-1.0000	-1.0000	-1.0000	-1.0000	-1.0000	-1.0000		0		-1.0000	-1	0.000000	None	None	-1	0	0	None	None	None	None	None	-1	-1	-1.000000	-1.000000	-1.000000	-1.000000		-1	-1	SPILL	DISC
FPH-SP-02	Fort Patrick Henry Dam	FPHT1	36.498901	-82.509102	0.000000	0.0000	0.0000	0.000000	None	-1.0000	-1					-1	-1	-1	0	0	0.0000	-1.0000	-1.0000	-1.0000	-1.0000	-1.0000	-1.0000	-1.0000	-1.0000	-1.0000	-1.0000	-1.0000	-1.0000	-1.0000	-1.0000	-1.0000	-1.0000		0		-1.0000	-1	0.000000	None	None	-1	0	0	None	None	None	None	None	-1	-1	-1.000000	-1.000000	-1.000000	-1.000000		-1	-1	SPILL	DISC
FPH-SP-03	Fort Patrick Henry Dam	FPHT1	36.498901	-82.509102	0.000000	0.0000	0.0000	0.000000	None	-1.0000	-1					-1	-1	-1	0	0	0.0000	-1.0000	-1.0000	-1.0000	-1.0000	-1.0000	-1.0000	-1.0000	-1.0000	-1.0000	-1.0000	-1.0000	-1.0000	-1.0000	-1.0000	-1.0000	-1.0000		0		-1.0000	-1	0.000000	None	None	-1	0	0	None	None	None	None	None	-1	-1	-1.000000	-1.000000	-1.000000	-1.000000		-1	-1	SPILL	DISC
FPH-SP-04	Fort Patrick Henry Dam	FPHT1	36.498901	-82.509102	0.000000	0.0000	0.0000	0.000000	None	-1.0000	-1					-1	-1	-1	0	0	0.0000	-1.0000	-1.0000	-1.0000	-1.0000	-1.0000	-1.0000	-1.0000	-1.0000	-1.0000	-1.0000	-1.0000	-1.0000	-1.0000	-1.0000	-1.0000	-1.0000		0		-1.0000	-1	0.000000	None	None	-1	0	0	None	None	None	None	None	-1	-1	-1.000000	-1.000000	-1.000000	-1.000000		-1	-1	SPILL	DISC
FPH-SP-05	Fort Patrick Henry Dam	FPHT1	36.498901	-82.509102	0.000000	0.0000	0.0000	0.000000	None	-1.0000	-1					-1	-1	-1	0	0	0.0000	-1.0000	-1.0000	-1.0000	-1.0000	-1.0000	-1.0000	-1.0000	-1.0000	-1.0000	-1.0000	-1.0000	-1.0000	-1.0000	-1.0000	-1.0000	-1.0000		0		-1.0000	-1	0.000000	None	None	-1	0	0	None	None	None	None	None	-1	-1	-1.000000	-1.000000	-1.000000	-1.000000		-1	-1	SPILL	DISC
FPHT1	Fort Patrick Henry Dam	FPHT1	36.498901	-82.509102	0.000000	0.0000	0.0000	0.000000	None	-1.0000	130		EST	Hydro	FPH	2	40	20	2	1	0.0000	4.0000	7.0000	-1.0000	-1.0000	-1.0000	1231.5000	-1.0000	1228.0000	-1.0000	1263.0000	1270.0000	-1.0000	-1.0000	-1.0000	-1.0000	141.0000	TN	0	TVA	1263.0000	-1	0.000000	None	None	-1	5	26	TVA	Hydropower	FtPa	FPH	None	-1	-1	-1.000000	-1.000000	-1.000000	-1.000000		-1	-1
FRAT1	Harpeth at Franklin TN	FRAT1	35.920555	-86.865555	604.420000	0.0000	0.0000	0.000000	Harpeth	88.1000	-1	3432350	CST			-1	-1	-1	0	0	0.0000	-1.0000	-1.0000	-1.0000	-1.0000	-1.0000	-1.0000	-1.0000	-1.0000	-1.0000	-1.0000	-1.0000	-1.0000	-1.0000	-1.0000	-1.0000	-1.0000	TN	0		-1.0000	-1	604.420019	Precip	None	-1	0	0	None	None	None	None	Stream	-1	-1	-1.000000	-1.000000	-1.000000	-1.000000		-1	-1
FRYN7	Frying Pan	FRYN7	35.393330	-82.774170	0.000000	0.0000	0.0000	0.000000	None	-1.0000	-1		EST			-1	-1	-1	0	0	0.0000	-1.0000	-1.0000	-1.0000	-1.0000	-1.0000	-1.0000	-1.0000	-1.0000	-1.0000	-1.0000	-1.0000	-1.0000	-1.0000	-1.0000	-1.0000	-1.0000	NC	0		-1.0000	-1	0.000000	Precip	None	-1	0	0	None	None	None	None	None	-1	-1	-1.000000	-1.000000	-1.000000	-1.000000		-1	-1
FTCT1	Fightingtown Creek at Copperhill	FTCT1	34.992222	-84.381111	0.000000	0.0000	0.0000	0.000000	Fightingtown Creek	-1.0000	800					-1	-1	-1	0	0	0.0000	-1.0000	-1.0000	-1.0000	-1.0000	-1.0000	-1.0000	-1.0000	-1.0000	-1.0000	-1.0000	-1.0000	-1.0000	-1.0000	-1.0000	-1.0000	-1.0000	TN	0		-1.0000	-1	0.000000	None	None	-1	0	0	None	None	None	None	None	-1	-1	-1.000000	-1.000000	-1.000000	-1.000000		-1	-1
FTVT1	Fayetteville	FTVT1	35.134444	-86.539444	0.000000	0.0000	0.0000	0.000000	None	-1.0000	-1					-1	-1	-1	0	0	0.0000	-1.0000	-1.0000	-1.0000	-1.0000	-1.0000	-1.0000	-1.0000	-1.0000	-1.0000	-1.0000	-1.0000	-1.0000	-1.0000	-1.0000	-1.0000	-1.0000	TN	0		-1.0000	-1	0.000000	Precip	None	-1	0	0	None	None	None	None	None	-1	-1	-1.000000	-1.000000	-1.000000	-1.000000		-1	-1
FW_Utility	Falling Water Utility	FW_Utility	35.271000	-85.107000	0.000000	0.0000	0.0000	0.000000	None	-1.0000	-1					-1	-1	-1	0	0	0.0000	-1.0000	-1.0000	-1.0000	-1.0000	-1.0000	-1.0000	-1.0000	-1.0000	-1.0000	-1.0000	-1.0000	-1.0000	-1.0000	-1.0000	-1.0000	-1.0000		0		-1.0000	-1	0.000000	None	None	-1	0	0	None	None	None	None	None	-1	-1	-1.000000	-1.000000	-1.000000	-1.000000		-1	-1
FYTT1	Elk abv Fayetteville	FYTT1	35.134445	-86.539444	650.580000	0.0000	0.0000	0.000000	Elk	93.9000	1050	3582000	CST			-1	-1	-1	0	0	0.0000	-1.0000	-1.0000	-1.0000	-1.0000	-1.0000	-1.0000	-1.0000	-1.0000	-1.0000	-1.0000	-1.0000	-1.0000	-1.0000	-1.0000	-1.0000	-1.0000	TN	0		-1.0000	-1	650.580021	None	None	-1	0	0	None	None	None	None	Stream	-1	-1	-1.000000	-1.000000	-1.000000	-1.000000		-1	-1
GAF	Gallatin Fossil Plant	GAF	36.315102	-86.399902	0.000000	0.0000	0.0000	0.000000	None	-1.0000	-1					-1	-1	-1	0	0	0.0000	-1.0000	-1.0000	-1.0000	-1.0000	-1.0000	-1.0000	-1.0000	-1.0000	-1.0000	-1.0000	-1.0000	-1.0000	-1.0000	-1.0000	-1.0000	-1.0000		0		-1.0000	-1	0.000000	None	None	-1	0	0	TVA	Coal-fired	GAF	GAF	None	-1	-1	-1.000000	-1.000000	-1.000000	-1.000000		-1	-1
GAF-01	Gallatin-Unit1	GAF	36.313154	-86.398888	0.000000	0.0000	0.0000	0.000000	None	-1.0000	-1					-1	-1	-1	0	0	0.0000	-1.0000	-1.0000	-1.0000	-1.0000	-1.0000	-1.0000	-1.0000	-1.0000	-1.0000	-1.0000	-1.0000	-1.0000	-1.0000	-1.0000	-1.0000	-1.0000		0		-1.0000	-1	0.000000	None	None	-1	0	0	None	None	None	None	None	-1	-1	-1.000000	-1.000000	-1.000000	-1.000000	Fossil	-1	264
GAF-02	Gallatin-Unit2	GAF	36.313154	-86.398888	0.000000	0.0000	0.0000	0.000000	None	-1.0000	-1					-1	-1	-1	0	0	0.0000	-1.0000	-1.0000	-1.0000	-1.0000	-1.0000	-1.0000	-1.0000	-1.0000	-1.0000	-1.0000	-1.0000	-1.0000	-1.0000	-1.0000	-1.0000	-1.0000		0		-1.0000	-1	0.000000	None	None	-1	0	0	None	None	None	None	None	-1	-1	-1.000000	-1.000000	-1.000000	-1.000000	Fossil	-1	264
GAF-03	Gallatin-Unit3	GAF	36.313154	-86.398888	0.000000	0.0000	0.0000	0.000000	None	-1.0000	-1					-1	-1	-1	0	0	0.0000	-1.0000	-1.0000	-1.0000	-1.0000	-1.0000	-1.0000	-1.0000	-1.0000	-1.0000	-1.0000	-1.0000	-1.0000	-1.0000	-1.0000	-1.0000	-1.0000		0		-1.0000	-1	0.000000	None	None	-1	0	0	None	None	None	None	None	-1	-1	-1.000000	-1.000000	-1.000000	-1.000000	Fossil	-1	264
GAF-04	Gallatin-Unit4	GAF	36.313154	-86.398888	0.000000	0.0000	0.0000	0.000000	None	-1.0000	-1					-1	-1	-1	0	0	0.0000	-1.0000	-1.0000	-1.0000	-1.0000	-1.0000	-1.0000	-1.0000	-1.0000	-1.0000	-1.0000	-1.0000	-1.0000	-1.0000	-1.0000	-1.0000	-1.0000		0		-1.0000	-1	0.000000	None	None	-1	0	0	None	None	None	None	None	-1	-1	-1.000000	-1.000000	-1.000000	-1.000000	Fossil	-1	264
GAF_Discharge_120.86	GAF_Discharge_120.86	GallatinDischarge	0.000000	0.000000	0.000000	0.0000	0.0000	0.000000	None	-1.0000	-1					-1	-1	-1	0	0	0.0000	-1.0000	-1.0000	-1.0000	-1.0000	-1.0000	-1.0000	-1.0000	-1.0000	-1.0000	-1.0000	-1.0000	-1.0000	-1.0000	-1.0000	-1.0000	-1.0000		0	TVA	-1.0000	-1	0.000000	None	None	-1	0	0	None	None	None	None	None	-1	-1	-1.000000	-1.000000	-1.000000	-1.000000		-1	-1
GAF_Discharge_122.86	GAF_Discharge_122.86	GallatinDischarge	0.000000	0.000000	0.000000	0.0000	0.0000	0.000000	None	-1.0000	-1					-1	-1	-1	0	0	0.0000	-1.0000	-1.0000	-1.0000	-1.0000	-1.0000	-1.0000	-1.0000	-1.0000	-1.0000	-1.0000	-1.0000	-1.0000	-1.0000	-1.0000	-1.0000	-1.0000		0	TVA	-1.0000	-1	0.000000	None	None	-1	0	0	None	None	None	None	None	-1	-1	-1.000000	-1.000000	-1.000000	-1.000000		-1	-1
GAF_Discharge_124.86	GAF_Discharge_124.86	GallatinDischarge	0.000000	0.000000	0.000000	0.0000	0.0000	0.000000	None	-1.0000	-1					-1	-1	-1	0	0	0.0000	-1.0000	-1.0000	-1.0000	-1.0000	-1.0000	-1.0000	-1.0000	-1.0000	-1.0000	-1.0000	-1.0000	-1.0000	-1.0000	-1.0000	-1.0000	-1.0000		0	TVA	-1.0000	-1	0.000000	None	None	-1	0	0	None	None	None	None	None	-1	-1	-1.000000	-1.000000	-1.000000	-1.000000		-1	-1
GAF_Discharge_126.86	GAF_Discharge_126.86	GallatinDischarge	0.000000	0.000000	0.000000	0.0000	0.0000	0.000000	None	-1.0000	-1					-1	-1	-1	0	0	0.0000	-1.0000	-1.0000	-1.0000	-1.0000	-1.0000	-1.0000	-1.0000	-1.0000	-1.0000	-1.0000	-1.0000	-1.0000	-1.0000	-1.0000	-1.0000	-1.0000		0	TVA	-1.0000	-1	0.000000	None	None	-1	0	0	None	None	None	None	None	-1	-1	-1.000000	-1.000000	-1.000000	-1.000000		-1	-1
GAF_Discharge_128.86	GAF_Discharge_128.86	GallatinDischarge	0.000000	0.000000	0.000000	0.0000	0.0000	0.000000	None	-1.0000	-1					-1	-1	-1	0	0	0.0000	-1.0000	-1.0000	-1.0000	-1.0000	-1.0000	-1.0000	-1.0000	-1.0000	-1.0000	-1.0000	-1.0000	-1.0000	-1.0000	-1.0000	-1.0000	-1.0000		0	TVA	-1.0000	-1	0.000000	None	None	-1	0	0	None	None	None	None	None	-1	-1	-1.000000	-1.000000	-1.000000	-1.000000		-1	-1
GAF_Discharge_130.86	GAF_Discharge_130.86	GallatinDischarge	0.000000	0.000000	0.000000	0.0000	0.0000	0.000000	None	-1.0000	-1					-1	-1	-1	0	0	0.0000	-1.0000	-1.0000	-1.0000	-1.0000	-1.0000	-1.0000	-1.0000	-1.0000	-1.0000	-1.0000	-1.0000	-1.0000	-1.0000	-1.0000	-1.0000	-1.0000		0	TVA	-1.0000	-1	0.000000	None	None	-1	0	0	None	None	None	None	None	-1	-1	-1.000000	-1.000000	-1.000000	-1.000000		-1	-1
GAF_Discharge_132.86	GAF_Discharge_132.86	GallatinDischarge	0.000000	0.000000	0.000000	0.0000	0.0000	0.000000	None	-1.0000	-1					-1	-1	-1	0	0	0.0000	-1.0000	-1.0000	-1.0000	-1.0000	-1.0000	-1.0000	-1.0000	-1.0000	-1.0000	-1.0000	-1.0000	-1.0000	-1.0000	-1.0000	-1.0000	-1.0000		0	TVA	-1.0000	-1	0.000000	None	None	-1	0	0	None	None	None	None	None	-1	-1	-1.000000	-1.000000	-1.000000	-1.000000		-1	-1
GAF_Discharge_134.86	GAF_Discharge_134.86	GallatinDischarge	0.000000	0.000000	0.000000	0.0000	0.0000	0.000000	None	-1.0000	-1					-1	-1	-1	0	0	0.0000	-1.0000	-1.0000	-1.0000	-1.0000	-1.0000	-1.0000	-1.0000	-1.0000	-1.0000	-1.0000	-1.0000	-1.0000	-1.0000	-1.0000	-1.0000	-1.0000		0	TVA	-1.0000	-1	0.000000	None	None	-1	0	0	None	None	None	None	None	-1	-1	-1.000000	-1.000000	-1.000000	-1.000000		-1	-1
GAF_Discharge_136.86	GAF_Discharge_136.86	GallatinDischarge	0.000000	0.000000	0.000000	0.0000	0.0000	0.000000	None	-1.0000	-1					-1	-1	-1	0	0	0.0000	-1.0000	-1.0000	-1.0000	-1.0000	-1.0000	-1.0000	-1.0000	-1.0000	-1.0000	-1.0000	-1.0000	-1.0000	-1.0000	-1.0000	-1.0000	-1.0000		0	TVA	-1.0000	-1	0.000000	None	None	-1	0	0	None	None	None	None	None	-1	-1	-1.000000	-1.000000	-1.000000	-1.000000		-1	-1
GAF_Discharge_138.86	GAF_Discharge_138.86	GallatinDischarge	0.000000	0.000000	0.000000	0.0000	0.0000	0.000000	None	-1.0000	-1					-1	-1	-1	0	0	0.0000	-1.0000	-1.0000	-1.0000	-1.0000	-1.0000	-1.0000	-1.0000	-1.0000	-1.0000	-1.0000	-1.0000	-1.0000	-1.0000	-1.0000	-1.0000	-1.0000		0	TVA	-1.0000	-1	0.000000	None	None	-1	0	0	None	None	None	None	None	-1	-1	-1.000000	-1.000000	-1.000000	-1.000000		-1	-1
GAF_evap	GAF_evap	GAF	36.299000	-86.260000	0.000000	0.0000	0.0000	0.000000	None	-1.0000	-1				GAF	-1	-1	-1	0	0	0.0000	-1.0000	-1.0000	-1.0000	-1.0000	-1.0000	-1.0000	-1.0000	-1.0000	-1.0000	-1.0000	-1.0000	-1.0000	-1.0000	-1.0000	-1.0000	-1.0000		0	TVA	-1.0000	-1	0.000000	None	None	-1	0	0	None	None	None	None	None	-1	-1	-1.000000	-1.000000	-1.000000	-1.000000		-1	-1
GAF_Intake_120.86	GAF_Intake_120.86	GallatinIntake	0.000000	0.000000	0.000000	0.0000	0.0000	0.000000	None	-1.0000	-1					-1	-1	-1	0	0	0.0000	-1.0000	-1.0000	-1.0000	-1.0000	-1.0000	-1.0000	-1.0000	-1.0000	-1.0000	-1.0000	-1.0000	-1.0000	-1.0000	-1.0000	-1.0000	-1.0000		0	TVA	-1.0000	-1	0.000000	None	None	-1	0	0	None	None	None	None	None	-1	-1	-1.000000	-1.000000	-1.000000	-1.000000		-1	-1
GAF_Intake_122.86	GAF_Intake_122.86	GallatinIntake	0.000000	0.000000	0.000000	0.0000	0.0000	0.000000	None	-1.0000	-1					-1	-1	-1	0	0	0.0000	-1.0000	-1.0000	-1.0000	-1.0000	-1.0000	-1.0000	-1.0000	-1.0000	-1.0000	-1.0000	-1.0000	-1.0000	-1.0000	-1.0000	-1.0000	-1.0000		0	TVA	-1.0000	-1	0.000000	None	None	-1	0	0	None	None	None	None	None	-1	-1	-1.000000	-1.000000	-1.000000	-1.000000		-1	-1
GAF_Intake_124.86	GAF_Intake_124.86	GallatinIntake	0.000000	0.000000	0.000000	0.0000	0.0000	0.000000	None	-1.0000	-1					-1	-1	-1	0	0	0.0000	-1.0000	-1.0000	-1.0000	-1.0000	-1.0000	-1.0000	-1.0000	-1.0000	-1.0000	-1.0000	-1.0000	-1.0000	-1.0000	-1.0000	-1.0000	-1.0000		0	TVA	-1.0000	-1	0.000000	None	None	-1	0	0	None	None	None	None	None	-1	-1	-1.000000	-1.000000	-1.000000	-1.000000		-1	-1
GAF_Intake_126.86	GAF_Intake_126.86	GallatinIntake	0.000000	0.000000	0.000000	0.0000	0.0000	0.000000	None	-1.0000	-1					-1	-1	-1	0	0	0.0000	-1.0000	-1.0000	-1.0000	-1.0000	-1.0000	-1.0000	-1.0000	-1.0000	-1.0000	-1.0000	-1.0000	-1.0000	-1.0000	-1.0000	-1.0000	-1.0000		0	TVA	-1.0000	-1	0.000000	None	None	-1	0	0	None	None	None	None	None	-1	-1	-1.000000	-1.000000	-1.000000	-1.000000		-1	-1
GAF_Intake_128.86	GAF_Intake_128.86	GallatinIntake	0.000000	0.000000	0.000000	0.0000	0.0000	0.000000	None	-1.0000	-1					-1	-1	-1	0	0	0.0000	-1.0000	-1.0000	-1.0000	-1.0000	-1.0000	-1.0000	-1.0000	-1.0000	-1.0000	-1.0000	-1.0000	-1.0000	-1.0000	-1.0000	-1.0000	-1.0000		0	TVA	-1.0000	-1	0.000000	None	None	-1	0	0	None	None	None	None	None	-1	-1	-1.000000	-1.000000	-1.000000	-1.000000		-1	-1
GAF_Intake_130.86	GAF_Intake_130.86	GallatinIntake	0.000000	0.000000	0.000000	0.0000	0.0000	0.000000	None	-1.0000	-1					-1	-1	-1	0	0	0.0000	-1.0000	-1.0000	-1.0000	-1.0000	-1.0000	-1.0000	-1.0000	-1.0000	-1.0000	-1.0000	-1.0000	-1.0000	-1.0000	-1.0000	-1.0000	-1.0000		0	TVA	-1.0000	-1	0.000000	None	None	-1	0	0	None	None	None	None	None	-1	-1	-1.000000	-1.000000	-1.000000	-1.000000		-1	-1
GAF_Intake_132.86	GAF_Intake_132.86	GallatinIntake	0.000000	0.000000	0.000000	0.0000	0.0000	0.000000	None	-1.0000	-1					-1	-1	-1	0	0	0.0000	-1.0000	-1.0000	-1.0000	-1.0000	-1.0000	-1.0000	-1.0000	-1.0000	-1.0000	-1.0000	-1.0000	-1.0000	-1.0000	-1.0000	-1.0000	-1.0000		0	TVA	-1.0000	-1	0.000000	None	None	-1	0	0	None	None	None	None	None	-1	-1	-1.000000	-1.000000	-1.000000	-1.000000		-1	-1
GAF_Intake_134.86	GAF_Intake_134.86	GallatinIntake	0.000000	0.000000	0.000000	0.0000	0.0000	0.000000	None	-1.0000	-1					-1	-1	-1	0	0	0.0000	-1.0000	-1.0000	-1.0000	-1.0000	-1.0000	-1.0000	-1.0000	-1.0000	-1.0000	-1.0000	-1.0000	-1.0000	-1.0000	-1.0000	-1.0000	-1.0000		0	TVA	-1.0000	-1	0.000000	None	None	-1	0	0	None	None	None	None	None	-1	-1	-1.000000	-1.000000	-1.000000	-1.000000		-1	-1
GAF_Intake_136.86	GAF_Intake_136.86	GallatinIntake	0.000000	0.000000	0.000000	0.0000	0.0000	0.000000	None	-1.0000	-1					-1	-1	-1	0	0	0.0000	-1.0000	-1.0000	-1.0000	-1.0000	-1.0000	-1.0000	-1.0000	-1.0000	-1.0000	-1.0000	-1.0000	-1.0000	-1.0000	-1.0000	-1.0000	-1.0000		0	TVA	-1.0000	-1	0.000000	None	None	-1	0	0	None	None	None	None	None	-1	-1	-1.000000	-1.000000	-1.000000	-1.000000		-1	-1
GAF_Intake_138.86	GAF_Intake_138.86	GallatinIntake	0.000000	0.000000	0.000000	0.0000	0.0000	0.000000	None	-1.0000	-1					-1	-1	-1	0	0	0.0000	-1.0000	-1.0000	-1.0000	-1.0000	-1.0000	-1.0000	-1.0000	-1.0000	-1.0000	-1.0000	-1.0000	-1.0000	-1.0000	-1.0000	-1.0000	-1.0000		0	TVA	-1.0000	-1	0.000000	None	None	-1	0	0	None	None	None	None	None	-1	-1	-1.000000	-1.000000	-1.000000	-1.000000		-1	-1
GAFBranch1	GAFBranch1	GAF	0.000000	0.000000	0.000000	0.0000	0.0000	0.000000	None	-1.0000	-1				GAF	-1	-1	-1	0	0	0.0000	-1.0000	-1.0000	-1.0000	-1.0000	-1.0000	-1.0000	-1.0000	-1.0000	-1.0000	-1.0000	-1.0000	-1.0000	-1.0000	-1.0000	-1.0000	-1.0000		0	TVA	-1.0000	-1	0.000000	None	None	-1	0	0	None	None	None	None	None	-1	-1	-1.000000	-1.000000	-1.000000	-1.000000		-1	-1
GALLATIN_CE-QUAL-W2_mainstem	GALLATIN_CE-QUAL-W2_mainstem	GAF	0.000000	0.000000	0.000000	0.0000	0.0000	0.000000	None	-1.0000	-1					-1	-1	-1	0	0	0.0000	-1.0000	-1.0000	-1.0000	-1.0000	-1.0000	-1.0000	-1.0000	-1.0000	-1.0000	-1.0000	-1.0000	-1.0000	-1.0000	-1.0000	-1.0000	-1.0000		0	TVA	-1.0000	-1	0.000000	None	None	-1	0	0	None	None	None	None	None	-1	-1	-1.000000	-1.000000	-1.000000	-1.000000		-1	-1
GALLATIN_CE-QUAL-W2_mainstem_DO	GALLATIN_CE-QUAL-W2_mainstem_DO	GAF	0.000000	0.000000	0.000000	0.0000	0.0000	0.000000	None	-1.0000	-1					-1	-1	-1	0	0	0.0000	-1.0000	-1.0000	-1.0000	-1.0000	-1.0000	-1.0000	-1.0000	-1.0000	-1.0000	-1.0000	-1.0000	-1.0000	-1.0000	-1.0000	-1.0000	-1.0000		0	TVA	-1.0000	-1	0.000000	None	None	-1	0	0	None	None	None	None	None	-1	-1	-1.000000	-1.000000	-1.000000	-1.000000		-1	-1
GallatinDischarge	Gallatin Discharge W2 profiles	GallatinDischarge	36.315102	-86.399902	0.000000	0.0000	0.0000	0.000000	None	-1.0000	-1					-1	-1	-1	0	0	0.0000	-1.0000	-1.0000	-1.0000	-1.0000	-1.0000	-1.0000	-1.0000	-1.0000	-1.0000	-1.0000	-1.0000	-1.0000	-1.0000	-1.0000	-1.0000	-1.0000		0		-1.0000	-1	0.000000	None	None	-1	0	0	None	None	None	None	None	-1	-1	-1.000000	-1.000000	-1.000000	-1.000000		-1	-1
GallatinIntake	Gallatin Intake W2 profiles	GallatinIntake	36.315102	-86.399902	0.000000	0.0000	0.0000	0.000000	None	-1.0000	-1					-1	-1	-1	0	0	0.0000	-1.0000	-1.0000	-1.0000	-1.0000	-1.0000	-1.0000	-1.0000	-1.0000	-1.0000	-1.0000	-1.0000	-1.0000	-1.0000	-1.0000	-1.0000	-1.0000		0		-1.0000	-1	0.000000	None	None	-1	0	0	None	None	None	None	None	-1	-1	-1.000000	-1.000000	-1.000000	-1.000000		-1	-1
GATV2	North Fork Holston nr Gate City	GATV2	36.608612	-82.568054	1197.560000	0.0000	0.0000	0.000000	North Fork Holston	8.8000	150	3490000	EST			-1	-1	-1	0	0	0.0000	-1.0000	-1.0000	-1.0000	-1.0000	-1.0000	-1.0000	-1.0000	-1.0000	-1.0000	-1.0000	-1.0000	-1.0000	-1.0000	-1.0000	-1.0000	-1.0000	VA	0		-1.0000	-1	1197.560038	None	None	-1	0	0	None	None	None	None	Stream	-1	-1	-1.000000	-1.000000	-1.000000	-1.000000		-1	-1
GBOT1	Roaring River above Gainsboro	GBOT1	36.351110	-85.545830	520.310000	0.0000	0.0000	0.000000	Roaring	-1.0000	-1	3418070	CST			-1	-1	-1	0	0	0.0000	-1.0000	-1.0000	-1.0000	-1.0000	-1.0000	-1.0000	-1.0000	-1.0000	-1.0000	-1.0000	-1.0000	-1.0000	-1.0000	-1.0000	-1.0000	-1.0000	TN	0		-1.0000	-1	520.308416	None	None	-1	0	0	None	None	None	None	None	-1	-1	-1.000000	-1.000000	-1.000000	-1.000000		-1	-1
GEOT1	Georgetown	GEOT1	35.299446	-84.957779	0.000000	0.0000	0.0000	0.000000	None	-1.0000	-1		EST			-1	-1	-1	0	0	0.0000	-1.0000	-1.0000	-1.0000	-1.0000	-1.0000	-1.0000	-1.0000	-1.0000	-1.0000	-1.0000	-1.0000	-1.0000	-1.0000	-1.0000	-1.0000	-1.0000	TN	0		-1.0000	-1	0.000000	Precip	None	-1	0	0	None	None	None	None	None	-1	-1	-1.000000	-1.000000	-1.000000	-1.000000		-1	-1
GERA1	Town Creek nr Geraldine	GERA1	34.378334	-85.990280	1001.210000	0.0000	0.0000	0.000000	Town Creek	20.4300	950	3572900	CST			-1	-1	-1	0	0	0.0000	-1.0000	-1.0000	-1.0000	-1.0000	-1.0000	-1.0000	-1.0000	-1.0000	-1.0000	-1.0000	-1.0000	-1.0000	-1.0000	-1.0000	-1.0000	-1.0000	AL	0		-1.0000	-1	1001.210032	None	None	-1	0	0	None	None	None	None	Stream	-1	-1	-1.000000	-1.000000	-1.000000	-1.000000		-1	-1
GFH-01	Great Falls-Unit1	GGRT1	35.807499	-85.634163	0.000000	0.0000	0.0000	0.000000	None	-1.0000	-1					-1	-1	-1	0	0	0.0000	-1.0000	-1.0000	-1.0000	-1.0000	-1.0000	-1.0000	-1.0000	-1.0000	-1.0000	-1.0000	-1.0000	-1.0000	-1.0000	-1.0000	-1.0000	-1.0000		0		-1.0000	-1	0.000000	None	None	-1	0	0	None	None	None	None	None	-1	-1	-1.000000	-1.000000	-1.000000	-1.000000	Hydro	2500	16
GFH-02	Great Falls-Unit2	GGRT1	35.807499	-85.634163	0.000000	0.0000	0.0000	0.000000	None	-1.0000	-1					-1	-1	-1	0	0	0.0000	-1.0000	-1.0000	-1.0000	-1.0000	-1.0000	-1.0000	-1.0000	-1.0000	-1.0000	-1.0000	-1.0000	-1.0000	-1.0000	-1.0000	-1.0000	-1.0000		0		-1.0000	-1	0.000000	None	None	-1	0	0	None	None	None	None	None	-1	-1	-1.000000	-1.000000	-1.000000	-1.000000	Hydro	2500	20
GFH-OG-01	Great Falls Dam	GGRT1	35.807499	-85.634163	0.000000	0.0000	0.0000	0.000000	None	-1.0000	-1					-1	-1	-1	0	0	0.0000	-1.0000	-1.0000	-1.0000	-1.0000	-1.0000	-1.0000	-1.0000	-1.0000	-1.0000	-1.0000	-1.0000	-1.0000	-1.0000	-1.0000	-1.0000	-1.0000		0		-1.0000	-1	0.000000	None	None	-1	0	0	None	None	None	None	None	-1	-1	-1.000000	-1.000000	-1.000000	-1.000000		-1	-1	OTHER	DISC
GFH-OG-02	Great Falls Dam	GGRT1	35.807499	-85.634163	0.000000	0.0000	0.0000	0.000000	None	-1.0000	-1					-1	-1	-1	0	0	0.0000	-1.0000	-1.0000	-1.0000	-1.0000	-1.0000	-1.0000	-1.0000	-1.0000	-1.0000	-1.0000	-1.0000	-1.0000	-1.0000	-1.0000	-1.0000	-1.0000		0		-1.0000	-1	0.000000	None	None	-1	0	0	None	None	None	None	None	-1	-1	-1.000000	-1.000000	-1.000000	-1.000000		-1	-1	OTHER	DISC
GFH-OG-03	Great Falls Dam	GGRT1	35.807499	-85.634163	0.000000	0.0000	0.0000	0.000000	None	-1.0000	-1					-1	-1	-1	0	0	0.0000	-1.0000	-1.0000	-1.0000	-1.0000	-1.0000	-1.0000	-1.0000	-1.0000	-1.0000	-1.0000	-1.0000	-1.0000	-1.0000	-1.0000	-1.0000	-1.0000		0		-1.0000	-1	0.000000	None	None	-1	0	0	None	None	None	None	None	-1	-1	-1.000000	-1.000000	-1.000000	-1.000000		-1	-1	OTHER	DISC
GFH-SP-01	Great Falls Dam	GGRT1	35.807499	-85.634163	0.000000	0.0000	0.0000	0.000000	None	-1.0000	-1					-1	-1	-1	0	0	0.0000	-1.0000	-1.0000	-1.0000	-1.0000	-1.0000	-1.0000	-1.0000	-1.0000	-1.0000	-1.0000	-1.0000	-1.0000	-1.0000	-1.0000	-1.0000	-1.0000		0		-1.0000	-1	0.000000	None	None	-1	0	0	None	None	None	None	None	-1	-1	-1.000000	-1.000000	-1.000000	-1.000000		-1	-1	SPILL	DISC
GFH-SP-02	Great Falls Dam	GGRT1	35.807499	-85.634163	0.000000	0.0000	0.0000	0.000000	None	-1.0000	-1					-1	-1	-1	0	0	0.0000	-1.0000	-1.0000	-1.0000	-1.0000	-1.0000	-1.0000	-1.0000	-1.0000	-1.0000	-1.0000	-1.0000	-1.0000	-1.0000	-1.0000	-1.0000	-1.0000		0		-1.0000	-1	0.000000	None	None	-1	0	0	None	None	None	None	None	-1	-1	-1.000000	-1.000000	-1.000000	-1.000000		-1	-1	SPILL	DISC
GGRT1	Great Falls Dam	GGRT1	35.807499	-85.634163	0.000000	0.0000	0.0000	0.000000	Caney Fork	91.1000	1510		CST		GFH	2	35	18	0	1	160.0000	36.0000	10.0000	-1.0000	-1.0000	-1.0000	762.2000	-1.0000	791.1600	806.0000	805.3000	821.2000	2.0000	-1.0000	-1.0000	150.0000	-1.0000	TN	0	CORPS	805.3000	-1	0.000000	Precip	None	-1	29	34	TVA	Hydropower	Grea	GFH	None	-1	-1	-1.000000	-1.000000	-1.000000	-1.000000		-1	-1
GRHK2	Grey Hawk	GRHK2	37.391110	-83.936390	0.000000	0.0000	0.0000	0.000000	None	-1.0000	-1		EST			-1	-1	-1	0	0	0.0000	-1.0000	-1.0000	-1.0000	-1.0000	-1.0000	-1.0000	-1.0000	-1.0000	-1.0000	-1.0000	-1.0000	-1.0000	-1.0000	-1.0000	-1.0000	-1.0000	KY	0		-1.0000	-1	0.000000	Precip	None	-1	0	0	None	None	None	None	None	-1	-1	-1.000000	-1.000000	-1.000000	-1.000000		-1	-1
GTTT1	Gatlinburg	GTTT1	35.691666	-83.534447	0.000000	0.0000	0.0000	0.000000	None	-1.0000	-1		EST			-1	-1	-1	0	0	0.0000	-1.0000	-1.0000	-1.0000	-1.0000	-1.0000	-1.0000	-1.0000	-1.0000	-1.0000	-1.0000	-1.0000	-1.0000	-1.0000	-1.0000	-1.0000	-1.0000	TN	0		-1.0000	-1	0.000000	Precip	None	-1	0	0	None	None	None	None	None	-1	-1	-1.000000	-1.000000	-1.000000	-1.000000		-1	-1
GUH-01	Guntersville-Unit1	GVDA1	34.421112	-86.393059	0.000000	0.0000	0.0000	0.000000	None	-1.0000	-1					-1	-1	-1	0	0	0.0000	-1.0000	-1.0000	-1.0000	-1.0000	-1.0000	-1.0000	-1.0000	-1.0000	-1.0000	-1.0000	-1.0000	-1.0000	-1.0000	-1.0000	-1.0000	-1.0000		0		-1.0000	-1	0.000000	None	None	-1	0	0	None	None	None	None	None	-1	-1	-1.000000	-1.000000	-1.000000	-1.000000	Hydro	15000	34
GUH-02	Guntersville-Unit2	GVDA1	34.421112	-86.393059	0.000000	0.0000	0.0000	0.000000	None	-1.0000	-1					-1	-1	-1	0	0	0.0000	-1.0000	-1.0000	-1.0000	-1.0000	-1.0000	-1.0000	-1.0000	-1.0000	-1.0000	-1.0000	-1.0000	-1.0000	-1.0000	-1.0000	-1.0000	-1.0000		0		-1.0000	-1	0.000000	None	None	-1	0	0	None	None	None	None	None	-1	-1	-1.000000	-1.000000	-1.000000	-1.000000	Hydro	15000	33
GUH-03	Guntersville-Unit3	GVDA1	34.421112	-86.393059	0.000000	0.0000	0.0000	0.000000	None	-1.0000	-1					-1	-1	-1	0	0	0.0000	-1.0000	-1.0000	-1.0000	-1.0000	-1.0000	-1.0000	-1.0000	-1.0000	-1.0000	-1.0000	-1.0000	-1.0000	-1.0000	-1.0000	-1.0000	-1.0000		0		-1.0000	-1	0.000000	None	None	-1	0	0	None	None	None	None	None	-1	-1	-1.000000	-1.000000	-1.000000	-1.000000	Hydro	15000	34
GUH-04	Guntersville-Unit4	GVDA1	34.421112	-86.393059	0.000000	0.0000	0.0000	0.000000	None	-1.0000	-1					-1	-1	-1	0	0	0.0000	-1.0000	-1.0000	-1.0000	-1.0000	-1.0000	-1.0000	-1.0000	-1.0000	-1.0000	-1.0000	-1.0000	-1.0000	-1.0000	-1.0000	-1.0000	-1.0000		0		-1.0000	-1	0.000000	None	None	-1	0	0	None	None	None	None	None	-1	-1	-1.000000	-1.000000	-1.000000	-1.000000	Hydro	15000	34
GUH-OG-01	Guntersville Dam	GVDA1	34.421112	-86.393059	0.000000	0.0000	0.0000	0.000000	None	-1.0000	-1					-1	-1	-1	0	0	0.0000	-1.0000	-1.0000	-1.0000	-1.0000	-1.0000	-1.0000	-1.0000	-1.0000	-1.0000	-1.0000	-1.0000	-1.0000	-1.0000	-1.0000	-1.0000	-1.0000		0		-1.0000	-1	0.000000	None	None	-1	0	0	None	None	None	None	None	-1	-1	-1.000000	-1.000000	-1.000000	-1.000000		-1	-1	OTHER	DISC
GUH-OG-02	Guntersville Dam	GVDA1	34.421112	-86.393059	0.000000	0.0000	0.0000	0.000000	None	-1.0000	-1					-1	-1	-1	0	0	0.0000	-1.0000	-1.0000	-1.0000	-1.0000	-1.0000	-1.0000	-1.0000	-1.0000	-1.0000	-1.0000	-1.0000	-1.0000	-1.0000	-1.0000	-1.0000	-1.0000		0		-1.0000	-1	0.000000	None	None	-1	0	0	None	None	None	None	None	-1	-1	-1.000000	-1.000000	-1.000000	-1.000000		-1	-1	OTHER	DISC
GUH-OG-03	Guntersville Dam	GVDA1	34.421112	-86.393059	0.000000	0.0000	0.0000	0.000000	None	-1.0000	-1					-1	-1	-1	0	0	0.0000	-1.0000	-1.0000	-1.0000	-1.0000	-1.0000	-1.0000	-1.0000	-1.0000	-1.0000	-1.0000	-1.0000	-1.0000	-1.0000	-1.0000	-1.0000	-1.0000		0		-1.0000	-1	0.000000	None	None	-1	0	0	None	None	None	None	None	-1	-1	-1.000000	-1.000000	-1.000000	-1.000000		-1	-1	OTHER	DISC
GUH-OG-04	Guntersville Dam	GVDA1	34.421112	-86.393059	0.000000	0.0000	0.0000	0.000000	None	-1.0000	-1					-1	-1	-1	0	0	0.0000	-1.0000	-1.0000	-1.0000	-1.0000	-1.0000	-1.0000	-1.0000	-1.0000	-1.0000	-1.0000	-1.0000	-1.0000	-1.0000	-1.0000	-1.0000	-1.0000		0		-1.0000	-1	0.000000	None	None	-1	0	0	None	None	None	None	None	-1	-1	-1.000000	-1.000000	-1.000000	-1.000000		-1	-1	OTHER	DISC
GUH-OG-05	Guntersville Dam	GVDA1	34.421112	-86.393059	0.000000	0.0000	0.0000	0.000000	None	-1.0000	-1					-1	-1	-1	0	0	0.0000	-1.0000	-1.0000	-1.0000	-1.0000	-1.0000	-1.0000	-1.0000	-1.0000	-1.0000	-1.0000	-1.0000	-1.0000	-1.0000	-1.0000	-1.0000	-1.0000		0		-1.0000	-1	0.000000	None	None	-1	0	0	None	None	None	None	None	-1	-1	-1.000000	-1.000000	-1.000000	-1.000000		-1	-1	OTHER	DISC
GUH-OG-06	Guntersville Dam	GVDA1	34.421112	-86.393059	0.000000	0.0000	0.0000	0.000000	None	-1.0000	-1					-1	-1	-1	0	0	0.0000	-1.0000	-1.0000	-1.0000	-1.0000	-1.0000	-1.0000	-1.0000	-1.0000	-1.0000	-1.0000	-1.0000	-1.0000	-1.0000	-1.0000	-1.0000	-1.0000		0		-1.0000	-1	0.000000	None	None	-1	0	0	None	None	None	None	None	-1	-1	-1.000000	-1.000000	-1.000000	-1.000000		-1	-1	OTHER	DISC
GUH-OG-07	Guntersville Dam	GVDA1	34.421112	-86.393059	0.000000	0.0000	0.0000	0.000000	None	-1.0000	-1					-1	-1	-1	0	0	0.0000	-1.0000	-1.0000	-1.0000	-1.0000	-1.0000	-1.0000	-1.0000	-1.0000	-1.0000	-1.0000	-1.0000	-1.0000	-1.0000	-1.0000	-1.0000	-1.0000		0		-1.0000	-1	0.000000	None	None	-1	0	0	None	None	None	None	None	-1	-1	-1.000000	-1.000000	-1.000000	-1.000000		-1	-1	OTHER	DISC
GUH-OG-08	Guntersville Dam	GVDA1	34.421112	-86.393059	0.000000	0.0000	0.0000	0.000000	None	-1.0000	-1					-1	-1	-1	0	0	0.0000	-1.0000	-1.0000	-1.0000	-1.0000	-1.0000	-1.0000	-1.0000	-1.0000	-1.0000	-1.0000	-1.0000	-1.0000	-1.0000	-1.0000	-1.0000	-1.0000		0		-1.0000	-1	0.000000	None	None	-1	0	0	None	None	None	None	None	-1	-1	-1.000000	-1.000000	-1.000000	-1.000000		-1	-1	OTHER	DISC
GUH-OG-09	Guntersville Dam	GVDA1	34.421112	-86.393059	0.000000	0.0000	0.0000	0.000000	None	-1.0000	-1					-1	-1	-1	0	0	0.0000	-1.0000	-1.0000	-1.0000	-1.0000	-1.0000	-1.0000	-1.0000	-1.0000	-1.0000	-1.0000	-1.0000	-1.0000	-1.0000	-1.0000	-1.0000	-1.0000		0		-1.0000	-1	0.000000	None	None	-1	0	0	None	None	None	None	None	-1	-1	-1.000000	-1.000000	-1.000000	-1.000000		-1	-1	OTHER	DISC
GUH-OG-10	Guntersville Dam	GVDA1	34.421112	-86.393059	0.000000	0.0000	0.0000	0.000000	None	-1.0000	-1					-1	-1	-1	0	0	0.0000	-1.0000	-1.0000	-1.0000	-1.0000	-1.0000	-1.0000	-1.0000	-1.0000	-1.0000	-1.0000	-1.0000	-1.0000	-1.0000	-1.0000	-1.0000	-1.0000		0		-1.0000	-1	0.000000	None	None	-1	0	0	None	None	None	None	None	-1	-1	-1.000000	-1.000000	-1.000000	-1.000000		-1	-1	OTHER	DISC
GUH-SP-01	Guntersville Dam	GVDA1	34.421112	-86.393059	0.000000	0.0000	0.0000	0.000000	None	-1.0000	-1					-1	-1	-1	0	0	0.0000	-1.0000	-1.0000	-1.0000	-1.0000	-1.0000	-1.0000	-1.0000	-1.0000	-1.0000	-1.0000	-1.0000	-1.0000	-1.0000	-1.0000	-1.0000	-1.0000		0		-1.0000	-1	0.000000	None	None	-1	0	0	None	None	None	None	None	-1	-1	-1.000000	-1.000000	-1.000000	-1.000000		-1	-1	SPILL	DISC
GUH-SP-02	Guntersville Dam	GVDA1	34.421112	-86.393059	0.000000	0.0000	0.0000	0.000000	None	-1.0000	-1					-1	-1	-1	0	0	0.0000	-1.0000	-1.0000	-1.0000	-1.0000	-1.0000	-1.0000	-1.0000	-1.0000	-1.0000	-1.0000	-1.0000	-1.0000	-1.0000	-1.0000	-1.0000	-1.0000		0		-1.0000	-1	0.000000	None	None	-1	0	0	None	None	None	None	None	-1	-1	-1.000000	-1.000000	-1.000000	-1.000000		-1	-1	SPILL	DISC
GUH-SP-03	Guntersville Dam	GVDA1	34.421112	-86.393059	0.000000	0.0000	0.0000	0.000000	None	-1.0000	-1					-1	-1	-1	0	0	0.0000	-1.0000	-1.0000	-1.0000	-1.0000	-1.0000	-1.0000	-1.0000	-1.0000	-1.0000	-1.0000	-1.0000	-1.0000	-1.0000	-1.0000	-1.0000	-1.0000		0		-1.0000	-1	0.000000	None	None	-1	0	0	None	None	None	None	None	-1	-1	-1.000000	-1.000000	-1.000000	-1.000000		-1	-1	SPILL	DISC
GUH-SP-04	Guntersville Dam	GVDA1	34.421112	-86.393059	0.000000	0.0000	0.0000	0.000000	None	-1.0000	-1					-1	-1	-1	0	0	0.0000	-1.0000	-1.0000	-1.0000	-1.0000	-1.0000	-1.0000	-1.0000	-1.0000	-1.0000	-1.0000	-1.0000	-1.0000	-1.0000	-1.0000	-1.0000	-1.0000		0		-1.0000	-1	0.000000	None	None	-1	0	0	None	None	None	None	None	-1	-1	-1.000000	-1.000000	-1.000000	-1.000000		-1	-1	SPILL	DISC
GUH-SP-05	Guntersville Dam	GVDA1	34.421112	-86.393059	0.000000	0.0000	0.0000	0.000000	None	-1.0000	-1					-1	-1	-1	0	0	0.0000	-1.0000	-1.0000	-1.0000	-1.0000	-1.0000	-1.0000	-1.0000	-1.0000	-1.0000	-1.0000	-1.0000	-1.0000	-1.0000	-1.0000	-1.0000	-1.0000		0		-1.0000	-1	0.000000	None	None	-1	0	0	None	None	None	None	None	-1	-1	-1.000000	-1.000000	-1.000000	-1.000000		-1	-1	SPILL	DISC
GUH-SP-06	Guntersville Dam	GVDA1	34.421112	-86.393059	0.000000	0.0000	0.0000	0.000000	None	-1.0000	-1					-1	-1	-1	0	0	0.0000	-1.0000	-1.0000	-1.0000	-1.0000	-1.0000	-1.0000	-1.0000	-1.0000	-1.0000	-1.0000	-1.0000	-1.0000	-1.0000	-1.0000	-1.0000	-1.0000		0		-1.0000	-1	0.000000	None	None	-1	0	0	None	None	None	None	None	-1	-1	-1.000000	-1.000000	-1.000000	-1.000000		-1	-1	SPILL	DISC
GUH-SP-07	Guntersville Dam	GVDA1	34.421112	-86.393059	0.000000	0.0000	0.0000	0.000000	None	-1.0000	-1					-1	-1	-1	0	0	0.0000	-1.0000	-1.0000	-1.0000	-1.0000	-1.0000	-1.0000	-1.0000	-1.0000	-1.0000	-1.0000	-1.0000	-1.0000	-1.0000	-1.0000	-1.0000	-1.0000		0		-1.0000	-1	0.000000	None	None	-1	0	0	None	None	None	None	None	-1	-1	-1.000000	-1.000000	-1.000000	-1.000000		-1	-1	SPILL	DISC
GUH-SP-08	Guntersville Dam	GVDA1	34.421112	-86.393059	0.000000	0.0000	0.0000	0.000000	None	-1.0000	-1					-1	-1	-1	0	0	0.0000	-1.0000	-1.0000	-1.0000	-1.0000	-1.0000	-1.0000	-1.0000	-1.0000	-1.0000	-1.0000	-1.0000	-1.0000	-1.0000	-1.0000	-1.0000	-1.0000		0		-1.0000	-1	0.000000	None	None	-1	0	0	None	None	None	None	None	-1	-1	-1.000000	-1.000000	-1.000000	-1.000000		-1	-1	SPILL	DISC
GUH-SP-09	Guntersville Dam	GVDA1	34.421112	-86.393059	0.000000	0.0000	0.0000	0.000000	None	-1.0000	-1					-1	-1	-1	0	0	0.0000	-1.0000	-1.0000	-1.0000	-1.0000	-1.0000	-1.0000	-1.0000	-1.0000	-1.0000	-1.0000	-1.0000	-1.0000	-1.0000	-1.0000	-1.0000	-1.0000		0		-1.0000	-1	0.000000	None	None	-1	0	0	None	None	None	None	None	-1	-1	-1.000000	-1.000000	-1.000000	-1.000000		-1	-1	SPILL	DISC
GUH-SP-10	Guntersville Dam	GVDA1	34.421112	-86.393059	0.000000	0.0000	0.0000	0.000000	None	-1.0000	-1					-1	-1	-1	0	0	0.0000	-1.0000	-1.0000	-1.0000	-1.0000	-1.0000	-1.0000	-1.0000	-1.0000	-1.0000	-1.0000	-1.0000	-1.0000	-1.0000	-1.0000	-1.0000	-1.0000		0		-1.0000	-1	0.000000	None	None	-1	0	0	None	None	None	None	None	-1	-1	-1.000000	-1.000000	-1.000000	-1.000000		-1	-1	SPILL	DISC
GUH-SP-11	Guntersville Dam	GVDA1	34.421112	-86.393059	0.000000	0.0000	0.0000	0.000000	None	-1.0000	-1					-1	-1	-1	0	0	0.0000	-1.0000	-1.0000	-1.0000	-1.0000	-1.0000	-1.0000	-1.0000	-1.0000	-1.0000	-1.0000	-1.0000	-1.0000	-1.0000	-1.0000	-1.0000	-1.0000		0		-1.0000	-1	0.000000	None	None	-1	0	0	None	None	None	None	None	-1	-1	-1.000000	-1.000000	-1.000000	-1.000000		-1	-1	SPILL	DISC
GUH-SP-12	Guntersville Dam	GVDA1	34.421112	-86.393059	0.000000	0.0000	0.0000	0.000000	None	-1.0000	-1					-1	-1	-1	0	0	0.0000	-1.0000	-1.0000	-1.0000	-1.0000	-1.0000	-1.0000	-1.0000	-1.0000	-1.0000	-1.0000	-1.0000	-1.0000	-1.0000	-1.0000	-1.0000	-1.0000		0		-1.0000	-1	0.000000	None	None	-1	0	0	None	None	None	None	None	-1	-1	-1.000000	-1.000000	-1.000000	-1.000000		-1	-1	SPILL	DISC
GUH-SP-13	Guntersville Dam	GVDA1	34.421112	-86.393059	0.000000	0.0000	0.0000	0.000000	None	-1.0000	-1					-1	-1	-1	0	0	0.0000	-1.0000	-1.0000	-1.0000	-1.0000	-1.0000	-1.0000	-1.0000	-1.0000	-1.0000	-1.0000	-1.0000	-1.0000	-1.0000	-1.0000	-1.0000	-1.0000		0		-1.0000	-1	0.000000	None	None	-1	0	0	None	None	None	None	None	-1	-1	-1.000000	-1.000000	-1.000000	-1.000000		-1	-1	SPILL	DISC
GUH-SP-14	Guntersville Dam	GVDA1	34.421112	-86.393059	0.000000	0.0000	0.0000	0.000000	None	-1.0000	-1					-1	-1	-1	0	0	0.0000	-1.0000	-1.0000	-1.0000	-1.0000	-1.0000	-1.0000	-1.0000	-1.0000	-1.0000	-1.0000	-1.0000	-1.0000	-1.0000	-1.0000	-1.0000	-1.0000		0		-1.0000	-1	0.000000	None	None	-1	0	0	None	None	None	None	None	-1	-1	-1.000000	-1.000000	-1.000000	-1.000000		-1	-1	SPILL	DISC
GUH-SP-15	Guntersville Dam	GVDA1	34.421112	-86.393059	0.000000	0.0000	0.0000	0.000000	None	-1.0000	-1					-1	-1	-1	0	0	0.0000	-1.0000	-1.0000	-1.0000	-1.0000	-1.0000	-1.0000	-1.0000	-1.0000	-1.0000	-1.0000	-1.0000	-1.0000	-1.0000	-1.0000	-1.0000	-1.0000		0		-1.0000	-1	0.000000	None	None	-1	0	0	None	None	None	None	None	-1	-1	-1.000000	-1.000000	-1.000000	-1.000000		-1	-1	SPILL	DISC
GUH-SP-16	Guntersville Dam	GVDA1	34.421112	-86.393059	0.000000	0.0000	0.0000	0.000000	None	-1.0000	-1					-1	-1	-1	0	0	0.0000	-1.0000	-1.0000	-1.0000	-1.0000	-1.0000	-1.0000	-1.0000	-1.0000	-1.0000	-1.0000	-1.0000	-1.0000	-1.0000	-1.0000	-1.0000	-1.0000		0		-1.0000	-1	0.000000	None	None	-1	0	0	None	None	None	None	None	-1	-1	-1.000000	-1.000000	-1.000000	-1.000000		-1	-1	SPILL	DISC
GUH-SP-17	Guntersville Dam	GVDA1	34.421112	-86.393059	0.000000	0.0000	0.0000	0.000000	None	-1.0000	-1					-1	-1	-1	0	0	0.0000	-1.0000	-1.0000	-1.0000	-1.0000	-1.0000	-1.0000	-1.0000	-1.0000	-1.0000	-1.0000	-1.0000	-1.0000	-1.0000	-1.0000	-1.0000	-1.0000		0		-1.0000	-1	0.000000	None	None	-1	0	0	None	None	None	None	None	-1	-1	-1.000000	-1.000000	-1.000000	-1.000000		-1	-1	SPILL	DISC
GUH-SP-18	Guntersville Dam	GVDA1	34.421112	-86.393059	0.000000	0.0000	0.0000	0.000000	None	-1.0000	-1					-1	-1	-1	0	0	0.0000	-1.0000	-1.0000	-1.0000	-1.0000	-1.0000	-1.0000	-1.0000	-1.0000	-1.0000	-1.0000	-1.0000	-1.0000	-1.0000	-1.0000	-1.0000	-1.0000		0		-1.0000	-1	0.000000	None	None	-1	0	0	None	None	None	None	None	-1	-1	-1.000000	-1.000000	-1.000000	-1.000000		-1	-1	SPILL	DISC
GUH-TD	Guntersville	GVDA1	34.424629	-86.392214	0.000000	0.0000	0.0000	0.000000	None	-1.0000	-1					-1	-1	-1	0	0	0.0000	-1.0000	-1.0000	-1.0000	-1.0000	-1.0000	-1.0000	-1.0000	-1.0000	-1.0000	-1.0000	-1.0000	-1.0000	-1.0000	-1.0000	-1.0000	-1.0000		0		-1.0000	-1	0.000000	None	None	-1	0	0	None	None	None	None	None	-1	-1	-1.000000	-1.000000	-1.000000	-1.000000	Hydro	-1	-1
Guntersville_AL	Guntersville, AL	Guntersville_AL	34.373630	-86.288411	0.000000	0.0000	0.0000	0.000000	None	-1.0000	-1					-1	-1	-1	0	0	0.0000	-1.0000	-1.0000	-1.0000	-1.0000	-1.0000	-1.0000	-1.0000	-1.0000	-1.0000	-1.0000	-1.0000	-1.0000	-1.0000	-1.0000	-1.0000	-1.0000		0		-1.0000	-1	0.000000	None	None	-1	0	0	None	None	None	None	None	-1	-1	-1.000000	-1.000000	-1.000000	-1.000000		-1	-1
GVDA1	Guntersville Dam	GVDA1	34.421112	-86.393059	0.000000	0.0000	0.0000	0.000000	Tennessee	349.0000	960	3574000	CST	Hydro	GUH	4	120	30	0	1	0.0000	29.0000	5.0000	-1.0000	593.0000	593.0000	-1.0000	-1.0000	555.0000	-1.0000	595.4400	617.5000	-1.0000	-1.0000	-1.0000	-1.0000	200.0000	AL	0	TVA	595.4000	-1	0.000000	Precip	Guntersville=>Wheeler=>Wilson=>Pickwick=>Kentucky	1	23	14	TVA	Hydropower	GUH	GUH	None	-1	-1	-1.000000	-1.000000	-1.000000	-1.000000		-1	-1
GVOA1	Grove Oak	GVOA1	34.423611	-86.022499	0.000000	0.0000	0.0000	0.000000	None	-1.0000	-1		CST			-1	-1	-1	0	0	0.0000	-1.0000	-1.0000	-1.0000	-1.0000	-1.0000	-1.0000	-1.0000	-1.0000	-1.0000	-1.0000	-1.0000	-1.0000	-1.0000	-1.0000	-1.0000	-1.0000	AL	0		-1.0000	-1	0.000000	Precip	None	-1	0	0	None	None	None	None	None	-1	-1	-1.000000	-1.000000	-1.000000	-1.000000		-1	-1
GVST1	Smiths Fork at Temperance Hall	GVST1	36.087223	-85.908058	499.000000	0.0000	0.0000	0.000000	Smith Fork	8.8000	-1	3424730	CST			-1	-1	-1	0	0	0.0000	-1.0000	-1.0000	-1.0000	-1.0000	-1.0000	-1.0000	-1.0000	-1.0000	-1.0000	-1.0000	-1.0000	-1.0000	-1.0000	-1.0000	-1.0000	-1.0000	TN	0		-1.0000	-1	499.000016	Precip	None	-1	0	0	None	None	None	None	Stream	-1	-1	-1.000000	-1.000000	-1.000000	-1.000000		-1	-1
HADT1	Apalachia Dam	HADT1	35.168056	-84.295280	0.000000	1292.0200	0.0000	0.000000	None	-1.0000	760		EST	Hydro	APH	2	110	55	0	1	30.0000	22.0000	10.0000	-1.0000	-1.0000	-1.0000	-1.0000	-1.0000	1257.0000	-1.0000	1280.0000	1288.0000	-1.0000	0.0000	-1.0000	-1.0000	30.0000	TN	0	TVA	1280.0000	-1	0.000000	None	None	-1	12	33	TVA	Hydropower	Apal	APH	None	-1	-1	-1.000000	-1.000000	-1.000000	-1.000000		-1	-1
HART1	Emory at Harriman	HART1	35.928611	-84.555833	0.000000	0.0000	0.0000	0.000000	None	-1.0000	-1					-1	-1	-1	0	0	0.0000	-1.0000	-1.0000	-1.0000	-1.0000	-1.0000	-1.0000	-1.0000	-1.0000	-1.0000	-1.0000	-1.0000	-1.0000	-1.0000	-1.0000	-1.0000	-1.0000	TN	0		-1.0000	-1	0.000000	None	None	-1	0	0	None	None	None	None	None	-1	-1	-1.000000	-1.000000	-1.000000	-1.000000		-1	-1
HCTM6	Holcut	HCTM6	34.724998	-88.291946	0.000000	0.0000	0.0000	0.000000	None	-1.0000	-1		CST			-1	-1	-1	0	0	0.0000	-1.0000	-1.0000	-1.0000	-1.0000	-1.0000	-1.0000	-1.0000	-1.0000	-1.0000	-1.0000	-1.0000	-1.0000	-1.0000	-1.0000	-1.0000	-1.0000	MS	0		-1.0000	-1	0.000000	Precip	None	-1	0	0	None	None	None	None	None	-1	-1	-1.000000	-1.000000	-1.000000	-1.000000		-1	-1
HDSN7	Highlands	HDSN7	35.070278	-83.216667	0.000000	0.0000	0.0000	0.000000	None	-1.0000	-1		EST			-1	-1	-1	0	0	0.0000	-1.0000	-1.0000	-1.0000	-1.0000	-1.0000	-1.0000	-1.0000	-1.0000	-1.0000	-1.0000	-1.0000	-1.0000	-1.0000	-1.0000	-1.0000	-1.0000	NC	0		-1.0000	-1	0.000000	Precip	None	-1	0	0	None	None	None	None	None	-1	-1	-1.000000	-1.000000	-1.000000	-1.000000		-1	-1
HENA1	Henagar	HENA1	34.627224	-85.752220	0.000000	0.0000	0.0000	0.000000	None	-1.0000	-1		CST			-1	-1	-1	0	0	0.0000	-1.0000	-1.0000	-1.0000	-1.0000	-1.0000	-1.0000	-1.0000	-1.0000	-1.0000	-1.0000	-1.0000	-1.0000	-1.0000	-1.0000	-1.0000	-1.0000	AL	0		-1.0000	-1	0.000000	Precip	None	-1	0	0	None	None	None	None	None	-1	-1	-1.000000	-1.000000	-1.000000	-1.000000		-1	-1
HEPN7	Pigeon nr Hepco	HEPN7	35.634724	-82.989166	2335.950000	0.0000	0.0000	0.000000	Pigeon	45.1000	330	3459500	EST			-1	-1	-1	0	0	0.0000	-1.0000	-1.0000	-1.0000	-1.0000	-1.0000	-1.0000	-1.0000	-1.0000	-1.0000	-1.0000	-1.0000	-1.0000	-1.0000	-1.0000	-1.0000	-1.0000	NC	0		-1.0000	-1	2335.950075	None	None	-1	0	0	None	None	None	None	Stream	-1	-1	-1.000000	-1.000000	-1.000000	-1.000000		-1	-1
HGSA1	Hodges	HGSA1	34.393333	-87.885834	0.000000	0.0000	0.0000	0.000000	None	-1.0000	-1		CST			-1	-1	-1	0	0	0.0000	-1.0000	-1.0000	-1.0000	-1.0000	-1.0000	-1.0000	-1.0000	-1.0000	-1.0000	-1.0000	-1.0000	-1.0000	-1.0000	-1.0000	-1.0000	-1.0000	AL	0		-1.0000	-1	0.000000	Precip	None	-1	0	0	None	None	None	None	None	-1	-1	-1.000000	-1.000000	-1.000000	-1.000000		-1	-1
HIH-01	Hiwassee-Unit1	HIWN7	35.147221	-84.178612	0.000000	0.0000	0.0000	0.000000	None	-1.0000	-1					-1	-1	-1	0	0	0.0000	-1.0000	-1.0000	-1.0000	-1.0000	-1.0000	-1.0000	-1.0000	-1.0000	-1.0000	-1.0000	-1.0000	-1.0000	-1.0000	-1.0000	-1.0000	-1.0000		0		-1.0000	-1	0.000000	None	None	-1	0	0	None	None	None	None	None	-1	-1	-1.000000	-1.000000	-1.000000	-1.000000	Hydro	7000	88
HIH-01-DS	Hiwassee-Unit1-Downstream	HIH-01	35.147221	-84.178612	0.000000	0.0000	0.0000	0.000000	None	-1.0000	-1					-1	-1	-1	0	0	0.0000	-1.0000	-1.0000	-1.0000	-1.0000	-1.0000	-1.0000	-1.0000	-1.0000	-1.0000	-1.0000	-1.0000	-1.0000	-1.0000	-1.0000	-1.0000	-1.0000		0		-1.0000	-1	0.000000	None	None	-1	0	0	None	None	None	None	None	-1	-1	-1.000000	-1.000000	-1.000000	-1.000000	Other	-1	-1
HIH-01-SC	Hiwassee-Unit1-Scrollcase	HIH-01	35.147221	-84.178612	0.000000	0.0000	0.0000	0.000000	None	-1.0000	-1					-1	-1	-1	0	0	0.0000	-1.0000	-1.0000	-1.0000	-1.0000	-1.0000	-1.0000	-1.0000	-1.0000	-1.0000	-1.0000	-1.0000	-1.0000	-1.0000	-1.0000	-1.0000	-1.0000		0		-1.0000	-1	0.000000	None	None	-1	0	0	None	None	None	None	None	-1	-1	-1.000000	-1.000000	-1.000000	-1.000000	Other	-1	-1
HIH-02	Hiwassee-Unit2	HIWN7	35.147221	-84.178612	0.000000	0.0000	0.0000	0.000000	None	-1.0000	-1					-1	-1	-1	0	0	0.0000	-1.0000	-1.0000	-1.0000	-1.0000	-1.0000	-1.0000	-1.0000	-1.0000	-1.0000	-1.0000	-1.0000	-1.0000	-1.0000	-1.0000	-1.0000	-1.0000		0		-1.0000	-1	0.000000	None	None	-1	0	0	None	None	None	None	None	-1	-1	-1.000000	-1.000000	-1.000000	-1.000000	Hydro	7000	93
HIH-02-DS	Hiwassee-Unit2-Downstream	HIH-02	35.147221	-84.178612	0.000000	0.0000	0.0000	0.000000	None	-1.0000	-1					-1	-1	-1	0	0	0.0000	-1.0000	-1.0000	-1.0000	-1.0000	-1.0000	-1.0000	-1.0000	-1.0000	-1.0000	-1.0000	-1.0000	-1.0000	-1.0000	-1.0000	-1.0000	-1.0000		0		-1.0000	-1	0.000000	None	None	-1	0	0	None	None	None	None	None	-1	-1	-1.000000	-1.000000	-1.000000	-1.000000	Other	-1	-1
HIH-02-SC	Hiwassee-Unit2-Scrollcase	HIH-02	35.147221	-84.178612	0.000000	0.0000	0.0000	0.000000	None	-1.0000	-1					-1	-1	-1	0	0	0.0000	-1.0000	-1.0000	-1.0000	-1.0000	-1.0000	-1.0000	-1.0000	-1.0000	-1.0000	-1.0000	-1.0000	-1.0000	-1.0000	-1.0000	-1.0000	-1.0000		0		-1.0000	-1	0.000000	None	None	-1	0	0	None	None	None	None	None	-1	-1	-1.000000	-1.000000	-1.000000	-1.000000	Other	-1	-1
HIH-OG-01	Hiwassee Dam	HIWN7	35.147221	-84.178612	0.000000	0.0000	0.0000	0.000000	None	-1.0000	-1					-1	-1	-1	0	0	0.0000	-1.0000	-1.0000	-1.0000	-1.0000	-1.0000	-1.0000	-1.0000	-1.0000	-1.0000	-1.0000	-1.0000	-1.0000	-1.0000	-1.0000	-1.0000	-1.0000		0		-1.0000	-1	0.000000	None	None	-1	0	0	None	None	None	None	None	-1	-1	-1.000000	-1.000000	-1.000000	-1.000000		-1	-1	OTHER	DISC
HIH-OG-02	Hiwassee Dam	HIWN7	35.147221	-84.178612	0.000000	0.0000	0.0000	0.000000	None	-1.0000	-1					-1	-1	-1	0	0	0.0000	-1.0000	-1.0000	-1.0000	-1.0000	-1.0000	-1.0000	-1.0000	-1.0000	-1.0000	-1.0000	-1.0000	-1.0000	-1.0000	-1.0000	-1.0000	-1.0000		0		-1.0000	-1	0.000000	None	None	-1	0	0	None	None	None	None	None	-1	-1	-1.000000	-1.000000	-1.000000	-1.000000		-1	-1	OTHER	DISC
HIH-OG-03	Hiwassee Dam	HIWN7	35.147221	-84.178612	0.000000	0.0000	0.0000	0.000000	None	-1.0000	-1					-1	-1	-1	0	0	0.0000	-1.0000	-1.0000	-1.0000	-1.0000	-1.0000	-1.0000	-1.0000	-1.0000	-1.0000	-1.0000	-1.0000	-1.0000	-1.0000	-1.0000	-1.0000	-1.0000		0		-1.0000	-1	0.000000	None	None	-1	0	0	None	None	None	None	None	-1	-1	-1.000000	-1.000000	-1.000000	-1.000000		-1	-1	OTHER	DISC
HIH-OG-04	Hiwassee Dam	HIWN7	35.147221	-84.178612	0.000000	0.0000	0.0000	0.000000	None	-1.0000	-1					-1	-1	-1	0	0	0.0000	-1.0000	-1.0000	-1.0000	-1.0000	-1.0000	-1.0000	-1.0000	-1.0000	-1.0000	-1.0000	-1.0000	-1.0000	-1.0000	-1.0000	-1.0000	-1.0000		0		-1.0000	-1	0.000000	None	None	-1	0	0	None	None	None	None	None	-1	-1	-1.000000	-1.000000	-1.000000	-1.000000		-1	-1	OTHER	DISC
HIH-SL-01	Hiwassee Dam	HIWN7	35.147221	-84.178612	0.000000	0.0000	0.0000	0.000000	None	-1.0000	-1					-1	-1	-1	0	0	0.0000	-1.0000	-1.0000	-1.0000	-1.0000	-1.0000	-1.0000	-1.0000	-1.0000	-1.0000	-1.0000	-1.0000	-1.0000	-1.0000	-1.0000	-1.0000	-1.0000		0		-1.0000	-1	0.000000	None	None	-1	0	0	None	None	None	None	None	-1	-1	-1.000000	-1.000000	-1.000000	-1.000000		-1	-1	SLUICE	DISC
HIH-SL-02	Hiwassee Dam	HIWN7	35.147221	-84.178612	0.000000	0.0000	0.0000	0.000000	None	-1.0000	-1					-1	-1	-1	0	0	0.0000	-1.0000	-1.0000	-1.0000	-1.0000	-1.0000	-1.0000	-1.0000	-1.0000	-1.0000	-1.0000	-1.0000	-1.0000	-1.0000	-1.0000	-1.0000	-1.0000		0		-1.0000	-1	0.000000	None	None	-1	0	0	None	None	None	None	None	-1	-1	-1.000000	-1.000000	-1.000000	-1.000000		-1	-1	SLUICE	DISC
HIH-SL-03	Hiwassee Dam	HIWN7	35.147221	-84.178612	0.000000	0.0000	0.0000	0.000000	None	-1.0000	-1					-1	-1	-1	0	0	0.0000	-1.0000	-1.0000	-1.0000	-1.0000	-1.0000	-1.0000	-1.0000	-1.0000	-1.0000	-1.0000	-1.0000	-1.0000	-1.0000	-1.0000	-1.0000	-1.0000		0		-1.0000	-1	0.000000	None	None	-1	0	0	None	None	None	None	None	-1	-1	-1.000000	-1.000000	-1.000000	-1.000000		-1	-1	SLUICE	DISC
HIH-SL-04	Hiwassee Dam	HIWN7	35.147221	-84.178612	0.000000	0.0000	0.0000	0.000000	None	-1.0000	-1					-1	-1	-1	0	0	0.0000	-1.0000	-1.0000	-1.0000	-1.0000	-1.0000	-1.0000	-1.0000	-1.0000	-1.0000	-1.0000	-1.0000	-1.0000	-1.0000	-1.0000	-1.0000	-1.0000		0		-1.0000	-1	0.000000	None	None	-1	0	0	None	None	None	None	None	-1	-1	-1.000000	-1.000000	-1.000000	-1.000000		-1	-1	SLUICE	DISC
HIH-SP-01	Hiwassee Dam	HIWN7	35.147221	-84.178612	0.000000	0.0000	0.0000	0.000000	None	-1.0000	-1					-1	-1	-1	0	0	0.0000	-1.0000	-1.0000	-1.0000	-1.0000	-1.0000	-1.0000	-1.0000	-1.0000	-1.0000	-1.0000	-1.0000	-1.0000	-1.0000	-1.0000	-1.0000	-1.0000		0		-1.0000	-1	0.000000	None	None	-1	0	0	None	None	None	None	None	-1	-1	-1.000000	-1.000000	-1.000000	-1.000000		-1	-1	SPILL	DISC
HIH-SP-02	Hiwassee Dam	HIWN7	35.147221	-84.178612	0.000000	0.0000	0.0000	0.000000	None	-1.0000	-1					-1	-1	-1	0	0	0.0000	-1.0000	-1.0000	-1.0000	-1.0000	-1.0000	-1.0000	-1.0000	-1.0000	-1.0000	-1.0000	-1.0000	-1.0000	-1.0000	-1.0000	-1.0000	-1.0000		0		-1.0000	-1	0.000000	None	None	-1	0	0	None	None	None	None	None	-1	-1	-1.000000	-1.000000	-1.000000	-1.000000		-1	-1	SPILL	DISC
HIH-SP-03	Hiwassee Dam	HIWN7	35.147221	-84.178612	0.000000	0.0000	0.0000	0.000000	None	-1.0000	-1					-1	-1	-1	0	0	0.0000	-1.0000	-1.0000	-1.0000	-1.0000	-1.0000	-1.0000	-1.0000	-1.0000	-1.0000	-1.0000	-1.0000	-1.0000	-1.0000	-1.0000	-1.0000	-1.0000		0		-1.0000	-1	0.000000	None	None	-1	0	0	None	None	None	None	None	-1	-1	-1.000000	-1.000000	-1.000000	-1.000000		-1	-1	SPILL	DISC
HIH-SP-04	Hiwassee Dam	HIWN7	35.147221	-84.178612	0.000000	0.0000	0.0000	0.000000	None	-1.0000	-1					-1	-1	-1	0	0	0.0000	-1.0000	-1.0000	-1.0000	-1.0000	-1.0000	-1.0000	-1.0000	-1.0000	-1.0000	-1.0000	-1.0000	-1.0000	-1.0000	-1.0000	-1.0000	-1.0000		0		-1.0000	-1	0.000000	None	None	-1	0	0	None	None	None	None	None	-1	-1	-1.000000	-1.000000	-1.000000	-1.000000		-1	-1	SPILL	DISC
HIH-SP-05	Hiwassee Dam	HIWN7	35.147221	-84.178612	0.000000	0.0000	0.0000	0.000000	None	-1.0000	-1					-1	-1	-1	0	0	0.0000	-1.0000	-1.0000	-1.0000	-1.0000	-1.0000	-1.0000	-1.0000	-1.0000	-1.0000	-1.0000	-1.0000	-1.0000	-1.0000	-1.0000	-1.0000	-1.0000		0		-1.0000	-1	0.000000	None	None	-1	0	0	None	None	None	None	None	-1	-1	-1.000000	-1.000000	-1.000000	-1.000000		-1	-1	SPILL	DISC
HIH-SP-06	Hiwassee Dam	HIWN7	35.147221	-84.178612	0.000000	0.0000	0.0000	0.000000	None	-1.0000	-1					-1	-1	-1	0	0	0.0000	-1.0000	-1.0000	-1.0000	-1.0000	-1.0000	-1.0000	-1.0000	-1.0000	-1.0000	-1.0000	-1.0000	-1.0000	-1.0000	-1.0000	-1.0000	-1.0000		0		-1.0000	-1	0.000000	None	None	-1	0	0	None	None	None	None	None	-1	-1	-1.000000	-1.000000	-1.000000	-1.000000		-1	-1	SPILL	DISC
HIH-SP-07	Hiwassee Dam	HIWN7	35.147221	-84.178612	0.000000	0.0000	0.0000	0.000000	None	-1.0000	-1					-1	-1	-1	0	0	0.0000	-1.0000	-1.0000	-1.0000	-1.0000	-1.0000	-1.0000	-1.0000	-1.0000	-1.0000	-1.0000	-1.0000	-1.0000	-1.0000	-1.0000	-1.0000	-1.0000		0		-1.0000	-1	0.000000	None	None	-1	0	0	None	None	None	None	None	-1	-1	-1.000000	-1.000000	-1.000000	-1.000000		-1	-1	SPILL	DISC
HIWN7	Hiwassee Dam	HIWN7	35.147221	-84.178612	0.000000	0.0000	0.0000	0.000000	Hiwassee	75.8000	750	3554500	EST		HIH	2	160	90	0	1	0.0000	21.0000	10.0000	-1.0000	-1.0000	1450.0000	-1.0000	-1.0000	1503.5000	1528.0000	1526.5000	1537.5000	-1.0000	-1.0000	-1.0000	25.0000	15.0000	NC	1	TVA	1526.5000	1941	0.000000	Precip	Chatuge=>Nottely=>Hiwassee=>Blue Ridge	3	11	32	TVA	Hydropower	Hiwa	HIH	None	-1	-1	-1.000000	-1.000000	-1.000000	-1.000000		-1	-1
HLTV2	Hiltons	HLTV2	36.644165	-82.493614	0.000000	0.0000	0.0000	0.000000	None	-1.0000	-1		EST			-1	-1	-1	0	0	0.0000	-1.0000	-1.0000	-1.0000	-1.0000	-1.0000	-1.0000	-1.0000	-1.0000	-1.0000	-1.0000	-1.0000	-1.0000	-1.0000	-1.0000	-1.0000	-1.0000	VA	0		-1.0000	-1	0.000000	Precip	None	-1	0	0	None	None	None	None	None	-1	-1	-1.000000	-1.000000	-1.000000	-1.000000		-1	-1
HMLT1	Duck abv Hurricane Mills	HMLT1	35.930000	-87.743057	370.530000	0.0000	0.0000	0.000000	Duck	26.0000	1280	3603000	CST			-1	-1	-1	0	0	0.0000	-1.0000	-1.0000	-1.0000	-1.0000	-1.0000	-1.0000	-1.0000	-1.0000	-1.0000	-1.0000	-1.0000	-1.0000	-1.0000	-1.0000	-1.0000	-1.0000	TN	0		-1.0000	-1	370.530012	None	None	-1	0	0	None	None	None	None	Stream	-1	-1	-1.000000	-1.000000	-1.000000	-1.000000		-1	-1
HNTT1	Cumberland at Hunters Point	HNTT1	36.299168	-86.263611	400.000000	0.0000	0.0000	0.000000	Cumberland	262.9000	-1	3425400	CST			-1	-1	-1	0	0	0.0000	-1.0000	-1.0000	-1.0000	-1.0000	-1.0000	-1.0000	-1.0000	-1.0000	-1.0000	-1.0000	-1.0000	-1.0000	-1.0000	-1.0000	-1.0000	-1.0000	TN	0		-1.0000	-1	400.000013	Precip	None	-1	0	0	None	None	None	None	Stream	-1	-1	-1.000000	-1.000000	-1.000000	-1.000000		-1	-1
HOHT1	Hohenwald	HOHT1	35.543888	-87.548615	0.000000	0.0000	0.0000	0.000000	None	-1.0000	-1		CST			-1	-1	-1	0	0	0.0000	-1.0000	-1.0000	-1.0000	-1.0000	-1.0000	-1.0000	-1.0000	-1.0000	-1.0000	-1.0000	-1.0000	-1.0000	-1.0000	-1.0000	-1.0000	-1.0000	TN	0		-1.0000	-1	0.000000	Precip	None	-1	0	0	None	None	None	None	None	-1	-1	-1.000000	-1.000000	-1.000000	-1.000000		-1	-1
HORT1	Horse Creek nr Savannah	HORT1	35.179722	-88.209724	397.160000	0.0000	0.0000	0.000000	Horse Creek	13.6000	1190		CST			-1	-1	-1	0	0	0.0000	-1.0000	-1.0000	-1.0000	-1.0000	-1.0000	-1.0000	-1.0000	-1.0000	-1.0000	-1.0000	-1.0000	-1.0000	-1.0000	-1.0000	-1.0000	-1.0000	TN	0		-1.0000	-1	397.160013	None	None	-1	0	0	None	None	None	None	Stream	-1	-1	-1.000000	-1.000000	-1.000000	-1.000000		-1	-1
HOTN7	Walnut	HOTN7	35.883335	-82.739441	0.000000	0.0000	0.0000	0.000000	None	-1.0000	-1		EST			-1	-1	-1	0	0	0.0000	-1.0000	-1.0000	-1.0000	-1.0000	-1.0000	-1.0000	-1.0000	-1.0000	-1.0000	-1.0000	-1.0000	-1.0000	-1.0000	-1.0000	-1.0000	-1.0000	NC	0		-1.0000	-1	0.000000	Precip	None	-1	0	0	None	None	None	None	None	-1	-1	-1.000000	-1.000000	-1.000000	-1.000000		-1	-1
HPKK2	South Fork Little at Hopkinsville	HPKK2	36.849444	-87.428889	499.710000	0.0000	0.0000	0.000000	South Fork Little	6.8000	-1	3437495	CST			-1	-1	-1	0	0	0.0000	-1.0000	-1.0000	-1.0000	-1.0000	-1.0000	-1.0000	-1.0000	-1.0000	-1.0000	-1.0000	-1.0000	-1.0000	-1.0000	-1.0000	-1.0000	-1.0000	KY	0		-1.0000	-1	499.710016	Precip	None	-1	0	0	None	None	None	None	Stream	-1	-1	-1.000000	-1.000000	-1.000000	-1.000000		-1	-1
HRFT1	Pigeon at Waterville	HRFT1	35.783890	-83.112221	1360.000000	0.0000	0.0000	0.000000	Pigeon	-1.0000	350	3460795				-1	-1	-1	0	0	0.0000	-1.0000	-1.0000	-1.0000	-1.0000	-1.0000	-1.0000	-1.0000	-1.0000	-1.0000	-1.0000	-1.0000	-1.0000	-1.0000	-1.0000	-1.0000	-1.0000	TN	0		-1.0000	-1	1360.000044	None	None	-1	0	0	None	None	None	None	Stream	-1	-1	-1.000000	-1.000000	-1.000000	-1.000000		-1	-1
HRRT1	Hiwassee River above Reliance	HRRT1	35.188333	-84.502500	0.000000	0.0000	0.0000	0.000000	Hiwassee	-1.0000	-1	3556590	EST			-1	-1	-1	0	0	0.0000	-1.0000	-1.0000	-1.0000	-1.0000	-1.0000	-1.0000	-1.0000	-1.0000	-1.0000	-1.0000	-1.0000	-1.0000	-1.0000	-1.0000	-1.0000	-1.0000	TN	0		-1.0000	-1	0.000000	None	None	-1	0	0	None	None	None	None	None	-1	-1	-1.000000	-1.000000	-1.000000	-1.000000		-1	-1
HRSG1	Dial	HRSG1	34.760277	-84.218613	0.000000	0.0000	0.0000	0.000000	None	-1.0000	-1		EST			-1	-1	-1	0	0	0.0000	-1.0000	-1.0000	-1.0000	-1.0000	-1.0000	-1.0000	-1.0000	-1.0000	-1.0000	-1.0000	-1.0000	-1.0000	-1.0000	-1.0000	-1.0000	-1.0000	GA	0		-1.0000	-1	0.000000	Precip	None	-1	0	0	None	None	None	None	None	-1	-1	-1.000000	-1.000000	-1.000000	-1.000000		-1	-1
HSPN7	French Broad at Hot Springs	HSPN7	35.889721	-82.821114	1311.100000	0.0000	0.0000	0.000000	French Broad	-1.0000	285	3454500				-1	-1	-1	0	0	0.0000	-1.0000	-1.0000	-1.0000	-1.0000	-1.0000	-1.0000	-1.0000	-1.0000	-1.0000	-1.0000	-1.0000	-1.0000	-1.0000	-1.0000	-1.0000	-1.0000	NC	0		-1.0000	-1	1311.100108	None	None	-1	0	0	None	None	None	None	Stream	-1	-1	-1.000000	-1.000000	-1.000000	-1.000000		-1	-1
Huntsville_AL	Huntsville, AL	Huntsville_AL	34.570327	-86.561357	0.000000	0.0000	0.0000	0.000000	None	-1.0000	-1					-1	-1	-1	0	0	0.0000	-1.0000	-1.0000	-1.0000	-1.0000	-1.0000	-1.0000	-1.0000	-1.0000	-1.0000	-1.0000	-1.0000	-1.0000	-1.0000	-1.0000	-1.0000	-1.0000		0		-1.0000	-1	0.000000	None	None	-1	0	0	None	None	None	None	None	-1	-1	-1.000000	-1.000000	-1.000000	-1.000000		-1	-1
HURG1	Toccoa near Dial	HURG1	34.790279	-84.239166	1782.080000	0.0000	0.0000	0.000000	Toccoa	69.1000	770	3558000	EST			-1	-1	-1	0	0	0.0000	-1.0000	-1.0000	-1.0000	-1.0000	-1.0000	-1.0000	-1.0000	-1.0000	-1.0000	-1.0000	-1.0000	-1.0000	-1.0000	-1.0000	-1.0000	-1.0000	GA	0		-1.0000	-1	1782.080057	None	None	-1	0	0	None	None	None	None	Stream	-1	-1	-1.000000	-1.000000	-1.000000	-1.000000		-1	-1
HVLN7	Hendersonville	HVLN7	35.352222	-82.465279	0.000000	0.0000	0.0000	0.000000	None	-1.0000	-1		EST			-1	-1	-1	0	0	0.0000	-1.0000	-1.0000	-1.0000	-1.0000	-1.0000	-1.0000	-1.0000	-1.0000	-1.0000	-1.0000	-1.0000	-1.0000	-1.0000	-1.0000	-1.0000	-1.0000	NC	0		-1.0000	-1	0.000000	Precip	None	-1	0	0	None	None	None	None	None	-1	-1	-1.000000	-1.000000	-1.000000	-1.000000		-1	-1
HWEG1	Hiwassee nr Hiawassee	HWEG1	34.883888	-83.721664	2000.000000	0.0000	0.0000	0.000000	Hiwassee	-1.0000	700	3544970				-1	-1	-1	0	0	0.0000	-1.0000	-1.0000	-1.0000	-1.0000	-1.0000	-1.0000	-1.0000	-1.0000	-1.0000	-1.0000	-1.0000	-1.0000	-1.0000	-1.0000	-1.0000	-1.0000	GA	0		-1.0000	-1	2000.000064	Precip	None	-1	0	0	None	None	None	None	Stream	-1	-1	-1.000000	-1.000000	-1.000000	-1.000000		-1	-1
ICCN7	Cedar Cliff Dam	ICCN7	35.251667	-83.100281	0.000000	2230.0000	0.0000	0.000000	Tuckasegee	-1.0000	460					-1	-1	-1	0	0	0.0000	-1.0000	-1.0000	-1.0000	-1.0000	-1.0000	-1.0000	-1.0000	-1.0000	-1.0000	-1.0000	-1.0000	-1.0000	-1.0000	-1.0000	-1.0000	-1.0000	NC	0		-1.0000	-1	0.000000	None	None	-1	0	0	None	None	None	None	None	-1	-1	-1.000000	-1.000000	-1.000000	-1.000000		-1	-1
IRCT1	Shoal Creek at Iron City	IRCT1	35.024166	-87.578888	534.220000	0.0000	0.0000	0.000000	Shoal Creek	22.3000	1090	3588500	CST			-1	-1	-1	0	0	0.0000	-1.0000	-1.0000	-1.0000	-1.0000	-1.0000	-1.0000	-1.0000	-1.0000	-1.0000	-1.0000	-1.0000	-1.0000	-1.0000	-1.0000	-1.0000	-1.0000	TN	0		-1.0000	-1	534.220017	Precip	None	-1	0	0	None	None	None	None	Stream	-1	-1	-1.000000	-1.000000	-1.000000	-1.000000		-1	-1
Island_Home_Airport	Island Home Airport	Island_Home_Airport	35.961926	-83.864256	0.000000	0.0000	0.0000	0.000000	None	-1.0000	-1					-1	-1	-1	0	0	0.0000	-1.0000	-1.0000	-1.0000	-1.0000	-1.0000	-1.0000	-1.0000	-1.0000	-1.0000	-1.0000	-1.0000	-1.0000	-1.0000	-1.0000	-1.0000	-1.0000		0		-1.0000	-1	0.000000	None	None	-1	0	0	None	None	None	None	None	-1	-1	-1.000000	-1.000000	-1.000000	-1.000000		-1	-1
ISOT1	Isoline	ISOT1	36.078335	-85.061386	0.000000	0.0000	0.0000	0.000000	None	-1.0000	-1		CST			-1	-1	-1	0	0	0.0000	-1.0000	-1.0000	-1.0000	-1.0000	-1.0000	-1.0000	-1.0000	-1.0000	-1.0000	-1.0000	-1.0000	-1.0000	-1.0000	-1.0000	-1.0000	-1.0000	TN	0		-1.0000	-1	0.000000	Precip	None	-1	0	0	None	None	None	None	None	-1	-1	-1.000000	-1.000000	-1.000000	-1.000000		-1	-1
IVYN7	Ivy at Marshall	IVYN7	35.769722	-82.620834	0.000000	0.0000	0.0000	0.000000	Ivy	-1.0000	260					-1	-1	-1	0	0	0.0000	-1.0000	-1.0000	-1.0000	-1.0000	-1.0000	-1.0000	-1.0000	-1.0000	-1.0000	-1.0000	-1.0000	-1.0000	-1.0000	-1.0000	-1.0000	-1.0000	NC	0		-1.0000	-1	0.000000	None	None	-1	0	0	None	None	None	None	None	-1	-1	-1.000000	-1.000000	-1.000000	-1.000000		-1	-1
JAGT1	East Fork Obey nr Jamestown	JAGT1	36.416111	-85.026390	680.300000	0.0000	0.0000	0.000000	East Fork Obey	12.7000	-1	3414500	CST			-1	-1	-1	0	0	0.0000	-1.0000	-1.0000	-1.0000	-1.0000	-1.0000	-1.0000	-1.0000	-1.0000	-1.0000	-1.0000	-1.0000	-1.0000	-1.0000	-1.0000	-1.0000	-1.0000	TN	0		-1.0000	-1	680.300022	Precip	None	-1	0	0	None	None	None	None	Stream	-1	-1	-1.000000	-1.000000	-1.000000	-1.000000		-1	-1
JENT1	Jena	JENT1	35.653889	-84.151947	0.000000	0.0000	0.0000	0.000000	None	-1.0000	-1		EST			-1	-1	-1	0	0	0.0000	-1.0000	-1.0000	-1.0000	-1.0000	-1.0000	-1.0000	-1.0000	-1.0000	-1.0000	-1.0000	-1.0000	-1.0000	-1.0000	-1.0000	-1.0000	-1.0000	TN	0		-1.0000	-1	0.000000	Precip	None	-1	0	0	None	None	None	None	None	-1	-1	-1.000000	-1.000000	-1.000000	-1.000000		-1	-1
JNSV2	Powell nr Jonesville	JNSV2	36.661945	-83.094444	1259.080000	0.0000	0.0000	0.000000	Powell	143.1000	630	3531500	EST			-1	-1	-1	0	0	0.0000	-1.0000	-1.0000	-1.0000	-1.0000	-1.0000	-1.0000	-1.0000	-1.0000	-1.0000	-1.0000	-1.0000	-1.0000	-1.0000	-1.0000	-1.0000	-1.0000	VA	0		-1.0000	-1	1259.080040	None	None	-1	0	0	None	None	None	None	Stream	-1	-1	-1.000000	-1.000000	-1.000000	-1.000000		-1	-1
JNVT1	Johnsonville	JNVT1	36.030830	-87.975830	0.000000	0.0000	0.0000	0.000000	None	-1.0000	-1					-1	-1	-1	0	0	0.0000	-1.0000	-1.0000	-1.0000	-1.0000	-1.0000	-1.0000	-1.0000	-1.0000	-1.0000	-1.0000	-1.0000	-1.0000	-1.0000	-1.0000	-1.0000	-1.0000	TN	0		-1.0000	-1	0.000000	Precip	None	-1	0	0	TVA	Coal-fired	None	None	None	-1	-1	-1.000000	-1.000000	-1.000000	-1.000000		-1	-1
JOF	Johnsonville Fossil Plant	JOF	36.026199	-87.985901	0.000000	0.0000	0.0000	0.000000	None	-1.0000	-1					-1	-1	-1	0	0	0.0000	-1.0000	-1.0000	-1.0000	-1.0000	-1.0000	-1.0000	-1.0000	-1.0000	-1.0000	-1.0000	-1.0000	-1.0000	-1.0000	-1.0000	-1.0000	-1.0000		0		-1.0000	-1	0.000000	None	None	-1	0	0	TVA	Coal-fired	None	None	None	-1	-1	-1.000000	-1.000000	-1.000000	-1.000000		-1	-1
JOF-01	Johnsonville-Unit1	JOF	36.025987	-87.986004	0.000000	0.0000	0.0000	0.000000	None	-1.0000	-1					-1	-1	-1	0	0	0.0000	-1.0000	-1.0000	-1.0000	-1.0000	-1.0000	-1.0000	-1.0000	-1.0000	-1.0000	-1.0000	-1.0000	-1.0000	-1.0000	-1.0000	-1.0000	-1.0000		0		-1.0000	-1	0.000000	None	None	-1	0	0	None	None	None	None	None	-1	-1	-1.000000	-1.000000	-1.000000	-1.000000	Fossil	-1	104
JOF-02	Johnsonville-Unit2	JOF	36.025987	-87.986004	0.000000	0.0000	0.0000	0.000000	None	-1.0000	-1					-1	-1	-1	0	0	0.0000	-1.0000	-1.0000	-1.0000	-1.0000	-1.0000	-1.0000	-1.0000	-1.0000	-1.0000	-1.0000	-1.0000	-1.0000	-1.0000	-1.0000	-1.0000	-1.0000		0		-1.0000	-1	0.000000	None	None	-1	0	0	None	None	None	None	None	-1	-1	-1.000000	-1.000000	-1.000000	-1.000000	Fossil	-1	104
JOF-03	Johnsonville-Unit3	JOF	36.025987	-87.986004	0.000000	0.0000	0.0000	0.000000	None	-1.0000	-1					-1	-1	-1	0	0	0.0000	-1.0000	-1.0000	-1.0000	-1.0000	-1.0000	-1.0000	-1.0000	-1.0000	-1.0000	-1.0000	-1.0000	-1.0000	-1.0000	-1.0000	-1.0000	-1.0000		0		-1.0000	-1	0.000000	None	None	-1	0	0	None	None	None	None	None	-1	-1	-1.000000	-1.000000	-1.000000	-1.000000	Fossil	-1	104
JOF-04	Johnsonville-Unit4	JOF	36.025987	-87.986004	0.000000	0.0000	0.0000	0.000000	None	-1.0000	-1					-1	-1	-1	0	0	0.0000	-1.0000	-1.0000	-1.0000	-1.0000	-1.0000	-1.0000	-1.0000	-1.0000	-1.0000	-1.0000	-1.0000	-1.0000	-1.0000	-1.0000	-1.0000	-1.0000		0		-1.0000	-1	0.000000	None	None	-1	0	0	None	None	None	None	None	-1	-1	-1.000000	-1.000000	-1.000000	-1.000000	Fossil	-1	104
JOF-05	Johnsonville-Unit5	JOF	36.025987	-87.986004	0.000000	0.0000	0.0000	0.000000	None	-1.0000	-1					-1	-1	-1	0	0	0.0000	-1.0000	-1.0000	-1.0000	-1.0000	-1.0000	-1.0000	-1.0000	-1.0000	-1.0000	-1.0000	-1.0000	-1.0000	-1.0000	-1.0000	-1.0000	-1.0000		0		-1.0000	-1	0.000000	None	None	-1	0	0	None	None	None	None	None	-1	-1	-1.000000	-1.000000	-1.000000	-1.000000	Fossil	-1	104
JOF-06	Johnsonville-Unit6	JOF	36.025987	-87.986004	0.000000	0.0000	0.0000	0.000000	None	-1.0000	-1					-1	-1	-1	0	0	0.0000	-1.0000	-1.0000	-1.0000	-1.0000	-1.0000	-1.0000	-1.0000	-1.0000	-1.0000	-1.0000	-1.0000	-1.0000	-1.0000	-1.0000	-1.0000	-1.0000		0		-1.0000	-1	0.000000	None	None	-1	0	0	None	None	None	None	None	-1	-1	-1.000000	-1.000000	-1.000000	-1.000000	Fossil	-1	104
JOF-07	Johnsonville-Unit7	JOF	36.025987	-87.986004	0.000000	0.0000	0.0000	0.000000	None	-1.0000	-1					-1	-1	-1	0	0	0.0000	-1.0000	-1.0000	-1.0000	-1.0000	-1.0000	-1.0000	-1.0000	-1.0000	-1.0000	-1.0000	-1.0000	-1.0000	-1.0000	-1.0000	-1.0000	-1.0000		0		-1.0000	-1	0.000000	None	None	-1	0	0	None	None	None	None	None	-1	-1	-1.000000	-1.000000	-1.000000	-1.000000	Fossil	-1	104
JOF-08	Johnsonville-Unit8	JOF	36.025987	-87.986004	0.000000	0.0000	0.0000	0.000000	None	-1.0000	-1					-1	-1	-1	0	0	0.0000	-1.0000	-1.0000	-1.0000	-1.0000	-1.0000	-1.0000	-1.0000	-1.0000	-1.0000	-1.0000	-1.0000	-1.0000	-1.0000	-1.0000	-1.0000	-1.0000		0		-1.0000	-1	0.000000	None	None	-1	0	0	None	None	None	None	None	-1	-1	-1.000000	-1.000000	-1.000000	-1.000000	Fossil	-1	104
JOF-09	Johnsonville-Unit9	JOF	36.025987	-87.986004	0.000000	0.0000	0.0000	0.000000	None	-1.0000	-1					-1	-1	-1	0	0	0.0000	-1.0000	-1.0000	-1.0000	-1.0000	-1.0000	-1.0000	-1.0000	-1.0000	-1.0000	-1.0000	-1.0000	-1.0000	-1.0000	-1.0000	-1.0000	-1.0000		0		-1.0000	-1	0.000000	None	None	-1	0	0	None	None	None	None	None	-1	-1	-1.000000	-1.000000	-1.000000	-1.000000	Fossil	-1	104
JOF-10	Johnsonville-Unit10	JOF	36.025987	-87.986004	0.000000	0.0000	0.0000	0.000000	None	-1.0000	-1					-1	-1	-1	0	0	0.0000	-1.0000	-1.0000	-1.0000	-1.0000	-1.0000	-1.0000	-1.0000	-1.0000	-1.0000	-1.0000	-1.0000	-1.0000	-1.0000	-1.0000	-1.0000	-1.0000		0		-1.0000	-1	0.000000	None	None	-1	0	0	None	None	None	None	None	-1	-1	-1.000000	-1.000000	-1.000000	-1.000000	Fossil	-1	104
JOF-11	Johnsonville-Unit11	JOF	36.025987	-87.986004	0.000000	0.0000	0.0000	0.000000	None	-1.0000	-1					-1	-1	-1	0	0	0.0000	-1.0000	-1.0000	-1.0000	-1.0000	-1.0000	-1.0000	-1.0000	-1.0000	-1.0000	-1.0000	-1.0000	-1.0000	-1.0000	-1.0000	-1.0000	-1.0000		0		-1.0000	-1	0.000000	None	None	-1	0	0	None	None	None	None	None	-1	-1	-1.000000	-1.000000	-1.000000	-1.000000	Fossil	-1	104
JPHT1	J Percy Priest Dam	JPHT1	36.148888	-86.619446	0.000000	0.0000	0.0000	0.000000	Stones	6.8000	-1		CST		P2H	1	30	30	0	0	0.0000	48.0000	-1.0000	-1.0000	-1.0000	-1.0000	-1.0000	-1.0000	463.5000	-1.0000	504.5000	518.0000	-1.0000	-1.0000	-1.0000	-1.0000	-1.0000	TN	0	CORPS	-1.0000	-1	0.000000	Precip	None	-1	35	0	Cumberland	Non-hydropower	JPer	JPer	None	-1	-1	-1.000000	-1.000000	-1.000000	-1.000000		-1	-1
JPP-01	J. Percy Priest-Unit1	JPHT1	36.156389	-86.618611	0.000000	0.0000	0.0000	0.000000	None	-1.0000	-1					-1	-1	-1	0	0	0.0000	-1.0000	-1.0000	-1.0000	-1.0000	-1.0000	-1.0000	-1.0000	-1.0000	-1.0000	-1.0000	-1.0000	-1.0000	-1.0000	-1.0000	-1.0000	-1.0000		0		-1.0000	-1	0.000000	None	None	-1	0	0	None	None	None	None	None	-1	-1	-1.000000	-1.000000	-1.000000	-1.000000	USACE	-1	28
JSC-01	John Sevier-Unit1	JSST1	36.378510	-82.960843	0.000000	0.0000	0.0000	0.000000	None	-1.0000	-1					-1	-1	-1	0	0	0.0000	-1.0000	-1.0000	-1.0000	-1.0000	-1.0000	-1.0000	-1.0000	-1.0000	-1.0000	-1.0000	-1.0000	-1.0000	-1.0000	-1.0000	-1.0000	-1.0000		0		-1.0000	-1	0.000000	None	None	-1	0	0	None	None	None	None	None	-1	-1	-1.000000	-1.000000	-1.000000	-1.000000	Combined Cycle	-1	-1
JSC-02	John Sevier-Unit2	JSST1	36.378510	-82.960843	0.000000	0.0000	0.0000	0.000000	None	-1.0000	-1					-1	-1	-1	0	0	0.0000	-1.0000	-1.0000	-1.0000	-1.0000	-1.0000	-1.0000	-1.0000	-1.0000	-1.0000	-1.0000	-1.0000	-1.0000	-1.0000	-1.0000	-1.0000	-1.0000		0		-1.0000	-1	0.000000	None	None	-1	0	0	None	None	None	None	None	-1	-1	-1.000000	-1.000000	-1.000000	-1.000000	Combined Cycle	-1	-1
JSC-03	John Sevier-Unit3	JSST1	36.378510	-82.960843	0.000000	0.0000	0.0000	0.000000	None	-1.0000	-1					-1	-1	-1	0	0	0.0000	-1.0000	-1.0000	-1.0000	-1.0000	-1.0000	-1.0000	-1.0000	-1.0000	-1.0000	-1.0000	-1.0000	-1.0000	-1.0000	-1.0000	-1.0000	-1.0000		0		-1.0000	-1	0.000000	None	None	-1	0	0	None	None	None	None	None	-1	-1	-1.000000	-1.000000	-1.000000	-1.000000	Combined Cycle	-1	-1
JSF-01	John Sevier-Unit1	JSST1	36.378510	-82.960843	0.000000	0.0000	0.0000	0.000000	None	-1.0000	-1					-1	-1	-1	0	0	0.0000	-1.0000	-1.0000	-1.0000	-1.0000	-1.0000	-1.0000	-1.0000	-1.0000	-1.0000	-1.0000	-1.0000	-1.0000	-1.0000	-1.0000	-1.0000	-1.0000		0		-1.0000	-1	0.000000	None	None	-1	0	0	None	None	None	None	None	-1	-1	-1.000000	-1.000000	-1.000000	-1.000000	Fossil	-1	-1
JSF-02	John Sevier-Unit2	JSST1	36.378510	-82.960843	0.000000	0.0000	0.0000	0.000000	None	-1.0000	-1					-1	-1	-1	0	0	0.0000	-1.0000	-1.0000	-1.0000	-1.0000	-1.0000	-1.0000	-1.0000	-1.0000	-1.0000	-1.0000	-1.0000	-1.0000	-1.0000	-1.0000	-1.0000	-1.0000		0		-1.0000	-1	0.000000	None	None	-1	0	0	None	None	None	None	None	-1	-1	-1.000000	-1.000000	-1.000000	-1.000000	Fossil	-1	-1
JSF-03	John Sevier-Unit3	JSST1	36.378510	-82.960843	0.000000	0.0000	0.0000	0.000000	None	-1.0000	-1					-1	-1	-1	0	0	0.0000	-1.0000	-1.0000	-1.0000	-1.0000	-1.0000	-1.0000	-1.0000	-1.0000	-1.0000	-1.0000	-1.0000	-1.0000	-1.0000	-1.0000	-1.0000	-1.0000		0		-1.0000	-1	0.000000	None	None	-1	0	0	None	None	None	None	None	-1	-1	-1.000000	-1.000000	-1.000000	-1.000000	Fossil	-1	-1
JSF-04	John Sevier-Unit4	JSST1	36.378510	-82.960843	0.000000	0.0000	0.0000	0.000000	None	-1.0000	-1					-1	-1	-1	0	0	0.0000	-1.0000	-1.0000	-1.0000	-1.0000	-1.0000	-1.0000	-1.0000	-1.0000	-1.0000	-1.0000	-1.0000	-1.0000	-1.0000	-1.0000	-1.0000	-1.0000		0		-1.0000	-1	0.000000	None	None	-1	0	0	None	None	None	None	None	-1	-1	-1.000000	-1.000000	-1.000000	-1.000000	Fossil	-1	-1
JSF-bypass dam-(2)	JSF-(2)	JSST1	36.380984	-82.961916	0.000000	0.0000	0.0000	0.000000	None	-1.0000	-1				JSF	-1	-1	-1	0	0	0.0000	-1.0000	-1.0000	-1.0000	-1.0000	-1.0000	-1.0000	-1.0000	-1.0000	-1.0000	-1.0000	-1.0000	-1.0000	-1.0000	-1.0000	-1.0000	-1.0000		0	TVA	-1.0000	-1	0.000000	None	None	-1	0	0	None	None	None	None	None	61	2	-1.000000	-1.000000	-1.000000	-1.000000		-1	-1
JSF-DS	John Sevier-Downstream	JSST1	36.378510	-82.960843	0.000000	0.0000	0.0000	0.000000	None	-1.0000	-1					-1	-1	-1	0	0	0.0000	-1.0000	-1.0000	-1.0000	-1.0000	-1.0000	-1.0000	-1.0000	-1.0000	-1.0000	-1.0000	-1.0000	-1.0000	-1.0000	-1.0000	-1.0000	-1.0000		0		-1.0000	-1	0.000000	None	None	-1	0	0	None	None	None	None	None	-1	-1	-1.000000	-1.000000	-1.000000	-1.000000	Other	-1	-1
JSST1	John Sevier Combined Cycle Plant	JSST1	36.376110	-82.961113	0.000000	1000.0000	0.0000	0.000000	Holston	106.6000	160		EST		JSF	-1	-1	-1	0	0	0.0000	69.0000	-1.0000	-1.0000	-1.0000	-1.0000	-1.0000	-1.0000	1090.0000	-1.0000	-1.0000	1103.0000	-1.0000	0.1000	-1.0000	-1.0000	-1.0000	TN	0	TVA	-1.0000	-1	0.000000	Precip	None	-1	0	0	TVA	Combined Cycle	None	None	None	-1	-1	-1.000000	-1.000000	-1.000000	-1.000000		-1	-1
KAVL	Asheville Airport	KAVL	35.436077	-82.541298	0.000000	0.0000	0.0000	0.000000	None	-1.0000	-1		EST			-1	-1	-1	0	0	0.0000	-1.0000	-1.0000	-1.0000	-1.0000	-1.0000	-1.0000	-1.0000	-1.0000	-1.0000	-1.0000	-1.0000	-1.0000	-1.0000	-1.0000	-1.0000	-1.0000		0		-1.0000	-1	0.000000	None	None	-1	0	0	None	None	None	None	None	-1	-1	-1.000000	-1.000000	-1.000000	-1.000000		-1	-1
KBNA	Nashville Airport	KBNA	36.116665	-86.683334	0.000000	0.0000	0.0000	0.000000	None	-1.0000	-1		CST			-1	-1	-1	0	0	0.0000	-1.0000	-1.0000	-1.0000	-1.0000	-1.0000	-1.0000	-1.0000	-1.0000	-1.0000	-1.0000	-1.0000	-1.0000	-1.0000	-1.0000	-1.0000	-1.0000		0		-1.0000	-1	0.000000	None	None	-1	0	0	None	None	None	None	None	-1	-1	-1.000000	-1.000000	-1.000000	-1.000000		-1	-1
KCHA	Chattanooga Airport	KCHA	35.033333	-85.199997	0.000000	0.0000	0.0000	0.000000	None	-1.0000	-1		EST			-1	-1	-1	0	0	0.0000	-1.0000	-1.0000	-1.0000	-1.0000	-1.0000	-1.0000	-1.0000	-1.0000	-1.0000	-1.0000	-1.0000	-1.0000	-1.0000	-1.0000	-1.0000	-1.0000		0		-1.0000	-1	0.000000	None	None	-1	0	0	None	None	None	None	None	-1	-1	-1.000000	-1.000000	-1.000000	-1.000000		-1	-1
KGTT1	Tennessee nr Kingston	KGTT1	35.856388	-84.529167	700.000000	0.0000	0.0000	0.000000	Tennessee	568.1000	620		EST			-1	-1	-1	0	0	0.0000	-1.0000	-1.0000	-1.0000	-1.0000	-1.0000	-1.0000	-1.0000	-1.0000	-1.0000	-1.0000	-1.0000	-1.0000	-1.0000	-1.0000	-1.0000	-1.0000	TN	0		-1.0000	-1	700.000351	None	None	-1	0	0	None	None	None	None	Stream	-1	-1	-1.000000	-1.000000	-1.000000	-1.000000		-1	-1
KHSV	Huntsville Airport	KHSV	34.643890	-86.768890	0.000000	0.0000	0.0000	0.000000	None	-1.0000	-1		CST			-1	-1	-1	0	0	0.0000	-1.0000	-1.0000	-1.0000	-1.0000	-1.0000	-1.0000	-1.0000	-1.0000	-1.0000	-1.0000	-1.0000	-1.0000	-1.0000	-1.0000	-1.0000	-1.0000		0		-1.0000	-1	0.000000	None	None	-1	0	0	None	None	None	None	None	-1	-1	-1.000000	-1.000000	-1.000000	-1.000000		-1	-1
KIF-01	Kingston-Unit1	KNST1	35.900401	-84.517307	0.000000	0.0000	0.0000	0.000000	None	-1.0000	-1					-1	-1	-1	0	0	0.0000	-1.0000	-1.0000	-1.0000	-1.0000	-1.0000	-1.0000	-1.0000	-1.0000	-1.0000	-1.0000	-1.0000	-1.0000	-1.0000	-1.0000	-1.0000	-1.0000		0		-1.0000	-1	0.000000	None	None	-1	0	0	None	None	None	None	None	-1	-1	-1.000000	-1.000000	-1.000000	-1.000000	Fossil	-1	133
KIF-02	Kingston-Unit2	KNST1	35.900401	-84.517307	0.000000	0.0000	0.0000	0.000000	None	-1.0000	-1					-1	-1	-1	0	0	0.0000	-1.0000	-1.0000	-1.0000	-1.0000	-1.0000	-1.0000	-1.0000	-1.0000	-1.0000	-1.0000	-1.0000	-1.0000	-1.0000	-1.0000	-1.0000	-1.0000		0		-1.0000	-1	0.000000	None	None	-1	0	0	None	None	None	None	None	-1	-1	-1.000000	-1.000000	-1.000000	-1.000000	Fossil	-1	133
KIF-03	Kingston-Unit3	KNST1	35.900401	-84.517307	0.000000	0.0000	0.0000	0.000000	None	-1.0000	-1					-1	-1	-1	0	0	0.0000	-1.0000	-1.0000	-1.0000	-1.0000	-1.0000	-1.0000	-1.0000	-1.0000	-1.0000	-1.0000	-1.0000	-1.0000	-1.0000	-1.0000	-1.0000	-1.0000		0		-1.0000	-1	0.000000	None	None	-1	0	0	None	None	None	None	None	-1	-1	-1.000000	-1.000000	-1.000000	-1.000000	Fossil	-1	133
KIF-04	Kingston-Unit4	KNST1	35.900401	-84.517307	0.000000	0.0000	0.0000	0.000000	None	-1.0000	-1					-1	-1	-1	0	0	0.0000	-1.0000	-1.0000	-1.0000	-1.0000	-1.0000	-1.0000	-1.0000	-1.0000	-1.0000	-1.0000	-1.0000	-1.0000	-1.0000	-1.0000	-1.0000	-1.0000		0		-1.0000	-1	0.000000	None	None	-1	0	0	None	None	None	None	None	-1	-1	-1.000000	-1.000000	-1.000000	-1.000000	Fossil	-1	133
KIF-05	Kingston-Unit5	KNST1	35.900401	-84.517307	0.000000	0.0000	0.0000	0.000000	None	-1.0000	-1					-1	-1	-1	0	0	0.0000	-1.0000	-1.0000	-1.0000	-1.0000	-1.0000	-1.0000	-1.0000	-1.0000	-1.0000	-1.0000	-1.0000	-1.0000	-1.0000	-1.0000	-1.0000	-1.0000		0		-1.0000	-1	0.000000	None	None	-1	0	0	None	None	None	None	None	-1	-1	-1.000000	-1.000000	-1.000000	-1.000000	Fossil	-1	133
KIF-06	Kingston-Unit6	KNST1	35.900401	-84.517307	0.000000	0.0000	0.0000	0.000000	None	-1.0000	-1					-1	-1	-1	0	0	0.0000	-1.0000	-1.0000	-1.0000	-1.0000	-1.0000	-1.0000	-1.0000	-1.0000	-1.0000	-1.0000	-1.0000	-1.0000	-1.0000	-1.0000	-1.0000	-1.0000		0		-1.0000	-1	0.000000	None	None	-1	0	0	None	None	None	None	None	-1	-1	-1.000000	-1.000000	-1.000000	-1.000000	Fossil	-1	133
KIF-07	Kingston-Unit7	KNST1	35.900401	-84.517307	0.000000	0.0000	0.0000	0.000000	None	-1.0000	-1					-1	-1	-1	0	0	0.0000	-1.0000	-1.0000	-1.0000	-1.0000	-1.0000	-1.0000	-1.0000	-1.0000	-1.0000	-1.0000	-1.0000	-1.0000	-1.0000	-1.0000	-1.0000	-1.0000		0		-1.0000	-1	0.000000	None	None	-1	0	0	None	None	None	None	None	-1	-1	-1.000000	-1.000000	-1.000000	-1.000000	Fossil	-1	133
KIF-08	Kingston-Unit8	KNST1	35.900401	-84.517307	0.000000	0.0000	0.0000	0.000000	None	-1.0000	-1					-1	-1	-1	0	0	0.0000	-1.0000	-1.0000	-1.0000	-1.0000	-1.0000	-1.0000	-1.0000	-1.0000	-1.0000	-1.0000	-1.0000	-1.0000	-1.0000	-1.0000	-1.0000	-1.0000		0		-1.0000	-1	0.000000	None	None	-1	0	0	None	None	None	None	None	-1	-1	-1.000000	-1.000000	-1.000000	-1.000000	Fossil	-1	133
KIF-09	Kingston-Unit9	KNST1	35.900401	-84.517307	0.000000	0.0000	0.0000	0.000000	None	-1.0000	-1					-1	-1	-1	0	0	0.0000	-1.0000	-1.0000	-1.0000	-1.0000	-1.0000	-1.0000	-1.0000	-1.0000	-1.0000	-1.0000	-1.0000	-1.0000	-1.0000	-1.0000	-1.0000	-1.0000		0		-1.0000	-1	0.000000	None	None	-1	0	0	None	None	None	None	None	-1	-1	-1.000000	-1.000000	-1.000000	-1.000000	Fossil	-1	133
KIF-unit 2(3)	KNF-(3)	KNST1	35.900430	-84.517331	0.000000	0.0000	0.0000	0.000000	None	-1.0000	-1				KIF	-1	-1	-1	0	0	0.0000	-1.0000	-1.0000	-1.0000	-1.0000	-1.0000	-1.0000	-1.0000	-1.0000	-1.0000	-1.0000	-1.0000	-1.0000	-1.0000	-1.0000	-1.0000	-1.0000		0	TVA	-1.0000	-1	0.000000	None	None	-1	0	0	None	None	None	None	None	74	3	-1.000000	-1.000000	-1.000000	-1.000000		-1	-1
KIF-unit 5(3)	KNF-(3)	KNST1	35.900430	-84.517331	0.000000	0.0000	0.0000	0.000000	None	-1.0000	-1				KIF	-1	-1	-1	0	0	0.0000	-1.0000	-1.0000	-1.0000	-1.0000	-1.0000	-1.0000	-1.0000	-1.0000	-1.0000	-1.0000	-1.0000	-1.0000	-1.0000	-1.0000	-1.0000	-1.0000		0	TVA	-1.0000	-1	0.000000	None	None	-1	0	0	None	None	None	None	None	74	3	-1.000000	-1.000000	-1.000000	-1.000000		-1	-1
KIF-unit 8(3)	KNF-(3)	KNST1	35.900430	-84.517331	0.000000	0.0000	0.0000	0.000000	None	-1.0000	-1				KIF	-1	-1	-1	0	0	0.0000	-1.0000	-1.0000	-1.0000	-1.0000	-1.0000	-1.0000	-1.0000	-1.0000	-1.0000	-1.0000	-1.0000	-1.0000	-1.0000	-1.0000	-1.0000	-1.0000		0	TVA	-1.0000	-1	0.000000	None	None	-1	0	0	None	None	None	None	None	74	3	-1.000000	-1.000000	-1.000000	-1.000000		-1	-1
KIF-weir-(3)	KNF-(3)	KNST1	35.900430	-84.517331	0.000000	0.0000	0.0000	0.000000	None	-1.0000	-1				KIF	-1	-1	-1	0	0	0.0000	-1.0000	-1.0000	-1.0000	-1.0000	-1.0000	-1.0000	-1.0000	-1.0000	-1.0000	-1.0000	-1.0000	-1.0000	-1.0000	-1.0000	-1.0000	-1.0000		0	TVA	-1.0000	-1	0.000000	None	None	-1	0	0	None	None	None	None	None	74	3	-1.000000	-1.000000	-1.000000	-1.000000		-1	-1
KIF_evap	KIF_evap	KNST1	35.900430	-84.517331	0.000000	0.0000	0.0000	0.000000	None	-1.0000	-1				KIF	-1	-1	-1	0	0	0.0000	-1.0000	-1.0000	-1.0000	-1.0000	-1.0000	-1.0000	-1.0000	-1.0000	-1.0000	-1.0000	-1.0000	-1.0000	-1.0000	-1.0000	-1.0000	-1.0000		0	TVA	-1.0000	-1	0.000000	None	None	-1	0	0	None	None	None	None	None	-1	-1	-1.000000	-1.000000	-1.000000	-1.000000		-1	-1
KIFBranch1	KIFBranch1	KNST1	0.000000	0.000000	0.000000	0.0000	0.0000	0.000000	None	-1.0000	-1				KIF	-1	-1	-1	0	0	0.0000	-1.0000	-1.0000	-1.0000	-1.0000	-1.0000	-1.0000	-1.0000	-1.0000	-1.0000	-1.0000	-1.0000	-1.0000	-1.0000	-1.0000	-1.0000	-1.0000		0	TVA	-1.0000	-1	0.000000	None	None	-1	0	0	None	None	None	None	None	-1	-1	-1.000000	-1.000000	-1.000000	-1.000000		-1	-1
KINGSTON_CE-QUAL-W2_mainstem	KINGSTON_CE-QUAL-W2_mainstem	KNST1	0.000000	0.000000	0.000000	0.0000	0.0000	0.000000	None	-1.0000	-1					-1	-1	-1	0	0	0.0000	-1.0000	-1.0000	-1.0000	-1.0000	-1.0000	-1.0000	-1.0000	-1.0000	-1.0000	-1.0000	-1.0000	-1.0000	-1.0000	-1.0000	-1.0000	-1.0000		0	TVA	-1.0000	-1	0.000000	None	None	-1	0	0	None	None	None	None	None	-1	-1	-1.000000	-1.000000	-1.000000	-1.000000		-1	-1
KINGSTON_CE-QUAL-W2_mainstem_DO	KINGSTON_CE-QUAL-W2_mainstem_DO	KNST1	0.000000	0.000000	0.000000	0.0000	0.0000	0.000000	None	-1.0000	-1					-1	-1	-1	0	0	0.0000	-1.0000	-1.0000	-1.0000	-1.0000	-1.0000	-1.0000	-1.0000	-1.0000	-1.0000	-1.0000	-1.0000	-1.0000	-1.0000	-1.0000	-1.0000	-1.0000		0	TVA	-1.0000	-1	0.000000	None	None	-1	0	0	None	None	None	None	None	-1	-1	-1.000000	-1.000000	-1.000000	-1.000000		-1	-1
KINGSTON_CE-QUAL-W2_v4_mainstem	KINGSTON_CE-QUAL-W2_v4_mainstem	KNST1	0.000000	0.000000	0.000000	0.0000	0.0000	0.000000	None	-1.0000	-1					-1	-1	-1	0	0	0.0000	-1.0000	-1.0000	-1.0000	-1.0000	-1.0000	-1.0000	-1.0000	-1.0000	-1.0000	-1.0000	-1.0000	-1.0000	-1.0000	-1.0000	-1.0000	-1.0000		0	TVA	-1.0000	-1	0.000000	None	None	-1	0	0	None	None	None	None	None	-1	-1	-1.000000	-1.000000	-1.000000	-1.000000		-1	-1
KingstonDischarge	Kingston Discharge W2 profiles	KingstonDischarge	35.901943	-84.518608	0.000000	0.0000	0.0000	0.000000	None	-1.0000	-1					-1	-1	-1	0	0	0.0000	-1.0000	-1.0000	-1.0000	-1.0000	-1.0000	-1.0000	-1.0000	-1.0000	-1.0000	-1.0000	-1.0000	-1.0000	-1.0000	-1.0000	-1.0000	-1.0000		0		-1.0000	-1	0.000000	None	None	-1	0	0	None	None	None	None	None	-1	-1	-1.000000	-1.000000	-1.000000	-1.000000		-1	-1
KingstonIntake	Kingston Intake W2 profiles	KingstonIntake	35.901943	-84.518608	0.000000	0.0000	0.0000	0.000000	None	-1.0000	-1					-1	-1	-1	0	0	0.0000	-1.0000	-1.0000	-1.0000	-1.0000	-1.0000	-1.0000	-1.0000	-1.0000	-1.0000	-1.0000	-1.0000	-1.0000	-1.0000	-1.0000	-1.0000	-1.0000		0		-1.0000	-1	0.000000	None	None	-1	0	0	None	None	None	None	None	-1	-1	-1.000000	-1.000000	-1.000000	-1.000000		-1	-1
KINT1	Harpeth nr Kingston Springs	KINT1	36.121944	-87.098892	447.040000	0.0000	0.0000	0.000000	Harpeth	32.4000	-1	3434500	CST			-1	-1	-1	0	0	0.0000	-1.0000	-1.0000	-1.0000	-1.0000	-1.0000	-1.0000	-1.0000	-1.0000	-1.0000	-1.0000	-1.0000	-1.0000	-1.0000	-1.0000	-1.0000	-1.0000	TN	0		-1.0000	-1	447.040014	Precip	None	-1	0	0	None	None	None	None	Stream	-1	-1	-1.000000	-1.000000	-1.000000	-1.000000		-1	-1
KMEM	Memphis Airport	KMEM	35.049999	-90.000000	0.000000	0.0000	0.0000	0.000000	None	-1.0000	-1		CST			-1	-1	-1	0	0	0.0000	-1.0000	-1.0000	-1.0000	-1.0000	-1.0000	-1.0000	-1.0000	-1.0000	-1.0000	-1.0000	-1.0000	-1.0000	-1.0000	-1.0000	-1.0000	-1.0000		0		-1.0000	-1	0.000000	None	None	-1	0	0	None	None	None	None	None	-1	-1	-1.000000	-1.000000	-1.000000	-1.000000		-1	-1
KNOT1	Tennessee blw Knoxville	KNOT1	35.945557	-83.946388	800.000000	0.0000	0.0000	0.000000	Tennessee	645.1000	390	3497000	EST			-1	-1	-1	0	0	0.0000	-1.0000	-1.0000	-1.0000	-1.0000	-1.0000	-1.0000	-1.0000	-1.0000	-1.0000	-1.0000	-1.0000	-1.0000	-1.0000	-1.0000	-1.0000	-1.0000	TN	0		817.0000	-1	800.000026	None	None	-1	0	0	None	None	None	None	Stream	-1	-1	-1.000000	-1.000000	-1.000000	-1.000000		-1	-1
KNST1	Kingston Fossil Plant	KNST1	35.901943	-84.518608	0.000000	0.0000	0.0000	0.000000	None	-1.0000	-1		EST			-1	-1	-1	0	0	0.0000	-1.0000	-1.0000	-1.0000	-1.0000	-1.0000	-1.0000	-1.0000	-1.0000	-1.0000	-1.0000	-1.0000	-1.0000	-1.0000	-1.0000	-1.0000	-1.0000	TN	0		-1.0000	-1	0.000000	Precip	None	-1	0	0	TVA	Coal-fired	KNS	KNS	None	-1	-1	-1.000000	-1.000000	-1.000000	-1.000000		-1	-1
KNST1_Discharge_215.18	KNST1_Discharge_215.18	KingstonDischarge	0.000000	0.000000	0.000000	0.0000	0.0000	0.000000	None	-1.0000	-1					-1	-1	-1	0	0	0.0000	-1.0000	-1.0000	-1.0000	-1.0000	-1.0000	-1.0000	-1.0000	-1.0000	-1.0000	-1.0000	-1.0000	-1.0000	-1.0000	-1.0000	-1.0000	-1.0000		0	TVA	-1.0000	-1	0.000000	None	None	-1	0	0	None	None	None	None	None	-1	-1	-1.000000	-1.000000	-1.000000	-1.000000		-1	-1
KNST1_Discharge_217.18	KNST1_Discharge_217.18	KingstonDischarge	0.000000	0.000000	0.000000	0.0000	0.0000	0.000000	None	-1.0000	-1					-1	-1	-1	0	0	0.0000	-1.0000	-1.0000	-1.0000	-1.0000	-1.0000	-1.0000	-1.0000	-1.0000	-1.0000	-1.0000	-1.0000	-1.0000	-1.0000	-1.0000	-1.0000	-1.0000		0	TVA	-1.0000	-1	0.000000	None	None	-1	0	0	None	None	None	None	None	-1	-1	-1.000000	-1.000000	-1.000000	-1.000000		-1	-1
KNST1_Discharge_219.18	KNST1_Discharge_219.18	KingstonDischarge	0.000000	0.000000	0.000000	0.0000	0.0000	0.000000	None	-1.0000	-1					-1	-1	-1	0	0	0.0000	-1.0000	-1.0000	-1.0000	-1.0000	-1.0000	-1.0000	-1.0000	-1.0000	-1.0000	-1.0000	-1.0000	-1.0000	-1.0000	-1.0000	-1.0000	-1.0000		0	TVA	-1.0000	-1	0.000000	None	None	-1	0	0	None	None	None	None	None	-1	-1	-1.000000	-1.000000	-1.000000	-1.000000		-1	-1
KNST1_Discharge_220.37	KNST1_Discharge_220.37	KingstonDischarge	0.000000	0.000000	0.000000	0.0000	0.0000	0.000000	None	-1.0000	-1					-1	-1	-1	0	0	0.0000	-1.0000	-1.0000	-1.0000	-1.0000	-1.0000	-1.0000	-1.0000	-1.0000	-1.0000	-1.0000	-1.0000	-1.0000	-1.0000	-1.0000	-1.0000	-1.0000		0	TVA	-1.0000	-1	0.000000	None	None	-1	0	0	None	None	None	None	None	-1	-1	-1.000000	-1.000000	-1.000000	-1.000000		-1	-1
KNST1_Discharge_221.18	KNST1_Discharge_221.18	KingstonDischarge	0.000000	0.000000	0.000000	0.0000	0.0000	0.000000	None	-1.0000	-1					-1	-1	-1	0	0	0.0000	-1.0000	-1.0000	-1.0000	-1.0000	-1.0000	-1.0000	-1.0000	-1.0000	-1.0000	-1.0000	-1.0000	-1.0000	-1.0000	-1.0000	-1.0000	-1.0000		0	TVA	-1.0000	-1	0.000000	None	None	-1	0	0	None	None	None	None	None	-1	-1	-1.000000	-1.000000	-1.000000	-1.000000		-1	-1
KNST1_Discharge_222.18	KNST1_Discharge_222.18	KingstonDischarge	0.000000	0.000000	0.000000	0.0000	0.0000	0.000000	None	-1.0000	-1					-1	-1	-1	0	0	0.0000	-1.0000	-1.0000	-1.0000	-1.0000	-1.0000	-1.0000	-1.0000	-1.0000	-1.0000	-1.0000	-1.0000	-1.0000	-1.0000	-1.0000	-1.0000	-1.0000		0	TVA	-1.0000	-1	0.000000	None	None	-1	0	0	None	None	None	None	None	-1	-1	-1.000000	-1.000000	-1.000000	-1.000000		-1	-1
KNST1_Discharge_223.18	KNST1_Discharge_223.18	KingstonDischarge	0.000000	0.000000	0.000000	0.0000	0.0000	0.000000	None	-1.0000	-1					-1	-1	-1	0	0	0.0000	-1.0000	-1.0000	-1.0000	-1.0000	-1.0000	-1.0000	-1.0000	-1.0000	-1.0000	-1.0000	-1.0000	-1.0000	-1.0000	-1.0000	-1.0000	-1.0000		0	TVA	-1.0000	-1	0.000000	None	None	-1	0	0	None	None	None	None	None	-1	-1	-1.000000	-1.000000	-1.000000	-1.000000		-1	-1
KNST1_Discharge_224.18	KNST1_Discharge_224.18	KingstonDischarge	0.000000	0.000000	0.000000	0.0000	0.0000	0.000000	None	-1.0000	-1					-1	-1	-1	0	0	0.0000	-1.0000	-1.0000	-1.0000	-1.0000	-1.0000	-1.0000	-1.0000	-1.0000	-1.0000	-1.0000	-1.0000	-1.0000	-1.0000	-1.0000	-1.0000	-1.0000		0	TVA	-1.0000	-1	0.000000	None	None	-1	0	0	None	None	None	None	None	-1	-1	-1.000000	-1.000000	-1.000000	-1.000000		-1	-1
KNST1_Discharge_225.18	KNST1_Discharge_225.18	KingstonDischarge	0.000000	0.000000	0.000000	0.0000	0.0000	0.000000	None	-1.0000	-1					-1	-1	-1	0	0	0.0000	-1.0000	-1.0000	-1.0000	-1.0000	-1.0000	-1.0000	-1.0000	-1.0000	-1.0000	-1.0000	-1.0000	-1.0000	-1.0000	-1.0000	-1.0000	-1.0000		0	TVA	-1.0000	-1	0.000000	None	None	-1	0	0	None	None	None	None	None	-1	-1	-1.000000	-1.000000	-1.000000	-1.000000		-1	-1
KNST1_Discharge_226.18	KNST1_Discharge_226.18	KingstonDischarge	0.000000	0.000000	0.000000	0.0000	0.0000	0.000000	None	-1.0000	-1					-1	-1	-1	0	0	0.0000	-1.0000	-1.0000	-1.0000	-1.0000	-1.0000	-1.0000	-1.0000	-1.0000	-1.0000	-1.0000	-1.0000	-1.0000	-1.0000	-1.0000	-1.0000	-1.0000		0	TVA	-1.0000	-1	0.000000	None	None	-1	0	0	None	None	None	None	None	-1	-1	-1.000000	-1.000000	-1.000000	-1.000000		-1	-1
KNST1_Intake_220.37	KNST1_Intake_220.37	KingstonIntake	0.000000	0.000000	0.000000	0.0000	0.0000	0.000000	None	-1.0000	-1					-1	-1	-1	0	0	0.0000	-1.0000	-1.0000	-1.0000	-1.0000	-1.0000	-1.0000	-1.0000	-1.0000	-1.0000	-1.0000	-1.0000	-1.0000	-1.0000	-1.0000	-1.0000	-1.0000		0	TVA	-1.0000	-1	0.000000	None	None	-1	0	0	None	None	None	None	None	-1	-1	-1.000000	-1.000000	-1.000000	-1.000000		-1	-1
KNST1_Intake_221.18	KNST1_Intake_221.18	KingstonIntake	0.000000	0.000000	0.000000	0.0000	0.0000	0.000000	None	-1.0000	-1					-1	-1	-1	0	0	0.0000	-1.0000	-1.0000	-1.0000	-1.0000	-1.0000	-1.0000	-1.0000	-1.0000	-1.0000	-1.0000	-1.0000	-1.0000	-1.0000	-1.0000	-1.0000	-1.0000		0	TVA	-1.0000	-1	0.000000	None	None	-1	0	0	None	None	None	None	None	-1	-1	-1.000000	-1.000000	-1.000000	-1.000000		-1	-1
KNST1_Intake_222.18	KNST1_Intake_222.18	KingstonIntake	0.000000	0.000000	0.000000	0.0000	0.0000	0.000000	None	-1.0000	-1					-1	-1	-1	0	0	0.0000	-1.0000	-1.0000	-1.0000	-1.0000	-1.0000	-1.0000	-1.0000	-1.0000	-1.0000	-1.0000	-1.0000	-1.0000	-1.0000	-1.0000	-1.0000	-1.0000		0	TVA	-1.0000	-1	0.000000	None	None	-1	0	0	None	None	None	None	None	-1	-1	-1.000000	-1.000000	-1.000000	-1.000000		-1	-1
KNST1_Intake_223.18	KNST1_Intake_223.18	KingstonIntake	0.000000	0.000000	0.000000	0.0000	0.0000	0.000000	None	-1.0000	-1					-1	-1	-1	0	0	0.0000	-1.0000	-1.0000	-1.0000	-1.0000	-1.0000	-1.0000	-1.0000	-1.0000	-1.0000	-1.0000	-1.0000	-1.0000	-1.0000	-1.0000	-1.0000	-1.0000		0	TVA	-1.0000	-1	0.000000	None	None	-1	0	0	None	None	None	None	None	-1	-1	-1.000000	-1.000000	-1.000000	-1.000000		-1	-1
KNST1_Intake_224.18	KNST1_Intake_224.18	KingstonIntake	0.000000	0.000000	0.000000	0.0000	0.0000	0.000000	None	-1.0000	-1					-1	-1	-1	0	0	0.0000	-1.0000	-1.0000	-1.0000	-1.0000	-1.0000	-1.0000	-1.0000	-1.0000	-1.0000	-1.0000	-1.0000	-1.0000	-1.0000	-1.0000	-1.0000	-1.0000		0	TVA	-1.0000	-1	0.000000	None	None	-1	0	0	None	None	None	None	None	-1	-1	-1.000000	-1.000000	-1.000000	-1.000000		-1	-1
KNST1_Intake_225.18	KNST1_Intake_225.18	KingstonIntake	0.000000	0.000000	0.000000	0.0000	0.0000	0.000000	None	-1.0000	-1					-1	-1	-1	0	0	0.0000	-1.0000	-1.0000	-1.0000	-1.0000	-1.0000	-1.0000	-1.0000	-1.0000	-1.0000	-1.0000	-1.0000	-1.0000	-1.0000	-1.0000	-1.0000	-1.0000		0	TVA	-1.0000	-1	0.000000	None	None	-1	0	0	None	None	None	None	None	-1	-1	-1.000000	-1.000000	-1.000000	-1.000000		-1	-1
KNST1_Intake_226.18	KNST1_Intake_226.18	KingstonIntake	0.000000	0.000000	0.000000	0.0000	0.0000	0.000000	None	-1.0000	-1					-1	-1	-1	0	0	0.0000	-1.0000	-1.0000	-1.0000	-1.0000	-1.0000	-1.0000	-1.0000	-1.0000	-1.0000	-1.0000	-1.0000	-1.0000	-1.0000	-1.0000	-1.0000	-1.0000		0	TVA	-1.0000	-1	0.000000	None	None	-1	0	0	None	None	None	None	None	-1	-1	-1.000000	-1.000000	-1.000000	-1.000000		-1	-1
KRKV2	Konnarock	KRKV2	36.674999	-81.591667	0.000000	0.0000	0.0000	0.000000	None	-1.0000	-1		EST			-1	-1	-1	0	0	0.0000	-1.0000	-1.0000	-1.0000	-1.0000	-1.0000	-1.0000	-1.0000	-1.0000	-1.0000	-1.0000	-1.0000	-1.0000	-1.0000	-1.0000	-1.0000	-1.0000	VA	0		-1.0000	-1	0.000000	Precip	None	-1	0	0	None	None	None	None	None	-1	-1	-1.000000	-1.000000	-1.000000	-1.000000		-1	-1
KTRI	Bristol Airport	KTRI	36.483334	-82.400002	0.000000	0.0000	0.0000	0.000000	None	-1.0000	-1		EST			-1	-1	-1	0	0	0.0000	-1.0000	-1.0000	-1.0000	-1.0000	-1.0000	-1.0000	-1.0000	-1.0000	-1.0000	-1.0000	-1.0000	-1.0000	-1.0000	-1.0000	-1.0000	-1.0000		0		-1.0000	-1	0.000000	None	None	-1	0	0	None	None	None	None	None	-1	-1	-1.000000	-1.000000	-1.000000	-1.000000		-1	-1
KTYS	Knoxville Airport	KTYS	35.810276	-83.986664	0.000000	0.0000	0.0000	0.000000	None	-1.0000	-1		EST			-1	-1	-1	0	0	0.0000	-1.0000	-1.0000	-1.0000	-1.0000	-1.0000	-1.0000	-1.0000	-1.0000	-1.0000	-1.0000	-1.0000	-1.0000	-1.0000	-1.0000	-1.0000	-1.0000		0		-1.0000	-1	0.000000	None	None	-1	0	0	None	None	None	None	None	-1	-1	-1.000000	-1.000000	-1.000000	-1.000000		-1	-1
KWTT1	Knoxville WTP	KWTT1	35.945278	-83.926666	0.000000	0.0000	0.0000	0.000000	Tennessee	645.0000	-1		EST			-1	-1	-1	0	0	0.0000	-1.0000	-1.0000	-1.0000	-1.0000	-1.0000	-1.0000	-1.0000	-1.0000	-1.0000	-1.0000	-1.0000	-1.0000	-1.0000	-1.0000	-1.0000	-1.0000	TN	0		-1.0000	-1	0.000000	Precip	None	-1	0	0	None	None	None	None	None	-1	-1	-1.000000	-1.000000	-1.000000	-1.000000		-1	-1
KYDK2	Kentucky Dam	KYDK2	37.014446	-88.267776	0.000000	0.0000	0.0000	0.000000	Tennessee	22.4000	1310	3609000	CST		KYH	5	200	27	0	1	0.0000	33.0000	7.0000	-1.0000	353.0000	353.0000	332.0000	-1.0000	325.0000	376.0000	375.0000	388.0000	-1.0000	-1.0000	25.0000	800.0000	600.0000	KY	0	TVA	375.0000	-1	0.000000	Precip	Guntersville=>Wheeler=>Wilson=>Pickwick=>Kentucky	5	28	18	TVA	Hydropower	Kent	KYH	None	-1	-1	-1.000000	-1.000000	-1.000000	-1.000000		-1	-1
KYDK2_Headwater_for_profile	Kentucky Dam, X-Y data at HP XS in RAS model (for profile calcs)	KYDK2_Headwater_for_profile	37.011471	-88.270177	0.000000	0.0000	0.0000	0.000000	None	22.4100	-1					-1	-1	-1	0	0	0.0000	-1.0000	-1.0000	-1.0000	-1.0000	-1.0000	-1.0000	-1.0000	-1.0000	-1.0000	-1.0000	-1.0000	-1.0000	-1.0000	-1.0000	-1.0000	-1.0000		0		-1.0000	-1	0.000000	None	None	-1	0	0	None	None	None	None	None	-1	-1	-1.000000	-1.000000	-1.000000	-1.000000		-1	-1
KYH-01	Kentucky-Unit1	KYDK2	37.014446	-88.267776	0.000000	0.0000	0.0000	0.000000	None	-1.0000	-1					-1	-1	-1	0	0	0.0000	-1.0000	-1.0000	-1.0000	-1.0000	-1.0000	-1.0000	-1.0000	-1.0000	-1.0000	-1.0000	-1.0000	-1.0000	-1.0000	-1.0000	-1.0000	-1.0000		0		-1.0000	-1	0.000000	None	None	-1	0	0	None	None	None	None	None	-1	-1	-1.000000	-1.000000	-1.000000	-1.000000	Hydro	20000	49
KYH-02	Kentucky-Unit2	KYDK2	37.014446	-88.267776	0.000000	0.0000	0.0000	0.000000	None	-1.0000	-1					-1	-1	-1	0	0	0.0000	-1.0000	-1.0000	-1.0000	-1.0000	-1.0000	-1.0000	-1.0000	-1.0000	-1.0000	-1.0000	-1.0000	-1.0000	-1.0000	-1.0000	-1.0000	-1.0000		0		-1.0000	-1	0.000000	None	None	-1	0	0	None	None	None	None	None	-1	-1	-1.000000	-1.000000	-1.000000	-1.000000	Hydro	20000	48
KYH-03	Kentucky-Unit3	KYDK2	37.014446	-88.267776	0.000000	0.0000	0.0000	0.000000	None	-1.0000	-1					-1	-1	-1	0	0	0.0000	-1.0000	-1.0000	-1.0000	-1.0000	-1.0000	-1.0000	-1.0000	-1.0000	-1.0000	-1.0000	-1.0000	-1.0000	-1.0000	-1.0000	-1.0000	-1.0000		0		-1.0000	-1	0.000000	None	None	-1	0	0	None	None	None	None	None	-1	-1	-1.000000	-1.000000	-1.000000	-1.000000	Hydro	20000	48
KYH-04	Kentucky-Unit4	KYDK2	37.014446	-88.267776	0.000000	0.0000	0.0000	0.000000	None	-1.0000	-1					-1	-1	-1	0	0	0.0000	-1.0000	-1.0000	-1.0000	-1.0000	-1.0000	-1.0000	-1.0000	-1.0000	-1.0000	-1.0000	-1.0000	-1.0000	-1.0000	-1.0000	-1.0000	-1.0000		0		-1.0000	-1	0.000000	None	None	-1	0	0	None	None	None	None	None	-1	-1	-1.000000	-1.000000	-1.000000	-1.000000	Hydro	20000	48
KYH-05	Kentucky-Unit5	KYDK2	37.014446	-88.267776	0.000000	0.0000	0.0000	0.000000	None	-1.0000	-1					-1	-1	-1	0	0	0.0000	-1.0000	-1.0000	-1.0000	-1.0000	-1.0000	-1.0000	-1.0000	-1.0000	-1.0000	-1.0000	-1.0000	-1.0000	-1.0000	-1.0000	-1.0000	-1.0000		0		-1.0000	-1	0.000000	None	None	-1	0	0	None	None	None	None	None	-1	-1	-1.000000	-1.000000	-1.000000	-1.000000	Hydro	20000	48
KYH-SP-01	Kentucky Dam	KYDK2	37.014446	-88.267776	0.000000	0.0000	0.0000	0.000000	None	-1.0000	-1					-1	-1	-1	0	0	0.0000	-1.0000	-1.0000	-1.0000	-1.0000	-1.0000	-1.0000	-1.0000	-1.0000	-1.0000	-1.0000	-1.0000	-1.0000	-1.0000	-1.0000	-1.0000	-1.0000		0		-1.0000	-1	0.000000	None	None	-1	0	0	None	None	None	None	None	-1	-1	-1.000000	-1.000000	-1.000000	-1.000000		-1	-1	SPILL	DISC
KYH-SP-02	Kentucky Dam	KYDK2	37.014446	-88.267776	0.000000	0.0000	0.0000	0.000000	None	-1.0000	-1					-1	-1	-1	0	0	0.0000	-1.0000	-1.0000	-1.0000	-1.0000	-1.0000	-1.0000	-1.0000	-1.0000	-1.0000	-1.0000	-1.0000	-1.0000	-1.0000	-1.0000	-1.0000	-1.0000		0		-1.0000	-1	0.000000	None	None	-1	0	0	None	None	None	None	None	-1	-1	-1.000000	-1.000000	-1.000000	-1.000000		-1	-1	SPILL	DISC
KYH-SP-03	Kentucky Dam	KYDK2	37.014446	-88.267776	0.000000	0.0000	0.0000	0.000000	None	-1.0000	-1					-1	-1	-1	0	0	0.0000	-1.0000	-1.0000	-1.0000	-1.0000	-1.0000	-1.0000	-1.0000	-1.0000	-1.0000	-1.0000	-1.0000	-1.0000	-1.0000	-1.0000	-1.0000	-1.0000		0		-1.0000	-1	0.000000	None	None	-1	0	0	None	None	None	None	None	-1	-1	-1.000000	-1.000000	-1.000000	-1.000000		-1	-1	SPILL	DISC
KYH-SP-04	Kentucky Dam	KYDK2	37.014446	-88.267776	0.000000	0.0000	0.0000	0.000000	None	-1.0000	-1					-1	-1	-1	0	0	0.0000	-1.0000	-1.0000	-1.0000	-1.0000	-1.0000	-1.0000	-1.0000	-1.0000	-1.0000	-1.0000	-1.0000	-1.0000	-1.0000	-1.0000	-1.0000	-1.0000		0		-1.0000	-1	0.000000	None	None	-1	0	0	None	None	None	None	None	-1	-1	-1.000000	-1.000000	-1.000000	-1.000000		-1	-1	SPILL	DISC
KYH-SP-05	Kentucky Dam	KYDK2	37.014446	-88.267776	0.000000	0.0000	0.0000	0.000000	None	-1.0000	-1					-1	-1	-1	0	0	0.0000	-1.0000	-1.0000	-1.0000	-1.0000	-1.0000	-1.0000	-1.0000	-1.0000	-1.0000	-1.0000	-1.0000	-1.0000	-1.0000	-1.0000	-1.0000	-1.0000		0		-1.0000	-1	0.000000	None	None	-1	0	0	None	None	None	None	None	-1	-1	-1.000000	-1.000000	-1.000000	-1.000000		-1	-1	SPILL	DISC
KYH-SP-06	Kentucky Dam	KYDK2	37.014446	-88.267776	0.000000	0.0000	0.0000	0.000000	None	-1.0000	-1					-1	-1	-1	0	0	0.0000	-1.0000	-1.0000	-1.0000	-1.0000	-1.0000	-1.0000	-1.0000	-1.0000	-1.0000	-1.0000	-1.0000	-1.0000	-1.0000	-1.0000	-1.0000	-1.0000		0		-1.0000	-1	0.000000	None	None	-1	0	0	None	None	None	None	None	-1	-1	-1.000000	-1.000000	-1.000000	-1.000000		-1	-1	SPILL	DISC
KYH-SP-07	Kentucky Dam	KYDK2	37.014446	-88.267776	0.000000	0.0000	0.0000	0.000000	None	-1.0000	-1					-1	-1	-1	0	0	0.0000	-1.0000	-1.0000	-1.0000	-1.0000	-1.0000	-1.0000	-1.0000	-1.0000	-1.0000	-1.0000	-1.0000	-1.0000	-1.0000	-1.0000	-1.0000	-1.0000		0		-1.0000	-1	0.000000	None	None	-1	0	0	None	None	None	None	None	-1	-1	-1.000000	-1.000000	-1.000000	-1.000000		-1	-1	SPILL	DISC
KYH-SP-08	Kentucky Dam	KYDK2	37.014446	-88.267776	0.000000	0.0000	0.0000	0.000000	None	-1.0000	-1					-1	-1	-1	0	0	0.0000	-1.0000	-1.0000	-1.0000	-1.0000	-1.0000	-1.0000	-1.0000	-1.0000	-1.0000	-1.0000	-1.0000	-1.0000	-1.0000	-1.0000	-1.0000	-1.0000		0		-1.0000	-1	0.000000	None	None	-1	0	0	None	None	None	None	None	-1	-1	-1.000000	-1.000000	-1.000000	-1.000000		-1	-1	SPILL	DISC
KYH-SP-09	Kentucky Dam	KYDK2	37.014446	-88.267776	0.000000	0.0000	0.0000	0.000000	None	-1.0000	-1					-1	-1	-1	0	0	0.0000	-1.0000	-1.0000	-1.0000	-1.0000	-1.0000	-1.0000	-1.0000	-1.0000	-1.0000	-1.0000	-1.0000	-1.0000	-1.0000	-1.0000	-1.0000	-1.0000		0		-1.0000	-1	0.000000	None	None	-1	0	0	None	None	None	None	None	-1	-1	-1.000000	-1.000000	-1.000000	-1.000000		-1	-1	SPILL	DISC
KYH-SP-10	Kentucky Dam	KYDK2	37.014446	-88.267776	0.000000	0.0000	0.0000	0.000000	None	-1.0000	-1					-1	-1	-1	0	0	0.0000	-1.0000	-1.0000	-1.0000	-1.0000	-1.0000	-1.0000	-1.0000	-1.0000	-1.0000	-1.0000	-1.0000	-1.0000	-1.0000	-1.0000	-1.0000	-1.0000		0		-1.0000	-1	0.000000	None	None	-1	0	0	None	None	None	None	None	-1	-1	-1.000000	-1.000000	-1.000000	-1.000000		-1	-1	SPILL	DISC
KYH-SP-11	Kentucky Dam	KYDK2	37.014446	-88.267776	0.000000	0.0000	0.0000	0.000000	None	-1.0000	-1					-1	-1	-1	0	0	0.0000	-1.0000	-1.0000	-1.0000	-1.0000	-1.0000	-1.0000	-1.0000	-1.0000	-1.0000	-1.0000	-1.0000	-1.0000	-1.0000	-1.0000	-1.0000	-1.0000		0		-1.0000	-1	0.000000	None	None	-1	0	0	None	None	None	None	None	-1	-1	-1.000000	-1.000000	-1.000000	-1.000000		-1	-1	SPILL	DISC
KYH-SP-12	Kentucky Dam	KYDK2	37.014446	-88.267776	0.000000	0.0000	0.0000	0.000000	None	-1.0000	-1					-1	-1	-1	0	0	0.0000	-1.0000	-1.0000	-1.0000	-1.0000	-1.0000	-1.0000	-1.0000	-1.0000	-1.0000	-1.0000	-1.0000	-1.0000	-1.0000	-1.0000	-1.0000	-1.0000		0		-1.0000	-1	0.000000	None	None	-1	0	0	None	None	None	None	None	-1	-1	-1.000000	-1.000000	-1.000000	-1.000000		-1	-1	SPILL	DISC
KYH-SP-13	Kentucky Dam	KYDK2	37.014446	-88.267776	0.000000	0.0000	0.0000	0.000000	None	-1.0000	-1					-1	-1	-1	0	0	0.0000	-1.0000	-1.0000	-1.0000	-1.0000	-1.0000	-1.0000	-1.0000	-1.0000	-1.0000	-1.0000	-1.0000	-1.0000	-1.0000	-1.0000	-1.0000	-1.0000		0		-1.0000	-1	0.000000	None	None	-1	0	0	None	None	None	None	None	-1	-1	-1.000000	-1.000000	-1.000000	-1.000000		-1	-1	SPILL	DISC
KYH-SP-14	Kentucky Dam	KYDK2	37.014446	-88.267776	0.000000	0.0000	0.0000	0.000000	None	-1.0000	-1					-1	-1	-1	0	0	0.0000	-1.0000	-1.0000	-1.0000	-1.0000	-1.0000	-1.0000	-1.0000	-1.0000	-1.0000	-1.0000	-1.0000	-1.0000	-1.0000	-1.0000	-1.0000	-1.0000		0		-1.0000	-1	0.000000	None	None	-1	0	0	None	None	None	None	None	-1	-1	-1.000000	-1.000000	-1.000000	-1.000000		-1	-1	SPILL	DISC
KYH-SP-15	Kentucky Dam	KYDK2	37.014446	-88.267776	0.000000	0.0000	0.0000	0.000000	None	-1.0000	-1					-1	-1	-1	0	0	0.0000	-1.0000	-1.0000	-1.0000	-1.0000	-1.0000	-1.0000	-1.0000	-1.0000	-1.0000	-1.0000	-1.0000	-1.0000	-1.0000	-1.0000	-1.0000	-1.0000		0		-1.0000	-1	0.000000	None	None	-1	0	0	None	None	None	None	None	-1	-1	-1.000000	-1.000000	-1.000000	-1.000000		-1	-1	SPILL	DISC
KYH-SP-16	Kentucky Dam	KYDK2	37.014446	-88.267776	0.000000	0.0000	0.0000	0.000000	None	-1.0000	-1					-1	-1	-1	0	0	0.0000	-1.0000	-1.0000	-1.0000	-1.0000	-1.0000	-1.0000	-1.0000	-1.0000	-1.0000	-1.0000	-1.0000	-1.0000	-1.0000	-1.0000	-1.0000	-1.0000		0		-1.0000	-1	0.000000	None	None	-1	0	0	None	None	None	None	None	-1	-1	-1.000000	-1.000000	-1.000000	-1.000000		-1	-1	SPILL	DISC
KYH-SP-17	Kentucky Dam	KYDK2	37.014446	-88.267776	0.000000	0.0000	0.0000	0.000000	None	-1.0000	-1					-1	-1	-1	0	0	0.0000	-1.0000	-1.0000	-1.0000	-1.0000	-1.0000	-1.0000	-1.0000	-1.0000	-1.0000	-1.0000	-1.0000	-1.0000	-1.0000	-1.0000	-1.0000	-1.0000		0		-1.0000	-1	0.000000	None	None	-1	0	0	None	None	None	None	None	-1	-1	-1.000000	-1.000000	-1.000000	-1.000000		-1	-1	SPILL	DISC
KYH-SP-18	Kentucky Dam	KYDK2	37.014446	-88.267776	0.000000	0.0000	0.0000	0.000000	None	-1.0000	-1					-1	-1	-1	0	0	0.0000	-1.0000	-1.0000	-1.0000	-1.0000	-1.0000	-1.0000	-1.0000	-1.0000	-1.0000	-1.0000	-1.0000	-1.0000	-1.0000	-1.0000	-1.0000	-1.0000		0		-1.0000	-1	0.000000	None	None	-1	0	0	None	None	None	None	None	-1	-1	-1.000000	-1.000000	-1.000000	-1.000000		-1	-1	SPILL	DISC
KYH-SP-19	Kentucky Dam	KYDK2	37.014446	-88.267776	0.000000	0.0000	0.0000	0.000000	None	-1.0000	-1					-1	-1	-1	0	0	0.0000	-1.0000	-1.0000	-1.0000	-1.0000	-1.0000	-1.0000	-1.0000	-1.0000	-1.0000	-1.0000	-1.0000	-1.0000	-1.0000	-1.0000	-1.0000	-1.0000		0		-1.0000	-1	0.000000	None	None	-1	0	0	None	None	None	None	None	-1	-1	-1.000000	-1.000000	-1.000000	-1.000000		-1	-1	SPILL	DISC
KYH-SP-20	Kentucky Dam	KYDK2	37.014446	-88.267776	0.000000	0.0000	0.0000	0.000000	None	-1.0000	-1					-1	-1	-1	0	0	0.0000	-1.0000	-1.0000	-1.0000	-1.0000	-1.0000	-1.0000	-1.0000	-1.0000	-1.0000	-1.0000	-1.0000	-1.0000	-1.0000	-1.0000	-1.0000	-1.0000		0		-1.0000	-1	0.000000	None	None	-1	0	0	None	None	None	None	None	-1	-1	-1.000000	-1.000000	-1.000000	-1.000000		-1	-1	SPILL	DISC
KYH-SP-21	Kentucky Dam	KYDK2	37.014446	-88.267776	0.000000	0.0000	0.0000	0.000000	None	-1.0000	-1					-1	-1	-1	0	0	0.0000	-1.0000	-1.0000	-1.0000	-1.0000	-1.0000	-1.0000	-1.0000	-1.0000	-1.0000	-1.0000	-1.0000	-1.0000	-1.0000	-1.0000	-1.0000	-1.0000		0		-1.0000	-1	0.000000	None	None	-1	0	0	None	None	None	None	None	-1	-1	-1.000000	-1.000000	-1.000000	-1.000000		-1	-1	SPILL	DISC
KYH-SP-22	Kentucky Dam	KYDK2	37.014446	-88.267776	0.000000	0.0000	0.0000	0.000000	None	-1.0000	-1					-1	-1	-1	0	0	0.0000	-1.0000	-1.0000	-1.0000	-1.0000	-1.0000	-1.0000	-1.0000	-1.0000	-1.0000	-1.0000	-1.0000	-1.0000	-1.0000	-1.0000	-1.0000	-1.0000		0		-1.0000	-1	0.000000	None	None	-1	0	0	None	None	None	None	None	-1	-1	-1.000000	-1.000000	-1.000000	-1.000000		-1	-1	SPILL	DISC
KYH-SP-23	Kentucky Dam	KYDK2	37.014446	-88.267776	0.000000	0.0000	0.0000	0.000000	None	-1.0000	-1					-1	-1	-1	0	0	0.0000	-1.0000	-1.0000	-1.0000	-1.0000	-1.0000	-1.0000	-1.0000	-1.0000	-1.0000	-1.0000	-1.0000	-1.0000	-1.0000	-1.0000	-1.0000	-1.0000		0		-1.0000	-1	0.000000	None	None	-1	0	0	None	None	None	None	None	-1	-1	-1.000000	-1.000000	-1.000000	-1.000000		-1	-1	SPILL	DISC
KYH-SP-24	Kentucky Dam	KYDK2	37.014446	-88.267776	0.000000	0.0000	0.0000	0.000000	None	-1.0000	-1					-1	-1	-1	0	0	0.0000	-1.0000	-1.0000	-1.0000	-1.0000	-1.0000	-1.0000	-1.0000	-1.0000	-1.0000	-1.0000	-1.0000	-1.0000	-1.0000	-1.0000	-1.0000	-1.0000		0		-1.0000	-1	0.000000	None	None	-1	0	0	None	None	None	None	None	-1	-1	-1.000000	-1.000000	-1.000000	-1.000000		-1	-1	SPILL	DISC
LABT1	Laurel Bloomery	LABT1	36.566666	-81.759163	0.000000	0.0000	0.0000	0.000000	None	-1.0000	-1		EST			-1	-1	-1	0	0	0.0000	-1.0000	-1.0000	-1.0000	-1.0000	-1.0000	-1.0000	-1.0000	-1.0000	-1.0000	-1.0000	-1.0000	-1.0000	-1.0000	-1.0000	-1.0000	-1.0000	TN	0		-1.0000	-1	0.000000	Precip	None	-1	0	0	None	None	None	None	None	-1	-1	-1.000000	-1.000000	-1.000000	-1.000000		-1	-1
LAST1	East Fork Stones nr Lascassas	LAST1	35.918335	-86.333611	507.880000	0.0000	0.0000	0.000000	E Fork Stones	15.4000	-1	3427500	CST			-1	-1	-1	0	0	0.0000	-1.0000	-1.0000	-1.0000	-1.0000	-1.0000	-1.0000	-1.0000	-1.0000	-1.0000	-1.0000	-1.0000	-1.0000	-1.0000	-1.0000	-1.0000	-1.0000	TN	0		-1.0000	-1	507.880016	Precip	None	-1	0	0	None	None	None	None	Stream	-1	-1	-1.000000	-1.000000	-1.000000	-1.000000		-1	-1
LBC-OG-01	Little Bear Creek	LBRA1	34.451946	-87.976944	0.000000	0.0000	0.0000	0.000000	None	-1.0000	-1					-1	-1	-1	0	0	0.0000	-1.0000	-1.0000	-1.0000	-1.0000	-1.0000	-1.0000	-1.0000	-1.0000	-1.0000	-1.0000	-1.0000	-1.0000	-1.0000	-1.0000	-1.0000	-1.0000		0		-1.0000	-1	0.000000	None	None	-1	0	0	None	None	None	None	None	-1	-1	-1.000000	-1.000000	-1.000000	-1.000000		-1	-1	OTHER	DISC
LBC-OG-02	Little Bear Creek	LBRA1	34.451946	-87.976944	0.000000	0.0000	0.0000	0.000000	None	-1.0000	-1					-1	-1	-1	0	0	0.0000	-1.0000	-1.0000	-1.0000	-1.0000	-1.0000	-1.0000	-1.0000	-1.0000	-1.0000	-1.0000	-1.0000	-1.0000	-1.0000	-1.0000	-1.0000	-1.0000		0		-1.0000	-1	0.000000	None	None	-1	0	0	None	None	None	None	None	-1	-1	-1.000000	-1.000000	-1.000000	-1.000000		-1	-1	OTHER	DISC
LBC-SL-01	Little Bear Creek	LBRA1	34.451946	-87.976944	0.000000	0.0000	0.0000	0.000000	None	-1.0000	-1					-1	-1	-1	0	0	0.0000	-1.0000	-1.0000	-1.0000	-1.0000	-1.0000	-1.0000	-1.0000	-1.0000	-1.0000	-1.0000	-1.0000	-1.0000	-1.0000	-1.0000	-1.0000	-1.0000		0		-1.0000	-1	0.000000	None	None	-1	0	0	None	None	None	None	None	-1	-1	-1.000000	-1.000000	-1.000000	-1.000000		-1	-1	SLUICE	DISC
LBC-SL-02	Little Bear Creek	LBRA1	34.451946	-87.976944	0.000000	0.0000	0.0000	0.000000	None	-1.0000	-1					-1	-1	-1	0	0	0.0000	-1.0000	-1.0000	-1.0000	-1.0000	-1.0000	-1.0000	-1.0000	-1.0000	-1.0000	-1.0000	-1.0000	-1.0000	-1.0000	-1.0000	-1.0000	-1.0000		0		-1.0000	-1	0.000000	None	None	-1	0	0	None	None	None	None	None	-1	-1	-1.000000	-1.000000	-1.000000	-1.000000		-1	-1	SLUICE	DISC
LBC-SP-01	Little Bear Creek	LBRA1	34.451946	-87.976944	0.000000	0.0000	0.0000	0.000000	None	-1.0000	-1					-1	-1	-1	0	0	0.0000	-1.0000	-1.0000	-1.0000	-1.0000	-1.0000	-1.0000	-1.0000	-1.0000	-1.0000	-1.0000	-1.0000	-1.0000	-1.0000	-1.0000	-1.0000	-1.0000		0		-1.0000	-1	0.000000	None	None	-1	0	0	None	None	None	None	None	-1	-1	-1.000000	-1.000000	-1.000000	-1.000000		-1	-1	SPILL	DISC
LBRA1	Little Bear Creek Dam	LBRA1	34.451946	-87.976944	0.000000	550.0000	542.0000	0.000000	Little Bear Creek	11.5000	1130		CST		BCL	-1	-1	-1	0	0	0.0000	53.0000	-1.0000	619.4300	-1.0000	-1.0000	-1.0000	-1.0000	623.0000	-1.0000	623.0000	642.5000	-1.0000	-1.0000	-1.0000	-1.0000	-1.0000	AL	0	TVA	623.0000	1976	0.000000	None	Tims Ford=>Upper Bear=>Bear=>Little Bear=>Cedar=>Normandy	4	0	0	TVA	Nonpowers	None	None	None	-1	-1	-1.000000	-1.000000	-1.000000	-1.000000		-1	-1
LBVT1	Buffalo blw Lobelville	LBVT1	35.810833	-87.777779	405.250000	0.0000	0.0000	0.000000	Buffalo	19.1000	1220	3604400	CST			-1	-1	-1	0	0	0.0000	-1.0000	-1.0000	-1.0000	-1.0000	-1.0000	-1.0000	-1.0000	-1.0000	-1.0000	-1.0000	-1.0000	-1.0000	-1.0000	-1.0000	-1.0000	-1.0000	TN	0		-1.0000	-1	405.250013	None	None	-1	0	0	None	None	None	None	Stream	-1	-1	-1.000000	-1.000000	-1.000000	-1.000000		-1	-1
LCLK2	Laurel Lake Dam	LCLK2	36.961666	-84.270279	0.000000	0.0000	0.0000	0.000000	Laurel Creek	2.3000	-1		EST			-1	-1	-1	0	0	0.0000	-1.0000	-1.0000	-1.0000	-1.0000	-1.0000	-1.0000	-1.0000	-1.0000	-1.0000	-1.0000	-1.0000	-1.0000	-1.0000	-1.0000	-1.0000	-1.0000	KY	0		-1.0000	-1	0.000000	None	None	-1	0	0	None	None	None	None	None	-1	-1	-1.000000	-1.000000	-1.000000	-1.000000		-1	-1
LDNT1	Linden	LDNT1	35.621387	-87.834167	0.000000	0.0000	0.0000	0.000000	None	-1.0000	-1		CST			-1	-1	-1	0	0	0.0000	-1.0000	-1.0000	-1.0000	-1.0000	-1.0000	-1.0000	-1.0000	-1.0000	-1.0000	-1.0000	-1.0000	-1.0000	-1.0000	-1.0000	-1.0000	-1.0000	TN	0		-1.0000	-1	0.000000	None	None	-1	0	0	None	None	None	None	None	-1	-1	-1.000000	-1.000000	-1.000000	-1.000000		-1	-1
LEBT1	Lebanon TN	LEBT1	36.228330	-86.318060	0.000000	0.0000	0.0000	0.000000	None	-1.0000	-1		CST			-1	-1	-1	0	0	0.0000	-1.0000	-1.0000	-1.0000	-1.0000	-1.0000	-1.0000	-1.0000	-1.0000	-1.0000	-1.0000	-1.0000	-1.0000	-1.0000	-1.0000	-1.0000	-1.0000	TN	0		-1.0000	-1	0.000000	Precip	None	-1	0	0	None	None	None	None	None	-1	-1	-1.000000	-1.000000	-1.000000	-1.000000		-1	-1
LEBV2	Lebanon VA	LEBV2	36.909168	-82.060280	0.000000	0.0000	0.0000	0.000000	None	-1.0000	-1		EST			-1	-1	-1	0	0	0.0000	-1.0000	-1.0000	-1.0000	-1.0000	-1.0000	-1.0000	-1.0000	-1.0000	-1.0000	-1.0000	-1.0000	-1.0000	-1.0000	-1.0000	-1.0000	-1.0000	VA	0		-1.0000	-1	0.000000	Precip	None	-1	0	0	None	None	None	None	None	-1	-1	-1.000000	-1.000000	-1.000000	-1.000000		-1	-1
Lenoir_City_TN	Lenoir City, TN	Lenoir_City_TN	35.778178	-84.272348	0.000000	0.0000	0.0000	0.000000	Tennessee	600.5000	-1					-1	-1	-1	0	0	0.0000	-1.0000	-1.0000	-1.0000	-1.0000	-1.0000	-1.0000	-1.0000	-1.0000	-1.0000	-1.0000	-1.0000	-1.0000	-1.0000	-1.0000	-1.0000	-1.0000		0		-1.0000	-1	0.000000	None	None	-1	0	0	None	None	None	None	None	-1	-1	-1.000000	-1.000000	-1.000000	-1.000000		-1	-1
LFTT1	Lafayette	LFTT1	36.518833	-86.029972	0.000000	0.0000	0.0000	0.000000	None	-1.0000	-1		CST			-1	-1	-1	0	0	0.0000	-1.0000	-1.0000	-1.0000	-1.0000	-1.0000	-1.0000	-1.0000	-1.0000	-1.0000	-1.0000	-1.0000	-1.0000	-1.0000	-1.0000	-1.0000	-1.0000	TN	0		-1.0000	-1	0.000000	Precip	None	-1	0	0	None	None	None	None	None	-1	-1	-1.000000	-1.000000	-1.000000	-1.000000		-1	-1
LIMA1	Lim Rock	LIMA1	34.679165	-86.188889	0.000000	0.0000	0.0000	0.000000	None	-1.0000	-1		CST			-1	-1	-1	0	0	0.0000	-1.0000	-1.0000	-1.0000	-1.0000	-1.0000	-1.0000	-1.0000	-1.0000	-1.0000	-1.0000	-1.0000	-1.0000	-1.0000	-1.0000	-1.0000	-1.0000	AL	0		-1.0000	-1	0.000000	Precip	None	-1	0	0	None	None	None	None	None	-1	-1	-1.000000	-1.000000	-1.000000	-1.000000		-1	-1
LLDT1	Nolichucky at Lowlands	LLDT1	36.126110	-83.175552	1020.000000	0.0000	0.0000	0.000000	Nolichucky	-1.0000	200	3467609				-1	-1	-1	0	0	0.0000	-1.0000	-1.0000	-1.0000	-1.0000	-1.0000	-1.0000	-1.0000	-1.0000	-1.0000	-1.0000	-1.0000	-1.0000	-1.0000	-1.0000	-1.0000	-1.0000	TN	0		-1.0000	-1	1020.000000	None	None	-1	0	0	None	None	None	None	Stream	-1	-1	-1.000000	-1.000000	-1.000000	-1.000000		-1	-1
LOST1	Lost Creek Dam	LOST1	35.579166	-88.343330	0.000000	400.0000	0.0000	0.000000	Lost Creek	1.3000	-1		CST		BEK	-1	-1	-1	0	0	0.0000	66.0000	-1.0000	-1.0000	-1.0000	-1.0000	-1.0000	-1.0000	-1.0000	-1.0000	-1.0000	425.5000	-1.0000	-1.0000	-1.0000	-1.0000	-1.0000	TN	0	TVA	-1.0000	-1	0.000000	None	None	-1	0	0	TVA	Non-hydropower	None	None	None	-1	-1	-1.000000	-1.000000	-1.000000	-1.000000		-1	-1
Loudon	Tennessee at Loudon	Loudon	35.737148	-84.328249	0.000000	0.0000	0.0000	0.000000	Tennessee	592.0000	-1					-1	-1	-1	0	0	0.0000	-1.0000	-1.0000	-1.0000	-1.0000	-1.0000	-1.0000	-1.0000	-1.0000	-1.0000	-1.0000	-1.0000	-1.0000	-1.0000	-1.0000	-1.0000	-1.0000		0		-1.0000	-1	0.000000	None	None	-1	0	0	None	None	None	None	None	-1	-1	-1.000000	-1.000000	-1.000000	-1.000000		-1	-1
LUTT1	Luttrell	LUTT1	36.207779	-83.746109	0.000000	0.0000	0.0000	0.000000	None	-1.0000	-1		EST			-1	-1	-1	0	0	0.0000	-1.0000	-1.0000	-1.0000	-1.0000	-1.0000	-1.0000	-1.0000	-1.0000	-1.0000	-1.0000	-1.0000	-1.0000	-1.0000	-1.0000	-1.0000	-1.0000	TN	0		-1.0000	-1	0.000000	Precip	None	-1	0	0	None	None	None	None	None	-1	-1	-1.000000	-1.000000	-1.000000	-1.000000		-1	-1
LVGT1	Livingston	LVGT1	36.349444	-85.343889	0.000000	0.0000	0.0000	0.000000	None	-1.0000	-1		CST			-1	-1	-1	0	0	0.0000	-1.0000	-1.0000	-1.0000	-1.0000	-1.0000	-1.0000	-1.0000	-1.0000	-1.0000	-1.0000	-1.0000	-1.0000	-1.0000	-1.0000	-1.0000	-1.0000	TN	0		-1.0000	-1	0.000000	Precip	None	-1	0	0	None	None	None	None	None	-1	-1	-1.000000	-1.000000	-1.000000	-1.000000		-1	-1
LVLT1	Lobelville	LVLT1	35.782778	-87.774722	0.000000	0.0000	0.0000	0.000000	None	-1.0000	-1					-1	-1	-1	0	0	0.0000	-1.0000	-1.0000	-1.0000	-1.0000	-1.0000	-1.0000	-1.0000	-1.0000	-1.0000	-1.0000	-1.0000	-1.0000	-1.0000	-1.0000	-1.0000	-1.0000	TN	0		-1.0000	-1	0.000000	Precip	None	-1	0	0	None	None	None	None	None	-1	-1	-1.000000	-1.000000	-1.000000	-1.000000		-1	-1
LXNT1	Lexington	LXNT1	35.643890	-88.386665	0.000000	0.0000	0.0000	0.000000	None	-1.0000	-1		CST			-1	-1	-1	0	0	0.0000	-1.0000	-1.0000	-1.0000	-1.0000	-1.0000	-1.0000	-1.0000	-1.0000	-1.0000	-1.0000	-1.0000	-1.0000	-1.0000	-1.0000	-1.0000	-1.0000	TN	0		-1.0000	-1	0.000000	Precip	None	-1	0	0	None	None	None	None	None	-1	-1	-1.000000	-1.000000	-1.000000	-1.000000		-1	-1
MANT1	Manchester	MANT1	35.482224	-86.098053	0.000000	0.0000	0.0000	0.000000	None	-1.0000	-1		CST			-1	-1	-1	0	0	0.0000	-1.0000	-1.0000	-1.0000	-1.0000	-1.0000	-1.0000	-1.0000	-1.0000	-1.0000	-1.0000	-1.0000	-1.0000	-1.0000	-1.0000	-1.0000	-1.0000	TN	0		-1.0000	-1	0.000000	Precip	None	-1	0	0	None	None	None	None	None	-1	-1	-1.000000	-1.000000	-1.000000	-1.000000		-1	-1
MARN7	French Broad at Marshall	MARN7	35.786388	-82.660835	1646.790000	0.0000	0.0000	0.000000	French Broad	-1.0000	270	3453500				-1	-1	-1	0	0	0.0000	-1.0000	-1.0000	-1.0000	-1.0000	-1.0000	-1.0000	-1.0000	-1.0000	-1.0000	-1.0000	-1.0000	-1.0000	-1.0000	-1.0000	-1.0000	-1.0000	NC	0		-1.0000	-1	1646.790053	None	None	-1	0	0	None	None	None	None	Stream	-1	-1	-1.000000	-1.000000	-1.000000	-1.000000		-1	-1
MBLN7	Marble	MBLN7	35.188057	-83.918335	0.000000	0.0000	0.0000	0.000000	None	-1.0000	-1		EST			-1	-1	-1	0	0	0.0000	-1.0000	-1.0000	-1.0000	-1.0000	-1.0000	-1.0000	-1.0000	-1.0000	-1.0000	-1.0000	-1.0000	-1.0000	-1.0000	-1.0000	-1.0000	-1.0000	NC	0		-1.0000	-1	0.000000	Precip	None	-1	0	0	None	None	None	None	None	-1	-1	-1.000000	-1.000000	-1.000000	-1.000000		-1	-1
MCDT1	McDonald	MCDT1	35.096668	-84.989998	0.000000	0.0000	0.0000	0.000000	None	-1.0000	-1		EST			-1	-1	-1	0	0	0.0000	-1.0000	-1.0000	-1.0000	-1.0000	-1.0000	-1.0000	-1.0000	-1.0000	-1.0000	-1.0000	-1.0000	-1.0000	-1.0000	-1.0000	-1.0000	-1.0000	TN	0		-1.0000	-1	0.000000	Precip	None	-1	0	0	None	None	None	None	None	-1	-1	-1.000000	-1.000000	-1.000000	-1.000000		-1	-1
MCET1	McEwen	MCET1	36.106667	-87.637222	0.000000	0.0000	0.0000	0.000000	None	-1.0000	-1		CST			-1	-1	-1	0	0	0.0000	-1.0000	-1.0000	-1.0000	-1.0000	-1.0000	-1.0000	-1.0000	-1.0000	-1.0000	-1.0000	-1.0000	-1.0000	-1.0000	-1.0000	-1.0000	-1.0000	TN	0		-1.0000	-1	0.000000	Precip	None	-1	0	0	None	None	None	None	None	-1	-1	-1.000000	-1.000000	-1.000000	-1.000000		-1	-1
MCGT1	Collins nr McMinnville	MCGT1	35.725555	-85.729446	825.780000	0.0000	0.0000	0.000000	Collins	19.5000	1500	3421000	CST			-1	-1	-1	0	0	0.0000	-1.0000	-1.0000	-1.0000	-1.0000	-1.0000	-1.0000	-1.0000	-1.0000	-1.0000	-1.0000	-1.0000	-1.0000	-1.0000	-1.0000	-1.0000	-1.0000	TN	0		-1.0000	-1	825.780026	None	None	-1	0	0	None	None	None	None	Stream	-1	-1	-1.000000	-1.000000	-1.000000	-1.000000		-1	-1
MCST1	Duck blw Manchester	MCST1	35.470833	-86.121666	878.230000	0.0000	0.0000	0.000000	Duck	265.4000	1225	3596000	CST			-1	-1	-1	0	0	0.0000	-1.0000	-1.0000	-1.0000	-1.0000	-1.0000	-1.0000	-1.0000	-1.0000	-1.0000	-1.0000	-1.0000	-1.0000	-1.0000	-1.0000	-1.0000	-1.0000	TN	0		-1.0000	-1	878.230028	None	None	-1	0	0	None	None	None	None	Stream	-1	-1	-1.000000	-1.000000	-1.000000	-1.000000		-1	-1
MDGT1	Milledgeville	MDGT1	35.357498	-88.373611	0.000000	0.0000	0.0000	0.000000	None	-1.0000	-1		CST			-1	-1	-1	0	0	0.0000	-1.0000	-1.0000	-1.0000	-1.0000	-1.0000	-1.0000	-1.0000	-1.0000	-1.0000	-1.0000	-1.0000	-1.0000	-1.0000	-1.0000	-1.0000	-1.0000	TN	0		-1.0000	-1	0.000000	Precip	None	-1	0	0	None	None	None	None	None	-1	-1	-1.000000	-1.000000	-1.000000	-1.000000		-1	-1
MDLK2	Yellow Creek nr Middlesboro	MDLK2	36.668056	-83.688614	1097.990000	0.0000	0.0000	0.000000	Yellow Creek	11.4000	-1	3402000	EST			-1	-1	-1	0	0	0.0000	-1.0000	-1.0000	-1.0000	-1.0000	-1.0000	-1.0000	-1.0000	-1.0000	-1.0000	-1.0000	-1.0000	-1.0000	-1.0000	-1.0000	-1.0000	-1.0000	KY	0		-1.0000	-1	1097.990035	Precip	None	-1	0	0	None	None	None	None	Stream	-1	-1	-1.000000	-1.000000	-1.000000	-1.000000		-1	-1
MDNT1	Harpeth at McDaniel	MDNT1	35.832500	-86.698890	0.000000	0.0000	0.0000	0.000000	Harpeth	-1.0000	-1	3432100	CST			-1	-1	-1	0	0	0.0000	-1.0000	-1.0000	-1.0000	-1.0000	-1.0000	-1.0000	-1.0000	-1.0000	-1.0000	-1.0000	-1.0000	-1.0000	-1.0000	-1.0000	-1.0000	-1.0000	TN	0		-1.0000	-1	0.000000	None	None	-1	0	0	None	None	None	None	None	-1	-1	-1.000000	-1.000000	-1.000000	-1.000000		-1	-1
MeltonHillDam	Melton Hill Dam W2 profiles	MeltonHillDam	35.884445	-84.300552	0.000000	0.0000	0.0000	0.000000	None	-1.0000	-1					-1	-1	-1	0	0	0.0000	-1.0000	-1.0000	-1.0000	-1.0000	-1.0000	-1.0000	-1.0000	-1.0000	-1.0000	-1.0000	-1.0000	-1.0000	-1.0000	-1.0000	-1.0000	-1.0000		0		-1.0000	-1	0.000000	None	None	-1	0	0	None	None	None	None	None	-1	-1	-1.000000	-1.000000	-1.000000	-1.000000		-1	-1
MeltonHillDam_v4	Melton Hill Dam W2 v4 profiles	MeltonHillDam_v4	35.884445	-84.300552	0.000000	0.0000	0.0000	0.000000	None	-1.0000	-1					-1	-1	-1	0	0	0.0000	-1.0000	-1.0000	-1.0000	-1.0000	-1.0000	-1.0000	-1.0000	-1.0000	-1.0000	-1.0000	-1.0000	-1.0000	-1.0000	-1.0000	-1.0000	-1.0000		0		-1.0000	-1	0.000000	None	None	-1	0	0	None	None	None	None	None	-1	-1	-1.000000	-1.000000	-1.000000	-1.000000		-1	-1
MGNT1	Milligan College	MGNT1	36.305557	-82.305832	0.000000	0.0000	0.0000	0.000000	None	-1.0000	-1		EST			-1	-1	-1	0	0	0.0000	-1.0000	-1.0000	-1.0000	-1.0000	-1.0000	-1.0000	-1.0000	-1.0000	-1.0000	-1.0000	-1.0000	-1.0000	-1.0000	-1.0000	-1.0000	-1.0000	TN	0		-1.0000	-1	0.000000	Precip	None	-1	0	0	None	None	None	None	None	-1	-1	-1.000000	-1.000000	-1.000000	-1.000000		-1	-1
MHDT1	Melton Hill Dam	MHDT1	35.884445	-84.300552	0.000000	0.0000	0.0000	0.000000	Clinch	23.1000	660	3535900	EST	Hydro	MHH	2	77	40	0	1	0.0000	43.0000	7.0000	-1.0000	-1.0000	-1.0000	785.0000	-1.0000	754.0000	-1.0000	796.0000	802.0000	-1.0000	-1.0000	-1.0000	-1.0000	-1.0000	TN	0	TVA	796.0000	-1	0.000000	Precip	Douglas=>Fontana=>Norris=>Melton Hill	4	18	41	TVA	Hydropower	Melt	MHH	None	-1	-1	-1.000000	-1.000000	-1.000000	-1.000000		-1	-1
MHDT1_221.80	MHDT1_221.80	MeltonHillDam	0.000000	0.000000	0.000000	0.0000	0.0000	0.000000	None	-1.0000	-1					-1	-1	-1	0	0	0.0000	-1.0000	-1.0000	-1.0000	-1.0000	-1.0000	-1.0000	-1.0000	-1.0000	-1.0000	-1.0000	-1.0000	-1.0000	-1.0000	-1.0000	-1.0000	-1.0000		0	TVA	-1.0000	-1	0.000000	None	None	-1	0	0	None	None	None	None	None	-1	-1	-1.000000	-1.000000	-1.000000	-1.000000		-1	-1
MHDT1_224.80	MHDT1_224.80	MeltonHillDam	0.000000	0.000000	0.000000	0.0000	0.0000	0.000000	None	-1.0000	-1					-1	-1	-1	0	0	0.0000	-1.0000	-1.0000	-1.0000	-1.0000	-1.0000	-1.0000	-1.0000	-1.0000	-1.0000	-1.0000	-1.0000	-1.0000	-1.0000	-1.0000	-1.0000	-1.0000		0	TVA	-1.0000	-1	0.000000	None	None	-1	0	0	None	None	None	None	None	-1	-1	-1.000000	-1.000000	-1.000000	-1.000000		-1	-1
MHDT1_227.80	MHDT1_227.80	MeltonHillDam	0.000000	0.000000	0.000000	0.0000	0.0000	0.000000	None	-1.0000	-1					-1	-1	-1	0	0	0.0000	-1.0000	-1.0000	-1.0000	-1.0000	-1.0000	-1.0000	-1.0000	-1.0000	-1.0000	-1.0000	-1.0000	-1.0000	-1.0000	-1.0000	-1.0000	-1.0000		0	TVA	-1.0000	-1	0.000000	None	None	-1	0	0	None	None	None	None	None	-1	-1	-1.000000	-1.000000	-1.000000	-1.000000		-1	-1
MHDT1_229.80	MHDT1_229.80	MeltonHillDam	0.000000	0.000000	0.000000	0.0000	0.0000	0.000000	None	-1.0000	-1					-1	-1	-1	0	0	0.0000	-1.0000	-1.0000	-1.0000	-1.0000	-1.0000	-1.0000	-1.0000	-1.0000	-1.0000	-1.0000	-1.0000	-1.0000	-1.0000	-1.0000	-1.0000	-1.0000		0	TVA	-1.0000	-1	0.000000	None	None	-1	0	0	None	None	None	None	None	-1	-1	-1.000000	-1.000000	-1.000000	-1.000000		-1	-1
MHDT1_231.80	MHDT1_231.80	MeltonHillDam	0.000000	0.000000	0.000000	0.0000	0.0000	0.000000	None	-1.0000	-1					-1	-1	-1	0	0	0.0000	-1.0000	-1.0000	-1.0000	-1.0000	-1.0000	-1.0000	-1.0000	-1.0000	-1.0000	-1.0000	-1.0000	-1.0000	-1.0000	-1.0000	-1.0000	-1.0000		0	TVA	-1.0000	-1	0.000000	None	None	-1	0	0	None	None	None	None	None	-1	-1	-1.000000	-1.000000	-1.000000	-1.000000		-1	-1
MHDT1_233.80	MHDT1_233.80	MeltonHillDam	0.000000	0.000000	0.000000	0.0000	0.0000	0.000000	None	-1.0000	-1					-1	-1	-1	0	0	0.0000	-1.0000	-1.0000	-1.0000	-1.0000	-1.0000	-1.0000	-1.0000	-1.0000	-1.0000	-1.0000	-1.0000	-1.0000	-1.0000	-1.0000	-1.0000	-1.0000		0	TVA	-1.0000	-1	0.000000	None	None	-1	0	0	None	None	None	None	None	-1	-1	-1.000000	-1.000000	-1.000000	-1.000000		-1	-1
MHDT1_235.80	MHDT1_235.80	MeltonHillDam	0.000000	0.000000	0.000000	0.0000	0.0000	0.000000	None	-1.0000	-1					-1	-1	-1	0	0	0.0000	-1.0000	-1.0000	-1.0000	-1.0000	-1.0000	-1.0000	-1.0000	-1.0000	-1.0000	-1.0000	-1.0000	-1.0000	-1.0000	-1.0000	-1.0000	-1.0000		0	TVA	-1.0000	-1	0.000000	None	None	-1	0	0	None	None	None	None	None	-1	-1	-1.000000	-1.000000	-1.000000	-1.000000		-1	-1
MHDT1_237.80	MHDT1_237.80	MeltonHillDam	0.000000	0.000000	0.000000	0.0000	0.0000	0.000000	None	-1.0000	-1					-1	-1	-1	0	0	0.0000	-1.0000	-1.0000	-1.0000	-1.0000	-1.0000	-1.0000	-1.0000	-1.0000	-1.0000	-1.0000	-1.0000	-1.0000	-1.0000	-1.0000	-1.0000	-1.0000		0	TVA	-1.0000	-1	0.000000	None	None	-1	0	0	None	None	None	None	None	-1	-1	-1.000000	-1.000000	-1.000000	-1.000000		-1	-1
MHDT1_239.80	MHDT1_239.80	MeltonHillDam	0.000000	0.000000	0.000000	0.0000	0.0000	0.000000	None	-1.0000	-1					-1	-1	-1	0	0	0.0000	-1.0000	-1.0000	-1.0000	-1.0000	-1.0000	-1.0000	-1.0000	-1.0000	-1.0000	-1.0000	-1.0000	-1.0000	-1.0000	-1.0000	-1.0000	-1.0000		0	TVA	-1.0000	-1	0.000000	None	None	-1	0	0	None	None	None	None	None	-1	-1	-1.000000	-1.000000	-1.000000	-1.000000		-1	-1
MHDT1_241.30	MHDT1_241.30	MeltonHillDam	0.000000	0.000000	0.000000	0.0000	0.0000	0.000000	None	-1.0000	-1					-1	-1	-1	0	0	0.0000	-1.0000	-1.0000	-1.0000	-1.0000	-1.0000	-1.0000	-1.0000	-1.0000	-1.0000	-1.0000	-1.0000	-1.0000	-1.0000	-1.0000	-1.0000	-1.0000		0	TVA	-1.0000	-1	0.000000	None	None	-1	0	0	None	None	None	None	None	-1	-1	-1.000000	-1.000000	-1.000000	-1.000000		-1	-1
MHDT1_v4_225.30	MHDT1_v4_225.30	MeltonHillDam_v4	0.000000	0.000000	0.000000	0.0000	0.0000	0.000000	None	-1.0000	-1					-1	-1	-1	0	0	0.0000	-1.0000	-1.0000	-1.0000	-1.0000	-1.0000	-1.0000	-1.0000	-1.0000	-1.0000	-1.0000	-1.0000	-1.0000	-1.0000	-1.0000	-1.0000	-1.0000		0	TVA	-1.0000	-1	0.000000	None	None	-1	0	0	None	None	None	None	None	-1	-1	-1.000000	-1.000000	-1.000000	-1.000000		-1	-1
MHDT1_v4_227.30	MHDT1_v4_227.30	MeltonHillDam_v4	0.000000	0.000000	0.000000	0.0000	0.0000	0.000000	None	-1.0000	-1					-1	-1	-1	0	0	0.0000	-1.0000	-1.0000	-1.0000	-1.0000	-1.0000	-1.0000	-1.0000	-1.0000	-1.0000	-1.0000	-1.0000	-1.0000	-1.0000	-1.0000	-1.0000	-1.0000		0	TVA	-1.0000	-1	0.000000	None	None	-1	0	0	None	None	None	None	None	-1	-1	-1.000000	-1.000000	-1.000000	-1.000000		-1	-1
MHDT1_v4_229.30	MHDT1_v4_229.30	MeltonHillDam_v4	0.000000	0.000000	0.000000	0.0000	0.0000	0.000000	None	-1.0000	-1					-1	-1	-1	0	0	0.0000	-1.0000	-1.0000	-1.0000	-1.0000	-1.0000	-1.0000	-1.0000	-1.0000	-1.0000	-1.0000	-1.0000	-1.0000	-1.0000	-1.0000	-1.0000	-1.0000		0	TVA	-1.0000	-1	0.000000	None	None	-1	0	0	None	None	None	None	None	-1	-1	-1.000000	-1.000000	-1.000000	-1.000000		-1	-1
MHDT1_v4_231.30	MHDT1_v4_231.30	MeltonHillDam_v4	0.000000	0.000000	0.000000	0.0000	0.0000	0.000000	None	-1.0000	-1					-1	-1	-1	0	0	0.0000	-1.0000	-1.0000	-1.0000	-1.0000	-1.0000	-1.0000	-1.0000	-1.0000	-1.0000	-1.0000	-1.0000	-1.0000	-1.0000	-1.0000	-1.0000	-1.0000		0	TVA	-1.0000	-1	0.000000	None	None	-1	0	0	None	None	None	None	None	-1	-1	-1.000000	-1.000000	-1.000000	-1.000000		-1	-1
MHDT1_v4_233.30	MHDT1_v4_233.30	MeltonHillDam_v4	0.000000	0.000000	0.000000	0.0000	0.0000	0.000000	None	-1.0000	-1					-1	-1	-1	0	0	0.0000	-1.0000	-1.0000	-1.0000	-1.0000	-1.0000	-1.0000	-1.0000	-1.0000	-1.0000	-1.0000	-1.0000	-1.0000	-1.0000	-1.0000	-1.0000	-1.0000		0	TVA	-1.0000	-1	0.000000	None	None	-1	0	0	None	None	None	None	None	-1	-1	-1.000000	-1.000000	-1.000000	-1.000000		-1	-1
MHDT1_v4_235.30	MHDT1_v4_235.30	MeltonHillDam_v4	0.000000	0.000000	0.000000	0.0000	0.0000	0.000000	None	-1.0000	-1					-1	-1	-1	0	0	0.0000	-1.0000	-1.0000	-1.0000	-1.0000	-1.0000	-1.0000	-1.0000	-1.0000	-1.0000	-1.0000	-1.0000	-1.0000	-1.0000	-1.0000	-1.0000	-1.0000		0	TVA	-1.0000	-1	0.000000	None	None	-1	0	0	None	None	None	None	None	-1	-1	-1.000000	-1.000000	-1.000000	-1.000000		-1	-1
MHDT1_v4_237.30	MHDT1_v4_237.30	MeltonHillDam_v4	0.000000	0.000000	0.000000	0.0000	0.0000	0.000000	None	-1.0000	-1					-1	-1	-1	0	0	0.0000	-1.0000	-1.0000	-1.0000	-1.0000	-1.0000	-1.0000	-1.0000	-1.0000	-1.0000	-1.0000	-1.0000	-1.0000	-1.0000	-1.0000	-1.0000	-1.0000		0	TVA	-1.0000	-1	0.000000	None	None	-1	0	0	None	None	None	None	None	-1	-1	-1.000000	-1.000000	-1.000000	-1.000000		-1	-1
MHDT1_v4_239.30	MHDT1_v4_239.30	MeltonHillDam_v4	0.000000	0.000000	0.000000	0.0000	0.0000	0.000000	None	-1.0000	-1					-1	-1	-1	0	0	0.0000	-1.0000	-1.0000	-1.0000	-1.0000	-1.0000	-1.0000	-1.0000	-1.0000	-1.0000	-1.0000	-1.0000	-1.0000	-1.0000	-1.0000	-1.0000	-1.0000		0	TVA	-1.0000	-1	0.000000	None	None	-1	0	0	None	None	None	None	None	-1	-1	-1.000000	-1.000000	-1.000000	-1.000000		-1	-1
MHDT1_v4_241.30	MHDT1_v4_241.30	MeltonHillDam_v4	0.000000	0.000000	0.000000	0.0000	0.0000	0.000000	None	-1.0000	-1					-1	-1	-1	0	0	0.0000	-1.0000	-1.0000	-1.0000	-1.0000	-1.0000	-1.0000	-1.0000	-1.0000	-1.0000	-1.0000	-1.0000	-1.0000	-1.0000	-1.0000	-1.0000	-1.0000		0	TVA	-1.0000	-1	0.000000	None	None	-1	0	0	None	None	None	None	None	-1	-1	-1.000000	-1.000000	-1.000000	-1.000000		-1	-1
MHDT1_v4_243.30	MHDT1_v4_243.30	MeltonHillDam_v4	0.000000	0.000000	0.000000	0.0000	0.0000	0.000000	None	-1.0000	-1					-1	-1	-1	0	0	0.0000	-1.0000	-1.0000	-1.0000	-1.0000	-1.0000	-1.0000	-1.0000	-1.0000	-1.0000	-1.0000	-1.0000	-1.0000	-1.0000	-1.0000	-1.0000	-1.0000		0	TVA	-1.0000	-1	0.000000	None	None	-1	0	0	None	None	None	None	None	-1	-1	-1.000000	-1.000000	-1.000000	-1.000000		-1	-1
MHH-01	Melton Hill-Unit1	MHDT1	35.884445	-84.300552	0.000000	0.0000	0.0000	0.000000	None	-1.0000	-1					-1	-1	-1	0	0	0.0000	-1.0000	-1.0000	-1.0000	-1.0000	-1.0000	-1.0000	-1.0000	-1.0000	-1.0000	-1.0000	-1.0000	-1.0000	-1.0000	-1.0000	-1.0000	-1.0000		0		-1.0000	-1	0.000000	None	None	-1	0	0	None	None	None	None	None	-1	-1	-1.000000	-1.000000	-1.000000	-1.000000	Hydro	12000	40
MHH-01-TD	Melton Hill-Unit1-Taildeck	MHH-01	35.884445	-84.300552	0.000000	0.0000	0.0000	0.000000	None	-1.0000	-1					-1	-1	-1	0	0	0.0000	-1.0000	-1.0000	-1.0000	-1.0000	-1.0000	-1.0000	-1.0000	-1.0000	-1.0000	-1.0000	-1.0000	-1.0000	-1.0000	-1.0000	-1.0000	-1.0000		0		-1.0000	-1	0.000000	None	None	-1	0	0	None	None	None	None	None	-1	-1	-1.000000	-1.000000	-1.000000	-1.000000	Other	-1	-1
MHH-02	Melton Hill-Unit2	MHDT1	35.884445	-84.300552	0.000000	0.0000	0.0000	0.000000	None	-1.0000	-1					-1	-1	-1	0	0	0.0000	-1.0000	-1.0000	-1.0000	-1.0000	-1.0000	-1.0000	-1.0000	-1.0000	-1.0000	-1.0000	-1.0000	-1.0000	-1.0000	-1.0000	-1.0000	-1.0000		0		-1.0000	-1	0.000000	None	None	-1	0	0	None	None	None	None	None	-1	-1	-1.000000	-1.000000	-1.000000	-1.000000	Hydro	12000	40
MHH-02-TD	Melton Hill-Unit2-Taildeck	MHH-02	35.884445	-84.300552	0.000000	0.0000	0.0000	0.000000	None	-1.0000	-1					-1	-1	-1	0	0	0.0000	-1.0000	-1.0000	-1.0000	-1.0000	-1.0000	-1.0000	-1.0000	-1.0000	-1.0000	-1.0000	-1.0000	-1.0000	-1.0000	-1.0000	-1.0000	-1.0000		0		-1.0000	-1	0.000000	None	None	-1	0	0	None	None	None	None	None	-1	-1	-1.000000	-1.000000	-1.000000	-1.000000	Other	-1	-1
MHH-OG-01	Melton Hill Dam	MHDT1	35.884445	-84.300552	0.000000	0.0000	0.0000	0.000000	None	-1.0000	-1					-1	-1	-1	0	0	0.0000	-1.0000	-1.0000	-1.0000	-1.0000	-1.0000	-1.0000	-1.0000	-1.0000	-1.0000	-1.0000	-1.0000	-1.0000	-1.0000	-1.0000	-1.0000	-1.0000		0		-1.0000	-1	0.000000	None	None	-1	0	0	None	None	None	None	None	-1	-1	-1.000000	-1.000000	-1.000000	-1.000000		-1	-1	OTHER	DISC
MHH-OG-02	Melton Hill Dam	MHDT1	35.884445	-84.300552	0.000000	0.0000	0.0000	0.000000	None	-1.0000	-1					-1	-1	-1	0	0	0.0000	-1.0000	-1.0000	-1.0000	-1.0000	-1.0000	-1.0000	-1.0000	-1.0000	-1.0000	-1.0000	-1.0000	-1.0000	-1.0000	-1.0000	-1.0000	-1.0000		0		-1.0000	-1	0.000000	None	None	-1	0	0	None	None	None	None	None	-1	-1	-1.000000	-1.000000	-1.000000	-1.000000		-1	-1	OTHER	DISC
MHH-OG-03	Melton Hill Dam	MHDT1	35.884445	-84.300552	0.000000	0.0000	0.0000	0.000000	None	-1.0000	-1					-1	-1	-1	0	0	0.0000	-1.0000	-1.0000	-1.0000	-1.0000	-1.0000	-1.0000	-1.0000	-1.0000	-1.0000	-1.0000	-1.0000	-1.0000	-1.0000	-1.0000	-1.0000	-1.0000		0		-1.0000	-1	0.000000	None	None	-1	0	0	None	None	None	None	None	-1	-1	-1.000000	-1.000000	-1.000000	-1.000000		-1	-1	OTHER	DISC
MHH-SP-01	Melton Hill Dam	MHDT1	35.884445	-84.300552	0.000000	0.0000	0.0000	0.000000	None	-1.0000	-1					-1	-1	-1	0	0	0.0000	-1.0000	-1.0000	-1.0000	-1.0000	-1.0000	-1.0000	-1.0000	-1.0000	-1.0000	-1.0000	-1.0000	-1.0000	-1.0000	-1.0000	-1.0000	-1.0000		0		-1.0000	-1	0.000000	None	None	-1	0	0	None	None	None	None	None	-1	-1	-1.000000	-1.000000	-1.000000	-1.000000		-1	-1	SPILL	DISC
MHH-SP-02	Melton Hill Dam	MHDT1	35.884445	-84.300552	0.000000	0.0000	0.0000	0.000000	None	-1.0000	-1					-1	-1	-1	0	0	0.0000	-1.0000	-1.0000	-1.0000	-1.0000	-1.0000	-1.0000	-1.0000	-1.0000	-1.0000	-1.0000	-1.0000	-1.0000	-1.0000	-1.0000	-1.0000	-1.0000		0		-1.0000	-1	0.000000	None	None	-1	0	0	None	None	None	None	None	-1	-1	-1.000000	-1.000000	-1.000000	-1.000000		-1	-1	SPILL	DISC
MHH-SP-03	Melton Hill Dam	MHDT1	35.884445	-84.300552	0.000000	0.0000	0.0000	0.000000	None	-1.0000	-1					-1	-1	-1	0	0	0.0000	-1.0000	-1.0000	-1.0000	-1.0000	-1.0000	-1.0000	-1.0000	-1.0000	-1.0000	-1.0000	-1.0000	-1.0000	-1.0000	-1.0000	-1.0000	-1.0000		0		-1.0000	-1	0.000000	None	None	-1	0	0	None	None	None	None	None	-1	-1	-1.000000	-1.000000	-1.000000	-1.000000		-1	-1	SPILL	DISC
MHH-TD	Melton Hill-Taildeck	MHDT1	35.884445	-84.300552	0.000000	0.0000	0.0000	0.000000	None	-1.0000	-1					-1	-1	-1	0	0	0.0000	-1.0000	-1.0000	-1.0000	-1.0000	-1.0000	-1.0000	-1.0000	-1.0000	-1.0000	-1.0000	-1.0000	-1.0000	-1.0000	-1.0000	-1.0000	-1.0000		0		-1.0000	-1	0.000000	None	None	-1	0	0	None	None	None	None	None	-1	-1	-1.000000	-1.000000	-1.000000	-1.000000	Hydro	-1	-1
MHLN7	Leicester	MHLN7	35.723610	-82.660278	0.000000	0.0000	0.0000	0.000000	None	-1.0000	-1		EST			-1	-1	-1	0	0	0.0000	-1.0000	-1.0000	-1.0000	-1.0000	-1.0000	-1.0000	-1.0000	-1.0000	-1.0000	-1.0000	-1.0000	-1.0000	-1.0000	-1.0000	-1.0000	-1.0000	NC	0		-1.0000	-1	0.000000	Precip	None	-1	0	0	None	None	None	None	None	-1	-1	-1.000000	-1.000000	-1.000000	-1.000000		-1	-1
Mile_16_5	Mile 16.5	Mile_16_5	34.872852	-87.107561	0.000000	0.0000	0.0000	0.000000	None	-1.0000	-1					-1	-1	-1	0	0	0.0000	-1.0000	-1.0000	-1.0000	-1.0000	-1.0000	-1.0000	-1.0000	-1.0000	-1.0000	-1.0000	-1.0000	-1.0000	-1.0000	-1.0000	-1.0000	-1.0000		0		-1.0000	-1	0.000000	None	None	-1	0	0	None	None	None	None	None	-1	-1	-1.000000	-1.000000	-1.000000	-1.000000		-1	-1
MLTA1	Moulton	MLTA1	34.403889	-87.316109	0.000000	0.0000	0.0000	0.000000	None	-1.0000	-1		CST			-1	-1	-1	0	0	0.0000	-1.0000	-1.0000	-1.0000	-1.0000	-1.0000	-1.0000	-1.0000	-1.0000	-1.0000	-1.0000	-1.0000	-1.0000	-1.0000	-1.0000	-1.0000	-1.0000	AL	0		-1.0000	-1	0.000000	Precip	None	-1	0	0	None	None	None	None	None	-1	-1	-1.000000	-1.000000	-1.000000	-1.000000		-1	-1
MLTT1	Duck at Milltown	MLTT1	35.576389	-86.778893	609.240000	0.0000	0.0000	0.000000	Duck	-1.0000	1250	3599240				-1	-1	-1	0	0	0.0000	-1.0000	-1.0000	-1.0000	-1.0000	-1.0000	-1.0000	-1.0000	-1.0000	-1.0000	-1.0000	-1.0000	-1.0000	-1.0000	-1.0000	-1.0000	-1.0000	TN	0		-1.0000	-1	609.240020	None	None	-1	0	0	None	None	None	None	Stream	-1	-1	-1.000000	-1.000000	-1.000000	-1.000000		-1	-1
MMTN7	Mount Mitchell	MMTN7	35.758610	-82.270554	0.000000	0.0000	0.0000	0.000000	None	-1.0000	-1		EST			-1	-1	-1	0	0	0.0000	-1.0000	-1.0000	-1.0000	-1.0000	-1.0000	-1.0000	-1.0000	-1.0000	-1.0000	-1.0000	-1.0000	-1.0000	-1.0000	-1.0000	-1.0000	-1.0000	NC	0		-1.0000	-1	0.000000	Precip	None	-1	0	0	None	None	None	None	None	-1	-1	-1.000000	-1.000000	-1.000000	-1.000000		-1	-1
MMVT1	McMinnville	MMVT1	35.704444	-85.744722	0.000000	0.0000	0.0000	0.000000	None	-1.0000	-1					-1	-1	-1	0	0	0.0000	-1.0000	-1.0000	-1.0000	-1.0000	-1.0000	-1.0000	-1.0000	-1.0000	-1.0000	-1.0000	-1.0000	-1.0000	-1.0000	-1.0000	-1.0000	-1.0000	TN	0		-1.0000	-1	0.000000	Precip	None	-1	0	0	None	None	None	None	None	-1	-1	-1.000000	-1.000000	-1.000000	-1.000000		-1	-1
MNYT1	Monterey	MNYT1	36.150002	-85.241669	0.000000	0.0000	0.0000	0.000000	None	-1.0000	-1		CST			-1	-1	-1	0	0	0.0000	-1.0000	-1.0000	-1.0000	-1.0000	-1.0000	-1.0000	-1.0000	-1.0000	-1.0000	-1.0000	-1.0000	-1.0000	-1.0000	-1.0000	-1.0000	-1.0000	TN	0		-1.0000	-1	0.000000	Precip	None	-1	0	0	None	None	None	None	None	-1	-1	-1.000000	-1.000000	-1.000000	-1.000000		-1	-1
MPHN7	Hiwassee at Murphy	MPHN7	35.080555	-84.004166	0.000000	0.0000	0.0000	0.000000	Hiwassee	99.1000	720					-1	-1	-1	0	0	0.0000	-1.0000	-1.0000	-1.0000	-1.0000	-1.0000	-1.0000	-1.0000	-1.0000	-1.0000	-1.0000	-1.0000	-1.0000	-1.0000	-1.0000	-1.0000	-1.0000	NC	0		-1.0000	-1	0.000000	None	None	-1	0	0	None	None	None	None	None	-1	-1	-1.000000	-1.000000	-1.000000	-1.000000		-1	-1
MPLT1	Mount Pleasant	MPLT1	35.522778	-87.227219	0.000000	0.0000	0.0000	0.000000	None	-1.0000	-1		CST			-1	-1	-1	0	0	0.0000	-1.0000	-1.0000	-1.0000	-1.0000	-1.0000	-1.0000	-1.0000	-1.0000	-1.0000	-1.0000	-1.0000	-1.0000	-1.0000	-1.0000	-1.0000	-1.0000	TN	0		-1.0000	-1	0.000000	Precip	None	-1	0	0	None	None	None	None	None	-1	-1	-1.000000	-1.000000	-1.000000	-1.000000		-1	-1
MPYN7	Murphy	MPYN7	35.077778	-84.028336	0.000000	0.0000	0.0000	0.000000	None	-1.0000	-1		EST			-1	-1	-1	0	0	0.0000	-1.0000	-1.0000	-1.0000	-1.0000	-1.0000	-1.0000	-1.0000	-1.0000	-1.0000	-1.0000	-1.0000	-1.0000	-1.0000	-1.0000	-1.0000	-1.0000	NC	0		-1.0000	-1	0.000000	Precip	None	-1	0	0	None	None	None	None	None	-1	-1	-1.000000	-1.000000	-1.000000	-1.000000		-1	-1
MRNV2	Marion	MRNV2	36.854721	-81.481941	0.000000	0.0000	0.0000	0.000000	None	-1.0000	-1		EST			-1	-1	-1	0	0	0.0000	-1.0000	-1.0000	-1.0000	-1.0000	-1.0000	-1.0000	-1.0000	-1.0000	-1.0000	-1.0000	-1.0000	-1.0000	-1.0000	-1.0000	-1.0000	-1.0000	VA	0		-1.0000	-1	0.000000	Precip	None	-1	0	0	None	None	None	None	None	-1	-1	-1.000000	-1.000000	-1.000000	-1.000000		-1	-1
MRST1	Morrison	MRST1	35.616390	-85.894165	0.000000	0.0000	0.0000	0.000000	None	-1.0000	-1		CST			-1	-1	-1	0	0	0.0000	-1.0000	-1.0000	-1.0000	-1.0000	-1.0000	-1.0000	-1.0000	-1.0000	-1.0000	-1.0000	-1.0000	-1.0000	-1.0000	-1.0000	-1.0000	-1.0000	TN	0		-1.0000	-1	0.000000	Precip	None	-1	0	0	None	None	None	None	None	-1	-1	-1.000000	-1.000000	-1.000000	-1.000000		-1	-1
MSTT1	Morristown	MSTT1	36.272499	-83.226112	0.000000	0.0000	0.0000	0.000000	None	-1.0000	-1		EST			-1	-1	-1	0	0	0.0000	-1.0000	-1.0000	-1.0000	-1.0000	-1.0000	-1.0000	-1.0000	-1.0000	-1.0000	-1.0000	-1.0000	-1.0000	-1.0000	-1.0000	-1.0000	-1.0000	TN	0		-1.0000	-1	0.000000	Precip	None	-1	0	0	None	None	None	None	None	-1	-1	-1.000000	-1.000000	-1.000000	-1.000000		-1	-1
MTCK2	Beaver Creek nr Monticello	MTCK2	36.797501	-84.896111	807.420000	0.0000	0.0000	0.000000	Beaver Creek	24.0000	-1	3413200	EST			-1	-1	-1	0	0	0.0000	-1.0000	-1.0000	-1.0000	-1.0000	-1.0000	-1.0000	-1.0000	-1.0000	-1.0000	-1.0000	-1.0000	-1.0000	-1.0000	-1.0000	-1.0000	-1.0000	KY	0		-1.0000	-1	807.420026	Precip	None	-1	0	0	None	None	None	None	Stream	-1	-1	-1.000000	-1.000000	-1.000000	-1.000000		-1	-1
MTRI2	Ohio River at Metropolis	MTRI2	37.147500	88.740833	0.000000	0.0000	0.0000	0.000000	None	-1.0000	-1					-1	-1	-1	0	0	0.0000	-1.0000	-1.0000	-1.0000	-1.0000	-1.0000	-1.0000	-1.0000	-1.0000	-1.0000	-1.0000	-1.0000	-1.0000	-1.0000	-1.0000	-1.0000	-1.0000		0		-1.0000	-1	0.000000	None	None	-1	0	0	None	None	None	None	None	-1	-1	-1.000000	-1.000000	-1.000000	-1.000000		-1	-1
MUGT1	West Fork Stones at Murfreesboro	MUGT1	35.902779	-86.430000	514.950000	0.0000	0.0000	0.000000	West Fork Stones	10.7000	-1	3428200	CST			-1	-1	-1	0	0	0.0000	-1.0000	-1.0000	-1.0000	-1.0000	-1.0000	-1.0000	-1.0000	-1.0000	-1.0000	-1.0000	-1.0000	-1.0000	-1.0000	-1.0000	-1.0000	-1.0000	TN	0		-1.0000	-1	514.890000	Precip	None	-1	0	0	None	None	None	None	Stream	-1	-1	-1.000000	-1.000000	-1.000000	-1.000000		-1	-1
Muscle_Shoals_AL	Muscle Shoals AL	Muscle_Shoals_AL	34.794000	-87.641000	0.000000	0.0000	0.0000	0.000000	Tennessee	259.3900	-1					-1	-1	-1	0	0	0.0000	-1.0000	-1.0000	-1.0000	-1.0000	-1.0000	-1.0000	-1.0000	-1.0000	-1.0000	-1.0000	-1.0000	-1.0000	-1.0000	-1.0000	-1.0000	-1.0000		0		-1.0000	-1	0.000000	None	None	-1	0	0	None	None	None	None	None	-1	-1	-1.000000	-1.000000	-1.000000	-1.000000		-1	-1
MYVT1	Little nr Maryville	MYVT1	35.785278	-83.884720	850.000000	0.0000	0.0000	0.000000	Little River	-1.0000	410	3498500	EST			-1	-1	-1	0	0	0.0000	-1.0000	-1.0000	-1.0000	-1.0000	-1.0000	-1.0000	-1.0000	-1.0000	-1.0000	-1.0000	-1.0000	-1.0000	-1.0000	-1.0000	-1.0000	-1.0000	TN	0		-1.0000	-1	850.000027	None	None	-1	0	0	None	None	None	None	Stream	-1	-1	-1.000000	-1.000000	-1.000000	-1.000000		-1	-1
N/A	Blank t.s.	N/A	0.000000	0.000000	0.000000	0.0000	0.0000	0.000000	None	-1.0000	-1					-1	-1	-1	0	0	0.0000	-1.0000	-1.0000	-1.0000	-1.0000	-1.0000	-1.0000	-1.0000	-1.0000	-1.0000	-1.0000	-1.0000	-1.0000	-1.0000	-1.0000	-1.0000	-1.0000		0		-1.0000	-1	0.000000	None	None	-1	0	0	None	None	None	None	None	-1	-1	-1.000000	-1.000000	-1.000000	-1.000000		-1	-1
NANN7	Nantahala Power House	NANN7	35.273056	-83.680000	0.000000	2790.0000	0.0000	0.000000	Nantahala	13.6000	540		EST			-1	-1	-1	0	0	0.0000	10.0000	-1.0000	-1.0000	-1.0000	-1.0000	-1.0000	-1.0000	-1.0000	-1.0000	-1.0000	-1.0000	-1.0000	-1.0000	-1.0000	-1.0000	-1.0000	NC	0	DUKE	-1.0000	-1	0.000000	None	None	-1	0	0	None	None	None	None	None	-1	-1	-1.000000	-1.000000	-1.000000	-1.000000		-1	-1
NAST1	Cumberland at Nashville	NAST1	36.167221	-86.776390	368.170000	0.0000	0.0000	0.000000	Cumberland	191.1000	-1	3431500	CST			-1	-1	-1	0	0	0.0000	-1.0000	-1.0000	-1.0000	-1.0000	-1.0000	-1.0000	-1.0000	-1.0000	-1.0000	-1.0000	-1.0000	-1.0000	-1.0000	-1.0000	-1.0000	-1.0000	TN	0		-1.0000	-1	368.170012	None	None	-1	0	0	None	None	None	None	Stream	-1	-1	-1.000000	-1.000000	-1.000000	-1.000000		-1	-1
NBLV2	North Bristol	NBLV2	36.624722	-82.188332	0.000000	0.0000	0.0000	0.000000	None	-1.0000	-1		EST			-1	-1	-1	0	0	0.0000	-1.0000	-1.0000	-1.0000	-1.0000	-1.0000	-1.0000	-1.0000	-1.0000	-1.0000	-1.0000	-1.0000	-1.0000	-1.0000	-1.0000	-1.0000	-1.0000	VA	0		-1.0000	-1	0.000000	Precip	None	-1	0	0	None	None	None	None	None	-1	-1	-1.000000	-1.000000	-1.000000	-1.000000		-1	-1
NDMN7	Needmore Rain	NDMN7	35.323056	-83.534167	0.000000	0.0000	0.0000	0.000000	None	-1.0000	-1		EST			-1	-1	-1	0	0	0.0000	-1.0000	-1.0000	-1.0000	-1.0000	-1.0000	-1.0000	-1.0000	-1.0000	-1.0000	-1.0000	-1.0000	-1.0000	-1.0000	-1.0000	-1.0000	-1.0000	NC	0		-1.0000	-1	0.000000	Precip	None	-1	0	0	None	None	None	None	None	-1	-1	-1.000000	-1.000000	-1.000000	-1.000000		-1	-1
NEEN7	Little Tennessee at Needmore	NEEN7	35.336388	-83.527222	1761.190000	0.0000	0.0000	0.000000	Little Tenn	92.9000	530	3503000	EST			-1	-1	-1	0	0	0.0000	-1.0000	-1.0000	-1.0000	-1.0000	-1.0000	-1.0000	-1.0000	-1.0000	-1.0000	-1.0000	-1.0000	-1.0000	-1.0000	-1.0000	-1.0000	-1.0000	NC	0		-1.0000	-1	1761.190056	None	None	-1	0	0	None	None	None	None	Stream	-1	-1	-1.000000	-1.000000	-1.000000	-1.000000		-1	-1
NEPT1	Pigeon at Newport	NEPT1	35.960556	-83.174164	1038.760000	0.0000	0.0000	0.000000	Pigeon	6.8000	360	3461500	EST			-1	-1	-1	0	0	0.0000	-1.0000	-1.0000	-1.0000	-1.0000	-1.0000	-1.0000	-1.0000	-1.0000	-1.0000	-1.0000	-1.0000	-1.0000	-1.0000	-1.0000	-1.0000	-1.0000	TN	0		-1.0000	-1	1038.760033	None	None	-1	0	0	None	None	None	None	Stream	-1	-1	-1.000000	-1.000000	-1.000000	-1.000000		-1	-1
NEWT1	Newcomb	NEWT1	36.544445	-84.173058	0.000000	0.0000	0.0000	0.000000	None	-1.0000	-1		EST			-1	-1	-1	0	0	0.0000	-1.0000	-1.0000	-1.0000	-1.0000	-1.0000	-1.0000	-1.0000	-1.0000	-1.0000	-1.0000	-1.0000	-1.0000	-1.0000	-1.0000	-1.0000	-1.0000	TN	0		-1.0000	-1	0.000000	Precip	None	-1	0	0	None	None	None	None	None	-1	-1	-1.000000	-1.000000	-1.000000	-1.000000		-1	-1
NFGT1	Newfound Gap	NFGT1	35.611389	-83.428886	0.000000	0.0000	0.0000	0.000000	None	-1.0000	-1		EST			-1	-1	-1	0	0	0.0000	-1.0000	-1.0000	-1.0000	-1.0000	-1.0000	-1.0000	-1.0000	-1.0000	-1.0000	-1.0000	-1.0000	-1.0000	-1.0000	-1.0000	-1.0000	-1.0000	TN	0		-1.0000	-1	0.000000	Precip	None	-1	0	0	None	None	None	None	None	-1	-1	-1.000000	-1.000000	-1.000000	-1.000000		-1	-1
NJH-01	Nickajack-Unit1	NKJT1	35.001667	-85.621948	0.000000	0.0000	0.0000	0.000000	None	-1.0000	-1					-1	-1	-1	0	0	0.0000	-1.0000	-1.0000	-1.0000	-1.0000	-1.0000	-1.0000	-1.0000	-1.0000	-1.0000	-1.0000	-1.0000	-1.0000	-1.0000	-1.0000	-1.0000	-1.0000		0		-1.0000	-1	0.000000	None	None	-1	0	0	None	None	None	None	None	-1	-1	-1.000000	-1.000000	-1.000000	-1.000000	Hydro	15000	29
NJH-01-TD	Nickajack-Unit1-Taildeck	NJH-01	35.001667	-85.621948	0.000000	0.0000	0.0000	0.000000	None	-1.0000	-1					-1	-1	-1	0	0	0.0000	-1.0000	-1.0000	-1.0000	-1.0000	-1.0000	-1.0000	-1.0000	-1.0000	-1.0000	-1.0000	-1.0000	-1.0000	-1.0000	-1.0000	-1.0000	-1.0000		0		-1.0000	-1	0.000000	None	None	-1	0	0	None	None	None	None	None	-1	-1	-1.000000	-1.000000	-1.000000	-1.000000	Other	-1	-1
NJH-02	Nickajack-Unit2	NKJT1	35.001667	-85.621948	0.000000	0.0000	0.0000	0.000000	None	-1.0000	-1					-1	-1	-1	0	0	0.0000	-1.0000	-1.0000	-1.0000	-1.0000	-1.0000	-1.0000	-1.0000	-1.0000	-1.0000	-1.0000	-1.0000	-1.0000	-1.0000	-1.0000	-1.0000	-1.0000		0		-1.0000	-1	0.000000	None	None	-1	0	0	None	None	None	None	None	-1	-1	-1.000000	-1.000000	-1.000000	-1.000000	Hydro	15000	30
NJH-02-TD	Nickajack-Unit2-Taildeck	NJH-02	35.001667	-85.621948	0.000000	0.0000	0.0000	0.000000	None	-1.0000	-1					-1	-1	-1	0	0	0.0000	-1.0000	-1.0000	-1.0000	-1.0000	-1.0000	-1.0000	-1.0000	-1.0000	-1.0000	-1.0000	-1.0000	-1.0000	-1.0000	-1.0000	-1.0000	-1.0000		0		-1.0000	-1	0.000000	None	None	-1	0	0	None	None	None	None	None	-1	-1	-1.000000	-1.000000	-1.000000	-1.000000	Other	-1	-1
NJH-03	Nickajack-Unit3	NKJT1	35.001667	-85.621948	0.000000	0.0000	0.0000	0.000000	None	-1.0000	-1					-1	-1	-1	0	0	0.0000	-1.0000	-1.0000	-1.0000	-1.0000	-1.0000	-1.0000	-1.0000	-1.0000	-1.0000	-1.0000	-1.0000	-1.0000	-1.0000	-1.0000	-1.0000	-1.0000		0		-1.0000	-1	0.000000	None	None	-1	0	0	None	None	None	None	None	-1	-1	-1.000000	-1.000000	-1.000000	-1.000000	Hydro	15000	27
NJH-03-TD	Nickajack-Unit3-Taildeck	NJH-03	35.001667	-85.621948	0.000000	0.0000	0.0000	0.000000	None	-1.0000	-1					-1	-1	-1	0	0	0.0000	-1.0000	-1.0000	-1.0000	-1.0000	-1.0000	-1.0000	-1.0000	-1.0000	-1.0000	-1.0000	-1.0000	-1.0000	-1.0000	-1.0000	-1.0000	-1.0000		0		-1.0000	-1	0.000000	None	None	-1	0	0	None	None	None	None	None	-1	-1	-1.000000	-1.000000	-1.000000	-1.000000	Other	-1	-1
NJH-04	Nickajack-Unit4	NKJT1	35.001667	-85.621948	0.000000	0.0000	0.0000	0.000000	None	-1.0000	-1					-1	-1	-1	0	0	0.0000	-1.0000	-1.0000	-1.0000	-1.0000	-1.0000	-1.0000	-1.0000	-1.0000	-1.0000	-1.0000	-1.0000	-1.0000	-1.0000	-1.0000	-1.0000	-1.0000		0		-1.0000	-1	0.000000	None	None	-1	0	0	None	None	None	None	None	-1	-1	-1.000000	-1.000000	-1.000000	-1.000000	Hydro	15000	27
NJH-04-TD	Nickajack-Unit4-Taildeck	NJH-04	35.001667	-85.621948	0.000000	0.0000	0.0000	0.000000	None	-1.0000	-1					-1	-1	-1	0	0	0.0000	-1.0000	-1.0000	-1.0000	-1.0000	-1.0000	-1.0000	-1.0000	-1.0000	-1.0000	-1.0000	-1.0000	-1.0000	-1.0000	-1.0000	-1.0000	-1.0000		0		-1.0000	-1	0.000000	None	None	-1	0	0	None	None	None	None	None	-1	-1	-1.000000	-1.000000	-1.000000	-1.000000	Other	-1	-1
NJH-OG-01	Nickajack Dam	NKJT1	35.001667	-85.621948	0.000000	0.0000	0.0000	0.000000	None	-1.0000	-1					-1	-1	-1	0	0	0.0000	-1.0000	-1.0000	-1.0000	-1.0000	-1.0000	-1.0000	-1.0000	-1.0000	-1.0000	-1.0000	-1.0000	-1.0000	-1.0000	-1.0000	-1.0000	-1.0000		0		-1.0000	-1	0.000000	None	None	-1	0	0	None	None	None	None	None	-1	-1	-1.000000	-1.000000	-1.000000	-1.000000		-1	-1	OTHER	DISC
NJH-OG-02	Nickajack Dam	NKJT1	35.001667	-85.621948	0.000000	0.0000	0.0000	0.000000	None	-1.0000	-1					-1	-1	-1	0	0	0.0000	-1.0000	-1.0000	-1.0000	-1.0000	-1.0000	-1.0000	-1.0000	-1.0000	-1.0000	-1.0000	-1.0000	-1.0000	-1.0000	-1.0000	-1.0000	-1.0000		0		-1.0000	-1	0.000000	None	None	-1	0	0	None	None	None	None	None	-1	-1	-1.000000	-1.000000	-1.000000	-1.000000		-1	-1	OTHER	DISC
NJH-OG-03	Nickajack Dam	NKJT1	35.001667	-85.621948	0.000000	0.0000	0.0000	0.000000	None	-1.0000	-1					-1	-1	-1	0	0	0.0000	-1.0000	-1.0000	-1.0000	-1.0000	-1.0000	-1.0000	-1.0000	-1.0000	-1.0000	-1.0000	-1.0000	-1.0000	-1.0000	-1.0000	-1.0000	-1.0000		0		-1.0000	-1	0.000000	None	None	-1	0	0	None	None	None	None	None	-1	-1	-1.000000	-1.000000	-1.000000	-1.000000		-1	-1	OTHER	DISC
NJH-OG-04	Nickajack Dam	NKJT1	35.001667	-85.621948	0.000000	0.0000	0.0000	0.000000	None	-1.0000	-1					-1	-1	-1	0	0	0.0000	-1.0000	-1.0000	-1.0000	-1.0000	-1.0000	-1.0000	-1.0000	-1.0000	-1.0000	-1.0000	-1.0000	-1.0000	-1.0000	-1.0000	-1.0000	-1.0000		0		-1.0000	-1	0.000000	None	None	-1	0	0	None	None	None	None	None	-1	-1	-1.000000	-1.000000	-1.000000	-1.000000		-1	-1	OTHER	DISC
NJH-OG-05	Nickajack Dam	NKJT1	35.001667	-85.621948	0.000000	0.0000	0.0000	0.000000	None	-1.0000	-1					-1	-1	-1	0	0	0.0000	-1.0000	-1.0000	-1.0000	-1.0000	-1.0000	-1.0000	-1.0000	-1.0000	-1.0000	-1.0000	-1.0000	-1.0000	-1.0000	-1.0000	-1.0000	-1.0000		0		-1.0000	-1	0.000000	None	None	-1	0	0	None	None	None	None	None	-1	-1	-1.000000	-1.000000	-1.000000	-1.000000		-1	-1	OTHER	DISC
NJH-OG-06	Nickajack Dam	NKJT1	35.001667	-85.621948	0.000000	0.0000	0.0000	0.000000	None	-1.0000	-1					-1	-1	-1	0	0	0.0000	-1.0000	-1.0000	-1.0000	-1.0000	-1.0000	-1.0000	-1.0000	-1.0000	-1.0000	-1.0000	-1.0000	-1.0000	-1.0000	-1.0000	-1.0000	-1.0000		0		-1.0000	-1	0.000000	None	None	-1	0	0	None	None	None	None	None	-1	-1	-1.000000	-1.000000	-1.000000	-1.000000		-1	-1	OTHER	DISC
NJH-OG-07	Nickajack Dam	NKJT1	35.001667	-85.621948	0.000000	0.0000	0.0000	0.000000	None	-1.0000	-1					-1	-1	-1	0	0	0.0000	-1.0000	-1.0000	-1.0000	-1.0000	-1.0000	-1.0000	-1.0000	-1.0000	-1.0000	-1.0000	-1.0000	-1.0000	-1.0000	-1.0000	-1.0000	-1.0000		0		-1.0000	-1	0.000000	None	None	-1	0	0	None	None	None	None	None	-1	-1	-1.000000	-1.000000	-1.000000	-1.000000		-1	-1	OTHER	DISC
NJH-OG-08	Nickajack Dam	NKJT1	35.001667	-85.621948	0.000000	0.0000	0.0000	0.000000	None	-1.0000	-1					-1	-1	-1	0	0	0.0000	-1.0000	-1.0000	-1.0000	-1.0000	-1.0000	-1.0000	-1.0000	-1.0000	-1.0000	-1.0000	-1.0000	-1.0000	-1.0000	-1.0000	-1.0000	-1.0000		0		-1.0000	-1	0.000000	None	None	-1	0	0	None	None	None	None	None	-1	-1	-1.000000	-1.000000	-1.000000	-1.000000		-1	-1	OTHER	DISC
NJH-OG-09	Nickajack Dam	NKJT1	35.001667	-85.621948	0.000000	0.0000	0.0000	0.000000	None	-1.0000	-1					-1	-1	-1	0	0	0.0000	-1.0000	-1.0000	-1.0000	-1.0000	-1.0000	-1.0000	-1.0000	-1.0000	-1.0000	-1.0000	-1.0000	-1.0000	-1.0000	-1.0000	-1.0000	-1.0000		0		-1.0000	-1	0.000000	None	None	-1	0	0	None	None	None	None	None	-1	-1	-1.000000	-1.000000	-1.000000	-1.000000		-1	-1	OTHER	DISC
NJH-OG-10	Nickajack Dam	NKJT1	35.001667	-85.621948	0.000000	0.0000	0.0000	0.000000	None	-1.0000	-1					-1	-1	-1	0	0	0.0000	-1.0000	-1.0000	-1.0000	-1.0000	-1.0000	-1.0000	-1.0000	-1.0000	-1.0000	-1.0000	-1.0000	-1.0000	-1.0000	-1.0000	-1.0000	-1.0000		0		-1.0000	-1	0.000000	None	None	-1	0	0	None	None	None	None	None	-1	-1	-1.000000	-1.000000	-1.000000	-1.000000		-1	-1	OTHER	DISC
NJH-OG-11	Nickajack Dam	NKJT1	35.001667	-85.621948	0.000000	0.0000	0.0000	0.000000	None	-1.0000	-1					-1	-1	-1	0	0	0.0000	-1.0000	-1.0000	-1.0000	-1.0000	-1.0000	-1.0000	-1.0000	-1.0000	-1.0000	-1.0000	-1.0000	-1.0000	-1.0000	-1.0000	-1.0000	-1.0000		0		-1.0000	-1	0.000000	None	None	-1	0	0	None	None	None	None	None	-1	-1	-1.000000	-1.000000	-1.000000	-1.000000		-1	-1	OTHER	DISC
NJH-SP-01	Nickajack Dam	NKJT1	35.001667	-85.621948	0.000000	0.0000	0.0000	0.000000	None	-1.0000	-1					-1	-1	-1	0	0	0.0000	-1.0000	-1.0000	-1.0000	-1.0000	-1.0000	-1.0000	-1.0000	-1.0000	-1.0000	-1.0000	-1.0000	-1.0000	-1.0000	-1.0000	-1.0000	-1.0000		0		-1.0000	-1	0.000000	None	None	-1	0	0	None	None	None	None	None	-1	-1	-1.000000	-1.000000	-1.000000	-1.000000		-1	-1	SPILL	DISC
NJH-SP-02	Nickajack Dam	NKJT1	35.001667	-85.621948	0.000000	0.0000	0.0000	0.000000	None	-1.0000	-1					-1	-1	-1	0	0	0.0000	-1.0000	-1.0000	-1.0000	-1.0000	-1.0000	-1.0000	-1.0000	-1.0000	-1.0000	-1.0000	-1.0000	-1.0000	-1.0000	-1.0000	-1.0000	-1.0000		0		-1.0000	-1	0.000000	None	None	-1	0	0	None	None	None	None	None	-1	-1	-1.000000	-1.000000	-1.000000	-1.000000		-1	-1	SPILL	DISC
NJH-SP-03	Nickajack Dam	NKJT1	35.001667	-85.621948	0.000000	0.0000	0.0000	0.000000	None	-1.0000	-1					-1	-1	-1	0	0	0.0000	-1.0000	-1.0000	-1.0000	-1.0000	-1.0000	-1.0000	-1.0000	-1.0000	-1.0000	-1.0000	-1.0000	-1.0000	-1.0000	-1.0000	-1.0000	-1.0000		0		-1.0000	-1	0.000000	None	None	-1	0	0	None	None	None	None	None	-1	-1	-1.000000	-1.000000	-1.000000	-1.000000		-1	-1	SPILL	DISC
NJH-SP-04	Nickajack Dam	NKJT1	35.001667	-85.621948	0.000000	0.0000	0.0000	0.000000	None	-1.0000	-1					-1	-1	-1	0	0	0.0000	-1.0000	-1.0000	-1.0000	-1.0000	-1.0000	-1.0000	-1.0000	-1.0000	-1.0000	-1.0000	-1.0000	-1.0000	-1.0000	-1.0000	-1.0000	-1.0000		0		-1.0000	-1	0.000000	None	None	-1	0	0	None	None	None	None	None	-1	-1	-1.000000	-1.000000	-1.000000	-1.000000		-1	-1	SPILL	DISC
NJH-SP-05	Nickajack Dam	NKJT1	35.001667	-85.621948	0.000000	0.0000	0.0000	0.000000	None	-1.0000	-1					-1	-1	-1	0	0	0.0000	-1.0000	-1.0000	-1.0000	-1.0000	-1.0000	-1.0000	-1.0000	-1.0000	-1.0000	-1.0000	-1.0000	-1.0000	-1.0000	-1.0000	-1.0000	-1.0000		0		-1.0000	-1	0.000000	None	None	-1	0	0	None	None	None	None	None	-1	-1	-1.000000	-1.000000	-1.000000	-1.000000		-1	-1	SPILL	DISC
NJH-SP-06	Nickajack Dam	NKJT1	35.001667	-85.621948	0.000000	0.0000	0.0000	0.000000	None	-1.0000	-1					-1	-1	-1	0	0	0.0000	-1.0000	-1.0000	-1.0000	-1.0000	-1.0000	-1.0000	-1.0000	-1.0000	-1.0000	-1.0000	-1.0000	-1.0000	-1.0000	-1.0000	-1.0000	-1.0000		0		-1.0000	-1	0.000000	None	None	-1	0	0	None	None	None	None	None	-1	-1	-1.000000	-1.000000	-1.000000	-1.000000		-1	-1	SPILL	DISC
NJH-SP-07	Nickajack Dam	NKJT1	35.001667	-85.621948	0.000000	0.0000	0.0000	0.000000	None	-1.0000	-1					-1	-1	-1	0	0	0.0000	-1.0000	-1.0000	-1.0000	-1.0000	-1.0000	-1.0000	-1.0000	-1.0000	-1.0000	-1.0000	-1.0000	-1.0000	-1.0000	-1.0000	-1.0000	-1.0000		0		-1.0000	-1	0.000000	None	None	-1	0	0	None	None	None	None	None	-1	-1	-1.000000	-1.000000	-1.000000	-1.000000		-1	-1	SPILL	DISC
NJH-SP-08	Nickajack Dam	NKJT1	35.001667	-85.621948	0.000000	0.0000	0.0000	0.000000	None	-1.0000	-1					-1	-1	-1	0	0	0.0000	-1.0000	-1.0000	-1.0000	-1.0000	-1.0000	-1.0000	-1.0000	-1.0000	-1.0000	-1.0000	-1.0000	-1.0000	-1.0000	-1.0000	-1.0000	-1.0000		0		-1.0000	-1	0.000000	None	None	-1	0	0	None	None	None	None	None	-1	-1	-1.000000	-1.000000	-1.000000	-1.000000		-1	-1	SPILL	DISC
NJH-SP-09	Nickajack Dam	NKJT1	35.001667	-85.621948	0.000000	0.0000	0.0000	0.000000	None	-1.0000	-1					-1	-1	-1	0	0	0.0000	-1.0000	-1.0000	-1.0000	-1.0000	-1.0000	-1.0000	-1.0000	-1.0000	-1.0000	-1.0000	-1.0000	-1.0000	-1.0000	-1.0000	-1.0000	-1.0000		0		-1.0000	-1	0.000000	None	None	-1	0	0	None	None	None	None	None	-1	-1	-1.000000	-1.000000	-1.000000	-1.000000		-1	-1	SPILL	DISC
NJH-SP-10	Nickajack Dam	NKJT1	35.001667	-85.621948	0.000000	0.0000	0.0000	0.000000	None	-1.0000	-1					-1	-1	-1	0	0	0.0000	-1.0000	-1.0000	-1.0000	-1.0000	-1.0000	-1.0000	-1.0000	-1.0000	-1.0000	-1.0000	-1.0000	-1.0000	-1.0000	-1.0000	-1.0000	-1.0000		0		-1.0000	-1	0.000000	None	None	-1	0	0	None	None	None	None	None	-1	-1	-1.000000	-1.000000	-1.000000	-1.000000		-1	-1	SPILL	DISC
NJNT1	Tennessee nr Johnsonville	NJNT1	36.017502	-88.003891	300.000000	0.0000	0.0000	0.000000	Tennessee	100.5000	1290	3605000	CST			-1	-1	-1	0	0	0.0000	46.0000	-1.0000	-1.0000	-1.0000	-1.0000	-1.0000	-1.0000	-1.0000	-1.0000	-1.0000	-1.0000	-1.0000	-1.0000	-1.0000	-1.0000	-1.0000	TN	0		377.0000	-1	300.000000	None	None	-1	0	0	None	None	None	None	Stream	-1	-1	-1.000000	-1.000000	-1.000000	-1.000000		-1	-1
NKJT1	Nickajack Dam	NKJT1	35.001667	-85.621948	0.000000	0.0000	0.0000	0.000000	Tennessee	424.7000	890	3570520	CST	Hydro	NJH	4	110	28	0	1	0.0000	28.0000	7.0000	-1.0000	632.0000	-1.0000	-1.0000	-1.0000	595.0000	-1.0000	635.0000	652.0000	-1.0000	-1.0000	-1.0000	-1.0000	-1.0000	TN	0	TVA	635.0000	-1	0.000000	Precip	None	-1	22	13	TVA	Hydropower	Nick	NJH	None	-1	-1	-1.000000	-1.000000	-1.000000	-1.000000		-1	-1
NOC-OG-01	Normandy Dam	NRMT1	35.465279	-86.248886	0.000000	0.0000	0.0000	0.000000	None	-1.0000	-1					-1	-1	-1	0	0	0.0000	-1.0000	-1.0000	-1.0000	-1.0000	-1.0000	-1.0000	-1.0000	-1.0000	-1.0000	-1.0000	-1.0000	-1.0000	-1.0000	-1.0000	-1.0000	-1.0000		0		-1.0000	-1	0.000000	None	None	-1	0	0	None	None	None	None	None	-1	-1	-1.000000	-1.000000	-1.000000	-1.000000		-1	-1	OTHER	CONT
NOC-OG-02	Normandy Dam	NRMT1	35.465279	-86.248886	0.000000	0.0000	0.0000	0.000000	None	-1.0000	-1					-1	-1	-1	0	0	0.0000	-1.0000	-1.0000	-1.0000	-1.0000	-1.0000	-1.0000	-1.0000	-1.0000	-1.0000	-1.0000	-1.0000	-1.0000	-1.0000	-1.0000	-1.0000	-1.0000		0		-1.0000	-1	0.000000	None	None	-1	0	0	None	None	None	None	None	-1	-1	-1.000000	-1.000000	-1.000000	-1.000000		-1	-1	OTHER	CONT
NOC-SL-01	Normandy Dam	NRMT1	35.465279	-86.248886	0.000000	0.0000	0.0000	0.000000	None	-1.0000	-1					-1	-1	-1	0	0	0.0000	-1.0000	-1.0000	-1.0000	-1.0000	-1.0000	-1.0000	-1.0000	-1.0000	-1.0000	-1.0000	-1.0000	-1.0000	-1.0000	-1.0000	-1.0000	-1.0000		0		-1.0000	-1	0.000000	None	None	-1	0	0	None	None	None	None	None	-1	-1	-1.000000	-1.000000	-1.000000	-1.000000		-1	-1	SLUICE	CONT
NOC-SL-02	Normandy Dam	NRMT1	35.465279	-86.248886	0.000000	0.0000	0.0000	0.000000	None	-1.0000	-1					-1	-1	-1	0	0	0.0000	-1.0000	-1.0000	-1.0000	-1.0000	-1.0000	-1.0000	-1.0000	-1.0000	-1.0000	-1.0000	-1.0000	-1.0000	-1.0000	-1.0000	-1.0000	-1.0000		0		-1.0000	-1	0.000000	None	None	-1	0	0	None	None	None	None	None	-1	-1	-1.000000	-1.000000	-1.000000	-1.000000		-1	-1	SLUICE	CONT
NOC-SL-03	Normandy Dam	NRMT1	35.465279	-86.248886	0.000000	0.0000	0.0000	0.000000	None	-1.0000	-1					-1	-1	-1	0	0	0.0000	-1.0000	-1.0000	-1.0000	-1.0000	-1.0000	-1.0000	-1.0000	-1.0000	-1.0000	-1.0000	-1.0000	-1.0000	-1.0000	-1.0000	-1.0000	-1.0000		0		-1.0000	-1	0.000000	None	None	-1	0	0	None	None	None	None	None	-1	-1	-1.000000	-1.000000	-1.000000	-1.000000		-1	-1	SLUICE	CONT
NOC-SL-04	Normandy Dam	NRMT1	35.465279	-86.248886	0.000000	0.0000	0.0000	0.000000	None	-1.0000	-1					-1	-1	-1	0	0	0.0000	-1.0000	-1.0000	-1.0000	-1.0000	-1.0000	-1.0000	-1.0000	-1.0000	-1.0000	-1.0000	-1.0000	-1.0000	-1.0000	-1.0000	-1.0000	-1.0000		0		-1.0000	-1	0.000000	None	None	-1	0	0	None	None	None	None	None	-1	-1	-1.000000	-1.000000	-1.000000	-1.000000		-1	-1	SLUICE	CONT
NOC-SP-01	Normandy Dam	NRMT1	35.465279	-86.248886	0.000000	0.0000	0.0000	0.000000	None	-1.0000	-1					-1	-1	-1	0	0	0.0000	-1.0000	-1.0000	-1.0000	-1.0000	-1.0000	-1.0000	-1.0000	-1.0000	-1.0000	-1.0000	-1.0000	-1.0000	-1.0000	-1.0000	-1.0000	-1.0000		0		-1.0000	-1	0.000000	None	None	-1	0	0	None	None	None	None	None	-1	-1	-1.000000	-1.000000	-1.000000	-1.000000		-1	-1	SPILL	CONT
NOC-SP-02	Normandy Dam	NRMT1	35.465279	-86.248886	0.000000	0.0000	0.0000	0.000000	None	-1.0000	-1					-1	-1	-1	0	0	0.0000	-1.0000	-1.0000	-1.0000	-1.0000	-1.0000	-1.0000	-1.0000	-1.0000	-1.0000	-1.0000	-1.0000	-1.0000	-1.0000	-1.0000	-1.0000	-1.0000		0		-1.0000	-1	0.000000	None	None	-1	0	0	None	None	None	None	None	-1	-1	-1.000000	-1.000000	-1.000000	-1.000000		-1	-1	SPILL	CONT
NOH-01	Norris-Unit1	NRST1	36.223057	-84.089996	0.000000	0.0000	0.0000	0.000000	None	-1.0000	-1					-1	-1	-1	0	0	0.0000	-1.0000	-1.0000	-1.0000	-1.0000	-1.0000	-1.0000	-1.0000	-1.0000	-1.0000	-1.0000	-1.0000	-1.0000	-1.0000	-1.0000	-1.0000	-1.0000		0		-1.0000	-1	0.000000	None	None	-1	0	0	None	None	None	None	None	-1	-1	-1.000000	-1.000000	-1.000000	-1.000000	Hydro	6000	66
NOH-01-DS	Norris-Unit1-Downstream	NOH-01	36.223057	-84.089996	0.000000	0.0000	0.0000	0.000000	None	-1.0000	-1					-1	-1	-1	0	0	0.0000	-1.0000	-1.0000	-1.0000	-1.0000	-1.0000	-1.0000	-1.0000	-1.0000	-1.0000	-1.0000	-1.0000	-1.0000	-1.0000	-1.0000	-1.0000	-1.0000		0		-1.0000	-1	0.000000	None	None	-1	0	0	None	None	None	None	None	-1	-1	-1.000000	-1.000000	-1.000000	-1.000000	Other	-1	-1
NOH-02	Norris-Unit2	NRST1	36.223057	-84.089996	0.000000	0.0000	0.0000	0.000000	None	-1.0000	-1					-1	-1	-1	0	0	0.0000	-1.0000	-1.0000	-1.0000	-1.0000	-1.0000	-1.0000	-1.0000	-1.0000	-1.0000	-1.0000	-1.0000	-1.0000	-1.0000	-1.0000	-1.0000	-1.0000		0		-1.0000	-1	0.000000	None	None	-1	0	0	None	None	None	None	None	-1	-1	-1.000000	-1.000000	-1.000000	-1.000000	Hydro	6000	65
NOH-02-DS	Norris-Unit2-Downstream	NOH-02	36.223057	-84.089996	0.000000	0.0000	0.0000	0.000000	None	-1.0000	-1					-1	-1	-1	0	0	0.0000	-1.0000	-1.0000	-1.0000	-1.0000	-1.0000	-1.0000	-1.0000	-1.0000	-1.0000	-1.0000	-1.0000	-1.0000	-1.0000	-1.0000	-1.0000	-1.0000		0		-1.0000	-1	0.000000	None	None	-1	0	0	None	None	None	None	None	-1	-1	-1.000000	-1.000000	-1.000000	-1.000000	Other	-1	-1
NOH-OG-01	Norris Dam	NRST1	36.223057	-84.089996	0.000000	0.0000	0.0000	0.000000	None	-1.0000	-1					-1	-1	-1	0	0	0.0000	-1.0000	-1.0000	-1.0000	-1.0000	-1.0000	-1.0000	-1.0000	-1.0000	-1.0000	-1.0000	-1.0000	-1.0000	-1.0000	-1.0000	-1.0000	-1.0000		0		-1.0000	-1	0.000000	None	None	-1	0	0	None	None	None	None	None	-1	-1	-1.000000	-1.000000	-1.000000	-1.000000		-1	-1	OTHER	DISC
NOH-RRBR	Norris-RiverRoadBoatRamp	NRST1	36.223057	-84.089996	0.000000	0.0000	0.0000	0.000000	None	-1.0000	-1					-1	-1	-1	0	0	0.0000	-1.0000	-1.0000	-1.0000	-1.0000	-1.0000	-1.0000	-1.0000	-1.0000	-1.0000	-1.0000	-1.0000	-1.0000	-1.0000	-1.0000	-1.0000	-1.0000		0		-1.0000	-1	0.000000	None	None	-1	0	0	None	None	None	None	None	-1	-1	-1.000000	-1.000000	-1.000000	-1.000000	Other	-1	-1
NOH-SL-01	Norris Dam	NRST1	36.223057	-84.089996	0.000000	0.0000	0.0000	0.000000	None	-1.0000	-1					-1	-1	-1	0	0	0.0000	-1.0000	-1.0000	-1.0000	-1.0000	-1.0000	-1.0000	-1.0000	-1.0000	-1.0000	-1.0000	-1.0000	-1.0000	-1.0000	-1.0000	-1.0000	-1.0000		0		-1.0000	-1	0.000000	None	None	-1	0	0	None	None	None	None	None	-1	-1	-1.000000	-1.000000	-1.000000	-1.000000		-1	-1	SLUICE	CONT
NOH-SL-02	Norris Dam	NRST1	36.223057	-84.089996	0.000000	0.0000	0.0000	0.000000	None	-1.0000	-1					-1	-1	-1	0	0	0.0000	-1.0000	-1.0000	-1.0000	-1.0000	-1.0000	-1.0000	-1.0000	-1.0000	-1.0000	-1.0000	-1.0000	-1.0000	-1.0000	-1.0000	-1.0000	-1.0000		0		-1.0000	-1	0.000000	None	None	-1	0	0	None	None	None	None	None	-1	-1	-1.000000	-1.000000	-1.000000	-1.000000		-1	-1	SLUICE	CONT
NOH-SL-03	Norris Dam	NRST1	36.223057	-84.089996	0.000000	0.0000	0.0000	0.000000	None	-1.0000	-1					-1	-1	-1	0	0	0.0000	-1.0000	-1.0000	-1.0000	-1.0000	-1.0000	-1.0000	-1.0000	-1.0000	-1.0000	-1.0000	-1.0000	-1.0000	-1.0000	-1.0000	-1.0000	-1.0000		0		-1.0000	-1	0.000000	None	None	-1	0	0	None	None	None	None	None	-1	-1	-1.000000	-1.000000	-1.000000	-1.000000		-1	-1	SLUICE	CONT
NOH-SL-04	Norris Dam	NRST1	36.223057	-84.089996	0.000000	0.0000	0.0000	0.000000	None	-1.0000	-1					-1	-1	-1	0	0	0.0000	-1.0000	-1.0000	-1.0000	-1.0000	-1.0000	-1.0000	-1.0000	-1.0000	-1.0000	-1.0000	-1.0000	-1.0000	-1.0000	-1.0000	-1.0000	-1.0000		0		-1.0000	-1	0.000000	None	None	-1	0	0	None	None	None	None	None	-1	-1	-1.000000	-1.000000	-1.000000	-1.000000		-1	-1	SLUICE	CONT
NOH-SL-05	Norris Dam	NRST1	36.223057	-84.089996	0.000000	0.0000	0.0000	0.000000	None	-1.0000	-1					-1	-1	-1	0	0	0.0000	-1.0000	-1.0000	-1.0000	-1.0000	-1.0000	-1.0000	-1.0000	-1.0000	-1.0000	-1.0000	-1.0000	-1.0000	-1.0000	-1.0000	-1.0000	-1.0000		0		-1.0000	-1	0.000000	None	None	-1	0	0	None	None	None	None	None	-1	-1	-1.000000	-1.000000	-1.000000	-1.000000		-1	-1	SLUICE	CONT
NOH-SL-06	Norris Dam	NRST1	36.223057	-84.089996	0.000000	0.0000	0.0000	0.000000	None	-1.0000	-1					-1	-1	-1	0	0	0.0000	-1.0000	-1.0000	-1.0000	-1.0000	-1.0000	-1.0000	-1.0000	-1.0000	-1.0000	-1.0000	-1.0000	-1.0000	-1.0000	-1.0000	-1.0000	-1.0000		0		-1.0000	-1	0.000000	None	None	-1	0	0	None	None	None	None	None	-1	-1	-1.000000	-1.000000	-1.000000	-1.000000		-1	-1	SLUICE	CONT
NOH-SL-07	Norris Dam	NRST1	36.223057	-84.089996	0.000000	0.0000	0.0000	0.000000	None	-1.0000	-1					-1	-1	-1	0	0	0.0000	-1.0000	-1.0000	-1.0000	-1.0000	-1.0000	-1.0000	-1.0000	-1.0000	-1.0000	-1.0000	-1.0000	-1.0000	-1.0000	-1.0000	-1.0000	-1.0000		0		-1.0000	-1	0.000000	None	None	-1	0	0	None	None	None	None	None	-1	-1	-1.000000	-1.000000	-1.000000	-1.000000		-1	-1	SLUICE	CONT
NOH-SL-08	Norris Dam	NRST1	36.223057	-84.089996	0.000000	0.0000	0.0000	0.000000	None	-1.0000	-1					-1	-1	-1	0	0	0.0000	-1.0000	-1.0000	-1.0000	-1.0000	-1.0000	-1.0000	-1.0000	-1.0000	-1.0000	-1.0000	-1.0000	-1.0000	-1.0000	-1.0000	-1.0000	-1.0000		0		-1.0000	-1	0.000000	None	None	-1	0	0	None	None	None	None	None	-1	-1	-1.000000	-1.000000	-1.000000	-1.000000		-1	-1	SLUICE	CONT
NOH-SP-01	Norris Dam	NRST1	36.223057	-84.089996	0.000000	0.0000	0.0000	0.000000	None	-1.0000	-1					-1	-1	-1	0	0	0.0000	-1.0000	-1.0000	-1.0000	-1.0000	-1.0000	-1.0000	-1.0000	-1.0000	-1.0000	-1.0000	-1.0000	-1.0000	-1.0000	-1.0000	-1.0000	-1.0000		0		-1.0000	-1	0.000000	None	None	-1	0	0	None	None	None	None	None	-1	-1	-1.000000	-1.000000	-1.000000	-1.000000		-1	-1	SPILL	CONT
NOH-SP-02	Norris Dam	NRST1	36.223057	-84.089996	0.000000	0.0000	0.0000	0.000000	None	-1.0000	-1					-1	-1	-1	0	0	0.0000	-1.0000	-1.0000	-1.0000	-1.0000	-1.0000	-1.0000	-1.0000	-1.0000	-1.0000	-1.0000	-1.0000	-1.0000	-1.0000	-1.0000	-1.0000	-1.0000		0		-1.0000	-1	0.000000	None	None	-1	0	0	None	None	None	None	None	-1	-1	-1.000000	-1.000000	-1.000000	-1.000000		-1	-1	SPILL	CONT
NOH-SP-03	Norris Dam	NRST1	36.223057	-84.089996	0.000000	0.0000	0.0000	0.000000	None	-1.0000	-1					-1	-1	-1	0	0	0.0000	-1.0000	-1.0000	-1.0000	-1.0000	-1.0000	-1.0000	-1.0000	-1.0000	-1.0000	-1.0000	-1.0000	-1.0000	-1.0000	-1.0000	-1.0000	-1.0000		0		-1.0000	-1	0.000000	None	None	-1	0	0	None	None	None	None	None	-1	-1	-1.000000	-1.000000	-1.000000	-1.000000		-1	-1	SPILL	CONT
NOLT1	Nolichucky Dam	NOLT1	36.065556	-82.866386	0.000000	1200.0000	0.0000	0.000000	Nolichucky	46.0000	190		EST		NLC	-1	-1	-1	0	0	0.0000	41.0000	-1.0000	-1.0000	-1.0000	-1.0000	-1.0000	-1.0000	1230.9000	-1.0000	-1.0000	1240.9000	-1.0000	-1.0000	-1.0000	-1.0000	-1.0000	TN	0	TVA	-1.0000	-1	0.000000	Precip	None	-1	0	0	TVA	Non-hydropower	None	None	None	-1	-1	-1.000000	-1.000000	-1.000000	-1.000000		-1	-1
Norfolk_Southern_Rail_Yard	Norfolk-Southern Rail Yard	Norfolk_Southern_Rail_Yard	36.031352	-83.814947	0.000000	0.0000	0.0000	0.000000	None	-1.0000	-1					-1	-1	-1	0	0	0.0000	-1.0000	-1.0000	-1.0000	-1.0000	-1.0000	-1.0000	-1.0000	-1.0000	-1.0000	-1.0000	-1.0000	-1.0000	-1.0000	-1.0000	-1.0000	-1.0000		0		-1.0000	-1	0.000000	None	None	-1	0	0	None	None	None	None	None	-1	-1	-1.000000	-1.000000	-1.000000	-1.000000		-1	-1
NOTG1	Nottely Dam	NOTG1	34.960835	-84.086945	0.000000	1798.2800	0.0000	0.000000	Nottely	21.0000	740	3553000	EST		NTH	1	19	19	2	1	0.0000	20.0000	5.0000	-1.0000	-1.0000	1735.0000	-1.0000	-1.0000	1775.0000	1782.0000	1780.0000	1807.5000	-1.0000	-1.0000	-1.0000	5.0000	3.0000	GA	1	TVA	1780.0000	1943	0.000000	Precip	Chatuge=>Nottely=>Hiwassee=>Blue Ridge	2	10	31	TVA	Hydropower	Nott	NTH	None	-1	-1	-1.000000	-1.000000	-1.000000	-1.000000		-1	-1
NPRT1	Newport	NPRT1	35.970556	-83.203611	0.000000	0.0000	0.0000	0.000000	None	-1.0000	-1					-1	-1	-1	0	0	0.0000	-1.0000	-1.0000	-1.0000	-1.0000	-1.0000	-1.0000	-1.0000	-1.0000	-1.0000	-1.0000	-1.0000	-1.0000	-1.0000	-1.0000	-1.0000	-1.0000	TN	0		-1.0000	-1	0.000000	Precip	None	-1	0	0	None	None	None	None	None	-1	-1	-1.000000	-1.000000	-1.000000	-1.000000		-1	-1
NRMT1	Normandy Dam	NRMT1	35.465279	-86.248886	0.000000	850.0100	780.0000	0.000000	Duck	248.6000	1230	3596460	CST		NOC	-1	-1	-1	0	0	0.0000	56.0000	-1.0000	-1.0000	-1.0000	-1.0000	-1.0000	-1.0000	840.0000	-1.0000	880.0000	895.0000	-1.0000	-1.0000	-1.0000	-1.0000	-1.0000	TN	0	TVA	880.0000	1977	0.000000	Precip	Tims Ford=>Upper Bear=>Bear=>Little Bear=>Cedar=>Normandy	6	0	0	TVA	Nonpowers	None	None	None	-1	-1	-1.000000	-1.000000	-1.000000	-1.000000		-1	-1
NRST1	Norris Dam	NRST1	36.223057	-84.089996	0.000000	0.0000	0.0000	0.000000	Clinch	79.8000	650	3532500	EST	Hydro	NOH	2	130	70	8	1	20.0000	17.0000	10.0000	-1.0000	-1.0000	960.0000	900.0000	-1.0000	1020.0000	-1.0000	1034.0000	1061.0000	-1.0000	-1.0000	-1.0000	-1.0000	30.0000	TN	1	TVA	1034.0000	1937	0.000000	Precip	Douglas=>Fontana=>Norris=>Melton Hill	3	17	40	TVA	Hydropower	Norr	NOH	None	-1	-1	-1.000000	-1.000000	-1.000000	-1.000000		-1	-1
NRST1_evap	NRST1_evap	NRST1	36.223057	-84.089996	0.000000	0.0000	0.0000	0.000000	None	-1.0000	-1					-1	-1	-1	0	0	0.0000	-1.0000	-1.0000	-1.0000	-1.0000	-1.0000	-1.0000	-1.0000	-1.0000	-1.0000	-1.0000	-1.0000	-1.0000	-1.0000	-1.0000	-1.0000	-1.0000		0	TVA	-1.0000	-1	0.000000	None	None	-1	0	0	None	None	None	None	None	-1	-1	-1.000000	-1.000000	-1.000000	-1.000000		-1	-1
NRST1Branch1	NRST1Branch1	NRST1	0.000000	0.000000	0.000000	0.0000	0.0000	0.000000	None	-1.0000	-1				NorrisTail	-1	-1	-1	0	0	0.0000	-1.0000	-1.0000	-1.0000	-1.0000	-1.0000	-1.0000	-1.0000	-1.0000	-1.0000	-1.0000	-1.0000	-1.0000	-1.0000	-1.0000	-1.0000	-1.0000		0	TVA	-1.0000	-1	0.000000	None	None	-1	0	0	None	None	None	None	None	-1	-1	-1.000000	-1.000000	-1.000000	-1.000000		-1	-1
NRVT1	New nr Robbins	NRVT1	36.385555	-84.554726	1092.430000	0.0000	0.0000	0.000000	New	-1.0000	-1	3408500	EST			-1	-1	-1	0	0	0.0000	-1.0000	-1.0000	-1.0000	-1.0000	-1.0000	-1.0000	-1.0000	-1.0000	-1.0000	-1.0000	-1.0000	-1.0000	-1.0000	-1.0000	-1.0000	-1.0000	TN	0		-1.0000	-1	1092.430035	None	None	-1	0	0	None	None	None	None	Stream	-1	-1	-1.000000	-1.000000	-1.000000	-1.000000		-1	-1
NTH-01	Nottely-Unit1	NOTG1	34.960835	-84.086945	0.000000	0.0000	0.0000	0.000000	None	-1.0000	-1					-1	-1	-1	0	0	0.0000	-1.0000	-1.0000	-1.0000	-1.0000	-1.0000	-1.0000	-1.0000	-1.0000	-1.0000	-1.0000	-1.0000	-1.0000	-1.0000	-1.0000	-1.0000	-1.0000		0		-1.0000	-1	0.000000	None	None	-1	0	0	None	None	None	None	None	-1	-1	-1.000000	-1.000000	-1.000000	-1.000000	Hydro	2000	19
NTH-01-DS	Nottelly-Unit1-Downstream	NTH-01	34.960835	-84.086945	0.000000	0.0000	0.0000	0.000000	None	-1.0000	-1					-1	-1	-1	0	0	0.0000	-1.0000	-1.0000	-1.0000	-1.0000	-1.0000	-1.0000	-1.0000	-1.0000	-1.0000	-1.0000	-1.0000	-1.0000	-1.0000	-1.0000	-1.0000	-1.0000		0		-1.0000	-1	0.000000	None	None	-1	0	0	None	None	None	None	None	-1	-1	-1.000000	-1.000000	-1.000000	-1.000000	Other	-1	-1
NTH-02	Nottely-Unit2	NOTG1	34.960835	-84.086945	0.000000	0.0000	0.0000	0.000000	None	-1.0000	-1					-1	-1	-1	0	0	0.0000	-1.0000	-1.0000	-1.0000	-1.0000	-1.0000	-1.0000	-1.0000	-1.0000	-1.0000	-1.0000	-1.0000	-1.0000	-1.0000	-1.0000	-1.0000	-1.0000		0		-1.0000	-1	0.000000	None	None	-1	0	0	None	None	None	None	None	-1	-1	-1.000000	-1.000000	-1.000000	-1.000000	Hydro	-1	0
NTH-02-DS	Nottelly-Unit2-Downstream	NTH-02	34.960835	-84.086945	0.000000	0.0000	0.0000	0.000000	None	-1.0000	-1					-1	-1	-1	0	0	0.0000	-1.0000	-1.0000	-1.0000	-1.0000	-1.0000	-1.0000	-1.0000	-1.0000	-1.0000	-1.0000	-1.0000	-1.0000	-1.0000	-1.0000	-1.0000	-1.0000		0		-1.0000	-1	0.000000	None	None	-1	0	0	None	None	None	None	None	-1	-1	-1.000000	-1.000000	-1.000000	-1.000000	Other	-1	-1
NTH-OG-01	Nottely Dam	NOTG1	34.960835	-84.086945	0.000000	0.0000	0.0000	0.000000	None	-1.0000	-1					-1	-1	-1	0	0	0.0000	-1.0000	-1.0000	-1.0000	-1.0000	-1.0000	-1.0000	-1.0000	-1.0000	-1.0000	-1.0000	-1.0000	-1.0000	-1.0000	-1.0000	-1.0000	-1.0000		0		-1.0000	-1	0.000000	None	None	-1	0	0	None	None	None	None	None	-1	-1	-1.000000	-1.000000	-1.000000	-1.000000		-1	-1	OTHER	DISC
NTH-SP-01	Nottely Dam	NOTG1	34.960835	-84.086945	0.000000	0.0000	0.0000	0.000000	None	-1.0000	-1					-1	-1	-1	0	0	0.0000	-1.0000	-1.0000	-1.0000	-1.0000	-1.0000	-1.0000	-1.0000	-1.0000	-1.0000	-1.0000	-1.0000	-1.0000	-1.0000	-1.0000	-1.0000	-1.0000		0		-1.0000	-1	0.000000	None	None	-1	0	0	None	None	None	None	None	-1	-1	-1.000000	-1.000000	-1.000000	-1.000000		-1	-1	SPILL	DISC
NTH-SP-02	Nottely Dam	NOTG1	34.960835	-84.086945	0.000000	0.0000	0.0000	0.000000	None	-1.0000	-1					-1	-1	-1	0	0	0.0000	-1.0000	-1.0000	-1.0000	-1.0000	-1.0000	-1.0000	-1.0000	-1.0000	-1.0000	-1.0000	-1.0000	-1.0000	-1.0000	-1.0000	-1.0000	-1.0000		0		-1.0000	-1	0.000000	None	None	-1	0	0	None	None	None	None	None	-1	-1	-1.000000	-1.000000	-1.000000	-1.000000		-1	-1	SPILL	DISC
NTH-SP-03	Nottely Dam	NOTG1	34.960835	-84.086945	0.000000	0.0000	0.0000	0.000000	None	-1.0000	-1					-1	-1	-1	0	0	0.0000	-1.0000	-1.0000	-1.0000	-1.0000	-1.0000	-1.0000	-1.0000	-1.0000	-1.0000	-1.0000	-1.0000	-1.0000	-1.0000	-1.0000	-1.0000	-1.0000		0		-1.0000	-1	0.000000	None	None	-1	0	0	None	None	None	None	None	-1	-1	-1.000000	-1.000000	-1.000000	-1.000000		-1	-1	SPILL	DISC
NTH-SP-04	Nottely Dam	NOTG1	34.960835	-84.086945	0.000000	0.0000	0.0000	0.000000	None	-1.0000	-1					-1	-1	-1	0	0	0.0000	-1.0000	-1.0000	-1.0000	-1.0000	-1.0000	-1.0000	-1.0000	-1.0000	-1.0000	-1.0000	-1.0000	-1.0000	-1.0000	-1.0000	-1.0000	-1.0000		0		-1.0000	-1	0.000000	None	None	-1	0	0	None	None	None	None	None	-1	-1	-1.000000	-1.000000	-1.000000	-1.000000		-1	-1	SPILL	DISC
NTH-SP-05	Nottely Dam	NOTG1	34.960835	-84.086945	0.000000	0.0000	0.0000	0.000000	None	-1.0000	-1					-1	-1	-1	0	0	0.0000	-1.0000	-1.0000	-1.0000	-1.0000	-1.0000	-1.0000	-1.0000	-1.0000	-1.0000	-1.0000	-1.0000	-1.0000	-1.0000	-1.0000	-1.0000	-1.0000		0		-1.0000	-1	0.000000	None	None	-1	0	0	None	None	None	None	None	-1	-1	-1.000000	-1.000000	-1.000000	-1.000000		-1	-1	SPILL	DISC
NTH-SP-06	Nottely Dam	NOTG1	34.960835	-84.086945	0.000000	0.0000	0.0000	0.000000	None	-1.0000	-1					-1	-1	-1	0	0	0.0000	-1.0000	-1.0000	-1.0000	-1.0000	-1.0000	-1.0000	-1.0000	-1.0000	-1.0000	-1.0000	-1.0000	-1.0000	-1.0000	-1.0000	-1.0000	-1.0000		0		-1.0000	-1	0.000000	None	None	-1	0	0	None	None	None	None	None	-1	-1	-1.000000	-1.000000	-1.000000	-1.000000		-1	-1	SPILL	DISC
NTH-SP-07	Nottely Dam	NOTG1	34.960835	-84.086945	0.000000	0.0000	0.0000	0.000000	None	-1.0000	-1					-1	-1	-1	0	0	0.0000	-1.0000	-1.0000	-1.0000	-1.0000	-1.0000	-1.0000	-1.0000	-1.0000	-1.0000	-1.0000	-1.0000	-1.0000	-1.0000	-1.0000	-1.0000	-1.0000		0		-1.0000	-1	0.000000	None	None	-1	0	0	None	None	None	None	None	-1	-1	-1.000000	-1.000000	-1.000000	-1.000000		-1	-1	SPILL	DISC
NTH-SP-08	Nottely Dam	NOTG1	34.960835	-84.086945	0.000000	0.0000	0.0000	0.000000	None	-1.0000	-1					-1	-1	-1	0	0	0.0000	-1.0000	-1.0000	-1.0000	-1.0000	-1.0000	-1.0000	-1.0000	-1.0000	-1.0000	-1.0000	-1.0000	-1.0000	-1.0000	-1.0000	-1.0000	-1.0000		0		-1.0000	-1	0.000000	None	None	-1	0	0	None	None	None	None	None	-1	-1	-1.000000	-1.000000	-1.000000	-1.000000		-1	-1	SPILL	DISC
NTH-SP-09	Nottely Dam	NOTG1	34.960835	-84.086945	0.000000	0.0000	0.0000	0.000000	None	-1.0000	-1					-1	-1	-1	0	0	0.0000	-1.0000	-1.0000	-1.0000	-1.0000	-1.0000	-1.0000	-1.0000	-1.0000	-1.0000	-1.0000	-1.0000	-1.0000	-1.0000	-1.0000	-1.0000	-1.0000		0		-1.0000	-1	0.000000	None	None	-1	0	0	None	None	None	None	None	-1	-1	-1.000000	-1.000000	-1.000000	-1.000000		-1	-1	SPILL	DISC
NTH-SP-10	Nottely Dam	NOTG1	34.960835	-84.086945	0.000000	0.0000	0.0000	0.000000	None	-1.0000	-1					-1	-1	-1	0	0	0.0000	-1.0000	-1.0000	-1.0000	-1.0000	-1.0000	-1.0000	-1.0000	-1.0000	-1.0000	-1.0000	-1.0000	-1.0000	-1.0000	-1.0000	-1.0000	-1.0000		0		-1.0000	-1	0.000000	None	None	-1	0	0	None	None	None	None	None	-1	-1	-1.000000	-1.000000	-1.000000	-1.000000		-1	-1	SPILL	DISC
NTH-SP-11	Nottely Dam	NOTG1	34.960835	-84.086945	0.000000	0.0000	0.0000	0.000000	None	-1.0000	-1					-1	-1	-1	0	0	0.0000	-1.0000	-1.0000	-1.0000	-1.0000	-1.0000	-1.0000	-1.0000	-1.0000	-1.0000	-1.0000	-1.0000	-1.0000	-1.0000	-1.0000	-1.0000	-1.0000		0		-1.0000	-1	0.000000	None	None	-1	0	0	None	None	None	None	None	-1	-1	-1.000000	-1.000000	-1.000000	-1.000000		-1	-1	SPILL	DISC
NTH-SP-12	Nottely Dam	NOTG1	34.960835	-84.086945	0.000000	0.0000	0.0000	0.000000	None	-1.0000	-1					-1	-1	-1	0	0	0.0000	-1.0000	-1.0000	-1.0000	-1.0000	-1.0000	-1.0000	-1.0000	-1.0000	-1.0000	-1.0000	-1.0000	-1.0000	-1.0000	-1.0000	-1.0000	-1.0000		0		-1.0000	-1	0.000000	None	None	-1	0	0	None	None	None	None	None	-1	-1	-1.000000	-1.000000	-1.000000	-1.000000		-1	-1	SPILL	DISC
NTH-SP-13	Nottely Dam	NOTG1	34.960835	-84.086945	0.000000	0.0000	0.0000	0.000000	None	-1.0000	-1					-1	-1	-1	0	0	0.0000	-1.0000	-1.0000	-1.0000	-1.0000	-1.0000	-1.0000	-1.0000	-1.0000	-1.0000	-1.0000	-1.0000	-1.0000	-1.0000	-1.0000	-1.0000	-1.0000		0		-1.0000	-1	0.000000	None	None	-1	0	0	None	None	None	None	None	-1	-1	-1.000000	-1.000000	-1.000000	-1.000000		-1	-1	SPILL	DISC
NTH-SP-14	Nottely Dam	NOTG1	34.960835	-84.086945	0.000000	0.0000	0.0000	0.000000	None	-1.0000	-1					-1	-1	-1	0	0	0.0000	-1.0000	-1.0000	-1.0000	-1.0000	-1.0000	-1.0000	-1.0000	-1.0000	-1.0000	-1.0000	-1.0000	-1.0000	-1.0000	-1.0000	-1.0000	-1.0000		0		-1.0000	-1	0.000000	None	None	-1	0	0	None	None	None	None	None	-1	-1	-1.000000	-1.000000	-1.000000	-1.000000		-1	-1	SPILL	DISC
NTH-SP-15	Nottely Dam	NOTG1	34.960835	-84.086945	0.000000	0.0000	0.0000	0.000000	None	-1.0000	-1					-1	-1	-1	0	0	0.0000	-1.0000	-1.0000	-1.0000	-1.0000	-1.0000	-1.0000	-1.0000	-1.0000	-1.0000	-1.0000	-1.0000	-1.0000	-1.0000	-1.0000	-1.0000	-1.0000		0		-1.0000	-1	0.000000	None	None	-1	0	0	None	None	None	None	None	-1	-1	-1.000000	-1.000000	-1.000000	-1.000000		-1	-1	SPILL	DISC
NTH-SP-16	Nottely Dam	NOTG1	34.960835	-84.086945	0.000000	0.0000	0.0000	0.000000	None	-1.0000	-1					-1	-1	-1	0	0	0.0000	-1.0000	-1.0000	-1.0000	-1.0000	-1.0000	-1.0000	-1.0000	-1.0000	-1.0000	-1.0000	-1.0000	-1.0000	-1.0000	-1.0000	-1.0000	-1.0000		0		-1.0000	-1	0.000000	None	None	-1	0	0	None	None	None	None	None	-1	-1	-1.000000	-1.000000	-1.000000	-1.000000		-1	-1	SPILL	DISC
NTH-SP-17	Nottely Dam	NOTG1	34.960835	-84.086945	0.000000	0.0000	0.0000	0.000000	None	-1.0000	-1					-1	-1	-1	0	0	0.0000	-1.0000	-1.0000	-1.0000	-1.0000	-1.0000	-1.0000	-1.0000	-1.0000	-1.0000	-1.0000	-1.0000	-1.0000	-1.0000	-1.0000	-1.0000	-1.0000		0		-1.0000	-1	0.000000	None	None	-1	0	0	None	None	None	None	None	-1	-1	-1.000000	-1.000000	-1.000000	-1.000000		-1	-1	SPILL	DISC
NTH-SP-18	Nottely Dam	NOTG1	34.960835	-84.086945	0.000000	0.0000	0.0000	0.000000	None	-1.0000	-1					-1	-1	-1	0	0	0.0000	-1.0000	-1.0000	-1.0000	-1.0000	-1.0000	-1.0000	-1.0000	-1.0000	-1.0000	-1.0000	-1.0000	-1.0000	-1.0000	-1.0000	-1.0000	-1.0000		0		-1.0000	-1	0.000000	None	None	-1	0	0	None	None	None	None	None	-1	-1	-1.000000	-1.000000	-1.000000	-1.000000		-1	-1	SPILL	DISC
NTH-SP-19	Nottely Dam	NOTG1	34.960835	-84.086945	0.000000	0.0000	0.0000	0.000000	None	-1.0000	-1					-1	-1	-1	0	0	0.0000	-1.0000	-1.0000	-1.0000	-1.0000	-1.0000	-1.0000	-1.0000	-1.0000	-1.0000	-1.0000	-1.0000	-1.0000	-1.0000	-1.0000	-1.0000	-1.0000		0		-1.0000	-1	0.000000	None	None	-1	0	0	None	None	None	None	None	-1	-1	-1.000000	-1.000000	-1.000000	-1.000000		-1	-1	SPILL	DISC
NTH-SP-20	Nottely Dam	NOTG1	34.960835	-84.086945	0.000000	0.0000	0.0000	0.000000	None	-1.0000	-1					-1	-1	-1	0	0	0.0000	-1.0000	-1.0000	-1.0000	-1.0000	-1.0000	-1.0000	-1.0000	-1.0000	-1.0000	-1.0000	-1.0000	-1.0000	-1.0000	-1.0000	-1.0000	-1.0000		0		-1.0000	-1	0.000000	None	None	-1	0	0	None	None	None	None	None	-1	-1	-1.000000	-1.000000	-1.000000	-1.000000		-1	-1	SPILL	DISC
NTH-SP-21	Nottely Dam	NOTG1	34.960835	-84.086945	0.000000	0.0000	0.0000	0.000000	None	-1.0000	-1					-1	-1	-1	0	0	0.0000	-1.0000	-1.0000	-1.0000	-1.0000	-1.0000	-1.0000	-1.0000	-1.0000	-1.0000	-1.0000	-1.0000	-1.0000	-1.0000	-1.0000	-1.0000	-1.0000		0		-1.0000	-1	0.000000	None	None	-1	0	0	None	None	None	None	None	-1	-1	-1.000000	-1.000000	-1.000000	-1.000000		-1	-1	SPILL	DISC
NTH-SP-22	Nottely Dam	NOTG1	34.960835	-84.086945	0.000000	0.0000	0.0000	0.000000	None	-1.0000	-1					-1	-1	-1	0	0	0.0000	-1.0000	-1.0000	-1.0000	-1.0000	-1.0000	-1.0000	-1.0000	-1.0000	-1.0000	-1.0000	-1.0000	-1.0000	-1.0000	-1.0000	-1.0000	-1.0000		0		-1.0000	-1	0.000000	None	None	-1	0	0	None	None	None	None	None	-1	-1	-1.000000	-1.000000	-1.000000	-1.000000		-1	-1	SPILL	DISC
NTH-SP-23	Nottely Dam	NOTG1	34.960835	-84.086945	0.000000	0.0000	0.0000	0.000000	None	-1.0000	-1					-1	-1	-1	0	0	0.0000	-1.0000	-1.0000	-1.0000	-1.0000	-1.0000	-1.0000	-1.0000	-1.0000	-1.0000	-1.0000	-1.0000	-1.0000	-1.0000	-1.0000	-1.0000	-1.0000		0		-1.0000	-1	0.000000	None	None	-1	0	0	None	None	None	None	None	-1	-1	-1.000000	-1.000000	-1.000000	-1.000000		-1	-1	SPILL	DISC
NTH-SP-24	Nottely Dam	NOTG1	34.960835	-84.086945	0.000000	0.0000	0.0000	0.000000	None	-1.0000	-1					-1	-1	-1	0	0	0.0000	-1.0000	-1.0000	-1.0000	-1.0000	-1.0000	-1.0000	-1.0000	-1.0000	-1.0000	-1.0000	-1.0000	-1.0000	-1.0000	-1.0000	-1.0000	-1.0000		0		-1.0000	-1	0.000000	None	None	-1	0	0	None	None	None	None	None	-1	-1	-1.000000	-1.000000	-1.000000	-1.000000		-1	-1	SPILL	DISC
NTH-SP-25	Nottely Dam	NOTG1	34.960835	-84.086945	0.000000	0.0000	0.0000	0.000000	None	-1.0000	-1					-1	-1	-1	0	0	0.0000	-1.0000	-1.0000	-1.0000	-1.0000	-1.0000	-1.0000	-1.0000	-1.0000	-1.0000	-1.0000	-1.0000	-1.0000	-1.0000	-1.0000	-1.0000	-1.0000		0		-1.0000	-1	0.000000	None	None	-1	0	0	None	None	None	None	None	-1	-1	-1.000000	-1.000000	-1.000000	-1.000000		-1	-1	SPILL	DISC
NTH-SP-26	Nottely Dam	NOTG1	34.960835	-84.086945	0.000000	0.0000	0.0000	0.000000	None	-1.0000	-1					-1	-1	-1	0	0	0.0000	-1.0000	-1.0000	-1.0000	-1.0000	-1.0000	-1.0000	-1.0000	-1.0000	-1.0000	-1.0000	-1.0000	-1.0000	-1.0000	-1.0000	-1.0000	-1.0000		0		-1.0000	-1	0.000000	None	None	-1	0	0	None	None	None	None	None	-1	-1	-1.000000	-1.000000	-1.000000	-1.000000		-1	-1	SPILL	DISC
NTH-SP-27	Nottely Dam	NOTG1	34.960835	-84.086945	0.000000	0.0000	0.0000	0.000000	None	-1.0000	-1					-1	-1	-1	0	0	0.0000	-1.0000	-1.0000	-1.0000	-1.0000	-1.0000	-1.0000	-1.0000	-1.0000	-1.0000	-1.0000	-1.0000	-1.0000	-1.0000	-1.0000	-1.0000	-1.0000		0		-1.0000	-1	0.000000	None	None	-1	0	0	None	None	None	None	None	-1	-1	-1.000000	-1.000000	-1.000000	-1.000000		-1	-1	SPILL	DISC
NTH-SP-28	Nottely Dam	NOTG1	34.960835	-84.086945	0.000000	0.0000	0.0000	0.000000	None	-1.0000	-1					-1	-1	-1	0	0	0.0000	-1.0000	-1.0000	-1.0000	-1.0000	-1.0000	-1.0000	-1.0000	-1.0000	-1.0000	-1.0000	-1.0000	-1.0000	-1.0000	-1.0000	-1.0000	-1.0000		0		-1.0000	-1	0.000000	None	None	-1	0	0	None	None	None	None	None	-1	-1	-1.000000	-1.000000	-1.000000	-1.000000		-1	-1	SPILL	DISC
NTH-SP-29	Nottely Dam	NOTG1	34.960835	-84.086945	0.000000	0.0000	0.0000	0.000000	None	-1.0000	-1					-1	-1	-1	0	0	0.0000	-1.0000	-1.0000	-1.0000	-1.0000	-1.0000	-1.0000	-1.0000	-1.0000	-1.0000	-1.0000	-1.0000	-1.0000	-1.0000	-1.0000	-1.0000	-1.0000		0		-1.0000	-1	0.000000	None	None	-1	0	0	None	None	None	None	None	-1	-1	-1.000000	-1.000000	-1.000000	-1.000000		-1	-1	SPILL	DISC
NTH-SP-30	Nottely Dam	NOTG1	34.960835	-84.086945	0.000000	0.0000	0.0000	0.000000	None	-1.0000	-1					-1	-1	-1	0	0	0.0000	-1.0000	-1.0000	-1.0000	-1.0000	-1.0000	-1.0000	-1.0000	-1.0000	-1.0000	-1.0000	-1.0000	-1.0000	-1.0000	-1.0000	-1.0000	-1.0000		0		-1.0000	-1	0.000000	None	None	-1	0	0	None	None	None	None	None	-1	-1	-1.000000	-1.000000	-1.000000	-1.000000		-1	-1	SPILL	DISC
NTH-SP-31	Nottely Dam	NOTG1	34.960835	-84.086945	0.000000	0.0000	0.0000	0.000000	None	-1.0000	-1					-1	-1	-1	0	0	0.0000	-1.0000	-1.0000	-1.0000	-1.0000	-1.0000	-1.0000	-1.0000	-1.0000	-1.0000	-1.0000	-1.0000	-1.0000	-1.0000	-1.0000	-1.0000	-1.0000		0		-1.0000	-1	0.000000	None	None	-1	0	0	None	None	None	None	None	-1	-1	-1.000000	-1.000000	-1.000000	-1.000000		-1	-1	SPILL	DISC
NTH-SP-32	Nottely Dam	NOTG1	34.960835	-84.086945	0.000000	0.0000	0.0000	0.000000	None	-1.0000	-1					-1	-1	-1	0	0	0.0000	-1.0000	-1.0000	-1.0000	-1.0000	-1.0000	-1.0000	-1.0000	-1.0000	-1.0000	-1.0000	-1.0000	-1.0000	-1.0000	-1.0000	-1.0000	-1.0000		0		-1.0000	-1	0.000000	None	None	-1	0	0	None	None	None	None	None	-1	-1	-1.000000	-1.000000	-1.000000	-1.000000		-1	-1	SPILL	DISC
NTH-SP-33	Nottely Dam	NOTG1	34.960835	-84.086945	0.000000	0.0000	0.0000	0.000000	None	-1.0000	-1					-1	-1	-1	0	0	0.0000	-1.0000	-1.0000	-1.0000	-1.0000	-1.0000	-1.0000	-1.0000	-1.0000	-1.0000	-1.0000	-1.0000	-1.0000	-1.0000	-1.0000	-1.0000	-1.0000		0		-1.0000	-1	0.000000	None	None	-1	0	0	None	None	None	None	None	-1	-1	-1.000000	-1.000000	-1.000000	-1.000000		-1	-1	SPILL	DISC
NTH-SP-34	Nottely Dam	NOTG1	34.960835	-84.086945	0.000000	0.0000	0.0000	0.000000	None	-1.0000	-1					-1	-1	-1	0	0	0.0000	-1.0000	-1.0000	-1.0000	-1.0000	-1.0000	-1.0000	-1.0000	-1.0000	-1.0000	-1.0000	-1.0000	-1.0000	-1.0000	-1.0000	-1.0000	-1.0000		0		-1.0000	-1	0.000000	None	None	-1	0	0	None	None	None	None	None	-1	-1	-1.000000	-1.000000	-1.000000	-1.000000		-1	-1	SPILL	DISC
NTH-SP-35	Nottely Dam	NOTG1	34.960835	-84.086945	0.000000	0.0000	0.0000	0.000000	None	-1.0000	-1					-1	-1	-1	0	0	0.0000	-1.0000	-1.0000	-1.0000	-1.0000	-1.0000	-1.0000	-1.0000	-1.0000	-1.0000	-1.0000	-1.0000	-1.0000	-1.0000	-1.0000	-1.0000	-1.0000		0		-1.0000	-1	0.000000	None	None	-1	0	0	None	None	None	None	None	-1	-1	-1.000000	-1.000000	-1.000000	-1.000000		-1	-1	SPILL	DISC
NTH-SP-36	Nottely Dam	NOTG1	34.960835	-84.086945	0.000000	0.0000	0.0000	0.000000	None	-1.0000	-1					-1	-1	-1	0	0	0.0000	-1.0000	-1.0000	-1.0000	-1.0000	-1.0000	-1.0000	-1.0000	-1.0000	-1.0000	-1.0000	-1.0000	-1.0000	-1.0000	-1.0000	-1.0000	-1.0000		0		-1.0000	-1	0.000000	None	None	-1	0	0	None	None	None	None	None	-1	-1	-1.000000	-1.000000	-1.000000	-1.000000		-1	-1	SPILL	DISC
NTH-SP-37	Nottely Dam	NOTG1	34.960835	-84.086945	0.000000	0.0000	0.0000	0.000000	None	-1.0000	-1					-1	-1	-1	0	0	0.0000	-1.0000	-1.0000	-1.0000	-1.0000	-1.0000	-1.0000	-1.0000	-1.0000	-1.0000	-1.0000	-1.0000	-1.0000	-1.0000	-1.0000	-1.0000	-1.0000		0		-1.0000	-1	0.000000	None	None	-1	0	0	None	None	None	None	None	-1	-1	-1.000000	-1.000000	-1.000000	-1.000000		-1	-1	SPILL	DISC
NTH-SP-38	Nottely Dam	NOTG1	34.960835	-84.086945	0.000000	0.0000	0.0000	0.000000	None	-1.0000	-1					-1	-1	-1	0	0	0.0000	-1.0000	-1.0000	-1.0000	-1.0000	-1.0000	-1.0000	-1.0000	-1.0000	-1.0000	-1.0000	-1.0000	-1.0000	-1.0000	-1.0000	-1.0000	-1.0000		0		-1.0000	-1	0.000000	None	None	-1	0	0	None	None	None	None	None	-1	-1	-1.000000	-1.000000	-1.000000	-1.000000		-1	-1	SPILL	DISC
NTH-SP-39	Nottely Dam	NOTG1	34.960835	-84.086945	0.000000	0.0000	0.0000	0.000000	None	-1.0000	-1					-1	-1	-1	0	0	0.0000	-1.0000	-1.0000	-1.0000	-1.0000	-1.0000	-1.0000	-1.0000	-1.0000	-1.0000	-1.0000	-1.0000	-1.0000	-1.0000	-1.0000	-1.0000	-1.0000		0		-1.0000	-1	0.000000	None	None	-1	0	0	None	None	None	None	None	-1	-1	-1.000000	-1.000000	-1.000000	-1.000000		-1	-1	SPILL	DISC
NTH-SP-40	Nottely Dam	NOTG1	34.960835	-84.086945	0.000000	0.0000	0.0000	0.000000	None	-1.0000	-1					-1	-1	-1	0	0	0.0000	-1.0000	-1.0000	-1.0000	-1.0000	-1.0000	-1.0000	-1.0000	-1.0000	-1.0000	-1.0000	-1.0000	-1.0000	-1.0000	-1.0000	-1.0000	-1.0000		0		-1.0000	-1	0.000000	None	None	-1	0	0	None	None	None	None	None	-1	-1	-1.000000	-1.000000	-1.000000	-1.000000		-1	-1	SPILL	DISC
NTH-SP-41	Nottely Dam	NOTG1	34.960835	-84.086945	0.000000	0.0000	0.0000	0.000000	None	-1.0000	-1					-1	-1	-1	0	0	0.0000	-1.0000	-1.0000	-1.0000	-1.0000	-1.0000	-1.0000	-1.0000	-1.0000	-1.0000	-1.0000	-1.0000	-1.0000	-1.0000	-1.0000	-1.0000	-1.0000		0		-1.0000	-1	0.000000	None	None	-1	0	0	None	None	None	None	None	-1	-1	-1.000000	-1.000000	-1.000000	-1.000000		-1	-1	SPILL	DISC
NTH-SP-42	Nottely Dam	NOTG1	34.960835	-84.086945	0.000000	0.0000	0.0000	0.000000	None	-1.0000	-1					-1	-1	-1	0	0	0.0000	-1.0000	-1.0000	-1.0000	-1.0000	-1.0000	-1.0000	-1.0000	-1.0000	-1.0000	-1.0000	-1.0000	-1.0000	-1.0000	-1.0000	-1.0000	-1.0000		0		-1.0000	-1	0.000000	None	None	-1	0	0	None	None	None	None	None	-1	-1	-1.000000	-1.000000	-1.000000	-1.000000		-1	-1	SPILL	DISC
NTH-SP-43	Nottely Dam	NOTG1	34.960835	-84.086945	0.000000	0.0000	0.0000	0.000000	None	-1.0000	-1					-1	-1	-1	0	0	0.0000	-1.0000	-1.0000	-1.0000	-1.0000	-1.0000	-1.0000	-1.0000	-1.0000	-1.0000	-1.0000	-1.0000	-1.0000	-1.0000	-1.0000	-1.0000	-1.0000		0		-1.0000	-1	0.000000	None	None	-1	0	0	None	None	None	None	None	-1	-1	-1.000000	-1.000000	-1.000000	-1.000000		-1	-1	SPILL	DISC
NTH-SP-44	Nottely Dam	NOTG1	34.960835	-84.086945	0.000000	0.0000	0.0000	0.000000	None	-1.0000	-1					-1	-1	-1	0	0	0.0000	-1.0000	-1.0000	-1.0000	-1.0000	-1.0000	-1.0000	-1.0000	-1.0000	-1.0000	-1.0000	-1.0000	-1.0000	-1.0000	-1.0000	-1.0000	-1.0000		0		-1.0000	-1	0.000000	None	None	-1	0	0	None	None	None	None	None	-1	-1	-1.000000	-1.000000	-1.000000	-1.000000		-1	-1	SPILL	DISC
NTH-SP-45	Nottely Dam	NOTG1	34.960835	-84.086945	0.000000	0.0000	0.0000	0.000000	None	-1.0000	-1					-1	-1	-1	0	0	0.0000	-1.0000	-1.0000	-1.0000	-1.0000	-1.0000	-1.0000	-1.0000	-1.0000	-1.0000	-1.0000	-1.0000	-1.0000	-1.0000	-1.0000	-1.0000	-1.0000		0		-1.0000	-1	0.000000	None	None	-1	0	0	None	None	None	None	None	-1	-1	-1.000000	-1.000000	-1.000000	-1.000000		-1	-1	SPILL	DISC
NTH-SP-46	Nottely Dam	NOTG1	34.960835	-84.086945	0.000000	0.0000	0.0000	0.000000	None	-1.0000	-1					-1	-1	-1	0	0	0.0000	-1.0000	-1.0000	-1.0000	-1.0000	-1.0000	-1.0000	-1.0000	-1.0000	-1.0000	-1.0000	-1.0000	-1.0000	-1.0000	-1.0000	-1.0000	-1.0000		0		-1.0000	-1	0.000000	None	None	-1	0	0	None	None	None	None	None	-1	-1	-1.000000	-1.000000	-1.000000	-1.000000		-1	-1	SPILL	DISC
NTH-SP-47	Nottely Dam	NOTG1	34.960835	-84.086945	0.000000	0.0000	0.0000	0.000000	None	-1.0000	-1					-1	-1	-1	0	0	0.0000	-1.0000	-1.0000	-1.0000	-1.0000	-1.0000	-1.0000	-1.0000	-1.0000	-1.0000	-1.0000	-1.0000	-1.0000	-1.0000	-1.0000	-1.0000	-1.0000		0		-1.0000	-1	0.000000	None	None	-1	0	0	None	None	None	None	None	-1	-1	-1.000000	-1.000000	-1.000000	-1.000000		-1	-1	SPILL	DISC
NTH-SP-48	Nottely Dam	NOTG1	34.960835	-84.086945	0.000000	0.0000	0.0000	0.000000	None	-1.0000	-1					-1	-1	-1	0	0	0.0000	-1.0000	-1.0000	-1.0000	-1.0000	-1.0000	-1.0000	-1.0000	-1.0000	-1.0000	-1.0000	-1.0000	-1.0000	-1.0000	-1.0000	-1.0000	-1.0000		0		-1.0000	-1	0.000000	None	None	-1	0	0	None	None	None	None	None	-1	-1	-1.000000	-1.000000	-1.000000	-1.000000		-1	-1	SPILL	DISC
NTH-SP-49	Nottely Dam	NOTG1	34.960835	-84.086945	0.000000	0.0000	0.0000	0.000000	None	-1.0000	-1					-1	-1	-1	0	0	0.0000	-1.0000	-1.0000	-1.0000	-1.0000	-1.0000	-1.0000	-1.0000	-1.0000	-1.0000	-1.0000	-1.0000	-1.0000	-1.0000	-1.0000	-1.0000	-1.0000		0		-1.0000	-1	0.000000	None	None	-1	0	0	None	None	None	None	None	-1	-1	-1.000000	-1.000000	-1.000000	-1.000000		-1	-1	SPILL	DISC
NTH-SP-50	Nottely Dam	NOTG1	34.960835	-84.086945	0.000000	0.0000	0.0000	0.000000	None	-1.0000	-1					-1	-1	-1	0	0	0.0000	-1.0000	-1.0000	-1.0000	-1.0000	-1.0000	-1.0000	-1.0000	-1.0000	-1.0000	-1.0000	-1.0000	-1.0000	-1.0000	-1.0000	-1.0000	-1.0000		0		-1.0000	-1	0.000000	None	None	-1	0	0	None	None	None	None	None	-1	-1	-1.000000	-1.000000	-1.000000	-1.000000		-1	-1	SPILL	DISC
NWPT1	French Broad nr Newport	NWPT1	35.982498	-83.160835	1011.610000	0.0000	0.0000	0.000000	French Broad	77.5000	290	3455000	EST			-1	-1	-1	0	0	0.0000	-1.0000	-1.0000	-1.0000	-1.0000	-1.0000	-1.0000	-1.0000	-1.0000	-1.0000	-1.0000	-1.0000	-1.0000	-1.0000	-1.0000	-1.0000	-1.0000	TN	0		-1.0000	-1	1011.610032	None	None	-1	0	0	None	None	None	None	Stream	-1	-1	-1.000000	-1.000000	-1.000000	-1.000000		-1	-1
O1H-01	Ocoee1-Unit1	OCAT1	35.095554	-84.647499	0.000000	0.0000	0.0000	0.000000	None	-1.0000	-1					-1	-1	-1	0	0	0.0000	-1.0000	-1.0000	-1.0000	-1.0000	-1.0000	-1.0000	-1.0000	-1.0000	-1.0000	-1.0000	-1.0000	-1.0000	-1.0000	-1.0000	-1.0000	-1.0000		0		-1.0000	-1	0.000000	None	None	-1	0	0	None	None	None	None	None	-1	-1	-1.000000	-1.000000	-1.000000	-1.000000	Hydro	1000	5
O1H-02	Ocoee1-Unit2	OCAT1	35.095554	-84.647499	0.000000	0.0000	0.0000	0.000000	None	-1.0000	-1					-1	-1	-1	0	0	0.0000	-1.0000	-1.0000	-1.0000	-1.0000	-1.0000	-1.0000	-1.0000	-1.0000	-1.0000	-1.0000	-1.0000	-1.0000	-1.0000	-1.0000	-1.0000	-1.0000		0		-1.0000	-1	0.000000	None	None	-1	0	0	None	None	None	None	None	-1	-1	-1.000000	-1.000000	-1.000000	-1.000000	Hydro	1000	5
O1H-03	Ocoee1-Unit3	OCAT1	35.095554	-84.647499	0.000000	0.0000	0.0000	0.000000	None	-1.0000	-1					-1	-1	-1	0	0	0.0000	-1.0000	-1.0000	-1.0000	-1.0000	-1.0000	-1.0000	-1.0000	-1.0000	-1.0000	-1.0000	-1.0000	-1.0000	-1.0000	-1.0000	-1.0000	-1.0000		0		-1.0000	-1	0.000000	None	None	-1	0	0	None	None	None	None	None	-1	-1	-1.000000	-1.000000	-1.000000	-1.000000	Hydro	1000	5
O1H-04	Ocoee1-Unit4	OCAT1	35.095554	-84.647499	0.000000	0.0000	0.0000	0.000000	None	-1.0000	-1					-1	-1	-1	0	0	0.0000	-1.0000	-1.0000	-1.0000	-1.0000	-1.0000	-1.0000	-1.0000	-1.0000	-1.0000	-1.0000	-1.0000	-1.0000	-1.0000	-1.0000	-1.0000	-1.0000		0		-1.0000	-1	0.000000	None	None	-1	0	0	None	None	None	None	None	-1	-1	-1.000000	-1.000000	-1.000000	-1.000000	Hydro	1000	5
O1H-05	Ocoee1-Unit5	OCAT1	35.095554	-84.647499	0.000000	0.0000	0.0000	0.000000	None	-1.0000	-1					-1	-1	-1	0	0	0.0000	-1.0000	-1.0000	-1.0000	-1.0000	-1.0000	-1.0000	-1.0000	-1.0000	-1.0000	-1.0000	-1.0000	-1.0000	-1.0000	-1.0000	-1.0000	-1.0000		0		-1.0000	-1	0.000000	None	None	-1	0	0	None	None	None	None	None	-1	-1	-1.000000	-1.000000	-1.000000	-1.000000	Hydro	1000	5
O1H-SP-01	Ocoee No. 1 Dam	OCAT1	35.095554	-84.647499	0.000000	0.0000	0.0000	0.000000	None	-1.0000	-1					-1	-1	-1	0	0	0.0000	-1.0000	-1.0000	-1.0000	-1.0000	-1.0000	-1.0000	-1.0000	-1.0000	-1.0000	-1.0000	-1.0000	-1.0000	-1.0000	-1.0000	-1.0000	-1.0000		0		-1.0000	-1	0.000000	None	None	-1	0	0	None	None	None	None	None	-1	-1	-1.000000	-1.000000	-1.000000	-1.000000		-1	-1	SPILL	DISC
O1H-SP-02	Ocoee No. 1 Dam	OCAT1	35.095554	-84.647499	0.000000	0.0000	0.0000	0.000000	None	-1.0000	-1					-1	-1	-1	0	0	0.0000	-1.0000	-1.0000	-1.0000	-1.0000	-1.0000	-1.0000	-1.0000	-1.0000	-1.0000	-1.0000	-1.0000	-1.0000	-1.0000	-1.0000	-1.0000	-1.0000		0		-1.0000	-1	0.000000	None	None	-1	0	0	None	None	None	None	None	-1	-1	-1.000000	-1.000000	-1.000000	-1.000000		-1	-1	SPILL	DISC
O1H-SP-03	Ocoee No. 1 Dam	OCAT1	35.095554	-84.647499	0.000000	0.0000	0.0000	0.000000	None	-1.0000	-1					-1	-1	-1	0	0	0.0000	-1.0000	-1.0000	-1.0000	-1.0000	-1.0000	-1.0000	-1.0000	-1.0000	-1.0000	-1.0000	-1.0000	-1.0000	-1.0000	-1.0000	-1.0000	-1.0000		0		-1.0000	-1	0.000000	None	None	-1	0	0	None	None	None	None	None	-1	-1	-1.000000	-1.000000	-1.000000	-1.000000		-1	-1	SPILL	DISC
O1H-SP-04	Ocoee No. 1 Dam	OCAT1	35.095554	-84.647499	0.000000	0.0000	0.0000	0.000000	None	-1.0000	-1					-1	-1	-1	0	0	0.0000	-1.0000	-1.0000	-1.0000	-1.0000	-1.0000	-1.0000	-1.0000	-1.0000	-1.0000	-1.0000	-1.0000	-1.0000	-1.0000	-1.0000	-1.0000	-1.0000		0		-1.0000	-1	0.000000	None	None	-1	0	0	None	None	None	None	None	-1	-1	-1.000000	-1.000000	-1.000000	-1.000000		-1	-1	SPILL	DISC
O2H-01	Ocoee2-Unit1	OCBT1	35.095001	-84.534721	0.000000	0.0000	0.0000	0.000000	None	-1.0000	-1					-1	-1	-1	0	0	0.0000	-1.0000	-1.0000	-1.0000	-1.0000	-1.0000	-1.0000	-1.0000	-1.0000	-1.0000	-1.0000	-1.0000	-1.0000	-1.0000	-1.0000	-1.0000	-1.0000		0		-1.0000	-1	0.000000	None	None	-1	0	0	None	None	None	None	None	-1	-1	-1.000000	-1.000000	-1.000000	-1.000000	Hydro	1000	10
O2H-02	Ocoee2-Unit2	OCBT1	35.095001	-84.534721	0.000000	0.0000	0.0000	0.000000	None	-1.0000	-1					-1	-1	-1	0	0	0.0000	-1.0000	-1.0000	-1.0000	-1.0000	-1.0000	-1.0000	-1.0000	-1.0000	-1.0000	-1.0000	-1.0000	-1.0000	-1.0000	-1.0000	-1.0000	-1.0000		0		-1.0000	-1	0.000000	None	None	-1	0	0	None	None	None	None	None	-1	-1	-1.000000	-1.000000	-1.000000	-1.000000	Hydro	1000	12
O2H-OG-01	Ocoee No. 2 Dam	OCBT1	35.147221	-84.178612	0.000000	0.0000	0.0000	0.000000	None	-1.0000	-1					-1	-1	-1	0	0	0.0000	-1.0000	-1.0000	-1.0000	-1.0000	-1.0000	-1.0000	-1.0000	-1.0000	-1.0000	-1.0000	-1.0000	-1.0000	-1.0000	-1.0000	-1.0000	-1.0000		0		-1.0000	-1	0.000000	None	None	-1	0	0	None	None	None	None	None	-1	-1	-1.000000	-1.000000	-1.000000	-1.000000		-1	-1	OTHER	CONT
O2H-OG-02	Ocoee No. 2 Dam	OCBT1	35.147221	-84.178612	0.000000	0.0000	0.0000	0.000000	None	-1.0000	-1					-1	-1	-1	0	0	0.0000	-1.0000	-1.0000	-1.0000	-1.0000	-1.0000	-1.0000	-1.0000	-1.0000	-1.0000	-1.0000	-1.0000	-1.0000	-1.0000	-1.0000	-1.0000	-1.0000		0		-1.0000	-1	0.000000	None	None	-1	0	0	None	None	None	None	None	-1	-1	-1.000000	-1.000000	-1.000000	-1.000000		-1	-1	OTHER	CONT
O2H-SP-01	Ocoee No. 2 Dam	OCBT1	35.095001	-84.534721	0.000000	0.0000	0.0000	0.000000	None	-1.0000	-1					-1	-1	-1	0	0	0.0000	-1.0000	-1.0000	-1.0000	-1.0000	-1.0000	-1.0000	-1.0000	-1.0000	-1.0000	-1.0000	-1.0000	-1.0000	-1.0000	-1.0000	-1.0000	-1.0000		0		-1.0000	-1	0.000000	None	None	-1	0	0	None	None	None	None	None	-1	-1	-1.000000	-1.000000	-1.000000	-1.000000		-1	-1	SPILL	DISC
O3H-01	Ocoee3-Unit1	OCCT1	35.040554	-84.466667	0.000000	0.0000	0.0000	0.000000	None	-1.0000	-1					-1	-1	-1	0	0	0.0000	-1.0000	-1.0000	-1.0000	-1.0000	-1.0000	-1.0000	-1.0000	-1.0000	-1.0000	-1.0000	-1.0000	-1.0000	-1.0000	-1.0000	-1.0000	-1.0000		0		-1.0000	-1	0.000000	None	None	-1	0	0	None	None	None	None	None	-1	-1	-1.000000	-1.000000	-1.000000	-1.000000	Hydro	1800	29
O3H-OG-01	Ocoee No. 3 Dam	OCCT1	35.040554	-84.466667	0.000000	0.0000	0.0000	0.000000	None	-1.0000	-1					-1	-1	-1	0	0	0.0000	-1.0000	-1.0000	-1.0000	-1.0000	-1.0000	-1.0000	-1.0000	-1.0000	-1.0000	-1.0000	-1.0000	-1.0000	-1.0000	-1.0000	-1.0000	-1.0000		0		-1.0000	-1	0.000000	None	None	-1	0	0	None	None	None	None	None	-1	-1	-1.000000	-1.000000	-1.000000	-1.000000		-1	-1	OTHER	DISC
O3H-OG-02	Ocoee No. 3 Dam	OCCT1	35.040554	-84.466667	0.000000	0.0000	0.0000	0.000000	None	-1.0000	-1					-1	-1	-1	0	0	0.0000	-1.0000	-1.0000	-1.0000	-1.0000	-1.0000	-1.0000	-1.0000	-1.0000	-1.0000	-1.0000	-1.0000	-1.0000	-1.0000	-1.0000	-1.0000	-1.0000		0		-1.0000	-1	0.000000	None	None	-1	0	0	None	None	None	None	None	-1	-1	-1.000000	-1.000000	-1.000000	-1.000000		-1	-1	OTHER	DISC
O3H-OG-03	Ocoee No. 3 Dam	OCCT1	35.040554	-84.466667	0.000000	0.0000	0.0000	0.000000	None	-1.0000	-1					-1	-1	-1	0	0	0.0000	-1.0000	-1.0000	-1.0000	-1.0000	-1.0000	-1.0000	-1.0000	-1.0000	-1.0000	-1.0000	-1.0000	-1.0000	-1.0000	-1.0000	-1.0000	-1.0000		0		-1.0000	-1	0.000000	None	None	-1	0	0	None	None	None	None	None	-1	-1	-1.000000	-1.000000	-1.000000	-1.000000		-1	-1	OTHER	DISC
O3H-OG-04	Ocoee No. 3 Dam	OCCT1	35.040554	-84.466667	0.000000	0.0000	0.0000	0.000000	None	-1.0000	-1					-1	-1	-1	0	0	0.0000	-1.0000	-1.0000	-1.0000	-1.0000	-1.0000	-1.0000	-1.0000	-1.0000	-1.0000	-1.0000	-1.0000	-1.0000	-1.0000	-1.0000	-1.0000	-1.0000		0		-1.0000	-1	0.000000	None	None	-1	0	0	None	None	None	None	None	-1	-1	-1.000000	-1.000000	-1.000000	-1.000000		-1	-1	OTHER	DISC
O3H-SL-01	Ocoee No. 3 Dam	OCCT1	35.040554	-84.466667	0.000000	0.0000	0.0000	0.000000	None	-1.0000	-1					-1	-1	-1	0	0	0.0000	-1.0000	-1.0000	-1.0000	-1.0000	-1.0000	-1.0000	-1.0000	-1.0000	-1.0000	-1.0000	-1.0000	-1.0000	-1.0000	-1.0000	-1.0000	-1.0000		0		-1.0000	-1	0.000000	None	None	-1	0	0	None	None	None	None	None	-1	-1	-1.000000	-1.000000	-1.000000	-1.000000		-1	-1	SLUICE	CONT
O3H-SL-02	Ocoee No. 3 Dam	OCCT1	35.040554	-84.466667	0.000000	0.0000	0.0000	0.000000	None	-1.0000	-1					-1	-1	-1	0	0	0.0000	-1.0000	-1.0000	-1.0000	-1.0000	-1.0000	-1.0000	-1.0000	-1.0000	-1.0000	-1.0000	-1.0000	-1.0000	-1.0000	-1.0000	-1.0000	-1.0000		0		-1.0000	-1	0.000000	None	None	-1	0	0	None	None	None	None	None	-1	-1	-1.000000	-1.000000	-1.000000	-1.000000		-1	-1	SLUICE	CONT
O3H-SP-01	Ocoee No. 3 Dam	OCCT1	35.040554	-84.466667	0.000000	0.0000	0.0000	0.000000	None	-1.0000	-1					-1	-1	-1	0	0	0.0000	-1.0000	-1.0000	-1.0000	-1.0000	-1.0000	-1.0000	-1.0000	-1.0000	-1.0000	-1.0000	-1.0000	-1.0000	-1.0000	-1.0000	-1.0000	-1.0000		0		-1.0000	-1	0.000000	None	None	-1	0	0	None	None	None	None	None	-1	-1	-1.000000	-1.000000	-1.000000	-1.000000		-1	-1	SPILL	DISC
O3H-SP-02	Ocoee No. 3 Dam	OCCT1	35.040554	-84.466667	0.000000	0.0000	0.0000	0.000000	None	-1.0000	-1					-1	-1	-1	0	0	0.0000	-1.0000	-1.0000	-1.0000	-1.0000	-1.0000	-1.0000	-1.0000	-1.0000	-1.0000	-1.0000	-1.0000	-1.0000	-1.0000	-1.0000	-1.0000	-1.0000		0		-1.0000	-1	0.000000	None	None	-1	0	0	None	None	None	None	None	-1	-1	-1.000000	-1.000000	-1.000000	-1.000000		-1	-1	SPILL	DISC
O3H-SP-03	Ocoee No. 3 Dam	OCCT1	35.040554	-84.466667	0.000000	0.0000	0.0000	0.000000	None	-1.0000	-1					-1	-1	-1	0	0	0.0000	-1.0000	-1.0000	-1.0000	-1.0000	-1.0000	-1.0000	-1.0000	-1.0000	-1.0000	-1.0000	-1.0000	-1.0000	-1.0000	-1.0000	-1.0000	-1.0000		0		-1.0000	-1	0.000000	None	None	-1	0	0	None	None	None	None	None	-1	-1	-1.000000	-1.000000	-1.000000	-1.000000		-1	-1	SPILL	DISC
O3H-SP-04	Ocoee No. 3 Dam	OCCT1	35.040554	-84.466667	0.000000	0.0000	0.0000	0.000000	None	-1.0000	-1					-1	-1	-1	0	0	0.0000	-1.0000	-1.0000	-1.0000	-1.0000	-1.0000	-1.0000	-1.0000	-1.0000	-1.0000	-1.0000	-1.0000	-1.0000	-1.0000	-1.0000	-1.0000	-1.0000		0		-1.0000	-1	0.000000	None	None	-1	0	0	None	None	None	None	None	-1	-1	-1.000000	-1.000000	-1.000000	-1.000000		-1	-1	SPILL	DISC
O3H-SP-05	Ocoee No. 3 Dam	OCCT1	35.040554	-84.466667	0.000000	0.0000	0.0000	0.000000	None	-1.0000	-1					-1	-1	-1	0	0	0.0000	-1.0000	-1.0000	-1.0000	-1.0000	-1.0000	-1.0000	-1.0000	-1.0000	-1.0000	-1.0000	-1.0000	-1.0000	-1.0000	-1.0000	-1.0000	-1.0000		0		-1.0000	-1	0.000000	None	None	-1	0	0	None	None	None	None	None	-1	-1	-1.000000	-1.000000	-1.000000	-1.000000		-1	-1	SPILL	DISC
O3H-SP-06	Ocoee No. 3 Dam	OCCT1	35.040554	-84.466667	0.000000	0.0000	0.0000	0.000000	None	-1.0000	-1					-1	-1	-1	0	0	0.0000	-1.0000	-1.0000	-1.0000	-1.0000	-1.0000	-1.0000	-1.0000	-1.0000	-1.0000	-1.0000	-1.0000	-1.0000	-1.0000	-1.0000	-1.0000	-1.0000		0		-1.0000	-1	0.000000	None	None	-1	0	0	None	None	None	None	None	-1	-1	-1.000000	-1.000000	-1.000000	-1.000000		-1	-1	SPILL	DISC
O3H-SP-07	Ocoee No. 3 Dam	OCCT1	35.040554	-84.466667	0.000000	0.0000	0.0000	0.000000	None	-1.0000	-1					-1	-1	-1	0	0	0.0000	-1.0000	-1.0000	-1.0000	-1.0000	-1.0000	-1.0000	-1.0000	-1.0000	-1.0000	-1.0000	-1.0000	-1.0000	-1.0000	-1.0000	-1.0000	-1.0000		0		-1.0000	-1	0.000000	None	None	-1	0	0	None	None	None	None	None	-1	-1	-1.000000	-1.000000	-1.000000	-1.000000		-1	-1	SPILL	DISC
OAKT1	Emory at Oakdale	OAKT1	35.983055	-84.558052	761.380000	0.0000	0.0000	0.000000	Emory	18.3000	670	3540500	EST			-1	-1	-1	0	0	0.0000	-1.0000	-1.0000	-1.0000	-1.0000	-1.0000	-1.0000	-1.0000	-1.0000	-1.0000	-1.0000	-1.0000	-1.0000	-1.0000	-1.0000	-1.0000	-1.0000	TN	0		-1.0000	-1	761.380024	None	None	-1	0	0	None	None	None	None	Stream	-1	-1	-1.000000	-1.000000	-1.000000	-1.000000		-1	-1
OBDT1	Obed River nr Adams Bridge	OBDT1	36.061667	-84.961389	1365.980000	0.0000	0.0000	0.000000	Obed River	-1.0000	-1	3538830	EST			-1	-1	-1	0	0	0.0000	-1.0000	-1.0000	-1.0000	-1.0000	-1.0000	-1.0000	-1.0000	-1.0000	-1.0000	-1.0000	-1.0000	-1.0000	-1.0000	-1.0000	-1.0000	-1.0000	TN	0		-1.0000	-1	1365.880000	None	None	-1	0	0	None	None	None	None	None	-1	-1	-1.000000	-1.000000	-1.000000	-1.000000		-1	-1
OCAT1	Ocoee No. 1 Dam	OCAT1	35.095554	-84.647499	0.000000	0.0000	0.0000	0.000000	Ocoee	11.9000	830	3564500	EST	Hydro	O1H	5	25	5	0	1	0.0000	26.0000	7.0000	-1.0000	-1.0000	820.0000	811.0000	-1.0000	824.0000	832.0000	830.7600	843.9000	-1.0000	-1.0000	-1.0000	12.0000	8.0000	TN	0	TVA	830.5000	-1	0.000000	None	None	-1	16	39	TVA	Hydropower	Oco1	O1H	None	-1	-1	-1.000000	-1.000000	-1.000000	-1.000000		-1	-1
OCBT1	Ocoee No. 2 Dam	OCBT1	35.095001	-84.534721	0.000000	0.0000	0.0000	0.000000	Ocoee	24.2000	-1		EST		O2H	2	21	11	0	1	0.0000	25.0000	-1.0000	-1.0000	-1.0000	-1.0000	1096.0000	-1.0000	1095.7000	-1.0000	1096.0000	1115.2000	-1.0000	-1.0000	-1.0000	-1.0000	-1.0000	TN	0	TVA	-1.0000	-1	0.000000	None	None	-1	15	38	TVA	Hydropower	Oco2	O2H	None	-1	-1	-1.000000	-1.000000	-1.000000	-1.000000		-1	-1
OCCT1	Ocoee No. 3 Dam	OCCT1	35.040554	-84.466667	0.000000	0.0000	0.0000	0.000000	Ocoee	29.2000	810	3562500	EST		O3H	1	29	29	5	1	0.0000	24.0000	10.0000	-1.0000	-1.0000	-1.0000	-1.0000	1428.0000	1412.0000	-1.0000	1435.0000	1443.0000	-1.0000	-1.0000	-1.0000	-1.0000	-1.0000	TN	0	TVA	-1.0000	-1	0.000000	None	None	-1	14	37	TVA	Hydropower	Oco3	O3H	None	-1	-1	-1.000000	-1.000000	-1.000000	-1.000000		-1	-1
OCET1	Ocoee near Archville	OCET1	35.096944	-84.535278	837.880000	0.0000	0.0000	0.000000	Ocoee	24.2000	-1	3563000	EST			-1	-1	-1	0	0	0.0000	-1.0000	-1.0000	-1.0000	-1.0000	-1.0000	-1.0000	-1.0000	-1.0000	-1.0000	-1.0000	-1.0000	-1.0000	-1.0000	-1.0000	-1.0000	-1.0000	TN	0		-1.0000	-1	837.879948	None	None	-1	0	0	None	None	None	None	Stream	-1	-1	-1.000000	-1.000000	-1.000000	-1.000000		-1	-1
OHHT1	Old Hickory Dam	OHHT1	36.297779	-86.654999	0.000000	0.0000	0.0000	0.000000	Cumberland	216.2000	-1		CST		OHH	4	115	29	0	0	0.0000	38.0000	-1.0000	-1.0000	-1.0000	-1.0000	-1.0000	-1.0000	406.0000	-1.0000	447.0000	455.6000	-1.0000	-1.0000	-1.0000	-1.0000	-1.0000	TN	0	CORPS	-1.0000	-1	0.000000	Precip	None	-1	34	46	Cumberland	Non-Hydropower	OldH	OldH	None	-1	-1	-1.000000	-1.000000	-1.000000	-1.000000		-1	-1
OHHT1_120.86	OHHT1_120.86	OldHickoryDam	0.000000	0.000000	0.000000	0.0000	0.0000	0.000000	None	-1.0000	-1					-1	-1	-1	0	0	0.0000	-1.0000	-1.0000	-1.0000	-1.0000	-1.0000	-1.0000	-1.0000	-1.0000	-1.0000	-1.0000	-1.0000	-1.0000	-1.0000	-1.0000	-1.0000	-1.0000		0	TVA	-1.0000	-1	0.000000	None	None	-1	0	0	None	None	None	None	None	-1	-1	-1.000000	-1.000000	-1.000000	-1.000000		-1	-1
OHHT1_122.86	OHHT1_122.86	OldHickoryDam	0.000000	0.000000	0.000000	0.0000	0.0000	0.000000	None	-1.0000	-1					-1	-1	-1	0	0	0.0000	-1.0000	-1.0000	-1.0000	-1.0000	-1.0000	-1.0000	-1.0000	-1.0000	-1.0000	-1.0000	-1.0000	-1.0000	-1.0000	-1.0000	-1.0000	-1.0000		0	TVA	-1.0000	-1	0.000000	None	None	-1	0	0	None	None	None	None	None	-1	-1	-1.000000	-1.000000	-1.000000	-1.000000		-1	-1
OHHT1_124.86	OHHT1_124.86	OldHickoryDam	0.000000	0.000000	0.000000	0.0000	0.0000	0.000000	None	-1.0000	-1					-1	-1	-1	0	0	0.0000	-1.0000	-1.0000	-1.0000	-1.0000	-1.0000	-1.0000	-1.0000	-1.0000	-1.0000	-1.0000	-1.0000	-1.0000	-1.0000	-1.0000	-1.0000	-1.0000		0	TVA	-1.0000	-1	0.000000	None	None	-1	0	0	None	None	None	None	None	-1	-1	-1.000000	-1.000000	-1.000000	-1.000000		-1	-1
OHHT1_126.86	OHHT1_126.86	OldHickoryDam	0.000000	0.000000	0.000000	0.0000	0.0000	0.000000	None	-1.0000	-1					-1	-1	-1	0	0	0.0000	-1.0000	-1.0000	-1.0000	-1.0000	-1.0000	-1.0000	-1.0000	-1.0000	-1.0000	-1.0000	-1.0000	-1.0000	-1.0000	-1.0000	-1.0000	-1.0000		0	TVA	-1.0000	-1	0.000000	None	None	-1	0	0	None	None	None	None	None	-1	-1	-1.000000	-1.000000	-1.000000	-1.000000		-1	-1
OHHT1_128.86	OHHT1_128.86	OldHickoryDam	0.000000	0.000000	0.000000	0.0000	0.0000	0.000000	None	-1.0000	-1					-1	-1	-1	0	0	0.0000	-1.0000	-1.0000	-1.0000	-1.0000	-1.0000	-1.0000	-1.0000	-1.0000	-1.0000	-1.0000	-1.0000	-1.0000	-1.0000	-1.0000	-1.0000	-1.0000		0	TVA	-1.0000	-1	0.000000	None	None	-1	0	0	None	None	None	None	None	-1	-1	-1.000000	-1.000000	-1.000000	-1.000000		-1	-1
OHHT1_130.86	OHHT1_130.86	OldHickoryDam	0.000000	0.000000	0.000000	0.0000	0.0000	0.000000	None	-1.0000	-1					-1	-1	-1	0	0	0.0000	-1.0000	-1.0000	-1.0000	-1.0000	-1.0000	-1.0000	-1.0000	-1.0000	-1.0000	-1.0000	-1.0000	-1.0000	-1.0000	-1.0000	-1.0000	-1.0000		0	TVA	-1.0000	-1	0.000000	None	None	-1	0	0	None	None	None	None	None	-1	-1	-1.000000	-1.000000	-1.000000	-1.000000		-1	-1
OHHT1_132.86	OHHT1_132.86	OldHickoryDam	0.000000	0.000000	0.000000	0.0000	0.0000	0.000000	None	-1.0000	-1					-1	-1	-1	0	0	0.0000	-1.0000	-1.0000	-1.0000	-1.0000	-1.0000	-1.0000	-1.0000	-1.0000	-1.0000	-1.0000	-1.0000	-1.0000	-1.0000	-1.0000	-1.0000	-1.0000		0	TVA	-1.0000	-1	0.000000	None	None	-1	0	0	None	None	None	None	None	-1	-1	-1.000000	-1.000000	-1.000000	-1.000000		-1	-1
OHHT1_134.86	OHHT1_134.86	OldHickoryDam	0.000000	0.000000	0.000000	0.0000	0.0000	0.000000	None	-1.0000	-1					-1	-1	-1	0	0	0.0000	-1.0000	-1.0000	-1.0000	-1.0000	-1.0000	-1.0000	-1.0000	-1.0000	-1.0000	-1.0000	-1.0000	-1.0000	-1.0000	-1.0000	-1.0000	-1.0000		0	TVA	-1.0000	-1	0.000000	None	None	-1	0	0	None	None	None	None	None	-1	-1	-1.000000	-1.000000	-1.000000	-1.000000		-1	-1
OHHT1_136.86	OHHT1_136.86	OldHickoryDam	0.000000	0.000000	0.000000	0.0000	0.0000	0.000000	None	-1.0000	-1					-1	-1	-1	0	0	0.0000	-1.0000	-1.0000	-1.0000	-1.0000	-1.0000	-1.0000	-1.0000	-1.0000	-1.0000	-1.0000	-1.0000	-1.0000	-1.0000	-1.0000	-1.0000	-1.0000		0	TVA	-1.0000	-1	0.000000	None	None	-1	0	0	None	None	None	None	None	-1	-1	-1.000000	-1.000000	-1.000000	-1.000000		-1	-1
OHHT1_138.86	OHHT1_138.86	OldHickoryDam	0.000000	0.000000	0.000000	0.0000	0.0000	0.000000	None	-1.0000	-1					-1	-1	-1	0	0	0.0000	-1.0000	-1.0000	-1.0000	-1.0000	-1.0000	-1.0000	-1.0000	-1.0000	-1.0000	-1.0000	-1.0000	-1.0000	-1.0000	-1.0000	-1.0000	-1.0000		0	TVA	-1.0000	-1	0.000000	None	None	-1	0	0	None	None	None	None	None	-1	-1	-1.000000	-1.000000	-1.000000	-1.000000		-1	-1
OHIT1	Cumberland River below Old Hickory Dam Near Old Hickory	OHIT1	36.296944	-86.658611	0.000000	0.0000	0.0000	0.000000	Cumberland	-1.0000	-1					-1	-1	-1	0	0	0.0000	-1.0000	-1.0000	-1.0000	-1.0000	-1.0000	-1.0000	-1.0000	-1.0000	-1.0000	-1.0000	-1.0000	-1.0000	-1.0000	-1.0000	-1.0000	-1.0000	TN	0		-1.0000	-1	0.000000	None	None	-1	0	0	None	None	None	None	None	-1	-1	-1.000000	-1.000000	-1.000000	-1.000000		-1	-1
OKGT1	Oak Grove	OKGT1	36.044724	-83.344444	0.000000	0.0000	0.0000	0.000000	None	-1.0000	-1		EST			-1	-1	-1	0	0	0.0000	-1.0000	-1.0000	-1.0000	-1.0000	-1.0000	-1.0000	-1.0000	-1.0000	-1.0000	-1.0000	-1.0000	-1.0000	-1.0000	-1.0000	-1.0000	-1.0000	TN	0		-1.0000	-1	0.000000	Precip	None	-1	0	0	None	None	None	None	None	-1	-1	-1.000000	-1.000000	-1.000000	-1.000000		-1	-1
OldHickoryDam	Old Hickory Dam W2 profiles	OldHickoryDam	36.297779	-86.654999	0.000000	0.0000	0.0000	0.000000	None	-1.0000	-1					-1	-1	-1	0	0	0.0000	-1.0000	-1.0000	-1.0000	-1.0000	-1.0000	-1.0000	-1.0000	-1.0000	-1.0000	-1.0000	-1.0000	-1.0000	-1.0000	-1.0000	-1.0000	-1.0000		0		-1.0000	-1	0.000000	None	None	-1	0	0	None	None	None	None	None	-1	-1	-1.000000	-1.000000	-1.000000	-1.000000		-1	-1
OLH-01	Old Hickory-Unit1	OHHT1	36.297222	-86.655556	0.000000	0.0000	0.0000	0.000000	None	-1.0000	-1					-1	-1	-1	0	0	0.0000	-1.0000	-1.0000	-1.0000	-1.0000	-1.0000	-1.0000	-1.0000	-1.0000	-1.0000	-1.0000	-1.0000	-1.0000	-1.0000	-1.0000	-1.0000	-1.0000		0		-1.0000	-1	0.000000	None	None	-1	0	0	None	None	None	None	None	-1	-1	-1.000000	-1.000000	-1.000000	-1.000000	USACE	-1	25
OLH-02	Old Hickory-Unit2	OHHT1	36.297222	-86.655556	0.000000	0.0000	0.0000	0.000000	None	-1.0000	-1					-1	-1	-1	0	0	0.0000	-1.0000	-1.0000	-1.0000	-1.0000	-1.0000	-1.0000	-1.0000	-1.0000	-1.0000	-1.0000	-1.0000	-1.0000	-1.0000	-1.0000	-1.0000	-1.0000		0		-1.0000	-1	0.000000	None	None	-1	0	0	None	None	None	None	None	-1	-1	-1.000000	-1.000000	-1.000000	-1.000000	USACE	-1	25
OLH-03	Old Hickory-Unit3	OHHT1	36.297222	-86.655556	0.000000	0.0000	0.0000	0.000000	None	-1.0000	-1					-1	-1	-1	0	0	0.0000	-1.0000	-1.0000	-1.0000	-1.0000	-1.0000	-1.0000	-1.0000	-1.0000	-1.0000	-1.0000	-1.0000	-1.0000	-1.0000	-1.0000	-1.0000	-1.0000		0		-1.0000	-1	0.000000	None	None	-1	0	0	None	None	None	None	None	-1	-1	-1.000000	-1.000000	-1.000000	-1.000000	USACE	-1	25
OLH-04	Old Hickory-Unit4	OHHT1	36.297222	-86.655556	0.000000	0.0000	0.0000	0.000000	None	-1.0000	-1					-1	-1	-1	0	0	0.0000	-1.0000	-1.0000	-1.0000	-1.0000	-1.0000	-1.0000	-1.0000	-1.0000	-1.0000	-1.0000	-1.0000	-1.0000	-1.0000	-1.0000	-1.0000	-1.0000		0		-1.0000	-1	0.000000	None	None	-1	0	0	None	None	None	None	None	-1	-1	-1.000000	-1.000000	-1.000000	-1.000000	USACE	-1	25
OLMI2	Olmstead Lock and Dam	OLMI2	37.179520	-89.058570	278.440000	0.0000	0.0000	0.000000	Ohio	-1.0000	-1	3612600	CST			-1	-1	-1	0	0	0.0000	-1.0000	-1.0000	-1.0000	-1.0000	-1.0000	-1.0000	-1.0000	-1.0000	-1.0000	-1.0000	-1.0000	-1.0000	-1.0000	-1.0000	-1.0000	-1.0000		0		-1.0000	-1	278.440085	Precip	None	-1	0	0	None	None	None	None	Stream	-1	-1	-1.000000	-1.000000	-1.000000	-1.000000		-1	-1
ONIT1	Oneida	ONIT1	36.500000	-84.483330	0.000000	0.0000	0.0000	0.000000	None	-1.0000	-1		EST			-1	-1	-1	0	0	0.0000	-1.0000	-1.0000	-1.0000	-1.0000	-1.0000	-1.0000	-1.0000	-1.0000	-1.0000	-1.0000	-1.0000	-1.0000	-1.0000	-1.0000	-1.0000	-1.0000	TN	0		-1.0000	-1	0.000000	Precip	None	-1	0	0	None	None	None	None	None	-1	-1	-1.000000	-1.000000	-1.000000	-1.000000		-1	-1
ORLT1	Orlinda	ORLT1	36.599998	-86.766670	0.000000	0.0000	0.0000	0.000000	None	-1.0000	-1		CST			-1	-1	-1	0	0	0.0000	-1.0000	-1.0000	-1.0000	-1.0000	-1.0000	-1.0000	-1.0000	-1.0000	-1.0000	-1.0000	-1.0000	-1.0000	-1.0000	-1.0000	-1.0000	-1.0000	TN	0		-1.0000	-1	0.000000	Precip	None	-1	0	0	None	None	None	None	None	-1	-1	-1.000000	-1.000000	-1.000000	-1.000000		-1	-1
ORNL	ORNL	ORNL	35.925417	-84.411009	0.000000	0.0000	0.0000	0.000000	None	-1.0000	-1					-1	-1	-1	0	0	0.0000	-1.0000	-1.0000	-1.0000	-1.0000	-1.0000	-1.0000	-1.0000	-1.0000	-1.0000	-1.0000	-1.0000	-1.0000	-1.0000	-1.0000	-1.0000	-1.0000		0		-1.0000	-1	0.000000	None	None	-1	0	0	None	None	None	None	None	-1	-1	-1.000000	-1.000000	-1.000000	-1.000000		-1	-1
PADK2	Tennessee nr Paducah	PADK2	37.021111	-88.529442	0.000000	0.0000	0.0000	0.000000	Tennessee	5.3000	-1	3609750	CST			-1	-1	-1	0	0	0.0000	-1.0000	-1.0000	-1.0000	-1.0000	-1.0000	-1.0000	-1.0000	-1.0000	-1.0000	-1.0000	-1.0000	-1.0000	-1.0000	-1.0000	-1.0000	-1.0000	KY	0		-1.0000	-1	0.000000	None	None	-1	0	0	None	None	None	None	None	-1	-1	-1.000000	-1.000000	-1.000000	-1.000000		-1	-1
PAF	Paradise Fossil Plant	PAF	37.261188	-86.989968	0.000000	0.0000	0.0000	0.000000	None	-1.0000	-1					-1	-1	-1	0	0	0.0000	-1.0000	-1.0000	-1.0000	-1.0000	-1.0000	-1.0000	-1.0000	-1.0000	-1.0000	-1.0000	-1.0000	-1.0000	-1.0000	-1.0000	-1.0000	-1.0000		0		-1.0000	-1	0.000000	None	None	-1	0	0	None	None	None	None	None	-1	-1	-1.000000	-1.000000	-1.000000	-1.000000		-1	-1
PAF-01	Paradise-Unit1	PAF	37.259760	-86.973857	0.000000	0.0000	0.0000	0.000000	None	-1.0000	-1					-1	-1	-1	0	0	0.0000	-1.0000	-1.0000	-1.0000	-1.0000	-1.0000	-1.0000	-1.0000	-1.0000	-1.0000	-1.0000	-1.0000	-1.0000	-1.0000	-1.0000	-1.0000	-1.0000		0		-1.0000	-1	0.000000	None	None	-1	0	0	None	None	None	None	None	-1	-1	-1.000000	-1.000000	-1.000000	-1.000000	Fossil	-1	620
PAF-02	Paradise-Unit2	PAF	37.259760	-86.973857	0.000000	0.0000	0.0000	0.000000	None	-1.0000	-1					-1	-1	-1	0	0	0.0000	-1.0000	-1.0000	-1.0000	-1.0000	-1.0000	-1.0000	-1.0000	-1.0000	-1.0000	-1.0000	-1.0000	-1.0000	-1.0000	-1.0000	-1.0000	-1.0000		0		-1.0000	-1	0.000000	None	None	-1	0	0	None	None	None	None	None	-1	-1	-1.000000	-1.000000	-1.000000	-1.000000	Fossil	-1	621
PAF-03	Paradise-Unit3	PAF	37.259760	-86.973857	0.000000	0.0000	0.0000	0.000000	None	-1.0000	-1					-1	-1	-1	0	0	0.0000	-1.0000	-1.0000	-1.0000	-1.0000	-1.0000	-1.0000	-1.0000	-1.0000	-1.0000	-1.0000	-1.0000	-1.0000	-1.0000	-1.0000	-1.0000	-1.0000		0		-1.0000	-1	0.000000	None	None	-1	0	0	None	None	None	None	None	-1	-1	-1.000000	-1.000000	-1.000000	-1.000000	Fossil	-1	926
PAHK2	Ohio at Paducah	PAHK2	37.089443	-88.594444	286.260000	0.0000	0.0000	0.000000	Ohio	46.4000	-1	3611000	CST			-1	-1	-1	0	0	0.0000	-1.0000	-1.0000	-1.0000	-1.0000	-1.0000	-1.0000	-1.0000	-1.0000	-1.0000	-1.0000	-1.0000	-1.0000	-1.0000	-1.0000	-1.0000	-1.0000	KY	0		-1.0000	-1	286.260009	None	None	-1	0	0	None	None	None	None	Stream	-1	-1	-1.000000	-1.000000	-1.000000	-1.000000		-1	-1
PANT1	Pandora	PANT1	36.440556	-81.940277	0.000000	0.0000	0.0000	0.000000	None	-1.0000	-1		EST			-1	-1	-1	0	0	0.0000	-1.0000	-1.0000	-1.0000	-1.0000	-1.0000	-1.0000	-1.0000	-1.0000	-1.0000	-1.0000	-1.0000	-1.0000	-1.0000	-1.0000	-1.0000	-1.0000	TN	0		-1.0000	-1	0.000000	Precip	None	-1	0	0	None	None	None	None	None	-1	-1	-1.000000	-1.000000	-1.000000	-1.000000		-1	-1
ParisLanding	Paris Landing State Park	ParisLanding	36.424446	-88.129166	0.000000	0.0000	0.0000	0.000000	None	-1.0000	-1					-1	-1	-1	0	0	0.0000	-1.0000	-1.0000	-1.0000	-1.0000	-1.0000	-1.0000	-1.0000	-1.0000	-1.0000	-1.0000	-1.0000	-1.0000	-1.0000	-1.0000	-1.0000	-1.0000		0		-1.0000	-1	0.000000	None	None	-1	0	0	None	None	None	None	None	-1	-1	-1.000000	-1.000000	-1.000000	-1.000000		-1	-1
PEGV2	Pennington Gap	PEGV2	36.746387	-83.038887	0.000000	0.0000	0.0000	0.000000	None	-1.0000	-1		EST			-1	-1	-1	0	0	0.0000	-1.0000	-1.0000	-1.0000	-1.0000	-1.0000	-1.0000	-1.0000	-1.0000	-1.0000	-1.0000	-1.0000	-1.0000	-1.0000	-1.0000	-1.0000	-1.0000	VA	0		-1.0000	-1	0.000000	Precip	None	-1	0	0	None	None	None	None	None	-1	-1	-1.000000	-1.000000	-1.000000	-1.000000		-1	-1
PELT1	Elk River nr Pelham	PELT1	35.296665	-85.869720	981.620000	0.0000	0.0000	0.000000	Elk	-1.0000	-1	3578000	CST			-1	-1	-1	0	0	0.0000	-1.0000	-1.0000	-1.0000	-1.0000	-1.0000	-1.0000	-1.0000	-1.0000	-1.0000	-1.0000	-1.0000	-1.0000	-1.0000	-1.0000	-1.0000	-1.0000	TN	0		-1.0000	-1	981.620031	Precip	None	-1	0	0	None	None	None	None	Stream	-1	-1	-1.000000	-1.000000	-1.000000	-1.000000		-1	-1
PENT1	Cumberland at Penitentiary Branch	PENT1	36.439167	-85.595001	489.000000	0.0000	0.0000	0.000000	Cumberland	365.0000	-1	3417600	CST			-1	-1	-1	0	0	0.0000	-1.0000	-1.0000	-1.0000	-1.0000	-1.0000	-1.0000	-1.0000	-1.0000	-1.0000	-1.0000	-1.0000	-1.0000	-1.0000	-1.0000	-1.0000	-1.0000	TN	0		-1.0000	-1	489.000016	Precip	None	-1	0	0	None	None	None	None	Stream	-1	-1	-1.000000	-1.000000	-1.000000	-1.000000		-1	-1
PICT1	Pickwick Dam	PICT1	35.063610	-88.249725	0.000000	0.0000	0.0000	0.000000	Tennessee	206.7000	1170	3593000	CST	Hydro	PKH	6	264	40	0	1	0.0000	32.0000	7.0000	-1.0000	408.0000	408.0000	-1.0000	-1.0000	378.0000	419.0000	418.0000	436.5000	-1.0000	-1.0000	-1.0000	400.0000	300.0000	TN	0	TVA	418.0000	-1	0.000000	Precip	Guntersville=>Wheeler=>Wilson=>Pickwick=>Kentucky	4	27	17	TVA	Hydropower	PKH	PKH	None	-1	-1	-1.000000	-1.000000	-1.000000	-1.000000		-1	-1
PIDT1	Pine Dam	PIDT1	35.569443	-88.406944	0.000000	460.0000	0.0000	0.000000	Piney Creek	4.8000	-1		CST		BEH	-1	-1	-1	0	0	0.0000	59.0000	-1.0000	-1.0000	-1.0000	-1.0000	-1.0000	-1.0000	464.6000	-1.0000	-1.0000	474.5000	-1.0000	-1.0000	-1.0000	-1.0000	-1.0000	TN	0	TVA	-1.0000	-1	0.000000	None	None	-1	0	0	TVA	Non-Hydropower	None	None	None	-1	-1	-1.000000	-1.000000	-1.000000	-1.000000		-1	-1
PIOT1	Pin Oak Dam	PIOT1	35.679443	-88.282219	0.000000	440.0000	0.0000	0.000000	Browns Creek	5.1000	-1		CST		BEP	-1	-1	-1	0	0	0.0000	63.0000	-1.0000	-1.0000	-1.0000	-1.0000	-1.0000	-1.0000	448.2000	-1.0000	-1.0000	459.4000	-1.0000	-1.0000	-1.0000	-1.0000	-1.0000	TN	0	TVA	-1.0000	-1	0.000000	None	None	-1	0	0	TVA	Non-Hydropower	None	None	None	-1	-1	-1.000000	-1.000000	-1.000000	-1.000000		-1	-1
PKH-01	Pickwick-Unit1	PICT1	35.063610	-88.249725	0.000000	0.0000	0.0000	0.000000	None	-1.0000	-1					-1	-1	-1	0	0	0.0000	-1.0000	-1.0000	-1.0000	-1.0000	-1.0000	-1.0000	-1.0000	-1.0000	-1.0000	-1.0000	-1.0000	-1.0000	-1.0000	-1.0000	-1.0000	-1.0000		0		-1.0000	-1	0.000000	None	None	-1	0	0	None	None	None	None	None	-1	-1	-1.000000	-1.000000	-1.000000	-1.000000	Hydro	20000	45
PKH-02	Pickwick-Unit2	PICT1	35.063610	-88.249725	0.000000	0.0000	0.0000	0.000000	None	-1.0000	-1					-1	-1	-1	0	0	0.0000	-1.0000	-1.0000	-1.0000	-1.0000	-1.0000	-1.0000	-1.0000	-1.0000	-1.0000	-1.0000	-1.0000	-1.0000	-1.0000	-1.0000	-1.0000	-1.0000		0		-1.0000	-1	0.000000	None	None	-1	0	0	None	None	None	None	None	-1	-1	-1.000000	-1.000000	-1.000000	-1.000000	Hydro	20000	45
PKH-03	Pickwick-Unit3	PICT1	35.063610	-88.249725	0.000000	0.0000	0.0000	0.000000	None	-1.0000	-1					-1	-1	-1	0	0	0.0000	-1.0000	-1.0000	-1.0000	-1.0000	-1.0000	-1.0000	-1.0000	-1.0000	-1.0000	-1.0000	-1.0000	-1.0000	-1.0000	-1.0000	-1.0000	-1.0000		0		-1.0000	-1	0.000000	None	None	-1	0	0	None	None	None	None	None	-1	-1	-1.000000	-1.000000	-1.000000	-1.000000	Hydro	20000	45
PKH-04	Pickwick-Unit4	PICT1	35.063610	-88.249725	0.000000	0.0000	0.0000	0.000000	None	-1.0000	-1					-1	-1	-1	0	0	0.0000	-1.0000	-1.0000	-1.0000	-1.0000	-1.0000	-1.0000	-1.0000	-1.0000	-1.0000	-1.0000	-1.0000	-1.0000	-1.0000	-1.0000	-1.0000	-1.0000		0		-1.0000	-1	0.000000	None	None	-1	0	0	None	None	None	None	None	-1	-1	-1.000000	-1.000000	-1.000000	-1.000000	Hydro	20000	45
PKH-05	Pickwick-Unit5	PICT1	35.063610	-88.249725	0.000000	0.0000	0.0000	0.000000	None	-1.0000	-1					-1	-1	-1	0	0	0.0000	-1.0000	-1.0000	-1.0000	-1.0000	-1.0000	-1.0000	-1.0000	-1.0000	-1.0000	-1.0000	-1.0000	-1.0000	-1.0000	-1.0000	-1.0000	-1.0000		0		-1.0000	-1	0.000000	None	None	-1	0	0	None	None	None	None	None	-1	-1	-1.000000	-1.000000	-1.000000	-1.000000	Hydro	20000	45
PKH-06	Pickwick-Unit6	PICT1	35.063610	-88.249725	0.000000	0.0000	0.0000	0.000000	None	-1.0000	-1					-1	-1	-1	0	0	0.0000	-1.0000	-1.0000	-1.0000	-1.0000	-1.0000	-1.0000	-1.0000	-1.0000	-1.0000	-1.0000	-1.0000	-1.0000	-1.0000	-1.0000	-1.0000	-1.0000		0		-1.0000	-1	0.000000	None	None	-1	0	0	None	None	None	None	None	-1	-1	-1.000000	-1.000000	-1.000000	-1.000000	Hydro	20000	45
PKH-OG-01	Pickwick Dam	PICT1	35.063610	-88.249725	0.000000	0.0000	0.0000	0.000000	None	-1.0000	-1					-1	-1	-1	0	0	0.0000	-1.0000	-1.0000	-1.0000	-1.0000	-1.0000	-1.0000	-1.0000	-1.0000	-1.0000	-1.0000	-1.0000	-1.0000	-1.0000	-1.0000	-1.0000	-1.0000		0		-1.0000	-1	0.000000	None	None	-1	0	0	None	None	None	None	None	-1	-1	-1.000000	-1.000000	-1.000000	-1.000000		-1	-1	OTHER	DISC
PKH-OG-02	Pickwick Dam	PICT1	35.063610	-88.249725	0.000000	0.0000	0.0000	0.000000	None	-1.0000	-1					-1	-1	-1	0	0	0.0000	-1.0000	-1.0000	-1.0000	-1.0000	-1.0000	-1.0000	-1.0000	-1.0000	-1.0000	-1.0000	-1.0000	-1.0000	-1.0000	-1.0000	-1.0000	-1.0000		0		-1.0000	-1	0.000000	None	None	-1	0	0	None	None	None	None	None	-1	-1	-1.000000	-1.000000	-1.000000	-1.000000		-1	-1	OTHER	DISC
PKH-OG-03	Pickwick Dam	PICT1	35.063610	-88.249725	0.000000	0.0000	0.0000	0.000000	None	-1.0000	-1					-1	-1	-1	0	0	0.0000	-1.0000	-1.0000	-1.0000	-1.0000	-1.0000	-1.0000	-1.0000	-1.0000	-1.0000	-1.0000	-1.0000	-1.0000	-1.0000	-1.0000	-1.0000	-1.0000		0		-1.0000	-1	0.000000	None	None	-1	0	0	None	None	None	None	None	-1	-1	-1.000000	-1.000000	-1.000000	-1.000000		-1	-1	OTHER	DISC
PKH-OG-04	Pickwick Dam	PICT1	35.063610	-88.249725	0.000000	0.0000	0.0000	0.000000	None	-1.0000	-1					-1	-1	-1	0	0	0.0000	-1.0000	-1.0000	-1.0000	-1.0000	-1.0000	-1.0000	-1.0000	-1.0000	-1.0000	-1.0000	-1.0000	-1.0000	-1.0000	-1.0000	-1.0000	-1.0000		0		-1.0000	-1	0.000000	None	None	-1	0	0	None	None	None	None	None	-1	-1	-1.000000	-1.000000	-1.000000	-1.000000		-1	-1	OTHER	DISC
PKH-SP-01	Pickwick Dam	PICT1	35.063610	-88.249725	0.000000	0.0000	0.0000	0.000000	None	-1.0000	-1					-1	-1	-1	0	0	0.0000	-1.0000	-1.0000	-1.0000	-1.0000	-1.0000	-1.0000	-1.0000	-1.0000	-1.0000	-1.0000	-1.0000	-1.0000	-1.0000	-1.0000	-1.0000	-1.0000		0		-1.0000	-1	0.000000	None	None	-1	0	0	None	None	None	None	None	-1	-1	-1.000000	-1.000000	-1.000000	-1.000000		-1	-1	SPILL	DISC
PKH-SP-02	Pickwick Dam	PICT1	35.063610	-88.249725	0.000000	0.0000	0.0000	0.000000	None	-1.0000	-1					-1	-1	-1	0	0	0.0000	-1.0000	-1.0000	-1.0000	-1.0000	-1.0000	-1.0000	-1.0000	-1.0000	-1.0000	-1.0000	-1.0000	-1.0000	-1.0000	-1.0000	-1.0000	-1.0000		0		-1.0000	-1	0.000000	None	None	-1	0	0	None	None	None	None	None	-1	-1	-1.000000	-1.000000	-1.000000	-1.000000		-1	-1	SPILL	DISC
PKH-SP-03	Pickwick Dam	PICT1	35.063610	-88.249725	0.000000	0.0000	0.0000	0.000000	None	-1.0000	-1					-1	-1	-1	0	0	0.0000	-1.0000	-1.0000	-1.0000	-1.0000	-1.0000	-1.0000	-1.0000	-1.0000	-1.0000	-1.0000	-1.0000	-1.0000	-1.0000	-1.0000	-1.0000	-1.0000		0		-1.0000	-1	0.000000	None	None	-1	0	0	None	None	None	None	None	-1	-1	-1.000000	-1.000000	-1.000000	-1.000000		-1	-1	SPILL	DISC
PKH-SP-04	Pickwick Dam	PICT1	35.063610	-88.249725	0.000000	0.0000	0.0000	0.000000	None	-1.0000	-1					-1	-1	-1	0	0	0.0000	-1.0000	-1.0000	-1.0000	-1.0000	-1.0000	-1.0000	-1.0000	-1.0000	-1.0000	-1.0000	-1.0000	-1.0000	-1.0000	-1.0000	-1.0000	-1.0000		0		-1.0000	-1	0.000000	None	None	-1	0	0	None	None	None	None	None	-1	-1	-1.000000	-1.000000	-1.000000	-1.000000		-1	-1	SPILL	DISC
PKH-SP-05	Pickwick Dam	PICT1	35.063610	-88.249725	0.000000	0.0000	0.0000	0.000000	None	-1.0000	-1					-1	-1	-1	0	0	0.0000	-1.0000	-1.0000	-1.0000	-1.0000	-1.0000	-1.0000	-1.0000	-1.0000	-1.0000	-1.0000	-1.0000	-1.0000	-1.0000	-1.0000	-1.0000	-1.0000		0		-1.0000	-1	0.000000	None	None	-1	0	0	None	None	None	None	None	-1	-1	-1.000000	-1.000000	-1.000000	-1.000000		-1	-1	SPILL	DISC
PKH-SP-06	Pickwick Dam	PICT1	35.063610	-88.249725	0.000000	0.0000	0.0000	0.000000	None	-1.0000	-1					-1	-1	-1	0	0	0.0000	-1.0000	-1.0000	-1.0000	-1.0000	-1.0000	-1.0000	-1.0000	-1.0000	-1.0000	-1.0000	-1.0000	-1.0000	-1.0000	-1.0000	-1.0000	-1.0000		0		-1.0000	-1	0.000000	None	None	-1	0	0	None	None	None	None	None	-1	-1	-1.000000	-1.000000	-1.000000	-1.000000		-1	-1	SPILL	DISC
PKH-SP-07	Pickwick Dam	PICT1	35.063610	-88.249725	0.000000	0.0000	0.0000	0.000000	None	-1.0000	-1					-1	-1	-1	0	0	0.0000	-1.0000	-1.0000	-1.0000	-1.0000	-1.0000	-1.0000	-1.0000	-1.0000	-1.0000	-1.0000	-1.0000	-1.0000	-1.0000	-1.0000	-1.0000	-1.0000		0		-1.0000	-1	0.000000	None	None	-1	0	0	None	None	None	None	None	-1	-1	-1.000000	-1.000000	-1.000000	-1.000000		-1	-1	SPILL	DISC
PKH-SP-08	Pickwick Dam	PICT1	35.063610	-88.249725	0.000000	0.0000	0.0000	0.000000	None	-1.0000	-1					-1	-1	-1	0	0	0.0000	-1.0000	-1.0000	-1.0000	-1.0000	-1.0000	-1.0000	-1.0000	-1.0000	-1.0000	-1.0000	-1.0000	-1.0000	-1.0000	-1.0000	-1.0000	-1.0000		0		-1.0000	-1	0.000000	None	None	-1	0	0	None	None	None	None	None	-1	-1	-1.000000	-1.000000	-1.000000	-1.000000		-1	-1	SPILL	DISC
PKH-SP-09	Pickwick Dam	PICT1	35.063610	-88.249725	0.000000	0.0000	0.0000	0.000000	None	-1.0000	-1					-1	-1	-1	0	0	0.0000	-1.0000	-1.0000	-1.0000	-1.0000	-1.0000	-1.0000	-1.0000	-1.0000	-1.0000	-1.0000	-1.0000	-1.0000	-1.0000	-1.0000	-1.0000	-1.0000		0		-1.0000	-1	0.000000	None	None	-1	0	0	None	None	None	None	None	-1	-1	-1.000000	-1.000000	-1.000000	-1.000000		-1	-1	SPILL	DISC
PKH-SP-10	Pickwick Dam	PICT1	35.063610	-88.249725	0.000000	0.0000	0.0000	0.000000	None	-1.0000	-1					-1	-1	-1	0	0	0.0000	-1.0000	-1.0000	-1.0000	-1.0000	-1.0000	-1.0000	-1.0000	-1.0000	-1.0000	-1.0000	-1.0000	-1.0000	-1.0000	-1.0000	-1.0000	-1.0000		0		-1.0000	-1	0.000000	None	None	-1	0	0	None	None	None	None	None	-1	-1	-1.000000	-1.000000	-1.000000	-1.000000		-1	-1	SPILL	DISC
PKH-SP-11	Pickwick Dam	PICT1	35.063610	-88.249725	0.000000	0.0000	0.0000	0.000000	None	-1.0000	-1					-1	-1	-1	0	0	0.0000	-1.0000	-1.0000	-1.0000	-1.0000	-1.0000	-1.0000	-1.0000	-1.0000	-1.0000	-1.0000	-1.0000	-1.0000	-1.0000	-1.0000	-1.0000	-1.0000		0		-1.0000	-1	0.000000	None	None	-1	0	0	None	None	None	None	None	-1	-1	-1.000000	-1.000000	-1.000000	-1.000000		-1	-1	SPILL	DISC
PKH-SP-12	Pickwick Dam	PICT1	35.063610	-88.249725	0.000000	0.0000	0.0000	0.000000	None	-1.0000	-1					-1	-1	-1	0	0	0.0000	-1.0000	-1.0000	-1.0000	-1.0000	-1.0000	-1.0000	-1.0000	-1.0000	-1.0000	-1.0000	-1.0000	-1.0000	-1.0000	-1.0000	-1.0000	-1.0000		0		-1.0000	-1	0.000000	None	None	-1	0	0	None	None	None	None	None	-1	-1	-1.000000	-1.000000	-1.000000	-1.000000		-1	-1	SPILL	DISC
PKH-SP-13	Pickwick Dam	PICT1	35.063610	-88.249725	0.000000	0.0000	0.0000	0.000000	None	-1.0000	-1					-1	-1	-1	0	0	0.0000	-1.0000	-1.0000	-1.0000	-1.0000	-1.0000	-1.0000	-1.0000	-1.0000	-1.0000	-1.0000	-1.0000	-1.0000	-1.0000	-1.0000	-1.0000	-1.0000		0		-1.0000	-1	0.000000	None	None	-1	0	0	None	None	None	None	None	-1	-1	-1.000000	-1.000000	-1.000000	-1.000000		-1	-1	SPILL	DISC
PKH-SP-14	Pickwick Dam	PICT1	35.063610	-88.249725	0.000000	0.0000	0.0000	0.000000	None	-1.0000	-1					-1	-1	-1	0	0	0.0000	-1.0000	-1.0000	-1.0000	-1.0000	-1.0000	-1.0000	-1.0000	-1.0000	-1.0000	-1.0000	-1.0000	-1.0000	-1.0000	-1.0000	-1.0000	-1.0000		0		-1.0000	-1	0.000000	None	None	-1	0	0	None	None	None	None	None	-1	-1	-1.000000	-1.000000	-1.000000	-1.000000		-1	-1	SPILL	DISC
PKH-SP-15	Pickwick Dam	PICT1	35.063610	-88.249725	0.000000	0.0000	0.0000	0.000000	None	-1.0000	-1					-1	-1	-1	0	0	0.0000	-1.0000	-1.0000	-1.0000	-1.0000	-1.0000	-1.0000	-1.0000	-1.0000	-1.0000	-1.0000	-1.0000	-1.0000	-1.0000	-1.0000	-1.0000	-1.0000		0		-1.0000	-1	0.000000	None	None	-1	0	0	None	None	None	None	None	-1	-1	-1.000000	-1.000000	-1.000000	-1.000000		-1	-1	SPILL	DISC
PKH-SP-16	Pickwick Dam	PICT1	35.063610	-88.249725	0.000000	0.0000	0.0000	0.000000	None	-1.0000	-1					-1	-1	-1	0	0	0.0000	-1.0000	-1.0000	-1.0000	-1.0000	-1.0000	-1.0000	-1.0000	-1.0000	-1.0000	-1.0000	-1.0000	-1.0000	-1.0000	-1.0000	-1.0000	-1.0000		0		-1.0000	-1	0.000000	None	None	-1	0	0	None	None	None	None	None	-1	-1	-1.000000	-1.000000	-1.000000	-1.000000		-1	-1	SPILL	DISC
PKH-SP-17	Pickwick Dam	PICT1	35.063610	-88.249725	0.000000	0.0000	0.0000	0.000000	None	-1.0000	-1					-1	-1	-1	0	0	0.0000	-1.0000	-1.0000	-1.0000	-1.0000	-1.0000	-1.0000	-1.0000	-1.0000	-1.0000	-1.0000	-1.0000	-1.0000	-1.0000	-1.0000	-1.0000	-1.0000		0		-1.0000	-1	0.000000	None	None	-1	0	0	None	None	None	None	None	-1	-1	-1.000000	-1.000000	-1.000000	-1.000000		-1	-1	SPILL	DISC
PKH-SP-18	Pickwick Dam	PICT1	35.063610	-88.249725	0.000000	0.0000	0.0000	0.000000	None	-1.0000	-1					-1	-1	-1	0	0	0.0000	-1.0000	-1.0000	-1.0000	-1.0000	-1.0000	-1.0000	-1.0000	-1.0000	-1.0000	-1.0000	-1.0000	-1.0000	-1.0000	-1.0000	-1.0000	-1.0000		0		-1.0000	-1	0.000000	None	None	-1	0	0	None	None	None	None	None	-1	-1	-1.000000	-1.000000	-1.000000	-1.000000		-1	-1	SPILL	DISC
PKH-SP-19	Pickwick Dam	PICT1	35.063610	-88.249725	0.000000	0.0000	0.0000	0.000000	None	-1.0000	-1					-1	-1	-1	0	0	0.0000	-1.0000	-1.0000	-1.0000	-1.0000	-1.0000	-1.0000	-1.0000	-1.0000	-1.0000	-1.0000	-1.0000	-1.0000	-1.0000	-1.0000	-1.0000	-1.0000		0		-1.0000	-1	0.000000	None	None	-1	0	0	None	None	None	None	None	-1	-1	-1.000000	-1.000000	-1.000000	-1.000000		-1	-1	SPILL	DISC
PKH-SP-20	Pickwick Dam	PICT1	35.063610	-88.249725	0.000000	0.0000	0.0000	0.000000	None	-1.0000	-1					-1	-1	-1	0	0	0.0000	-1.0000	-1.0000	-1.0000	-1.0000	-1.0000	-1.0000	-1.0000	-1.0000	-1.0000	-1.0000	-1.0000	-1.0000	-1.0000	-1.0000	-1.0000	-1.0000		0		-1.0000	-1	0.000000	None	None	-1	0	0	None	None	None	None	None	-1	-1	-1.000000	-1.000000	-1.000000	-1.000000		-1	-1	SPILL	DISC
PKH-SP-21	Pickwick Dam	PICT1	35.063610	-88.249725	0.000000	0.0000	0.0000	0.000000	None	-1.0000	-1					-1	-1	-1	0	0	0.0000	-1.0000	-1.0000	-1.0000	-1.0000	-1.0000	-1.0000	-1.0000	-1.0000	-1.0000	-1.0000	-1.0000	-1.0000	-1.0000	-1.0000	-1.0000	-1.0000		0		-1.0000	-1	0.000000	None	None	-1	0	0	None	None	None	None	None	-1	-1	-1.000000	-1.000000	-1.000000	-1.000000		-1	-1	SPILL	DISC
PKH-SP-22	Pickwick Dam	PICT1	35.063610	-88.249725	0.000000	0.0000	0.0000	0.000000	None	-1.0000	-1					-1	-1	-1	0	0	0.0000	-1.0000	-1.0000	-1.0000	-1.0000	-1.0000	-1.0000	-1.0000	-1.0000	-1.0000	-1.0000	-1.0000	-1.0000	-1.0000	-1.0000	-1.0000	-1.0000		0		-1.0000	-1	0.000000	None	None	-1	0	0	None	None	None	None	None	-1	-1	-1.000000	-1.000000	-1.000000	-1.000000		-1	-1	SPILL	DISC
PKST1	Parksville	PKST1	35.095000	-84.649167	0.000000	0.0000	0.0000	0.000000	Ocoee	11.5000	-1					-1	-1	-1	0	0	0.0000	-1.0000	-1.0000	-1.0000	-1.0000	-1.0000	-1.0000	-1.0000	-1.0000	-1.0000	-1.0000	-1.0000	-1.0000	-1.0000	-1.0000	-1.0000	-1.0000	TN	0		-1.0000	-1	0.000000	Precip	None	-1	0	0	None	None	None	None	None	-1	-1	-1.000000	-1.000000	-1.000000	-1.000000		-1	-1
PKVT1	Pikeville	PKVT1	35.608891	-85.193886	0.000000	0.0000	0.0000	0.000000	None	-1.0000	-1		CST			-1	-1	-1	0	0	0.0000	-1.0000	-1.0000	-1.0000	-1.0000	-1.0000	-1.0000	-1.0000	-1.0000	-1.0000	-1.0000	-1.0000	-1.0000	-1.0000	-1.0000	-1.0000	-1.0000	TN	0		-1.0000	-1	0.000000	Precip	None	-1	0	0	None	None	None	None	None	-1	-1	-1.000000	-1.000000	-1.000000	-1.000000		-1	-1
PLKT1	Richland at Pulaski	PLKT1	35.195000	-87.063889	538.300000	0.0000	0.0000	0.000000	Richland	-1.0000	1060	3584045				-1	-1	-1	0	0	0.0000	-1.0000	-1.0000	-1.0000	-1.0000	-1.0000	-1.0000	-1.0000	-1.0000	-1.0000	-1.0000	-1.0000	-1.0000	-1.0000	-1.0000	-1.0000	-1.0000	TN	0		-1.0000	-1	538.300017	None	None	-1	0	0	None	None	None	None	Stream	-1	-1	-1.000000	-1.000000	-1.000000	-1.000000		-1	-1
PLMN7	Plumtree	PLMN7	36.041668	-82.011948	0.000000	0.0000	0.0000	0.000000	None	-1.0000	-1		EST			-1	-1	-1	0	0	0.0000	-1.0000	-1.0000	-1.0000	-1.0000	-1.0000	-1.0000	-1.0000	-1.0000	-1.0000	-1.0000	-1.0000	-1.0000	-1.0000	-1.0000	-1.0000	-1.0000	NC	0		-1.0000	-1	0.000000	Precip	None	-1	0	0	None	None	None	None	None	-1	-1	-1.000000	-1.000000	-1.000000	-1.000000		-1	-1
PLYG1	Presley	PLYG1	34.906944	-83.725830	0.000000	0.0000	0.0000	0.000000	Hiwassee	134.0000	-1	3545000	EST			-1	-1	-1	0	0	0.0000	-1.0000	-1.0000	-1.0000	-1.0000	-1.0000	-1.0000	-1.0000	-1.0000	-1.0000	-1.0000	-1.0000	-1.0000	-1.0000	-1.0000	-1.0000	-1.0000	GA	0		-1.0000	-1	0.000000	Precip	None	-1	0	0	None	None	None	None	None	-1	-1	-1.000000	-1.000000	-1.000000	-1.000000		-1	-1
POF	Tennessee at Port of Florence	POF	34.784364	-87.671805	0.000000	0.0000	0.0000	0.000000	Tennessee	-1.0000	-1		CST			-1	-1	-1	0	0	0.0000	-1.0000	-1.0000	-1.0000	-1.0000	-1.0000	-1.0000	-1.0000	-1.0000	-1.0000	-1.0000	-1.0000	-1.0000	-1.0000	-1.0000	-1.0000	-1.0000		0		-1.0000	-1	0.000000	None	None	-1	0	0	None	None	None	None	None	-1	-1	-1.000000	-1.000000	-1.000000	-1.000000		-1	-1
PORT1	Red at Port Royal	PORT1	36.554722	-87.141945	376.250000	0.0000	0.0000	0.000000	Red	25.5000	1420	3436100	CST			-1	-1	-1	0	0	0.0000	-1.0000	-1.0000	-1.0000	-1.0000	-1.0000	-1.0000	-1.0000	-1.0000	-1.0000	-1.0000	-1.0000	-1.0000	-1.0000	-1.0000	-1.0000	-1.0000	TN	0		-1.0000	-1	376.250012	Precip	None	-1	0	0	None	None	None	None	Stream	-1	-1	-1.000000	-1.000000	-1.000000	-1.000000		-1	-1
PORT1S	Sulphur Fork of the Red nr Adams	PORT1S	36.516998	-87.056999	0.000000	0.0000	0.0000	0.000000	Sulphur Fork of the Red	-1.0000	1410					-1	-1	-1	0	0	0.0000	-1.0000	-1.0000	-1.0000	-1.0000	-1.0000	-1.0000	-1.0000	-1.0000	-1.0000	-1.0000	-1.0000	-1.0000	-1.0000	-1.0000	-1.0000	-1.0000		0		-1.0000	-1	0.000000	None	None	-1	0	0	None	None	None	None	None	-1	-1	-1.000000	-1.000000	-1.000000	-1.000000		-1	-1
PPLT1	Bradley Creek nr Prairie Plains	PPLT1	35.355835	-85.979164	968.130000	0.0000	0.0000	0.000000	Bradley Creek	-1.0000	-1	3578500	CST			-1	-1	-1	0	0	0.0000	-1.0000	-1.0000	-1.0000	-1.0000	-1.0000	-1.0000	-1.0000	-1.0000	-1.0000	-1.0000	-1.0000	-1.0000	-1.0000	-1.0000	-1.0000	-1.0000	TN	0		-1.0000	-1	968.130031	Precip	None	-1	0	0	None	None	None	None	Stream	-1	-1	-1.000000	-1.000000	-1.000000	-1.000000		-1	-1
PRDK2	Green at Paradise	PRDK2	37.263889	-86.977776	363.190000	0.0000	0.0000	0.000000	Green	98.8000	-1	3316500				-1	-1	-1	0	0	0.0000	-1.0000	-1.0000	-1.0000	-1.0000	-1.0000	-1.0000	-1.0000	-1.0000	-1.0000	-1.0000	-1.0000	-1.0000	-1.0000	-1.0000	-1.0000	-1.0000	KY	0		-1.0000	-1	363.190012	None	None	-1	0	0	None	None	None	None	Stream	-1	-1	-1.000000	-1.000000	-1.000000	-1.000000		-1	-1
PRST1	Parsons	PRST1	35.648335	-88.130280	0.000000	0.0000	0.0000	0.000000	None	-1.0000	-1		CST			-1	-1	-1	0	0	0.0000	-1.0000	-1.0000	-1.0000	-1.0000	-1.0000	-1.0000	-1.0000	-1.0000	-1.0000	-1.0000	-1.0000	-1.0000	-1.0000	-1.0000	-1.0000	-1.0000	TN	0		-1.0000	-1	0.000000	Precip	None	-1	0	0	None	None	None	None	None	-1	-1	-1.000000	-1.000000	-1.000000	-1.000000		-1	-1
PRTN7	Little Tennessee at Prentiss	PRTN7	35.150002	-83.379723	2008.390000	0.0000	0.0000	0.000000	Little Tennessee	-1.0000	520	3500000				-1	-1	-1	0	0	0.0000	-1.0000	-1.0000	-1.0000	-1.0000	-1.0000	-1.0000	-1.0000	-1.0000	-1.0000	-1.0000	-1.0000	-1.0000	-1.0000	-1.0000	-1.0000	-1.0000	NC	0		-1.0000	-1	2008.390064	None	None	-1	0	0	None	None	None	None	Stream	-1	-1	-1.000000	-1.000000	-1.000000	-1.000000		-1	-1
PRVT1	Tennessee at Perryville	PRVT1	35.624722	-88.038887	300.000000	0.0000	0.0000	0.000000	Tennessee	135.2000	1200	3594500	CST			-1	-1	-1	0	0	0.0000	45.0000	-1.0000	-1.0000	-1.0000	-1.0000	-1.0000	-1.0000	-1.0000	-1.0000	-1.0000	-1.0000	-1.0000	-1.0000	-1.0000	-1.0000	-1.0000	TN	0		378.0000	-1	300.000010	None	None	-1	0	0	None	None	None	None	Stream	-1	-1	-1.000000	-1.000000	-1.000000	-1.000000		-1	-1
PSKT1	Pulaski	PSKT1	35.188889	-87.032219	0.000000	0.0000	0.0000	0.000000	None	-1.0000	-1		CST			-1	-1	-1	0	0	0.0000	-1.0000	-1.0000	-1.0000	-1.0000	-1.0000	-1.0000	-1.0000	-1.0000	-1.0000	-1.0000	-1.0000	-1.0000	-1.0000	-1.0000	-1.0000	-1.0000	TN	0		-1.0000	-1	0.000000	Precip	None	-1	0	0	None	None	None	None	None	-1	-1	-1.000000	-1.000000	-1.000000	-1.000000		-1	-1
PSLT1	Paris Landing	PSLT1	36.424446	-88.129166	0.000000	0.0000	0.0000	0.000000	None	-1.0000	-1		CST			-1	-1	-1	0	0	0.0000	-1.0000	-1.0000	-1.0000	-1.0000	-1.0000	-1.0000	-1.0000	-1.0000	-1.0000	-1.0000	-1.0000	-1.0000	-1.0000	-1.0000	-1.0000	-1.0000	TN	0		-1.0000	-1	0.000000	Precip	None	-1	0	0	None	None	None	None	None	-1	-1	-1.000000	-1.000000	-1.000000	-1.000000		-1	-1
PSPT1	Elk at Prospect	PSPT1	35.014446	-86.994446	558.700000	0.0000	0.0000	0.000000	Elk	-1.0000	1070	3584600	CST			-1	-1	-1	0	0	0.0000	-1.0000	-1.0000	-1.0000	-1.0000	-1.0000	-1.0000	-1.0000	-1.0000	-1.0000	-1.0000	-1.0000	-1.0000	-1.0000	-1.0000	-1.0000	-1.0000	TN	0		-1.0000	-1	558.700018	None	None	-1	0	0	None	None	None	None	Stream	-1	-1	-1.000000	-1.000000	-1.000000	-1.000000		-1	-1
PSYG1	Hiwassee at Presley	PSYG1	34.905556	-83.716942	1932.690000	0.0000	0.0000	0.000000	Hiwassee	134.0000	-1	3545000	EST			-1	-1	-1	0	0	0.0000	-1.0000	-1.0000	-1.0000	-1.0000	-1.0000	-1.0000	-1.0000	-1.0000	-1.0000	-1.0000	-1.0000	-1.0000	-1.0000	-1.0000	-1.0000	-1.0000	GA	0		-1.0000	-1	1932.690062	None	None	-1	0	0	None	None	None	None	Stream	-1	-1	-1.000000	-1.000000	-1.000000	-1.000000		-1	-1
PTBT1	Petersburg	PTBT1	35.326389	-86.653336	0.000000	0.0000	0.0000	0.000000	None	-1.0000	-1		CST			-1	-1	-1	0	0	0.0000	-1.0000	-1.0000	-1.0000	-1.0000	-1.0000	-1.0000	-1.0000	-1.0000	-1.0000	-1.0000	-1.0000	-1.0000	-1.0000	-1.0000	-1.0000	-1.0000	TN	0		-1.0000	-1	0.000000	Precip	None	-1	0	0	None	None	None	None	None	-1	-1	-1.000000	-1.000000	-1.000000	-1.000000		-1	-1
PTST1	Petros	PTST1	36.098888	-84.445557	0.000000	0.0000	0.0000	0.000000	None	-1.0000	-1		EST			-1	-1	-1	0	0	0.0000	-1.0000	-1.0000	-1.0000	-1.0000	-1.0000	-1.0000	-1.0000	-1.0000	-1.0000	-1.0000	-1.0000	-1.0000	-1.0000	-1.0000	-1.0000	-1.0000	TN	0		-1.0000	-1	0.000000	Precip	None	-1	0	0	None	None	None	None	None	-1	-1	-1.000000	-1.000000	-1.000000	-1.000000		-1	-1
PVLK2	Cumberland at Pineville	PVLK2	36.764446	-83.692497	970.000000	0.0000	0.0000	0.000000	Cumberland	654.4000	-1	3402900	EST			-1	-1	-1	0	0	0.0000	-1.0000	-1.0000	-1.0000	-1.0000	-1.0000	-1.0000	-1.0000	-1.0000	-1.0000	-1.0000	-1.0000	-1.0000	-1.0000	-1.0000	-1.0000	-1.0000	KY	0		-1.0000	-1	970.000031	Precip	None	-1	0	0	None	None	None	None	Stream	-1	-1	-1.000000	-1.000000	-1.000000	-1.000000		-1	-1
RACT1	Raccoon Mountain Pumped Storage	RACT1	35.056389	-85.387497	0.000000	0.0000	0.0000	0.000000	Tennessee	444.6000	-1		CST		RPS	-1	-1	-1	0	0	0.0000	58.0000	-1.0000	-1.0000	-1.0000	-1.0000	-1.0000	-1.0000	1672.0000	-1.0000	-1.0000	1678.0000	-1.0000	-1.0000	-1.0000	-1.0000	-1.0000	TN	0	TVA	-1.0000	-1	0.000000	Precip	None	-1	0	0	None	None	None	None	None	-1	-1	-1.000000	-1.000000	-1.000000	-1.000000		-1	-1
RBYA1	Bear Creek nr Red Bay	RBYA1	34.443333	-88.115555	506.420000	0.0000	0.0000	0.000000	Bear Creek	61.3100	1160	3592000	CST			-1	-1	-1	0	0	0.0000	-1.0000	-1.0000	-1.0000	-1.0000	-1.0000	-1.0000	-1.0000	-1.0000	-1.0000	-1.0000	-1.0000	-1.0000	-1.0000	-1.0000	-1.0000	-1.0000	AL	0		-1.0000	-1	506.420016	None	None	-1	0	0	None	None	None	None	Stream	-1	-1	-1.000000	-1.000000	-1.000000	-1.000000		-1	-1
RDDT1	Roddy	RDDT1	35.765556	-84.777496	0.000000	0.0000	0.0000	0.000000	None	-1.0000	-1		EST			-1	-1	-1	0	0	0.0000	-1.0000	-1.0000	-1.0000	-1.0000	-1.0000	-1.0000	-1.0000	-1.0000	-1.0000	-1.0000	-1.0000	-1.0000	-1.0000	-1.0000	-1.0000	-1.0000	TN	0		-1.0000	-1	0.000000	Precip	None	-1	0	0	None	None	None	None	None	-1	-1	-1.000000	-1.000000	-1.000000	-1.000000		-1	-1
Redstone	Tennessee nr Redstone Aresenal	Redstone	34.592036	-86.724091	0.000000	0.0000	0.0000	0.000000	None	322.0000	-1		CST			-1	-1	-1	0	0	0.0000	-1.0000	-1.0000	-1.0000	-1.0000	-1.0000	-1.0000	-1.0000	-1.0000	-1.0000	-1.0000	-1.0000	-1.0000	-1.0000	-1.0000	-1.0000	-1.0000		0		-1.0000	-1	0.000000	None	None	-1	0	0	None	None	None	None	None	-1	-1	-1.000000	-1.000000	-1.000000	-1.000000		-1	-1
REDT1	Redbud Dam	REDT1	35.685276	-88.259445	0.000000	430.0000	0.0000	0.000000	Dry Creek	1.0000	-1		CST		BEQ	-1	-1	-1	0	0	0.0000	65.0000	-1.0000	-1.0000	-1.0000	-1.0000	-1.0000	-1.0000	439.2000	-1.0000	-1.0000	446.4000	-1.0000	-1.0000	-1.0000	-1.0000	-1.0000	TN	0	TVA	-1.0000	-1	0.000000	None	None	-1	0	0	None	None	None	None	None	-1	-1	-1.000000	-1.000000	-1.000000	-1.000000		-1	-1
RHBG1	R. H. Bandy	RHBG1	34.903332	-85.078056	0.000000	0.0000	0.0000	0.000000	None	-1.0000	-1		EST			-1	-1	-1	0	0	0.0000	-1.0000	-1.0000	-1.0000	-1.0000	-1.0000	-1.0000	-1.0000	-1.0000	-1.0000	-1.0000	-1.0000	-1.0000	-1.0000	-1.0000	-1.0000	-1.0000	GA	0		-1.0000	-1	0.000000	Precip	None	-1	0	0	None	None	None	None	None	-1	-1	-1.000000	-1.000000	-1.000000	-1.000000		-1	-1
RHF	Red Hills Fossil Plant	RHF	34.106538	-82.891245	0.000000	0.0000	0.0000	0.000000	None	-1.0000	-1					-1	-1	-1	0	0	0.0000	-1.0000	-1.0000	-1.0000	-1.0000	-1.0000	-1.0000	-1.0000	-1.0000	-1.0000	-1.0000	-1.0000	-1.0000	-1.0000	-1.0000	-1.0000	-1.0000		0		-1.0000	-1	0.000000	None	None	-1	0	0	None	None	None	None	None	-1	-1	-1.000000	-1.000000	-1.000000	-1.000000		-1	-1
RLDV2	Richlands	RLDV2	37.096111	-81.835556	0.000000	0.0000	0.0000	0.000000	None	-1.0000	-1		EST			-1	-1	-1	0	0	0.0000	-1.0000	-1.0000	-1.0000	-1.0000	-1.0000	-1.0000	-1.0000	-1.0000	-1.0000	-1.0000	-1.0000	-1.0000	-1.0000	-1.0000	-1.0000	-1.0000	VA	0		-1.0000	-1	0.000000	Precip	None	-1	0	0	None	None	None	None	None	-1	-1	-1.000000	-1.000000	-1.000000	-1.000000		-1	-1
RLRV2	Clinch at Richlands	RLRV2	37.083332	-81.773888	0.000000	0.0000	0.0000	0.000000	Clinch	-1.0000	10					-1	-1	-1	0	0	0.0000	-1.0000	-1.0000	-1.0000	-1.0000	-1.0000	-1.0000	-1.0000	-1.0000	-1.0000	-1.0000	-1.0000	-1.0000	-1.0000	-1.0000	-1.0000	-1.0000	VA	0		-1.0000	-1	0.000000	None	None	-1	0	0	None	None	None	None	None	-1	-1	-1.000000	-1.000000	-1.000000	-1.000000		-1	-1
RMNN7	Rosman	RMNN7	35.136944	-82.820274	0.000000	0.0000	0.0000	0.000000	None	-1.0000	-1		EST			-1	-1	-1	0	0	0.0000	-1.0000	-1.0000	-1.0000	-1.0000	-1.0000	-1.0000	-1.0000	-1.0000	-1.0000	-1.0000	-1.0000	-1.0000	-1.0000	-1.0000	-1.0000	-1.0000	NC	0		-1.0000	-1	0.000000	Precip	None	-1	0	0	None	None	None	None	None	-1	-1	-1.000000	-1.000000	-1.000000	-1.000000		-1	-1
RMP-01	Raccoon Mountain-Unit1	RACT1	35.056389	-85.387497	0.000000	0.0000	0.0000	0.000000	None	-1.0000	-1					-1	-1	-1	0	0	0.0000	-1.0000	-1.0000	-1.0000	-1.0000	-1.0000	-1.0000	-1.0000	-1.0000	-1.0000	-1.0000	-1.0000	-1.0000	-1.0000	-1.0000	-1.0000	-1.0000		0		-1.0000	-1	0.000000	None	None	-1	0	0	None	None	None	None	None	-1	-1	-1.000000	-1.000000	-1.000000	-1.000000	Pumped Storage	-1	436
RMP-02	Raccoon Mountain-Unit2	RACT1	35.056389	-85.387497	0.000000	0.0000	0.0000	0.000000	None	-1.0000	-1					-1	-1	-1	0	0	0.0000	-1.0000	-1.0000	-1.0000	-1.0000	-1.0000	-1.0000	-1.0000	-1.0000	-1.0000	-1.0000	-1.0000	-1.0000	-1.0000	-1.0000	-1.0000	-1.0000		0		-1.0000	-1	0.000000	None	None	-1	0	0	None	None	None	None	None	-1	-1	-1.000000	-1.000000	-1.000000	-1.000000	Pumped Storage	-1	439
RMP-03	Raccoon Mountain-Unit3	RACT1	35.056389	-85.387497	0.000000	0.0000	0.0000	0.000000	None	-1.0000	-1					-1	-1	-1	0	0	0.0000	-1.0000	-1.0000	-1.0000	-1.0000	-1.0000	-1.0000	-1.0000	-1.0000	-1.0000	-1.0000	-1.0000	-1.0000	-1.0000	-1.0000	-1.0000	-1.0000		0		-1.0000	-1	0.000000	None	None	-1	0	0	None	None	None	None	None	-1	-1	-1.000000	-1.000000	-1.000000	-1.000000	Pumped Storage	-1	430
RMP-04	Raccoon Mountain-Unit4	RACT1	35.056389	-85.387497	0.000000	0.0000	0.0000	0.000000	None	-1.0000	-1					-1	-1	-1	0	0	0.0000	-1.0000	-1.0000	-1.0000	-1.0000	-1.0000	-1.0000	-1.0000	-1.0000	-1.0000	-1.0000	-1.0000	-1.0000	-1.0000	-1.0000	-1.0000	-1.0000		0		-1.0000	-1	0.000000	None	None	-1	0	0	None	None	None	None	None	-1	-1	-1.000000	-1.000000	-1.000000	-1.000000	Pumped Storage	-1	432
ROSN7	French Broad at Rosman	ROSN7	35.143333	-82.824722	2173.830000	0.0000	0.0000	0.000000	French Broad	-1.0000	210	3439000				-1	-1	-1	0	0	0.0000	-1.0000	-1.0000	-1.0000	-1.0000	-1.0000	-1.0000	-1.0000	-1.0000	-1.0000	-1.0000	-1.0000	-1.0000	-1.0000	-1.0000	-1.0000	-1.0000	NC	0		-1.0000	-1	2173.830070	None	None	-1	0	0	None	None	None	None	Stream	-1	-1	-1.000000	-1.000000	-1.000000	-1.000000		-1	-1
RTRN7	West Fork Pigeon at Retreat	RTRN7	35.426666	-82.919998	2839.000000	0.0000	0.0000	0.000000	West Fork Pigeon	-1.0000	310					-1	-1	-1	0	0	0.0000	-1.0000	-1.0000	-1.0000	-1.0000	-1.0000	-1.0000	-1.0000	-1.0000	-1.0000	-1.0000	-1.0000	-1.0000	-1.0000	-1.0000	-1.0000	-1.0000	NC	0		-1.0000	-1	2839.000091	None	None	-1	0	0	None	None	None	None	None	-1	-1	-1.000000	-1.000000	-1.000000	-1.000000		-1	-1
SALT1	Tennessee R at Saltillo	SALT1	35.375136	-88.199288	0.000000	0.0000	0.0000	0.000000	None	-1.0000	-1					-1	-1	-1	0	0	0.0000	-1.0000	-1.0000	-1.0000	-1.0000	-1.0000	-1.0000	-1.0000	-1.0000	-1.0000	-1.0000	-1.0000	-1.0000	-1.0000	-1.0000	-1.0000	-1.0000	TN	0		-1.0000	-1	0.000000	None	None	-1	0	0	None	None	None	None	None	-1	-1	-1.000000	-1.000000	-1.000000	-1.000000		-1	-1
SALV2	North Fork Holston at Saltville	SALV2	36.896667	-81.746109	1703.530000	0.0000	0.0000	0.000000	North Fork Holston	-1.0000	140	3488000				-1	-1	-1	0	0	0.0000	-1.0000	-1.0000	-1.0000	-1.0000	-1.0000	-1.0000	-1.0000	-1.0000	-1.0000	-1.0000	-1.0000	-1.0000	-1.0000	-1.0000	-1.0000	-1.0000	VA	0		-1.0000	-1	1703.530055	None	None	-1	0	0	None	None	None	None	Stream	-1	-1	-1.000000	-1.000000	-1.000000	-1.000000		-1	-1
SAMN7	Sams Gap	SAMN7	35.954166	-82.561668	0.000000	0.0000	0.0000	0.000000	None	-1.0000	-1		EST			-1	-1	-1	0	0	0.0000	-1.0000	-1.0000	-1.0000	-1.0000	-1.0000	-1.0000	-1.0000	-1.0000	-1.0000	-1.0000	-1.0000	-1.0000	-1.0000	-1.0000	-1.0000	-1.0000	NC	0		-1.0000	-1	0.000000	Precip	None	-1	0	0	None	None	None	None	None	-1	-1	-1.000000	-1.000000	-1.000000	-1.000000		-1	-1
SAVT1	Tennessee at Savannah	SAVT1	35.224445	-88.256668	350.060000	0.0000	0.0000	0.000000	Tennessee	189.9000	1180	3593500	CST			-1	-1	-1	0	0	0.0000	44.0000	-1.0000	-1.0000	-1.0000	-1.0000	-1.0000	-1.0000	-1.0000	-1.0000	-1.0000	-1.0000	-1.0000	-1.0000	-1.0000	-1.0000	-1.0000	TN	0		370.0000	-1	350.060000	None	None	-1	0	0	None	None	None	None	Stream	-1	-1	-1.000000	-1.000000	-1.000000	-1.000000		-1	-1
SBTT1	Sunbright	SBTT1	36.248890	-84.661110	0.000000	0.0000	0.0000	0.000000	None	-1.0000	-1		EST			-1	-1	-1	0	0	0.0000	-1.0000	-1.0000	-1.0000	-1.0000	-1.0000	-1.0000	-1.0000	-1.0000	-1.0000	-1.0000	-1.0000	-1.0000	-1.0000	-1.0000	-1.0000	-1.0000	TN	0		-1.0000	-1	0.000000	None	None	-1	0	0	None	None	None	None	None	-1	-1	-1.000000	-1.000000	-1.000000	-1.000000		-1	-1
SCBA1	Scottsboro	SCBA1	34.649166	-85.985275	0.000000	0.0000	0.0000	0.000000	Tennessee	385.8000	-1		EST			-1	-1	-1	0	0	0.0000	-1.0000	-1.0000	-1.0000	-1.0000	-1.0000	-1.0000	-1.0000	-1.0000	-1.0000	-1.0000	-1.0000	-1.0000	-1.0000	-1.0000	-1.0000	-1.0000	AL	0		-1.0000	-1	0.000000	Precip	None	-1	0	0	None	None	None	None	None	-1	-1	-1.000000	-1.000000	-1.000000	-1.000000		-1	-1
SCHG1	Grizzle Creek	SCHG1	34.719723	-84.065002	0.000000	0.0000	0.0000	0.000000	None	-1.0000	-1		EST			-1	-1	-1	0	0	0.0000	-1.0000	-1.0000	-1.0000	-1.0000	-1.0000	-1.0000	-1.0000	-1.0000	-1.0000	-1.0000	-1.0000	-1.0000	-1.0000	-1.0000	-1.0000	-1.0000	GA	0		-1.0000	-1	0.000000	Precip	None	-1	0	0	None	None	None	None	None	-1	-1	-1.000000	-1.000000	-1.000000	-1.000000		-1	-1
SCRA1	Tennessee nr Scottsboro	SCRA1	34.643612	-85.980278	575.000000	0.0000	0.0000	0.000000	Tennessee	385.8000	930	3572500	CST			-1	-1	-1	0	0	0.0000	-1.0000	-1.0000	-1.0000	-1.0000	-1.0000	-1.0000	-1.0000	-1.0000	-1.0000	-1.0000	-1.0000	-1.0000	-1.0000	-1.0000	-1.0000	-1.0000	AL	0		-1.0000	-1	575.000018	None	None	-1	0	0	None	None	None	None	Stream	-1	-1	-1.000000	-1.000000	-1.000000	-1.000000		-1	-1
Sea_Ray_boats	Sea Ray boats	Sea_Ray_boats	35.617067	-84.249414	0.000000	0.0000	0.0000	0.000000	None	-1.0000	-1					-1	-1	-1	0	0	0.0000	-1.0000	-1.0000	-1.0000	-1.0000	-1.0000	-1.0000	-1.0000	-1.0000	-1.0000	-1.0000	-1.0000	-1.0000	-1.0000	-1.0000	-1.0000	-1.0000		0		-1.0000	-1	0.000000	None	None	-1	0	0	None	None	None	None	None	-1	-1	-1.000000	-1.000000	-1.000000	-1.000000		-1	-1
SEET1	Sewee Creek near Decatur	SEET1	35.581112	-84.748055	694.320000	0.0000	0.0000	0.000000	Sewee Creek	-1.0000	690	3543500	EST			-1	-1	-1	0	0	0.0000	-1.0000	-1.0000	-1.0000	-1.0000	-1.0000	-1.0000	-1.0000	-1.0000	-1.0000	-1.0000	-1.0000	-1.0000	-1.0000	-1.0000	-1.0000	-1.0000	TN	0		-1.0000	-1	694.320022	None	None	-1	0	0	None	None	None	None	Stream	-1	-1	-1.000000	-1.000000	-1.000000	-1.000000		-1	-1
SEPA	Southeast Power Administration	SEPA	35.099998	-85.229446	0.000000	0.0000	0.0000	0.000000	None	-1.0000	-1					-1	-1	-1	0	0	0.0000	-1.0000	-1.0000	-1.0000	-1.0000	-1.0000	-1.0000	-1.0000	-1.0000	-1.0000	-1.0000	-1.0000	-1.0000	-1.0000	-1.0000	-1.0000	-1.0000		0		-1.0000	-1	0.000000	None	None	-1	0	0	SEPA	None	None	None	None	-1	-1	-1.000000	-1.000000	-1.000000	-1.000000		-1	-1
SEVT1	Little Pigeon at Sevierville	SEVT1	35.878334	-83.577774	879.450000	0.0000	0.0000	0.000000	Little Pigeon	4.4000	380	3470000	EST			-1	-1	-1	0	0	0.0000	-1.0000	-1.0000	-1.0000	-1.0000	-1.0000	-1.0000	-1.0000	-1.0000	-1.0000	-1.0000	-1.0000	-1.0000	-1.0000	-1.0000	-1.0000	-1.0000	TN	0		-1.0000	-1	879.450028	Precip	None	-1	0	0	None	None	None	None	Stream	-1	-1	-1.000000	-1.000000	-1.000000	-1.000000		-1	-1
SEWT1	Sewanee	SEWT1	35.196945	-85.917778	0.000000	0.0000	0.0000	0.000000	None	-1.0000	-1		CST			-1	-1	-1	0	0	0.0000	-1.0000	-1.0000	-1.0000	-1.0000	-1.0000	-1.0000	-1.0000	-1.0000	-1.0000	-1.0000	-1.0000	-1.0000	-1.0000	-1.0000	-1.0000	-1.0000	TN	0		-1.0000	-1	0.000000	Precip	None	-1	0	0	None	None	None	None	None	-1	-1	-1.000000	-1.000000	-1.000000	-1.000000		-1	-1
SFYV2	Clinch at Speers Ferry	SFYV2	36.648613	-82.750557	1196.520000	0.0000	0.0000	0.000000	Clinch	-1.0000	30	3527000				-1	-1	-1	0	0	0.0000	-1.0000	-1.0000	-1.0000	-1.0000	-1.0000	-1.0000	-1.0000	-1.0000	-1.0000	-1.0000	-1.0000	-1.0000	-1.0000	-1.0000	-1.0000	-1.0000	VA	0		-1.0000	-1	1196.520038	None	None	-1	0	0	None	None	None	None	Stream	-1	-1	-1.000000	-1.000000	-1.000000	-1.000000		-1	-1
SGWN7	Watauga nr Sugar Grove	SGWN7	36.238335	-81.822777	2607.840000	0.0000	0.0000	0.000000	Watauga	-1.0000	90	3479000	EST			-1	-1	-1	0	0	0.0000	-1.0000	-1.0000	-1.0000	-1.0000	-1.0000	-1.0000	-1.0000	-1.0000	-1.0000	-1.0000	-1.0000	-1.0000	-1.0000	-1.0000	-1.0000	-1.0000	NC	0		-1.0000	-1	2607.840083	None	None	-1	0	0	None	None	None	None	Stream	-1	-1	-1.000000	-1.000000	-1.000000	-1.000000		-1	-1
SHDT1	South Holston Dam	SHDT1	36.520279	-82.095276	0.000000	1517.2000	0.0000	0.000000	South Fork Holston	49.8000	80	3476000	EST		SHH	1	54	54	0	1	10.0000	1.0000	5.0000	-1.0000	-1.0000	1675.0000	1616.0000	-1.0000	1742.0000	-1.0000	1742.0000	1765.0000	-1.0000	-1.0000	-1.0000	-1.0000	8.0000	TN	1	TVA	1742.0000	1951	0.000000	Precip	South Holston=>Watauga=>Boone=>Cherokee	1	1	22	TVA	Hydropower	SoHo	SHH	None	-1	-1	-1.000000	-1.000000	-1.000000	-1.000000		-1	-1
Sheffield_AL	Sheffield, AL	Sheffield_AL	34.774000	-87.694000	0.000000	0.0000	0.0000	0.000000	None	-1.0000	-1					-1	-1	-1	0	0	0.0000	-1.0000	-1.0000	-1.0000	-1.0000	-1.0000	-1.0000	-1.0000	-1.0000	-1.0000	-1.0000	-1.0000	-1.0000	-1.0000	-1.0000	-1.0000	-1.0000		0		-1.0000	-1	0.000000	None	None	-1	0	0	None	None	None	None	None	-1	-1	-1.000000	-1.000000	-1.000000	-1.000000		-1	-1
SHET1	Duck at Shelbyville	SHET1	35.482498	-86.462219	680.000000	0.0000	0.0000	0.000000	Duck	221.4000	-1	3597860	CST			-1	-1	-1	0	0	0.0000	-1.0000	-1.0000	-1.0000	-1.0000	-1.0000	-1.0000	-1.0000	-1.0000	-1.0000	-1.0000	-1.0000	-1.0000	-1.0000	-1.0000	-1.0000	-1.0000	TN	0		-1.0000	-1	680.000022	Precip	None	-1	0	0	None	None	None	None	Stream	-1	-1	-1.000000	-1.000000	-1.000000	-1.000000		-1	-1
SHF	Shawnee Fossil Plant	SHF	37.141066	-88.765346	0.000000	0.0000	0.0000	0.000000	None	-1.0000	-1					-1	-1	-1	0	0	0.0000	-1.0000	-1.0000	-1.0000	-1.0000	-1.0000	-1.0000	-1.0000	-1.0000	-1.0000	-1.0000	-1.0000	-1.0000	-1.0000	-1.0000	-1.0000	-1.0000		0		-1.0000	-1	0.000000	None	None	-1	0	0	None	None	None	None	Stream	-1	-1	-1.000000	-1.000000	-1.000000	-1.000000		-1	-1
SHF-01	Shawnee-Unit1	SHF	37.152706	-88.775475	0.000000	0.0000	0.0000	0.000000	None	-1.0000	-1					-1	-1	-1	0	0	0.0000	-1.0000	-1.0000	-1.0000	-1.0000	-1.0000	-1.0000	-1.0000	-1.0000	-1.0000	-1.0000	-1.0000	-1.0000	-1.0000	-1.0000	-1.0000	-1.0000		0		-1.0000	-1	0.000000	None	None	-1	0	0	None	None	None	None	None	-1	-1	-1.000000	-1.000000	-1.000000	-1.000000	Fossil	-1	134
SHF-02	Shawnee-Unit2	SHF	37.152706	-88.775475	0.000000	0.0000	0.0000	0.000000	None	-1.0000	-1					-1	-1	-1	0	0	0.0000	-1.0000	-1.0000	-1.0000	-1.0000	-1.0000	-1.0000	-1.0000	-1.0000	-1.0000	-1.0000	-1.0000	-1.0000	-1.0000	-1.0000	-1.0000	-1.0000		0		-1.0000	-1	0.000000	None	None	-1	0	0	None	None	None	None	None	-1	-1	-1.000000	-1.000000	-1.000000	-1.000000	Fossil	-1	134
SHF-03	Shawnee-Unit3	SHF	37.152706	-88.775475	0.000000	0.0000	0.0000	0.000000	None	-1.0000	-1					-1	-1	-1	0	0	0.0000	-1.0000	-1.0000	-1.0000	-1.0000	-1.0000	-1.0000	-1.0000	-1.0000	-1.0000	-1.0000	-1.0000	-1.0000	-1.0000	-1.0000	-1.0000	-1.0000		0		-1.0000	-1	0.000000	None	None	-1	0	0	None	None	None	None	None	-1	-1	-1.000000	-1.000000	-1.000000	-1.000000	Fossil	-1	134
SHF-04	Shawnee-Unit4	SHF	37.152706	-88.775475	0.000000	0.0000	0.0000	0.000000	None	-1.0000	-1					-1	-1	-1	0	0	0.0000	-1.0000	-1.0000	-1.0000	-1.0000	-1.0000	-1.0000	-1.0000	-1.0000	-1.0000	-1.0000	-1.0000	-1.0000	-1.0000	-1.0000	-1.0000	-1.0000		0		-1.0000	-1	0.000000	None	None	-1	0	0	None	None	None	None	None	-1	-1	-1.000000	-1.000000	-1.000000	-1.000000	Fossil	-1	134
SHF-05	Shawnee-Unit5	SHF	37.152706	-88.775475	0.000000	0.0000	0.0000	0.000000	None	-1.0000	-1					-1	-1	-1	0	0	0.0000	-1.0000	-1.0000	-1.0000	-1.0000	-1.0000	-1.0000	-1.0000	-1.0000	-1.0000	-1.0000	-1.0000	-1.0000	-1.0000	-1.0000	-1.0000	-1.0000		0		-1.0000	-1	0.000000	None	None	-1	0	0	None	None	None	None	None	-1	-1	-1.000000	-1.000000	-1.000000	-1.000000	Fossil	-1	134
SHF-06	Shawnee-Unit6	SHF	37.152706	-88.775475	0.000000	0.0000	0.0000	0.000000	None	-1.0000	-1					-1	-1	-1	0	0	0.0000	-1.0000	-1.0000	-1.0000	-1.0000	-1.0000	-1.0000	-1.0000	-1.0000	-1.0000	-1.0000	-1.0000	-1.0000	-1.0000	-1.0000	-1.0000	-1.0000		0		-1.0000	-1	0.000000	None	None	-1	0	0	None	None	None	None	None	-1	-1	-1.000000	-1.000000	-1.000000	-1.000000	Fossil	-1	134
SHF-07	Shawnee-Unit7	SHF	37.152706	-88.775475	0.000000	0.0000	0.0000	0.000000	None	-1.0000	-1					-1	-1	-1	0	0	0.0000	-1.0000	-1.0000	-1.0000	-1.0000	-1.0000	-1.0000	-1.0000	-1.0000	-1.0000	-1.0000	-1.0000	-1.0000	-1.0000	-1.0000	-1.0000	-1.0000		0		-1.0000	-1	0.000000	None	None	-1	0	0	None	None	None	None	None	-1	-1	-1.000000	-1.000000	-1.000000	-1.000000	Fossil	-1	134
SHF-08	Shawnee-Unit8	SHF	37.152706	-88.775475	0.000000	0.0000	0.0000	0.000000	None	-1.0000	-1					-1	-1	-1	0	0	0.0000	-1.0000	-1.0000	-1.0000	-1.0000	-1.0000	-1.0000	-1.0000	-1.0000	-1.0000	-1.0000	-1.0000	-1.0000	-1.0000	-1.0000	-1.0000	-1.0000		0		-1.0000	-1	0.000000	None	None	-1	0	0	None	None	None	None	None	-1	-1	-1.000000	-1.000000	-1.000000	-1.000000	Fossil	-1	134
SHF-09	Shawnee-Unit9	SHF	37.152706	-88.775475	0.000000	0.0000	0.0000	0.000000	None	-1.0000	-1					-1	-1	-1	0	0	0.0000	-1.0000	-1.0000	-1.0000	-1.0000	-1.0000	-1.0000	-1.0000	-1.0000	-1.0000	-1.0000	-1.0000	-1.0000	-1.0000	-1.0000	-1.0000	-1.0000		0		-1.0000	-1	0.000000	None	None	-1	0	0	None	None	None	None	None	-1	-1	-1.000000	-1.000000	-1.000000	-1.000000	Fossil	-1	134
SHF-10	Shawnee-Unit10	SHF	37.152706	-88.775475	0.000000	0.0000	0.0000	0.000000	None	-1.0000	-1					-1	-1	-1	0	0	0.0000	-1.0000	-1.0000	-1.0000	-1.0000	-1.0000	-1.0000	-1.0000	-1.0000	-1.0000	-1.0000	-1.0000	-1.0000	-1.0000	-1.0000	-1.0000	-1.0000		0		-1.0000	-1	0.000000	None	None	-1	0	0	None	None	None	None	None	-1	-1	-1.000000	-1.000000	-1.000000	-1.000000	Fossil	-1	134
SHH-01	South Holston-unit1	SHDT1	36.520279	-82.095276	0.000000	0.0000	0.0000	0.000000	None	-1.0000	-1					-1	-1	-1	0	0	0.0000	-1.0000	-1.0000	-1.0000	-1.0000	-1.0000	-1.0000	-1.0000	-1.0000	-1.0000	-1.0000	-1.0000	-1.0000	-1.0000	-1.0000	-1.0000	-1.0000		0		-1.0000	-1	0.000000	None	None	-1	0	0	None	None	None	None	None	-1	-1	-1.000000	-1.000000	-1.000000	-1.000000	Hydro	6000	44
SHH-OG-01	South Holston Dam	SHDT1	36.520279	-82.095276	0.000000	0.0000	0.0000	0.000000	None	-1.0000	-1					-1	-1	-1	0	0	0.0000	-1.0000	-1.0000	-1.0000	-1.0000	-1.0000	-1.0000	-1.0000	-1.0000	-1.0000	-1.0000	-1.0000	-1.0000	-1.0000	-1.0000	-1.0000	-1.0000		0		-1.0000	-1	0.000000	None	None	-1	0	0	None	None	None	None	None	-1	-1	-1.000000	-1.000000	-1.000000	-1.000000		-1	-1	OTHER	DISC
SHH-SL-01	South Holston Dam	SHDT1	36.520279	-82.095276	0.000000	0.0000	0.0000	0.000000	None	-1.0000	-1					-1	-1	-1	0	0	0.0000	-1.0000	-1.0000	-1.0000	-1.0000	-1.0000	-1.0000	-1.0000	-1.0000	-1.0000	-1.0000	-1.0000	-1.0000	-1.0000	-1.0000	-1.0000	-1.0000		0		-1.0000	-1	0.000000	None	None	-1	0	0	None	None	None	None	None	-1	-1	-1.000000	-1.000000	-1.000000	-1.000000		-1	-1	SLUICE	CONT
SHH-SL-02	South Holston Dam	SHDT1	36.520279	-82.095276	0.000000	0.0000	0.0000	0.000000	None	-1.0000	-1					-1	-1	-1	0	0	0.0000	-1.0000	-1.0000	-1.0000	-1.0000	-1.0000	-1.0000	-1.0000	-1.0000	-1.0000	-1.0000	-1.0000	-1.0000	-1.0000	-1.0000	-1.0000	-1.0000		0		-1.0000	-1	0.000000	None	None	-1	0	0	None	None	None	None	None	-1	-1	-1.000000	-1.000000	-1.000000	-1.000000		-1	-1	SLUICE	CONT
SHH-SP-01	South Holston Dam	SHDT1	36.520279	-82.095276	0.000000	0.0000	0.0000	0.000000	None	-1.0000	-1					-1	-1	-1	0	0	0.0000	-1.0000	-1.0000	-1.0000	-1.0000	-1.0000	-1.0000	-1.0000	-1.0000	-1.0000	-1.0000	-1.0000	-1.0000	-1.0000	-1.0000	-1.0000	-1.0000		0		-1.0000	-1	0.000000	None	None	-1	0	0	None	None	None	None	None	-1	-1	-1.000000	-1.000000	-1.000000	-1.000000		-1	-1	SPILL	DISC
SHKT1	South Fork Holston River at Kingsport (TEC)	SHKT1	36.517776	-82.541115	1180.000000	0.0000	0.0000	0.000000	South Fork Holston	4.6000	-1	3487501	EST			-1	-1	-1	0	0	0.0000	-1.0000	-1.0000	-1.0000	-1.0000	-1.0000	-1.0000	-1.0000	-1.0000	-1.0000	-1.0000	-1.0000	-1.0000	-1.0000	-1.0000	-1.0000	-1.0000	TN	0		-1.0000	-1	1180.000038	None	None	-1	0	0	None	None	None	None	Stream	-1	-1	-1.000000	-1.000000	-1.000000	-1.000000		-1	-1
SHVT1	Duck nr Shelbyville	SHVT1	35.480000	-86.499168	683.510000	0.0000	0.0000	0.000000	Duck	216.2000	1240	3598000	CST			-1	-1	-1	0	0	0.0000	-1.0000	-1.0000	-1.0000	-1.0000	-1.0000	-1.0000	-1.0000	-1.0000	-1.0000	-1.0000	-1.0000	-1.0000	-1.0000	-1.0000	-1.0000	-1.0000	TN	0		-1.0000	-1	683.510022	None	None	-1	0	0	None	None	None	None	Stream	-1	-1	-1.000000	-1.000000	-1.000000	-1.000000		-1	-1
SLMT1	Salem	SLMT1	35.085835	-86.252777	0.000000	0.0000	0.0000	0.000000	None	-1.0000	-1		CST			-1	-1	-1	0	0	0.0000	-1.0000	-1.0000	-1.0000	-1.0000	-1.0000	-1.0000	-1.0000	-1.0000	-1.0000	-1.0000	-1.0000	-1.0000	-1.0000	-1.0000	-1.0000	-1.0000	TN	0		-1.0000	-1	0.000000	Precip	None	-1	0	0	None	None	None	None	None	-1	-1	-1.000000	-1.000000	-1.000000	-1.000000		-1	-1
SMFV2	Middle Fork Holston at 7 Mile Ford	SMFV2	36.807220	-81.622223	1960.000000	0.0000	0.0000	0.000000	Middle Fork Holston	32.1000	50	3474000	EST			-1	-1	-1	0	0	0.0000	-1.0000	-1.0000	-1.0000	-1.0000	-1.0000	-1.0000	-1.0000	-1.0000	-1.0000	-1.0000	-1.0000	-1.0000	-1.0000	-1.0000	-1.0000	-1.0000	VA	0		-1.0000	-1	1960.000063	None	None	-1	0	0	None	None	None	None	Stream	-1	-1	-1.000000	-1.000000	-1.000000	-1.000000		-1	-1
SMLI2	Ohio River at Smithland Lock And Dam	SMLI2	37.158333	-88.426111	0.000000	311.0300	289.2800	0.000000	Ohio	-1.0000	-1	3399800	CST			-1	-1	-1	0	0	0.0000	-1.0000	-1.0000	-1.0000	-1.0000	-1.0000	-1.0000	-1.0000	-1.0000	-1.0000	-1.0000	-1.0000	-1.0000	-1.0000	-1.0000	-1.0000	-1.0000		0		-1.0000	-1	0.000000	None	None	-1	0	0	None	None	None	None	None	-1	-1	-1.000000	-1.000000	-1.000000	-1.000000		-1	-1
SMLK2	Cumberland at Smithland	SMLK2	37.147778	-88.400002	299.560000	0.0000	0.0000	0.000000	Cumberland	2.8000	-1	3438500	CST			-1	-1	-1	0	0	0.0000	-1.0000	-1.0000	-1.0000	-1.0000	-1.0000	-1.0000	-1.0000	-1.0000	-1.0000	-1.0000	-1.0000	-1.0000	-1.0000	-1.0000	-1.0000	-1.0000	KY	0		-1.0000	-1	299.560010	None	None	-1	0	0	None	None	None	None	Stream	-1	-1	-1.000000	-1.000000	-1.000000	-1.000000		-1	-1
SNNT1	Savannah	SNNT1	35.179720	-88.209720	0.000000	0.0000	0.0000	123.900000	None	-1.0000	-1		CST			-1	-1	-1	0	0	0.0000	-1.0000	-1.0000	-1.0000	-1.0000	-1.0000	-1.0000	-1.0000	-1.0000	-1.0000	-1.0000	-1.0000	-1.0000	-1.0000	-1.0000	-1.0000	-1.0000	TN	0		-1.0000	-1	0.000000	Precip	None	-1	0	0	None	None	None	None	None	-1	-1	-1.000000	-1.000000	-1.000000	-1.000000		-1	-1
SNTN7	Santeetlah Dam	SNTN7	35.378056	-83.876663	0.000000	0.0000	0.0000	0.000000	Cheoah	9.3000	560	3516500	EST		STH	2	45	23	0	0	0.0000	13.0000	7.0000	-1.0000	-1.0000	-1.0000	1740.0000	-1.0000	-1.0000	-1.0000	1820.0000	-1.0000	-1.0000	-1.0000	-1.0000	-1.0000	2.0000	NC	0	BROOKFIELD	-1.0000	-1	0.000000	None	None	-1	40	0	Brookfield	None	STH	STH	None	-1	-1	-1.000000	-1.000000	-1.000000	-1.000000		-1	-1
SNTN7_QG	Santeetlah Dam - Generator Flow	SNTN7_QG	35.378056	-83.876663	0.000000	0.0000	0.0000	0.000000	Cheoah	-1.0000	-1					-1	-1	-1	0	0	0.0000	-1.0000	-1.0000	-1.0000	-1.0000	-1.0000	-1.0000	-1.0000	-1.0000	-1.0000	-1.0000	-1.0000	-1.0000	-1.0000	-1.0000	-1.0000	-1.0000		0		-1.0000	-1	0.000000	None	None	-1	0	0	None	None	None	None	None	-1	-1	-1.000000	-1.000000	-1.000000	-1.000000		-1	-1
SNTN7_QS	Santeetlah Dam - Spill Flow	SNTN7_QS	35.378056	-83.876663	0.000000	0.0000	0.0000	0.000000	Cheoah	-1.0000	-1					-1	-1	-1	0	0	0.0000	-1.0000	-1.0000	-1.0000	-1.0000	-1.0000	-1.0000	-1.0000	-1.0000	-1.0000	-1.0000	-1.0000	-1.0000	-1.0000	-1.0000	-1.0000	-1.0000		0		-1.0000	-1	0.000000	None	None	-1	0	0	None	None	None	None	None	-1	-1	-1.000000	-1.000000	-1.000000	-1.000000		-1	-1
SOLT1	Beaver Creek at Solway, TN	SOLT1	35.964936	-84.178744	844.750000	0.0000	0.0000	0.000000	None	-1.0000	-1					-1	-1	-1	0	0	0.0000	-1.0000	-1.0000	-1.0000	-1.0000	-1.0000	-1.0000	-1.0000	-1.0000	-1.0000	-1.0000	-1.0000	-1.0000	-1.0000	-1.0000	-1.0000	-1.0000	TN	0		-1.0000	-1	844.740000	Precip	None	-1	0	0	None	None	None	None	Stream	-1	-1	-1.000000	-1.000000	-1.000000	-1.000000		-1	-1
Spring_City_WB_WSD	Spring City/WB WSD	Spring_City_WB_WSD	35.649227	-84.777492	0.000000	0.0000	0.0000	0.000000	None	-1.0000	-1					-1	-1	-1	0	0	0.0000	-1.0000	-1.0000	-1.0000	-1.0000	-1.0000	-1.0000	-1.0000	-1.0000	-1.0000	-1.0000	-1.0000	-1.0000	-1.0000	-1.0000	-1.0000	-1.0000		0		-1.0000	-1	0.000000	None	None	-1	0	0	None	None	None	None	None	-1	-1	-1.000000	-1.000000	-1.000000	-1.000000		-1	-1
SPST1	Springfield	SPST1	36.471111	-86.841667	0.000000	0.0000	0.0000	0.000000	None	-1.0000	-1		CST			-1	-1	-1	0	0	0.0000	-1.0000	-1.0000	-1.0000	-1.0000	-1.0000	-1.0000	-1.0000	-1.0000	-1.0000	-1.0000	-1.0000	-1.0000	-1.0000	-1.0000	-1.0000	-1.0000	TN	0		-1.0000	-1	0.000000	Precip	None	-1	0	0	None	None	None	None	None	-1	-1	-1.000000	-1.000000	-1.000000	-1.000000		-1	-1
SPTT1	Tennessee at South Pittsburg	SPTT1	35.011112	-85.697220	581.010000	0.0000	0.0000	0.000000	Tennessee	418.1000	920	3571850	CST			-1	-1	-1	0	0	0.0000	-1.0000	-1.0000	-1.0000	-1.0000	-1.0000	-1.0000	-1.0000	-1.0000	-1.0000	-1.0000	-1.0000	-1.0000	-1.0000	-1.0000	-1.0000	-1.0000	TN	0		608.5000	-1	581.010019	None	None	-1	0	0	None	None	None	None	Stream	-1	-1	-1.000000	-1.000000	-1.000000	-1.000000		-1	-1
SPWT1	Speedwell	SPWT1	36.457222	-83.883614	0.000000	0.0000	0.0000	0.000000	None	-1.0000	-1		EST			-1	-1	-1	0	0	0.0000	-1.0000	-1.0000	-1.0000	-1.0000	-1.0000	-1.0000	-1.0000	-1.0000	-1.0000	-1.0000	-1.0000	-1.0000	-1.0000	-1.0000	-1.0000	-1.0000	TN	0		-1.0000	-1	0.000000	Precip	None	-1	0	0	None	None	None	None	None	-1	-1	-1.000000	-1.000000	-1.000000	-1.000000		-1	-1
SQN 01	SQN-(01)	SQNT1	35.219638	-85.101257	0.000000	0.0000	0.0000	0.000000	None	-1.0000	-1				SQN	-1	-1	-1	0	0	0.0000	-1.0000	-1.0000	-1.0000	-1.0000	-1.0000	-1.0000	-1.0000	-1.0000	-1.0000	-1.0000	-1.0000	-1.0000	-1.0000	-1.0000	-1.0000	-1.0000		0	TVA	-1.0000	-1	0.000000	None	None	-1	0	0	None	None	None	None	None	57	1	-1.000000	-1.000000	-1.000000	-1.000000		-1	-1
SQN 02	SQN-(02)	SQNT1	0.000000	0.000000	0.000000	0.0000	0.0000	0.000000	None	-1.0000	-1				SQN	-1	-1	-1	0	0	0.0000	-1.0000	-1.0000	-1.0000	-1.0000	-1.0000	-1.0000	-1.0000	-1.0000	-1.0000	-1.0000	-1.0000	-1.0000	-1.0000	-1.0000	-1.0000	-1.0000		0	TVA	-1.0000	-1	0.000000	None	None	-1	0	0	None	None	None	None	None	57	2	-1.000000	-1.000000	-1.000000	-1.000000		-1	-1
SQN 03	SQN-(03)	SQNT1	0.000000	0.000000	0.000000	0.0000	0.0000	0.000000	None	-1.0000	-1				SQN	-1	-1	-1	0	0	0.0000	-1.0000	-1.0000	-1.0000	-1.0000	-1.0000	-1.0000	-1.0000	-1.0000	-1.0000	-1.0000	-1.0000	-1.0000	-1.0000	-1.0000	-1.0000	-1.0000		0	TVA	-1.0000	-1	0.000000	None	None	-1	0	0	None	None	None	None	None	57	3	-1.000000	-1.000000	-1.000000	-1.000000		-1	-1
SQN 04	SQN-(04)	SQNT1	0.000000	0.000000	0.000000	0.0000	0.0000	0.000000	None	-1.0000	-1				SQN	-1	-1	-1	0	0	0.0000	-1.0000	-1.0000	-1.0000	-1.0000	-1.0000	-1.0000	-1.0000	-1.0000	-1.0000	-1.0000	-1.0000	-1.0000	-1.0000	-1.0000	-1.0000	-1.0000		0	TVA	-1.0000	-1	0.000000	None	None	-1	0	0	None	None	None	None	None	57	4	-1.000000	-1.000000	-1.000000	-1.000000		-1	-1
SQN 05	SQN-(05)	SQNT1	0.000000	0.000000	0.000000	0.0000	0.0000	0.000000	None	-1.0000	-1				SQN	-1	-1	-1	0	0	0.0000	-1.0000	-1.0000	-1.0000	-1.0000	-1.0000	-1.0000	-1.0000	-1.0000	-1.0000	-1.0000	-1.0000	-1.0000	-1.0000	-1.0000	-1.0000	-1.0000		0	TVA	-1.0000	-1	0.000000	None	None	-1	0	0	None	None	None	None	None	57	5	-1.000000	-1.000000	-1.000000	-1.000000		-1	-1
SQN 06	SQN-(06)	SQNT1	0.000000	0.000000	0.000000	0.0000	0.0000	0.000000	None	-1.0000	-1				SQN	-1	-1	-1	0	0	0.0000	-1.0000	-1.0000	-1.0000	-1.0000	-1.0000	-1.0000	-1.0000	-1.0000	-1.0000	-1.0000	-1.0000	-1.0000	-1.0000	-1.0000	-1.0000	-1.0000		0	TVA	-1.0000	-1	0.000000	None	None	-1	0	0	None	None	None	None	None	57	6	-1.000000	-1.000000	-1.000000	-1.000000		-1	-1
SQN 07	SQN-(07)	SQNT1	34.688056	-87.093889	0.000000	0.0000	0.0000	0.000000	None	-1.0000	-1				SQN	-1	-1	-1	0	0	0.0000	-1.0000	-1.0000	-1.0000	-1.0000	-1.0000	-1.0000	-1.0000	-1.0000	-1.0000	-1.0000	-1.0000	-1.0000	-1.0000	-1.0000	-1.0000	-1.0000		0	TVA	-1.0000	-1	0.000000	None	None	-1	0	0	None	None	None	None	None	57	7	-1.000000	-1.000000	-1.000000	-1.000000		-1	-1
SQN 08 (DS)	SQN-(08)	SQNT1	35.211270	-85.091206	0.000000	0.0000	0.0000	0.000000	None	-1.0000	-1				SQN	-1	-1	-1	0	0	0.0000	-1.0000	-1.0000	-1.0000	-1.0000	-1.0000	-1.0000	-1.0000	-1.0000	-1.0000	-1.0000	-1.0000	-1.0000	-1.0000	-1.0000	-1.0000	-1.0000		0	TVA	-1.0000	-1	0.000000	None	None	-1	0	0	None	None	None	None	None	57	8	-1.000000	-1.000000	-1.000000	-1.000000		-1	-1
SQN 09	SQN-(09)	SQNT1	0.000000	0.000000	0.000000	0.0000	0.0000	0.000000	None	-1.0000	-1				SQN	-1	-1	-1	0	0	0.0000	-1.0000	-1.0000	-1.0000	-1.0000	-1.0000	-1.0000	-1.0000	-1.0000	-1.0000	-1.0000	-1.0000	-1.0000	-1.0000	-1.0000	-1.0000	-1.0000		0	TVA	-1.0000	-1	0.000000	None	None	-1	0	0	None	None	None	None	None	57	9	-1.000000	-1.000000	-1.000000	-1.000000		-1	-1
SQN 1/2' D	0.5' D	SQN 13 (Skimmer Wall)	35.229687	-85.084328	0.000000	0.0000	0.0000	0.000000	None	-1.0000	-1				SQN	-1	-1	-1	0	0	0.0000	-1.0000	-1.0000	-1.0000	-1.0000	-1.0000	-1.0000	-1.0000	-1.0000	-1.0000	-1.0000	-1.0000	-1.0000	-1.0000	-1.0000	-1.0000	-1.0000		0	TVA	-1.0000	-1	0.000000	None	None	-1	0	0	None	None	None	None	None	-1	-1	-1.000000	-1.000000	-1.000000	-1.000000		-1	-1
SQN 10	SQN-(10)	SQNT1	35.384358	-85.031717	0.000000	0.0000	0.0000	0.000000	None	-1.0000	-1				SQN	-1	-1	-1	0	0	0.0000	-1.0000	-1.0000	-1.0000	-1.0000	-1.0000	-1.0000	-1.0000	-1.0000	-1.0000	-1.0000	-1.0000	-1.0000	-1.0000	-1.0000	-1.0000	-1.0000		0	TVA	-1.0000	-1	0.000000	None	None	-1	0	0	None	None	None	None	None	57	10	-1.000000	-1.000000	-1.000000	-1.000000		-1	-1
SQN 11	SQN-(11)	SQNT1	0.000000	0.000000	0.000000	0.0000	0.0000	0.000000	None	-1.0000	-1				SQN	-1	-1	-1	0	0	0.0000	-1.0000	-1.0000	-1.0000	-1.0000	-1.0000	-1.0000	-1.0000	-1.0000	-1.0000	-1.0000	-1.0000	-1.0000	-1.0000	-1.0000	-1.0000	-1.0000		0	TVA	-1.0000	-1	0.000000	None	None	-1	0	0	None	None	None	None	None	57	11	-1.000000	-1.000000	-1.000000	-1.000000		-1	-1
SQN 12 (Diffuser Pond)	SQN-(12)	SQNT1	35.216597	-85.089834	0.000000	0.0000	0.0000	0.000000	None	-1.0000	-1				SQN	-1	-1	-1	0	0	0.0000	-1.0000	-1.0000	-1.0000	-1.0000	-1.0000	-1.0000	-1.0000	-1.0000	-1.0000	-1.0000	-1.0000	-1.0000	-1.0000	-1.0000	-1.0000	-1.0000		0	TVA	-1.0000	-1	0.000000	None	None	-1	0	0	None	None	None	None	None	57	12	-1.000000	-1.000000	-1.000000	-1.000000		-1	-1
SQN 13 (Skimmer Wall)	SQN-(13)	SQNT1	35.229687	-85.084328	0.000000	0.0000	0.0000	0.000000	None	-1.0000	-1				SQN	-1	-1	-1	0	0	0.0000	-1.0000	-1.0000	-1.0000	-1.0000	-1.0000	-1.0000	-1.0000	-1.0000	-1.0000	-1.0000	-1.0000	-1.0000	-1.0000	-1.0000	-1.0000	-1.0000		0	TVA	-1.0000	-1	0.000000	None	None	-1	0	0	None	None	None	None	None	57	13	-1.000000	-1.000000	-1.000000	-1.000000		-1	-1
SQN 14 (US)	SQN-(14)	SQNT1	35.300158	-85.076671	0.000000	0.0000	0.0000	0.000000	None	-1.0000	-1				SQN	-1	-1	-1	0	0	0.0000	-1.0000	-1.0000	-1.0000	-1.0000	-1.0000	-1.0000	-1.0000	-1.0000	-1.0000	-1.0000	-1.0000	-1.0000	-1.0000	-1.0000	-1.0000	-1.0000		0	TVA	-1.0000	-1	0.000000	None	None	-1	0	0	None	None	None	None	None	57	14	-1.000000	-1.000000	-1.000000	-1.000000		-1	-1
SQN 15 (Met Station)	SQN-(15)	SQNT1	35.219638	-85.101257	0.000000	0.0000	0.0000	0.000000	None	-1.0000	-1				SQN	-1	-1	-1	0	0	0.0000	-1.0000	-1.0000	-1.0000	-1.0000	-1.0000	-1.0000	-1.0000	-1.0000	-1.0000	-1.0000	-1.0000	-1.0000	-1.0000	-1.0000	-1.0000	-1.0000		0	TVA	-1.0000	-1	0.000000	None	None	-1	0	0	None	None	None	None	None	57	15	-1.000000	-1.000000	-1.000000	-1.000000		-1	-1
SQN 3' D	03' D	SQN 13 (Skimmer Wall)	35.229687	-85.084328	0.000000	0.0000	0.0000	0.000000	None	-1.0000	-1				SQN	-1	-1	-1	0	0	0.0000	-1.0000	-1.0000	-1.0000	-1.0000	-1.0000	-1.0000	-1.0000	-1.0000	-1.0000	-1.0000	-1.0000	-1.0000	-1.0000	-1.0000	-1.0000	-1.0000		0	TVA	-1.0000	-1	0.000000	None	None	-1	0	0	None	None	None	None	None	-1	-1	-1.000000	-1.000000	-1.000000	-1.000000		-1	-1
SQN 49 (Summary)	SQN-(49)	SQNT1	35.219638	-85.101257	0.000000	0.0000	0.0000	0.000000	None	-1.0000	-1				SQN	-1	-1	-1	0	0	0.0000	-1.0000	-1.0000	-1.0000	-1.0000	-1.0000	-1.0000	-1.0000	-1.0000	-1.0000	-1.0000	-1.0000	-1.0000	-1.0000	-1.0000	-1.0000	-1.0000		0	TVA	-1.0000	-1	0.000000	None	None	-1	0	0	None	None	None	None	None	57	49	-1.000000	-1.000000	-1.000000	-1.000000		-1	-1
SQN 5' D	05' D	SQN 13 (Skimmer Wall)	35.229687	-85.084328	0.000000	0.0000	0.0000	0.000000	None	-1.0000	-1				SQN	-1	-1	-1	0	0	0.0000	-1.0000	-1.0000	-1.0000	-1.0000	-1.0000	-1.0000	-1.0000	-1.0000	-1.0000	-1.0000	-1.0000	-1.0000	-1.0000	-1.0000	-1.0000	-1.0000		0	TVA	-1.0000	-1	0.000000	None	None	-1	0	0	None	None	None	None	None	-1	-1	-1.000000	-1.000000	-1.000000	-1.000000		-1	-1
SQN 50 (Summary)	SQN-(50)	SQNT1	35.219638	-85.101257	0.000000	0.0000	0.0000	0.000000	None	-1.0000	-1				SQN	-1	-1	-1	0	0	0.0000	-1.0000	-1.0000	-1.0000	-1.0000	-1.0000	-1.0000	-1.0000	-1.0000	-1.0000	-1.0000	-1.0000	-1.0000	-1.0000	-1.0000	-1.0000	-1.0000		0	TVA	-1.0000	-1	0.000000	None	None	-1	0	0	None	None	None	None	None	57	50	-1.000000	-1.000000	-1.000000	-1.000000		-1	-1
SQN 51 (Forecast)	SQN-(51)	SQNT1	35.219638	-85.101257	0.000000	0.0000	0.0000	0.000000	None	-1.0000	-1				SQN	-1	-1	-1	0	0	0.0000	-1.0000	-1.0000	-1.0000	-1.0000	-1.0000	-1.0000	-1.0000	-1.0000	-1.0000	-1.0000	-1.0000	-1.0000	-1.0000	-1.0000	-1.0000	-1.0000		0	TVA	-1.0000	-1	0.000000	None	None	-1	0	0	None	None	None	None	None	-1	-1	93.000000	86.900000	-1.000000	4.500000		-1	-1
SQN 637' EL	~45' D 637' EL	SQN 13 (Skimmer Wall)	35.229687	-85.084328	0.000000	0.0000	0.0000	0.000000	None	-1.0000	-1				SQN	-1	-1	-1	0	0	0.0000	-1.0000	-1.0000	-1.0000	-1.0000	-1.0000	-1.0000	-1.0000	-1.0000	-1.0000	-1.0000	-1.0000	-1.0000	-1.0000	-1.0000	-1.0000	-1.0000		0	TVA	-1.0000	-1	0.000000	None	None	-1	0	0	None	None	None	None	None	-1	-1	-1.000000	-1.000000	-1.000000	-1.000000		-1	-1
SQN 646' EL	~36' D 646' EL	SQN 13 (Skimmer Wall)	35.229687	-85.084328	0.000000	0.0000	0.0000	0.000000	None	-1.0000	-1				SQN	-1	-1	-1	0	0	0.0000	-1.0000	-1.0000	-1.0000	-1.0000	-1.0000	-1.0000	-1.0000	-1.0000	-1.0000	-1.0000	-1.0000	-1.0000	-1.0000	-1.0000	-1.0000	-1.0000		0	TVA	-1.0000	-1	0.000000	None	None	-1	0	0	None	None	None	None	None	-1	-1	-1.000000	-1.000000	-1.000000	-1.000000		-1	-1
SQN 656' EL	~26' D 656' EL	SQN 13 (Skimmer Wall)	35.229687	-85.084328	0.000000	0.0000	0.0000	0.000000	None	-1.0000	-1				SQN	-1	-1	-1	0	0	0.0000	-1.0000	-1.0000	-1.0000	-1.0000	-1.0000	-1.0000	-1.0000	-1.0000	-1.0000	-1.0000	-1.0000	-1.0000	-1.0000	-1.0000	-1.0000	-1.0000		0	TVA	-1.0000	-1	0.000000	None	None	-1	0	0	None	None	None	None	None	-1	-1	-1.000000	-1.000000	-1.000000	-1.000000		-1	-1
SQN 667' EL	~15' D 667' EL	SQN 13 (Skimmer Wall)	35.229687	-85.084328	0.000000	0.0000	0.0000	0.000000	None	-1.0000	-1				SQN	-1	-1	-1	0	0	0.0000	-1.0000	-1.0000	-1.0000	-1.0000	-1.0000	-1.0000	-1.0000	-1.0000	-1.0000	-1.0000	-1.0000	-1.0000	-1.0000	-1.0000	-1.0000	-1.0000		0	TVA	-1.0000	-1	0.000000	None	None	-1	0	0	None	None	None	None	None	-1	-1	-1.000000	-1.000000	-1.000000	-1.000000		-1	-1
SQN 671' EL	~11' D 671' EL	SQN 13 (Skimmer Wall)	35.229687	-85.084328	0.000000	0.0000	0.0000	0.000000	None	-1.0000	-1				SQN	-1	-1	-1	0	0	0.0000	-1.0000	-1.0000	-1.0000	-1.0000	-1.0000	-1.0000	-1.0000	-1.0000	-1.0000	-1.0000	-1.0000	-1.0000	-1.0000	-1.0000	-1.0000	-1.0000		0	TVA	-1.0000	-1	0.000000	None	None	-1	0	0	None	None	None	None	None	-1	-1	-1.000000	-1.000000	-1.000000	-1.000000		-1	-1
SQN 673' EL	~09' D 673' EL	SQN 13 (Skimmer Wall)	35.229687	-85.084328	0.000000	0.0000	0.0000	0.000000	None	-1.0000	-1				SQN	-1	-1	-1	0	0	0.0000	-1.0000	-1.0000	-1.0000	-1.0000	-1.0000	-1.0000	-1.0000	-1.0000	-1.0000	-1.0000	-1.0000	-1.0000	-1.0000	-1.0000	-1.0000	-1.0000		0	TVA	-1.0000	-1	0.000000	None	None	-1	0	0	None	None	None	None	None	-1	-1	-1.000000	-1.000000	-1.000000	-1.000000		-1	-1
SQN 7' D	07' D	SQN 13 (Skimmer Wall)	35.229687	-85.084328	0.000000	0.0000	0.0000	0.000000	None	-1.0000	-1				SQN	-1	-1	-1	0	0	0.0000	-1.0000	-1.0000	-1.0000	-1.0000	-1.0000	-1.0000	-1.0000	-1.0000	-1.0000	-1.0000	-1.0000	-1.0000	-1.0000	-1.0000	-1.0000	-1.0000		0	TVA	-1.0000	-1	0.000000	None	None	-1	0	0	None	None	None	None	None	-1	-1	-1.000000	-1.000000	-1.000000	-1.000000		-1	-1
SQN Diffuser TRM 483.65	SQN Diffuser TRM 483.65	SQNT1	35.214000	-85.089000	0.000000	0.0000	0.0000	0.000000	None	-1.0000	-1				SQN	-1	-1	-1	0	0	0.0000	-1.0000	-1.0000	-1.0000	-1.0000	-1.0000	-1.0000	-1.0000	-1.0000	-1.0000	-1.0000	-1.0000	-1.0000	-1.0000	-1.0000	-1.0000	-1.0000		0	TVA	-1.0000	-1	0.000000	None	None	-1	0	0	None	None	None	None	None	-1	-1	-1.000000	-1.000000	-1.000000	-1.000000		-1	-1
SQN DS Mixing Zone Center	SQN DS Mixing Zone Center	SQNT1	35.212631	-85.091516	0.000000	0.0000	0.0000	0.000000	None	-1.0000	-1				SQN	-1	-1	-1	0	0	0.0000	-1.0000	-1.0000	-1.0000	-1.0000	-1.0000	-1.0000	-1.0000	-1.0000	-1.0000	-1.0000	-1.0000	-1.0000	-1.0000	-1.0000	-1.0000	-1.0000		0	TVA	-1.0000	-1	0.000000	None	None	-1	0	0	None	None	None	None	None	-1	-1	-1.000000	-1.000000	-1.000000	-1.000000		-1	-1
SQN DS Mixing Zone Left	SQN DS Mixing Zone Left	SQNT1	35.211489	-85.090822	0.000000	0.0000	0.0000	0.000000	None	-1.0000	-1				SQN	-1	-1	-1	0	0	0.0000	-1.0000	-1.0000	-1.0000	-1.0000	-1.0000	-1.0000	-1.0000	-1.0000	-1.0000	-1.0000	-1.0000	-1.0000	-1.0000	-1.0000	-1.0000	-1.0000		0	TVA	-1.0000	-1	0.000000	None	None	-1	0	0	None	None	None	None	None	-1	-1	-1.000000	-1.000000	-1.000000	-1.000000		-1	-1
SQN DS Mixing Zone Right	SQN DS Mixing Zone Right	SQNT1	35.213774	-85.092211	0.000000	0.0000	0.0000	0.000000	None	-1.0000	-1				SQN	-1	-1	-1	0	0	0.0000	-1.0000	-1.0000	-1.0000	-1.0000	-1.0000	-1.0000	-1.0000	-1.0000	-1.0000	-1.0000	-1.0000	-1.0000	-1.0000	-1.0000	-1.0000	-1.0000		0	TVA	-1.0000	-1	0.000000	None	None	-1	0	0	None	None	None	None	None	-1	-1	-1.000000	-1.000000	-1.000000	-1.000000		-1	-1
SQN Mixing Zone	SQN Mixing Zone	SQNT1	35.213250	-85.092500	0.000000	0.0000	0.0000	0.000000	None	-1.0000	-1				SQN	-1	-1	-1	0	0	0.0000	-1.0000	-1.0000	-1.0000	-1.0000	-1.0000	-1.0000	-1.0000	-1.0000	-1.0000	-1.0000	-1.0000	-1.0000	-1.0000	-1.0000	-1.0000	-1.0000		0	TVA	-1.0000	-1	0.000000	None	None	-1	0	0	None	None	None	None	None	-1	-1	-1.000000	-1.000000	-1.000000	-1.000000		-1	-1
SQN Outfall 101 (Diffuser)	SQN-(101)	SQNT1	35.219638	-85.101257	0.000000	0.0000	0.0000	0.000000	None	-1.0000	-1				SQN	-1	-1	-1	0	0	0.0000	-1.0000	-1.0000	-1.0000	-1.0000	-1.0000	-1.0000	-1.0000	-1.0000	-1.0000	-1.0000	-1.0000	-1.0000	-1.0000	-1.0000	-1.0000	-1.0000		0	TVA	-1.0000	-1	0.000000	None	None	-1	0	0	None	None	None	None	None	-1	-1	-1.000000	-1.000000	-1.000000	-1.000000		-1	-1
SQN Pump Deck	SQN Pump Deck	SQNT1	35.219638	-85.101257	0.000000	0.0000	0.0000	0.000000	None	-1.0000	-1				SQN	-1	-1	-1	0	0	0.0000	-1.0000	-1.0000	-1.0000	-1.0000	-1.0000	-1.0000	-1.0000	-1.0000	-1.0000	-1.0000	-1.0000	-1.0000	-1.0000	-1.0000	-1.0000	-1.0000		0	TVA	-1.0000	-1	0.000000	None	None	-1	0	0	None	None	None	None	None	-1	-1	-1.000000	-1.000000	-1.000000	-1.000000		-1	-1
SQN Tower 1	SQN Tower 1	SQNT1	35.219638	-85.101257	0.000000	0.0000	0.0000	0.000000	None	-1.0000	-1				SQN	-1	-1	-1	0	0	0.0000	-1.0000	-1.0000	-1.0000	-1.0000	-1.0000	-1.0000	-1.0000	-1.0000	-1.0000	-1.0000	-1.0000	-1.0000	-1.0000	-1.0000	-1.0000	-1.0000		0	TVA	-1.0000	-1	0.000000	None	None	-1	0	0	None	None	None	None	None	-1	-1	-1.000000	-1.000000	-1.000000	-1.000000		-1	-1
SQN Tower 2	SQN Tower 2	SQNT1	35.219638	-85.101257	0.000000	0.0000	0.0000	0.000000	None	-1.0000	-1				SQN	-1	-1	-1	0	0	0.0000	-1.0000	-1.0000	-1.0000	-1.0000	-1.0000	-1.0000	-1.0000	-1.0000	-1.0000	-1.0000	-1.0000	-1.0000	-1.0000	-1.0000	-1.0000	-1.0000		0	TVA	-1.0000	-1	0.000000	None	None	-1	0	0	None	None	None	None	None	-1	-1	-1.000000	-1.000000	-1.000000	-1.000000		-1	-1
SQN-01	Sequoyah-Unit1	SQNT1	35.226849	-85.092545	0.000000	0.0000	0.0000	0.000000	None	-1.0000	-1					-1	-1	-1	0	0	0.0000	-1.0000	-1.0000	-1.0000	-1.0000	-1.0000	-1.0000	-1.0000	-1.0000	-1.0000	-1.0000	-1.0000	-1.0000	-1.0000	-1.0000	-1.0000	-1.0000		0		-1.0000	-1	0.000000	None	None	-1	0	0	None	None	None	None	None	-1	-1	-1.000000	-1.000000	-1.000000	-1.000000	Nuclear	-1	1221
SQN-02	Sequoyah-Unit2	SQNT1	35.226849	-85.092545	0.000000	0.0000	0.0000	0.000000	None	-1.0000	-1					-1	-1	-1	0	0	0.0000	-1.0000	-1.0000	-1.0000	-1.0000	-1.0000	-1.0000	-1.0000	-1.0000	-1.0000	-1.0000	-1.0000	-1.0000	-1.0000	-1.0000	-1.0000	-1.0000		0		-1.0000	-1	0.000000	None	None	-1	0	0	None	None	None	None	None	-1	-1	-1.000000	-1.000000	-1.000000	-1.000000	Nuclear	-1	1221
SQN_52_(Validation)	SQN-(52)	SQNT1	35.219638	-85.101257	0.000000	0.0000	0.0000	0.000000	None	-1.0000	-1				SQN	-1	-1	-1	0	0	0.0000	-1.0000	-1.0000	-1.0000	-1.0000	-1.0000	-1.0000	-1.0000	-1.0000	-1.0000	-1.0000	-1.0000	-1.0000	-1.0000	-1.0000	-1.0000	-1.0000		0	TVA	-1.0000	-1	0.000000	None	None	-1	0	0	None	None	None	None	None	-1	-1	-1.000000	-1.000000	-1.000000	-1.000000		-1	-1
SQN_53_(Delft3D)	SQN-(53)	SQNT1	35.219638	-85.101257	0.000000	0.0000	0.0000	0.000000	None	-1.0000	-1				SQN	-1	-1	-1	0	0	0.0000	-1.0000	-1.0000	-1.0000	-1.0000	-1.0000	-1.0000	-1.0000	-1.0000	-1.0000	-1.0000	-1.0000	-1.0000	-1.0000	-1.0000	-1.0000	-1.0000		0	TVA	-1.0000	-1	0.000000	None	None	-1	0	0	None	None	None	None	None	-1	-1	-1.000000	-1.000000	-1.000000	-1.000000		-1	-1
SQN_53_(Delft3D)_48hours	SQN-(53)_48hr	SQNT1	35.219638	-85.101257	0.000000	0.0000	0.0000	0.000000	None	-1.0000	-1				SQN	-1	-1	-1	0	0	0.0000	-1.0000	-1.0000	-1.0000	-1.0000	-1.0000	-1.0000	-1.0000	-1.0000	-1.0000	-1.0000	-1.0000	-1.0000	-1.0000	-1.0000	-1.0000	-1.0000		0	TVA	-1.0000	-1	0.000000	None	None	-1	0	0	None	None	None	None	None	-1	-1	-1.000000	-1.000000	-1.000000	-1.000000		-1	-1
SQN_53_(Delft3D)_5day	SQN-(53)_5d	SQNT1	35.219638	-85.101257	0.000000	0.0000	0.0000	0.000000	None	-1.0000	-1				SQN	-1	-1	-1	0	0	0.0000	-1.0000	-1.0000	-1.0000	-1.0000	-1.0000	-1.0000	-1.0000	-1.0000	-1.0000	-1.0000	-1.0000	-1.0000	-1.0000	-1.0000	-1.0000	-1.0000		0	TVA	-1.0000	-1	0.000000	None	None	-1	0	0	None	None	None	None	None	-1	-1	-1.000000	-1.000000	-1.000000	-1.000000		-1	-1
SQN_DSMixingZoneCenter	SQN_DSMixingZoneCenter D3D profiles	SQN_DSMixingZoneCenter	35.212631	-85.091516	0.000000	0.0000	0.0000	0.000000	None	-1.0000	-1					-1	-1	-1	0	0	0.0000	-1.0000	-1.0000	-1.0000	-1.0000	-1.0000	-1.0000	-1.0000	-1.0000	-1.0000	-1.0000	-1.0000	-1.0000	-1.0000	-1.0000	-1.0000	-1.0000		0		-1.0000	-1	0.000000	None	None	-1	0	0	None	None	None	None	None	-1	-1	-1.000000	-1.000000	-1.000000	-1.000000		-1	-1
SQN_DSMixingZoneCenter_3ft	SQN_DSMixingZoneCenter_3ft	SQN DS Mixing Zone Center	35.212631	-85.091516	0.000000	0.0000	0.0000	0.000000	None	-1.0000	-1					-1	-1	-1	0	0	0.0000	-1.0000	-1.0000	-1.0000	-1.0000	-1.0000	-1.0000	-1.0000	-1.0000	-1.0000	-1.0000	-1.0000	-1.0000	-1.0000	-1.0000	-1.0000	-1.0000		0	TVA	-1.0000	-1	0.000000	None	None	-1	0	0	None	None	None	None	None	-1	-1	-1.000000	-1.000000	-1.000000	-1.000000		-1	-1
SQN_DSMixingZoneCenter_5ft	SQN_DSMixingZoneCenter_5ft	SQN DS Mixing Zone Center	35.212631	-85.091516	0.000000	0.0000	0.0000	0.000000	None	-1.0000	-1					-1	-1	-1	0	0	0.0000	-1.0000	-1.0000	-1.0000	-1.0000	-1.0000	-1.0000	-1.0000	-1.0000	-1.0000	-1.0000	-1.0000	-1.0000	-1.0000	-1.0000	-1.0000	-1.0000		0	TVA	-1.0000	-1	0.000000	None	None	-1	0	0	None	None	None	None	None	-1	-1	-1.000000	-1.000000	-1.000000	-1.000000		-1	-1
SQN_DSMixingZoneCenter_7ft	SQN_DSMixingZoneCenter_7ft	SQN DS Mixing Zone Center	35.212631	-85.091516	0.000000	0.0000	0.0000	0.000000	None	-1.0000	-1					-1	-1	-1	0	0	0.0000	-1.0000	-1.0000	-1.0000	-1.0000	-1.0000	-1.0000	-1.0000	-1.0000	-1.0000	-1.0000	-1.0000	-1.0000	-1.0000	-1.0000	-1.0000	-1.0000		0	TVA	-1.0000	-1	0.000000	None	None	-1	0	0	None	None	None	None	None	-1	-1	-1.000000	-1.000000	-1.000000	-1.000000		-1	-1
SQN_DSMixingZoneCenter_Layer_1	SQN_DSMixingZoneCenter_Layer_1	SQN_DSMixingZoneCenter	0.000000	0.000000	0.000000	0.0000	0.0000	0.000000	None	-1.0000	-1					-1	-1	-1	0	0	0.0000	-1.0000	-1.0000	-1.0000	-1.0000	-1.0000	-1.0000	-1.0000	-1.0000	-1.0000	-1.0000	-1.0000	-1.0000	-1.0000	-1.0000	-1.0000	-1.0000		0	TVA	-1.0000	-1	0.000000	None	None	-1	0	0	None	None	None	None	None	-1	-1	-1.000000	-1.000000	-1.000000	-1.000000		-1	-1
SQN_DSMixingZoneCenter_Layer_10	SQN_DSMixingZoneCenter_Layer_10	SQN_DSMixingZoneCenter	0.000000	0.000000	0.000000	0.0000	0.0000	0.000000	None	-1.0000	-1					-1	-1	-1	0	0	0.0000	-1.0000	-1.0000	-1.0000	-1.0000	-1.0000	-1.0000	-1.0000	-1.0000	-1.0000	-1.0000	-1.0000	-1.0000	-1.0000	-1.0000	-1.0000	-1.0000		0	TVA	-1.0000	-1	0.000000	None	None	-1	0	0	None	None	None	None	None	-1	-1	-1.000000	-1.000000	-1.000000	-1.000000		-1	-1
SQN_DSMixingZoneCenter_Layer_11	SQN_DSMixingZoneCenter_Layer_11	SQN_DSMixingZoneCenter	0.000000	0.000000	0.000000	0.0000	0.0000	0.000000	None	-1.0000	-1					-1	-1	-1	0	0	0.0000	-1.0000	-1.0000	-1.0000	-1.0000	-1.0000	-1.0000	-1.0000	-1.0000	-1.0000	-1.0000	-1.0000	-1.0000	-1.0000	-1.0000	-1.0000	-1.0000		0	TVA	-1.0000	-1	0.000000	None	None	-1	0	0	None	None	None	None	None	-1	-1	-1.000000	-1.000000	-1.000000	-1.000000		-1	-1
SQN_DSMixingZoneCenter_Layer_12	SQN_DSMixingZoneCenter_Layer_12	SQN_DSMixingZoneCenter	0.000000	0.000000	0.000000	0.0000	0.0000	0.000000	None	-1.0000	-1					-1	-1	-1	0	0	0.0000	-1.0000	-1.0000	-1.0000	-1.0000	-1.0000	-1.0000	-1.0000	-1.0000	-1.0000	-1.0000	-1.0000	-1.0000	-1.0000	-1.0000	-1.0000	-1.0000		0	TVA	-1.0000	-1	0.000000	None	None	-1	0	0	None	None	None	None	None	-1	-1	-1.000000	-1.000000	-1.000000	-1.000000		-1	-1
SQN_DSMixingZoneCenter_Layer_13	SQN_DSMixingZoneCenter_Layer_13	SQN_DSMixingZoneCenter	0.000000	0.000000	0.000000	0.0000	0.0000	0.000000	None	-1.0000	-1					-1	-1	-1	0	0	0.0000	-1.0000	-1.0000	-1.0000	-1.0000	-1.0000	-1.0000	-1.0000	-1.0000	-1.0000	-1.0000	-1.0000	-1.0000	-1.0000	-1.0000	-1.0000	-1.0000		0	TVA	-1.0000	-1	0.000000	None	None	-1	0	0	None	None	None	None	None	-1	-1	-1.000000	-1.000000	-1.000000	-1.000000		-1	-1
SQN_DSMixingZoneCenter_Layer_14	SQN_DSMixingZoneCenter_Layer_14	SQN_DSMixingZoneCenter	0.000000	0.000000	0.000000	0.0000	0.0000	0.000000	None	-1.0000	-1					-1	-1	-1	0	0	0.0000	-1.0000	-1.0000	-1.0000	-1.0000	-1.0000	-1.0000	-1.0000	-1.0000	-1.0000	-1.0000	-1.0000	-1.0000	-1.0000	-1.0000	-1.0000	-1.0000		0	TVA	-1.0000	-1	0.000000	None	None	-1	0	0	None	None	None	None	None	-1	-1	-1.000000	-1.000000	-1.000000	-1.000000		-1	-1
SQN_DSMixingZoneCenter_Layer_15	SQN_DSMixingZoneCenter_Layer_15	SQN_DSMixingZoneCenter	0.000000	0.000000	0.000000	0.0000	0.0000	0.000000	None	-1.0000	-1					-1	-1	-1	0	0	0.0000	-1.0000	-1.0000	-1.0000	-1.0000	-1.0000	-1.0000	-1.0000	-1.0000	-1.0000	-1.0000	-1.0000	-1.0000	-1.0000	-1.0000	-1.0000	-1.0000		0	TVA	-1.0000	-1	0.000000	None	None	-1	0	0	None	None	None	None	None	-1	-1	-1.000000	-1.000000	-1.000000	-1.000000		-1	-1
SQN_DSMixingZoneCenter_Layer_16	SQN_DSMixingZoneCenter_Layer_16	SQN_DSMixingZoneCenter	0.000000	0.000000	0.000000	0.0000	0.0000	0.000000	None	-1.0000	-1					-1	-1	-1	0	0	0.0000	-1.0000	-1.0000	-1.0000	-1.0000	-1.0000	-1.0000	-1.0000	-1.0000	-1.0000	-1.0000	-1.0000	-1.0000	-1.0000	-1.0000	-1.0000	-1.0000		0	TVA	-1.0000	-1	0.000000	None	None	-1	0	0	None	None	None	None	None	-1	-1	-1.000000	-1.000000	-1.000000	-1.000000		-1	-1
SQN_DSMixingZoneCenter_Layer_17	SQN_DSMixingZoneCenter_Layer_17	SQN_DSMixingZoneCenter	0.000000	0.000000	0.000000	0.0000	0.0000	0.000000	None	-1.0000	-1					-1	-1	-1	0	0	0.0000	-1.0000	-1.0000	-1.0000	-1.0000	-1.0000	-1.0000	-1.0000	-1.0000	-1.0000	-1.0000	-1.0000	-1.0000	-1.0000	-1.0000	-1.0000	-1.0000		0	TVA	-1.0000	-1	0.000000	None	None	-1	0	0	None	None	None	None	None	-1	-1	-1.000000	-1.000000	-1.000000	-1.000000		-1	-1
SQN_DSMixingZoneCenter_Layer_18	SQN_DSMixingZoneCenter_Layer_18	SQN_DSMixingZoneCenter	0.000000	0.000000	0.000000	0.0000	0.0000	0.000000	None	-1.0000	-1					-1	-1	-1	0	0	0.0000	-1.0000	-1.0000	-1.0000	-1.0000	-1.0000	-1.0000	-1.0000	-1.0000	-1.0000	-1.0000	-1.0000	-1.0000	-1.0000	-1.0000	-1.0000	-1.0000		0	TVA	-1.0000	-1	0.000000	None	None	-1	0	0	None	None	None	None	None	-1	-1	-1.000000	-1.000000	-1.000000	-1.000000		-1	-1
SQN_DSMixingZoneCenter_Layer_19	SQN_DSMixingZoneCenter_Layer_19	SQN_DSMixingZoneCenter	0.000000	0.000000	0.000000	0.0000	0.0000	0.000000	None	-1.0000	-1					-1	-1	-1	0	0	0.0000	-1.0000	-1.0000	-1.0000	-1.0000	-1.0000	-1.0000	-1.0000	-1.0000	-1.0000	-1.0000	-1.0000	-1.0000	-1.0000	-1.0000	-1.0000	-1.0000		0	TVA	-1.0000	-1	0.000000	None	None	-1	0	0	None	None	None	None	None	-1	-1	-1.000000	-1.000000	-1.000000	-1.000000		-1	-1
SQN_DSMixingZoneCenter_Layer_2	SQN_DSMixingZoneCenter_Layer_2	SQN_DSMixingZoneCenter	0.000000	0.000000	0.000000	0.0000	0.0000	0.000000	None	-1.0000	-1					-1	-1	-1	0	0	0.0000	-1.0000	-1.0000	-1.0000	-1.0000	-1.0000	-1.0000	-1.0000	-1.0000	-1.0000	-1.0000	-1.0000	-1.0000	-1.0000	-1.0000	-1.0000	-1.0000		0	TVA	-1.0000	-1	0.000000	None	None	-1	0	0	None	None	None	None	None	-1	-1	-1.000000	-1.000000	-1.000000	-1.000000		-1	-1
SQN_DSMixingZoneCenter_Layer_20	SQN_DSMixingZoneCenter_Layer_20	SQN_DSMixingZoneCenter	0.000000	0.000000	0.000000	0.0000	0.0000	0.000000	None	-1.0000	-1					-1	-1	-1	0	0	0.0000	-1.0000	-1.0000	-1.0000	-1.0000	-1.0000	-1.0000	-1.0000	-1.0000	-1.0000	-1.0000	-1.0000	-1.0000	-1.0000	-1.0000	-1.0000	-1.0000		0	TVA	-1.0000	-1	0.000000	None	None	-1	0	0	None	None	None	None	None	-1	-1	-1.000000	-1.000000	-1.000000	-1.000000		-1	-1
SQN_DSMixingZoneCenter_Layer_21	SQN_DSMixingZoneCenter_Layer_21	SQN_DSMixingZoneCenter	0.000000	0.000000	0.000000	0.0000	0.0000	0.000000	None	-1.0000	-1					-1	-1	-1	0	0	0.0000	-1.0000	-1.0000	-1.0000	-1.0000	-1.0000	-1.0000	-1.0000	-1.0000	-1.0000	-1.0000	-1.0000	-1.0000	-1.0000	-1.0000	-1.0000	-1.0000		0	TVA	-1.0000	-1	0.000000	None	None	-1	0	0	None	None	None	None	None	-1	-1	-1.000000	-1.000000	-1.000000	-1.000000		-1	-1
SQN_DSMixingZoneCenter_Layer_22	SQN_DSMixingZoneCenter_Layer_22	SQN_DSMixingZoneCenter	0.000000	0.000000	0.000000	0.0000	0.0000	0.000000	None	-1.0000	-1					-1	-1	-1	0	0	0.0000	-1.0000	-1.0000	-1.0000	-1.0000	-1.0000	-1.0000	-1.0000	-1.0000	-1.0000	-1.0000	-1.0000	-1.0000	-1.0000	-1.0000	-1.0000	-1.0000		0	TVA	-1.0000	-1	0.000000	None	None	-1	0	0	None	None	None	None	None	-1	-1	-1.000000	-1.000000	-1.000000	-1.000000		-1	-1
SQN_DSMixingZoneCenter_Layer_23	SQN_DSMixingZoneCenter_Layer_23	SQN_DSMixingZoneCenter	0.000000	0.000000	0.000000	0.0000	0.0000	0.000000	None	-1.0000	-1					-1	-1	-1	0	0	0.0000	-1.0000	-1.0000	-1.0000	-1.0000	-1.0000	-1.0000	-1.0000	-1.0000	-1.0000	-1.0000	-1.0000	-1.0000	-1.0000	-1.0000	-1.0000	-1.0000		0	TVA	-1.0000	-1	0.000000	None	None	-1	0	0	None	None	None	None	None	-1	-1	-1.000000	-1.000000	-1.000000	-1.000000		-1	-1
SQN_DSMixingZoneCenter_Layer_24	SQN_DSMixingZoneCenter_Layer_24	SQN_DSMixingZoneCenter	0.000000	0.000000	0.000000	0.0000	0.0000	0.000000	None	-1.0000	-1					-1	-1	-1	0	0	0.0000	-1.0000	-1.0000	-1.0000	-1.0000	-1.0000	-1.0000	-1.0000	-1.0000	-1.0000	-1.0000	-1.0000	-1.0000	-1.0000	-1.0000	-1.0000	-1.0000		0	TVA	-1.0000	-1	0.000000	None	None	-1	0	0	None	None	None	None	None	-1	-1	-1.000000	-1.000000	-1.000000	-1.000000		-1	-1
SQN_DSMixingZoneCenter_Layer_25	SQN_DSMixingZoneCenter_Layer_25	SQN_DSMixingZoneCenter	0.000000	0.000000	0.000000	0.0000	0.0000	0.000000	None	-1.0000	-1					-1	-1	-1	0	0	0.0000	-1.0000	-1.0000	-1.0000	-1.0000	-1.0000	-1.0000	-1.0000	-1.0000	-1.0000	-1.0000	-1.0000	-1.0000	-1.0000	-1.0000	-1.0000	-1.0000		0	TVA	-1.0000	-1	0.000000	None	None	-1	0	0	None	None	None	None	None	-1	-1	-1.000000	-1.000000	-1.000000	-1.000000		-1	-1
SQN_DSMixingZoneCenter_Layer_26	SQN_DSMixingZoneCenter_Layer_26	SQN_DSMixingZoneCenter	0.000000	0.000000	0.000000	0.0000	0.0000	0.000000	None	-1.0000	-1					-1	-1	-1	0	0	0.0000	-1.0000	-1.0000	-1.0000	-1.0000	-1.0000	-1.0000	-1.0000	-1.0000	-1.0000	-1.0000	-1.0000	-1.0000	-1.0000	-1.0000	-1.0000	-1.0000		0	TVA	-1.0000	-1	0.000000	None	None	-1	0	0	None	None	None	None	None	-1	-1	-1.000000	-1.000000	-1.000000	-1.000000		-1	-1
SQN_DSMixingZoneCenter_Layer_27	SQN_DSMixingZoneCenter_Layer_27	SQN_DSMixingZoneCenter	0.000000	0.000000	0.000000	0.0000	0.0000	0.000000	None	-1.0000	-1					-1	-1	-1	0	0	0.0000	-1.0000	-1.0000	-1.0000	-1.0000	-1.0000	-1.0000	-1.0000	-1.0000	-1.0000	-1.0000	-1.0000	-1.0000	-1.0000	-1.0000	-1.0000	-1.0000		0	TVA	-1.0000	-1	0.000000	None	None	-1	0	0	None	None	None	None	None	-1	-1	-1.000000	-1.000000	-1.000000	-1.000000		-1	-1
SQN_DSMixingZoneCenter_Layer_28	SQN_DSMixingZoneCenter_Layer_28	SQN_DSMixingZoneCenter	0.000000	0.000000	0.000000	0.0000	0.0000	0.000000	None	-1.0000	-1					-1	-1	-1	0	0	0.0000	-1.0000	-1.0000	-1.0000	-1.0000	-1.0000	-1.0000	-1.0000	-1.0000	-1.0000	-1.0000	-1.0000	-1.0000	-1.0000	-1.0000	-1.0000	-1.0000		0	TVA	-1.0000	-1	0.000000	None	None	-1	0	0	None	None	None	None	None	-1	-1	-1.000000	-1.000000	-1.000000	-1.000000		-1	-1
SQN_DSMixingZoneCenter_Layer_29	SQN_DSMixingZoneCenter_Layer_29	SQN_DSMixingZoneCenter	0.000000	0.000000	0.000000	0.0000	0.0000	0.000000	None	-1.0000	-1					-1	-1	-1	0	0	0.0000	-1.0000	-1.0000	-1.0000	-1.0000	-1.0000	-1.0000	-1.0000	-1.0000	-1.0000	-1.0000	-1.0000	-1.0000	-1.0000	-1.0000	-1.0000	-1.0000		0	TVA	-1.0000	-1	0.000000	None	None	-1	0	0	None	None	None	None	None	-1	-1	-1.000000	-1.000000	-1.000000	-1.000000		-1	-1
SQN_DSMixingZoneCenter_Layer_3	SQN_DSMixingZoneCenter_Layer_3	SQN_DSMixingZoneCenter	0.000000	0.000000	0.000000	0.0000	0.0000	0.000000	None	-1.0000	-1					-1	-1	-1	0	0	0.0000	-1.0000	-1.0000	-1.0000	-1.0000	-1.0000	-1.0000	-1.0000	-1.0000	-1.0000	-1.0000	-1.0000	-1.0000	-1.0000	-1.0000	-1.0000	-1.0000		0	TVA	-1.0000	-1	0.000000	None	None	-1	0	0	None	None	None	None	None	-1	-1	-1.000000	-1.000000	-1.000000	-1.000000		-1	-1
SQN_DSMixingZoneCenter_Layer_30	SQN_DSMixingZoneCenter_Layer_30	SQN_DSMixingZoneCenter	0.000000	0.000000	0.000000	0.0000	0.0000	0.000000	None	-1.0000	-1					-1	-1	-1	0	0	0.0000	-1.0000	-1.0000	-1.0000	-1.0000	-1.0000	-1.0000	-1.0000	-1.0000	-1.0000	-1.0000	-1.0000	-1.0000	-1.0000	-1.0000	-1.0000	-1.0000		0	TVA	-1.0000	-1	0.000000	None	None	-1	0	0	None	None	None	None	None	-1	-1	-1.000000	-1.000000	-1.000000	-1.000000		-1	-1
SQN_DSMixingZoneCenter_Layer_4	SQN_DSMixingZoneCenter_Layer_4	SQN_DSMixingZoneCenter	0.000000	0.000000	0.000000	0.0000	0.0000	0.000000	None	-1.0000	-1					-1	-1	-1	0	0	0.0000	-1.0000	-1.0000	-1.0000	-1.0000	-1.0000	-1.0000	-1.0000	-1.0000	-1.0000	-1.0000	-1.0000	-1.0000	-1.0000	-1.0000	-1.0000	-1.0000		0	TVA	-1.0000	-1	0.000000	None	None	-1	0	0	None	None	None	None	None	-1	-1	-1.000000	-1.000000	-1.000000	-1.000000		-1	-1
SQN_DSMixingZoneCenter_Layer_5	SQN_DSMixingZoneCenter_Layer_5	SQN_DSMixingZoneCenter	0.000000	0.000000	0.000000	0.0000	0.0000	0.000000	None	-1.0000	-1					-1	-1	-1	0	0	0.0000	-1.0000	-1.0000	-1.0000	-1.0000	-1.0000	-1.0000	-1.0000	-1.0000	-1.0000	-1.0000	-1.0000	-1.0000	-1.0000	-1.0000	-1.0000	-1.0000		0	TVA	-1.0000	-1	0.000000	None	None	-1	0	0	None	None	None	None	None	-1	-1	-1.000000	-1.000000	-1.000000	-1.000000		-1	-1
SQN_DSMixingZoneCenter_Layer_6	SQN_DSMixingZoneCenter_Layer_6	SQN_DSMixingZoneCenter	0.000000	0.000000	0.000000	0.0000	0.0000	0.000000	None	-1.0000	-1					-1	-1	-1	0	0	0.0000	-1.0000	-1.0000	-1.0000	-1.0000	-1.0000	-1.0000	-1.0000	-1.0000	-1.0000	-1.0000	-1.0000	-1.0000	-1.0000	-1.0000	-1.0000	-1.0000		0	TVA	-1.0000	-1	0.000000	None	None	-1	0	0	None	None	None	None	None	-1	-1	-1.000000	-1.000000	-1.000000	-1.000000		-1	-1
SQN_DSMixingZoneCenter_Layer_7	SQN_DSMixingZoneCenter_Layer_7	SQN_DSMixingZoneCenter	0.000000	0.000000	0.000000	0.0000	0.0000	0.000000	None	-1.0000	-1					-1	-1	-1	0	0	0.0000	-1.0000	-1.0000	-1.0000	-1.0000	-1.0000	-1.0000	-1.0000	-1.0000	-1.0000	-1.0000	-1.0000	-1.0000	-1.0000	-1.0000	-1.0000	-1.0000		0	TVA	-1.0000	-1	0.000000	None	None	-1	0	0	None	None	None	None	None	-1	-1	-1.000000	-1.000000	-1.000000	-1.000000		-1	-1
SQN_DSMixingZoneCenter_Layer_8	SQN_DSMixingZoneCenter_Layer_8	SQN_DSMixingZoneCenter	0.000000	0.000000	0.000000	0.0000	0.0000	0.000000	None	-1.0000	-1					-1	-1	-1	0	0	0.0000	-1.0000	-1.0000	-1.0000	-1.0000	-1.0000	-1.0000	-1.0000	-1.0000	-1.0000	-1.0000	-1.0000	-1.0000	-1.0000	-1.0000	-1.0000	-1.0000		0	TVA	-1.0000	-1	0.000000	None	None	-1	0	0	None	None	None	None	None	-1	-1	-1.000000	-1.000000	-1.000000	-1.000000		-1	-1
SQN_DSMixingZoneCenter_Layer_9	SQN_DSMixingZoneCenter_Layer_9	SQN_DSMixingZoneCenter	0.000000	0.000000	0.000000	0.0000	0.0000	0.000000	None	-1.0000	-1					-1	-1	-1	0	0	0.0000	-1.0000	-1.0000	-1.0000	-1.0000	-1.0000	-1.0000	-1.0000	-1.0000	-1.0000	-1.0000	-1.0000	-1.0000	-1.0000	-1.0000	-1.0000	-1.0000		0	TVA	-1.0000	-1	0.000000	None	None	-1	0	0	None	None	None	None	None	-1	-1	-1.000000	-1.000000	-1.000000	-1.000000		-1	-1
SQN_DSMixingZoneLeft	SQN_DSMixingZoneLeft D3D profiles	SQN_DSMixingZoneLeft	35.211489	-85.090822	0.000000	0.0000	0.0000	0.000000	None	-1.0000	-1					-1	-1	-1	0	0	0.0000	-1.0000	-1.0000	-1.0000	-1.0000	-1.0000	-1.0000	-1.0000	-1.0000	-1.0000	-1.0000	-1.0000	-1.0000	-1.0000	-1.0000	-1.0000	-1.0000		0		-1.0000	-1	0.000000	None	None	-1	0	0	None	None	None	None	None	-1	-1	-1.000000	-1.000000	-1.000000	-1.000000		-1	-1
SQN_DSMixingZoneLeft_3ft	SQN_DSMixingZoneLeft_3ft	SQN DS Mixing Zone Left	35.211489	-85.090822	0.000000	0.0000	0.0000	0.000000	None	-1.0000	-1					-1	-1	-1	0	0	0.0000	-1.0000	-1.0000	-1.0000	-1.0000	-1.0000	-1.0000	-1.0000	-1.0000	-1.0000	-1.0000	-1.0000	-1.0000	-1.0000	-1.0000	-1.0000	-1.0000		0	TVA	-1.0000	-1	0.000000	None	None	-1	0	0	None	None	None	None	None	-1	-1	-1.000000	-1.000000	-1.000000	-1.000000		-1	-1
SQN_DSMixingZoneLeft_5ft	SQN_DSMixingZoneLeft_5ft	SQN DS Mixing Zone Left	35.211489	-85.090822	0.000000	0.0000	0.0000	0.000000	None	-1.0000	-1					-1	-1	-1	0	0	0.0000	-1.0000	-1.0000	-1.0000	-1.0000	-1.0000	-1.0000	-1.0000	-1.0000	-1.0000	-1.0000	-1.0000	-1.0000	-1.0000	-1.0000	-1.0000	-1.0000		0	TVA	-1.0000	-1	0.000000	None	None	-1	0	0	None	None	None	None	None	-1	-1	-1.000000	-1.000000	-1.000000	-1.000000		-1	-1
SQN_DSMixingZoneLeft_7ft	SQN_DSMixingZoneLeft_7ft	SQN DS Mixing Zone Left	35.211489	-85.090822	0.000000	0.0000	0.0000	0.000000	None	-1.0000	-1					-1	-1	-1	0	0	0.0000	-1.0000	-1.0000	-1.0000	-1.0000	-1.0000	-1.0000	-1.0000	-1.0000	-1.0000	-1.0000	-1.0000	-1.0000	-1.0000	-1.0000	-1.0000	-1.0000		0	TVA	-1.0000	-1	0.000000	None	None	-1	0	0	None	None	None	None	None	-1	-1	-1.000000	-1.000000	-1.000000	-1.000000		-1	-1
SQN_DSMixingZoneLeft_Layer_1	SQN_DSMixingZoneLeft_Layer_1	SQN_DSMixingZoneLeft	0.000000	0.000000	0.000000	0.0000	0.0000	0.000000	None	-1.0000	-1					-1	-1	-1	0	0	0.0000	-1.0000	-1.0000	-1.0000	-1.0000	-1.0000	-1.0000	-1.0000	-1.0000	-1.0000	-1.0000	-1.0000	-1.0000	-1.0000	-1.0000	-1.0000	-1.0000		0	TVA	-1.0000	-1	0.000000	None	None	-1	0	0	None	None	None	None	None	-1	-1	-1.000000	-1.000000	-1.000000	-1.000000		-1	-1
SQN_DSMixingZoneLeft_Layer_10	SQN_DSMixingZoneLeft_Layer_10	SQN_DSMixingZoneLeft	0.000000	0.000000	0.000000	0.0000	0.0000	0.000000	None	-1.0000	-1					-1	-1	-1	0	0	0.0000	-1.0000	-1.0000	-1.0000	-1.0000	-1.0000	-1.0000	-1.0000	-1.0000	-1.0000	-1.0000	-1.0000	-1.0000	-1.0000	-1.0000	-1.0000	-1.0000		0	TVA	-1.0000	-1	0.000000	None	None	-1	0	0	None	None	None	None	None	-1	-1	-1.000000	-1.000000	-1.000000	-1.000000		-1	-1
SQN_DSMixingZoneLeft_Layer_11	SQN_DSMixingZoneLeft_Layer_11	SQN_DSMixingZoneLeft	0.000000	0.000000	0.000000	0.0000	0.0000	0.000000	None	-1.0000	-1					-1	-1	-1	0	0	0.0000	-1.0000	-1.0000	-1.0000	-1.0000	-1.0000	-1.0000	-1.0000	-1.0000	-1.0000	-1.0000	-1.0000	-1.0000	-1.0000	-1.0000	-1.0000	-1.0000		0	TVA	-1.0000	-1	0.000000	None	None	-1	0	0	None	None	None	None	None	-1	-1	-1.000000	-1.000000	-1.000000	-1.000000		-1	-1
SQN_DSMixingZoneLeft_Layer_12	SQN_DSMixingZoneLeft_Layer_12	SQN_DSMixingZoneLeft	0.000000	0.000000	0.000000	0.0000	0.0000	0.000000	None	-1.0000	-1					-1	-1	-1	0	0	0.0000	-1.0000	-1.0000	-1.0000	-1.0000	-1.0000	-1.0000	-1.0000	-1.0000	-1.0000	-1.0000	-1.0000	-1.0000	-1.0000	-1.0000	-1.0000	-1.0000		0	TVA	-1.0000	-1	0.000000	None	None	-1	0	0	None	None	None	None	None	-1	-1	-1.000000	-1.000000	-1.000000	-1.000000		-1	-1
SQN_DSMixingZoneLeft_Layer_13	SQN_DSMixingZoneLeft_Layer_13	SQN_DSMixingZoneLeft	0.000000	0.000000	0.000000	0.0000	0.0000	0.000000	None	-1.0000	-1					-1	-1	-1	0	0	0.0000	-1.0000	-1.0000	-1.0000	-1.0000	-1.0000	-1.0000	-1.0000	-1.0000	-1.0000	-1.0000	-1.0000	-1.0000	-1.0000	-1.0000	-1.0000	-1.0000		0	TVA	-1.0000	-1	0.000000	None	None	-1	0	0	None	None	None	None	None	-1	-1	-1.000000	-1.000000	-1.000000	-1.000000		-1	-1
SQN_DSMixingZoneLeft_Layer_14	SQN_DSMixingZoneLeft_Layer_14	SQN_DSMixingZoneLeft	0.000000	0.000000	0.000000	0.0000	0.0000	0.000000	None	-1.0000	-1					-1	-1	-1	0	0	0.0000	-1.0000	-1.0000	-1.0000	-1.0000	-1.0000	-1.0000	-1.0000	-1.0000	-1.0000	-1.0000	-1.0000	-1.0000	-1.0000	-1.0000	-1.0000	-1.0000		0	TVA	-1.0000	-1	0.000000	None	None	-1	0	0	None	None	None	None	None	-1	-1	-1.000000	-1.000000	-1.000000	-1.000000		-1	-1
SQN_DSMixingZoneLeft_Layer_15	SQN_DSMixingZoneLeft_Layer_15	SQN_DSMixingZoneLeft	0.000000	0.000000	0.000000	0.0000	0.0000	0.000000	None	-1.0000	-1					-1	-1	-1	0	0	0.0000	-1.0000	-1.0000	-1.0000	-1.0000	-1.0000	-1.0000	-1.0000	-1.0000	-1.0000	-1.0000	-1.0000	-1.0000	-1.0000	-1.0000	-1.0000	-1.0000		0	TVA	-1.0000	-1	0.000000	None	None	-1	0	0	None	None	None	None	None	-1	-1	-1.000000	-1.000000	-1.000000	-1.000000		-1	-1
SQN_DSMixingZoneLeft_Layer_16	SQN_DSMixingZoneLeft_Layer_16	SQN_DSMixingZoneLeft	0.000000	0.000000	0.000000	0.0000	0.0000	0.000000	None	-1.0000	-1					-1	-1	-1	0	0	0.0000	-1.0000	-1.0000	-1.0000	-1.0000	-1.0000	-1.0000	-1.0000	-1.0000	-1.0000	-1.0000	-1.0000	-1.0000	-1.0000	-1.0000	-1.0000	-1.0000		0	TVA	-1.0000	-1	0.000000	None	None	-1	0	0	None	None	None	None	None	-1	-1	-1.000000	-1.000000	-1.000000	-1.000000		-1	-1
SQN_DSMixingZoneLeft_Layer_17	SQN_DSMixingZoneLeft_Layer_17	SQN_DSMixingZoneLeft	0.000000	0.000000	0.000000	0.0000	0.0000	0.000000	None	-1.0000	-1					-1	-1	-1	0	0	0.0000	-1.0000	-1.0000	-1.0000	-1.0000	-1.0000	-1.0000	-1.0000	-1.0000	-1.0000	-1.0000	-1.0000	-1.0000	-1.0000	-1.0000	-1.0000	-1.0000		0	TVA	-1.0000	-1	0.000000	None	None	-1	0	0	None	None	None	None	None	-1	-1	-1.000000	-1.000000	-1.000000	-1.000000		-1	-1
SQN_DSMixingZoneLeft_Layer_18	SQN_DSMixingZoneLeft_Layer_18	SQN_DSMixingZoneLeft	0.000000	0.000000	0.000000	0.0000	0.0000	0.000000	None	-1.0000	-1					-1	-1	-1	0	0	0.0000	-1.0000	-1.0000	-1.0000	-1.0000	-1.0000	-1.0000	-1.0000	-1.0000	-1.0000	-1.0000	-1.0000	-1.0000	-1.0000	-1.0000	-1.0000	-1.0000		0	TVA	-1.0000	-1	0.000000	None	None	-1	0	0	None	None	None	None	None	-1	-1	-1.000000	-1.000000	-1.000000	-1.000000		-1	-1
SQN_DSMixingZoneLeft_Layer_19	SQN_DSMixingZoneLeft_Layer_19	SQN_DSMixingZoneLeft	0.000000	0.000000	0.000000	0.0000	0.0000	0.000000	None	-1.0000	-1					-1	-1	-1	0	0	0.0000	-1.0000	-1.0000	-1.0000	-1.0000	-1.0000	-1.0000	-1.0000	-1.0000	-1.0000	-1.0000	-1.0000	-1.0000	-1.0000	-1.0000	-1.0000	-1.0000		0	TVA	-1.0000	-1	0.000000	None	None	-1	0	0	None	None	None	None	None	-1	-1	-1.000000	-1.000000	-1.000000	-1.000000		-1	-1
SQN_DSMixingZoneLeft_Layer_2	SQN_DSMixingZoneLeft_Layer_2	SQN_DSMixingZoneLeft	0.000000	0.000000	0.000000	0.0000	0.0000	0.000000	None	-1.0000	-1					-1	-1	-1	0	0	0.0000	-1.0000	-1.0000	-1.0000	-1.0000	-1.0000	-1.0000	-1.0000	-1.0000	-1.0000	-1.0000	-1.0000	-1.0000	-1.0000	-1.0000	-1.0000	-1.0000		0	TVA	-1.0000	-1	0.000000	None	None	-1	0	0	None	None	None	None	None	-1	-1	-1.000000	-1.000000	-1.000000	-1.000000		-1	-1
SQN_DSMixingZoneLeft_Layer_20	SQN_DSMixingZoneLeft_Layer_20	SQN_DSMixingZoneLeft	0.000000	0.000000	0.000000	0.0000	0.0000	0.000000	None	-1.0000	-1					-1	-1	-1	0	0	0.0000	-1.0000	-1.0000	-1.0000	-1.0000	-1.0000	-1.0000	-1.0000	-1.0000	-1.0000	-1.0000	-1.0000	-1.0000	-1.0000	-1.0000	-1.0000	-1.0000		0	TVA	-1.0000	-1	0.000000	None	None	-1	0	0	None	None	None	None	None	-1	-1	-1.000000	-1.000000	-1.000000	-1.000000		-1	-1
SQN_DSMixingZoneLeft_Layer_21	SQN_DSMixingZoneLeft_Layer_21	SQN_DSMixingZoneLeft	0.000000	0.000000	0.000000	0.0000	0.0000	0.000000	None	-1.0000	-1					-1	-1	-1	0	0	0.0000	-1.0000	-1.0000	-1.0000	-1.0000	-1.0000	-1.0000	-1.0000	-1.0000	-1.0000	-1.0000	-1.0000	-1.0000	-1.0000	-1.0000	-1.0000	-1.0000		0	TVA	-1.0000	-1	0.000000	None	None	-1	0	0	None	None	None	None	None	-1	-1	-1.000000	-1.000000	-1.000000	-1.000000		-1	-1
SQN_DSMixingZoneLeft_Layer_22	SQN_DSMixingZoneLeft_Layer_22	SQN_DSMixingZoneLeft	0.000000	0.000000	0.000000	0.0000	0.0000	0.000000	None	-1.0000	-1					-1	-1	-1	0	0	0.0000	-1.0000	-1.0000	-1.0000	-1.0000	-1.0000	-1.0000	-1.0000	-1.0000	-1.0000	-1.0000	-1.0000	-1.0000	-1.0000	-1.0000	-1.0000	-1.0000		0	TVA	-1.0000	-1	0.000000	None	None	-1	0	0	None	None	None	None	None	-1	-1	-1.000000	-1.000000	-1.000000	-1.000000		-1	-1
SQN_DSMixingZoneLeft_Layer_23	SQN_DSMixingZoneLeft_Layer_23	SQN_DSMixingZoneLeft	0.000000	0.000000	0.000000	0.0000	0.0000	0.000000	None	-1.0000	-1					-1	-1	-1	0	0	0.0000	-1.0000	-1.0000	-1.0000	-1.0000	-1.0000	-1.0000	-1.0000	-1.0000	-1.0000	-1.0000	-1.0000	-1.0000	-1.0000	-1.0000	-1.0000	-1.0000		0	TVA	-1.0000	-1	0.000000	None	None	-1	0	0	None	None	None	None	None	-1	-1	-1.000000	-1.000000	-1.000000	-1.000000		-1	-1
SQN_DSMixingZoneLeft_Layer_24	SQN_DSMixingZoneLeft_Layer_24	SQN_DSMixingZoneLeft	0.000000	0.000000	0.000000	0.0000	0.0000	0.000000	None	-1.0000	-1					-1	-1	-1	0	0	0.0000	-1.0000	-1.0000	-1.0000	-1.0000	-1.0000	-1.0000	-1.0000	-1.0000	-1.0000	-1.0000	-1.0000	-1.0000	-1.0000	-1.0000	-1.0000	-1.0000		0	TVA	-1.0000	-1	0.000000	None	None	-1	0	0	None	None	None	None	None	-1	-1	-1.000000	-1.000000	-1.000000	-1.000000		-1	-1
SQN_DSMixingZoneLeft_Layer_25	SQN_DSMixingZoneLeft_Layer_25	SQN_DSMixingZoneLeft	0.000000	0.000000	0.000000	0.0000	0.0000	0.000000	None	-1.0000	-1					-1	-1	-1	0	0	0.0000	-1.0000	-1.0000	-1.0000	-1.0000	-1.0000	-1.0000	-1.0000	-1.0000	-1.0000	-1.0000	-1.0000	-1.0000	-1.0000	-1.0000	-1.0000	-1.0000		0	TVA	-1.0000	-1	0.000000	None	None	-1	0	0	None	None	None	None	None	-1	-1	-1.000000	-1.000000	-1.000000	-1.000000		-1	-1
SQN_DSMixingZoneLeft_Layer_26	SQN_DSMixingZoneLeft_Layer_26	SQN_DSMixingZoneLeft	0.000000	0.000000	0.000000	0.0000	0.0000	0.000000	None	-1.0000	-1					-1	-1	-1	0	0	0.0000	-1.0000	-1.0000	-1.0000	-1.0000	-1.0000	-1.0000	-1.0000	-1.0000	-1.0000	-1.0000	-1.0000	-1.0000	-1.0000	-1.0000	-1.0000	-1.0000		0	TVA	-1.0000	-1	0.000000	None	None	-1	0	0	None	None	None	None	None	-1	-1	-1.000000	-1.000000	-1.000000	-1.000000		-1	-1
SQN_DSMixingZoneLeft_Layer_27	SQN_DSMixingZoneLeft_Layer_27	SQN_DSMixingZoneLeft	0.000000	0.000000	0.000000	0.0000	0.0000	0.000000	None	-1.0000	-1					-1	-1	-1	0	0	0.0000	-1.0000	-1.0000	-1.0000	-1.0000	-1.0000	-1.0000	-1.0000	-1.0000	-1.0000	-1.0000	-1.0000	-1.0000	-1.0000	-1.0000	-1.0000	-1.0000		0	TVA	-1.0000	-1	0.000000	None	None	-1	0	0	None	None	None	None	None	-1	-1	-1.000000	-1.000000	-1.000000	-1.000000		-1	-1
SQN_DSMixingZoneLeft_Layer_28	SQN_DSMixingZoneLeft_Layer_28	SQN_DSMixingZoneLeft	0.000000	0.000000	0.000000	0.0000	0.0000	0.000000	None	-1.0000	-1					-1	-1	-1	0	0	0.0000	-1.0000	-1.0000	-1.0000	-1.0000	-1.0000	-1.0000	-1.0000	-1.0000	-1.0000	-1.0000	-1.0000	-1.0000	-1.0000	-1.0000	-1.0000	-1.0000		0	TVA	-1.0000	-1	0.000000	None	None	-1	0	0	None	None	None	None	None	-1	-1	-1.000000	-1.000000	-1.000000	-1.000000		-1	-1
SQN_DSMixingZoneLeft_Layer_29	SQN_DSMixingZoneLeft_Layer_29	SQN_DSMixingZoneLeft	0.000000	0.000000	0.000000	0.0000	0.0000	0.000000	None	-1.0000	-1					-1	-1	-1	0	0	0.0000	-1.0000	-1.0000	-1.0000	-1.0000	-1.0000	-1.0000	-1.0000	-1.0000	-1.0000	-1.0000	-1.0000	-1.0000	-1.0000	-1.0000	-1.0000	-1.0000		0	TVA	-1.0000	-1	0.000000	None	None	-1	0	0	None	None	None	None	None	-1	-1	-1.000000	-1.000000	-1.000000	-1.000000		-1	-1
SQN_DSMixingZoneLeft_Layer_3	SQN_DSMixingZoneLeft_Layer_3	SQN_DSMixingZoneLeft	0.000000	0.000000	0.000000	0.0000	0.0000	0.000000	None	-1.0000	-1					-1	-1	-1	0	0	0.0000	-1.0000	-1.0000	-1.0000	-1.0000	-1.0000	-1.0000	-1.0000	-1.0000	-1.0000	-1.0000	-1.0000	-1.0000	-1.0000	-1.0000	-1.0000	-1.0000		0	TVA	-1.0000	-1	0.000000	None	None	-1	0	0	None	None	None	None	None	-1	-1	-1.000000	-1.000000	-1.000000	-1.000000		-1	-1
SQN_DSMixingZoneLeft_Layer_30	SQN_DSMixingZoneLeft_Layer_30	SQN_DSMixingZoneLeft	0.000000	0.000000	0.000000	0.0000	0.0000	0.000000	None	-1.0000	-1					-1	-1	-1	0	0	0.0000	-1.0000	-1.0000	-1.0000	-1.0000	-1.0000	-1.0000	-1.0000	-1.0000	-1.0000	-1.0000	-1.0000	-1.0000	-1.0000	-1.0000	-1.0000	-1.0000		0	TVA	-1.0000	-1	0.000000	None	None	-1	0	0	None	None	None	None	None	-1	-1	-1.000000	-1.000000	-1.000000	-1.000000		-1	-1
SQN_DSMixingZoneLeft_Layer_4	SQN_DSMixingZoneLeft_Layer_4	SQN_DSMixingZoneLeft	0.000000	0.000000	0.000000	0.0000	0.0000	0.000000	None	-1.0000	-1					-1	-1	-1	0	0	0.0000	-1.0000	-1.0000	-1.0000	-1.0000	-1.0000	-1.0000	-1.0000	-1.0000	-1.0000	-1.0000	-1.0000	-1.0000	-1.0000	-1.0000	-1.0000	-1.0000		0	TVA	-1.0000	-1	0.000000	None	None	-1	0	0	None	None	None	None	None	-1	-1	-1.000000	-1.000000	-1.000000	-1.000000		-1	-1
SQN_DSMixingZoneLeft_Layer_5	SQN_DSMixingZoneLeft_Layer_5	SQN_DSMixingZoneLeft	0.000000	0.000000	0.000000	0.0000	0.0000	0.000000	None	-1.0000	-1					-1	-1	-1	0	0	0.0000	-1.0000	-1.0000	-1.0000	-1.0000	-1.0000	-1.0000	-1.0000	-1.0000	-1.0000	-1.0000	-1.0000	-1.0000	-1.0000	-1.0000	-1.0000	-1.0000		0	TVA	-1.0000	-1	0.000000	None	None	-1	0	0	None	None	None	None	None	-1	-1	-1.000000	-1.000000	-1.000000	-1.000000		-1	-1
SQN_DSMixingZoneLeft_Layer_6	SQN_DSMixingZoneLeft_Layer_6	SQN_DSMixingZoneLeft	0.000000	0.000000	0.000000	0.0000	0.0000	0.000000	None	-1.0000	-1					-1	-1	-1	0	0	0.0000	-1.0000	-1.0000	-1.0000	-1.0000	-1.0000	-1.0000	-1.0000	-1.0000	-1.0000	-1.0000	-1.0000	-1.0000	-1.0000	-1.0000	-1.0000	-1.0000		0	TVA	-1.0000	-1	0.000000	None	None	-1	0	0	None	None	None	None	None	-1	-1	-1.000000	-1.000000	-1.000000	-1.000000		-1	-1
SQN_DSMixingZoneLeft_Layer_7	SQN_DSMixingZoneLeft_Layer_7	SQN_DSMixingZoneLeft	0.000000	0.000000	0.000000	0.0000	0.0000	0.000000	None	-1.0000	-1					-1	-1	-1	0	0	0.0000	-1.0000	-1.0000	-1.0000	-1.0000	-1.0000	-1.0000	-1.0000	-1.0000	-1.0000	-1.0000	-1.0000	-1.0000	-1.0000	-1.0000	-1.0000	-1.0000		0	TVA	-1.0000	-1	0.000000	None	None	-1	0	0	None	None	None	None	None	-1	-1	-1.000000	-1.000000	-1.000000	-1.000000		-1	-1
SQN_DSMixingZoneLeft_Layer_8	SQN_DSMixingZoneLeft_Layer_8	SQN_DSMixingZoneLeft	0.000000	0.000000	0.000000	0.0000	0.0000	0.000000	None	-1.0000	-1					-1	-1	-1	0	0	0.0000	-1.0000	-1.0000	-1.0000	-1.0000	-1.0000	-1.0000	-1.0000	-1.0000	-1.0000	-1.0000	-1.0000	-1.0000	-1.0000	-1.0000	-1.0000	-1.0000		0	TVA	-1.0000	-1	0.000000	None	None	-1	0	0	None	None	None	None	None	-1	-1	-1.000000	-1.000000	-1.000000	-1.000000		-1	-1
SQN_DSMixingZoneLeft_Layer_9	SQN_DSMixingZoneLeft_Layer_9	SQN_DSMixingZoneLeft	0.000000	0.000000	0.000000	0.0000	0.0000	0.000000	None	-1.0000	-1					-1	-1	-1	0	0	0.0000	-1.0000	-1.0000	-1.0000	-1.0000	-1.0000	-1.0000	-1.0000	-1.0000	-1.0000	-1.0000	-1.0000	-1.0000	-1.0000	-1.0000	-1.0000	-1.0000		0	TVA	-1.0000	-1	0.000000	None	None	-1	0	0	None	None	None	None	None	-1	-1	-1.000000	-1.000000	-1.000000	-1.000000		-1	-1
SQN_DSMixingZoneRight	SQN_DSMixingZoneRight D3D profiles	SQN_DSMixingZoneRight	35.213774	-85.092211	0.000000	0.0000	0.0000	0.000000	None	-1.0000	-1					-1	-1	-1	0	0	0.0000	-1.0000	-1.0000	-1.0000	-1.0000	-1.0000	-1.0000	-1.0000	-1.0000	-1.0000	-1.0000	-1.0000	-1.0000	-1.0000	-1.0000	-1.0000	-1.0000		0		-1.0000	-1	0.000000	None	None	-1	0	0	None	None	None	None	None	-1	-1	-1.000000	-1.000000	-1.000000	-1.000000		-1	-1
SQN_DSMixingZoneRight_3ft	SQN_DSMixingZoneRight_3ft	SQN DS Mixing Zone Right	35.213774	-85.092211	0.000000	0.0000	0.0000	0.000000	None	-1.0000	-1					-1	-1	-1	0	0	0.0000	-1.0000	-1.0000	-1.0000	-1.0000	-1.0000	-1.0000	-1.0000	-1.0000	-1.0000	-1.0000	-1.0000	-1.0000	-1.0000	-1.0000	-1.0000	-1.0000		0	TVA	-1.0000	-1	0.000000	None	None	-1	0	0	None	None	None	None	None	-1	-1	-1.000000	-1.000000	-1.000000	-1.000000		-1	-1
SQN_DSMixingZoneRight_5ft	SQN_DSMixingZoneRight_5ft	SQN DS Mixing Zone Right	35.213774	-85.092211	0.000000	0.0000	0.0000	0.000000	None	-1.0000	-1					-1	-1	-1	0	0	0.0000	-1.0000	-1.0000	-1.0000	-1.0000	-1.0000	-1.0000	-1.0000	-1.0000	-1.0000	-1.0000	-1.0000	-1.0000	-1.0000	-1.0000	-1.0000	-1.0000		0	TVA	-1.0000	-1	0.000000	None	None	-1	0	0	None	None	None	None	None	-1	-1	-1.000000	-1.000000	-1.000000	-1.000000		-1	-1
SQN_DSMixingZoneRight_7ft	SQN_DSMixingZoneRight_7ft	SQN DS Mixing Zone Right	35.213774	-85.092211	0.000000	0.0000	0.0000	0.000000	None	-1.0000	-1					-1	-1	-1	0	0	0.0000	-1.0000	-1.0000	-1.0000	-1.0000	-1.0000	-1.0000	-1.0000	-1.0000	-1.0000	-1.0000	-1.0000	-1.0000	-1.0000	-1.0000	-1.0000	-1.0000		0	TVA	-1.0000	-1	0.000000	None	None	-1	0	0	None	None	None	None	None	-1	-1	-1.000000	-1.000000	-1.000000	-1.000000		-1	-1
SQN_DSMixingZoneRight_Layer_1	SQN_DSMixingZoneRight_Layer_1	SQN_DSMixingZoneRight	0.000000	0.000000	0.000000	0.0000	0.0000	0.000000	None	-1.0000	-1					-1	-1	-1	0	0	0.0000	-1.0000	-1.0000	-1.0000	-1.0000	-1.0000	-1.0000	-1.0000	-1.0000	-1.0000	-1.0000	-1.0000	-1.0000	-1.0000	-1.0000	-1.0000	-1.0000		0	TVA	-1.0000	-1	0.000000	None	None	-1	0	0	None	None	None	None	None	-1	-1	-1.000000	-1.000000	-1.000000	-1.000000		-1	-1
SQN_DSMixingZoneRight_Layer_10	SQN_DSMixingZoneRight_Layer_10	SQN_DSMixingZoneRight	0.000000	0.000000	0.000000	0.0000	0.0000	0.000000	None	-1.0000	-1					-1	-1	-1	0	0	0.0000	-1.0000	-1.0000	-1.0000	-1.0000	-1.0000	-1.0000	-1.0000	-1.0000	-1.0000	-1.0000	-1.0000	-1.0000	-1.0000	-1.0000	-1.0000	-1.0000		0	TVA	-1.0000	-1	0.000000	None	None	-1	0	0	None	None	None	None	None	-1	-1	-1.000000	-1.000000	-1.000000	-1.000000		-1	-1
SQN_DSMixingZoneRight_Layer_11	SQN_DSMixingZoneRight_Layer_11	SQN_DSMixingZoneRight	0.000000	0.000000	0.000000	0.0000	0.0000	0.000000	None	-1.0000	-1					-1	-1	-1	0	0	0.0000	-1.0000	-1.0000	-1.0000	-1.0000	-1.0000	-1.0000	-1.0000	-1.0000	-1.0000	-1.0000	-1.0000	-1.0000	-1.0000	-1.0000	-1.0000	-1.0000		0	TVA	-1.0000	-1	0.000000	None	None	-1	0	0	None	None	None	None	None	-1	-1	-1.000000	-1.000000	-1.000000	-1.000000		-1	-1
SQN_DSMixingZoneRight_Layer_12	SQN_DSMixingZoneRight_Layer_12	SQN_DSMixingZoneRight	0.000000	0.000000	0.000000	0.0000	0.0000	0.000000	None	-1.0000	-1					-1	-1	-1	0	0	0.0000	-1.0000	-1.0000	-1.0000	-1.0000	-1.0000	-1.0000	-1.0000	-1.0000	-1.0000	-1.0000	-1.0000	-1.0000	-1.0000	-1.0000	-1.0000	-1.0000		0	TVA	-1.0000	-1	0.000000	None	None	-1	0	0	None	None	None	None	None	-1	-1	-1.000000	-1.000000	-1.000000	-1.000000		-1	-1
SQN_DSMixingZoneRight_Layer_13	SQN_DSMixingZoneRight_Layer_13	SQN_DSMixingZoneRight	0.000000	0.000000	0.000000	0.0000	0.0000	0.000000	None	-1.0000	-1					-1	-1	-1	0	0	0.0000	-1.0000	-1.0000	-1.0000	-1.0000	-1.0000	-1.0000	-1.0000	-1.0000	-1.0000	-1.0000	-1.0000	-1.0000	-1.0000	-1.0000	-1.0000	-1.0000		0	TVA	-1.0000	-1	0.000000	None	None	-1	0	0	None	None	None	None	None	-1	-1	-1.000000	-1.000000	-1.000000	-1.000000		-1	-1
SQN_DSMixingZoneRight_Layer_14	SQN_DSMixingZoneRight_Layer_14	SQN_DSMixingZoneRight	0.000000	0.000000	0.000000	0.0000	0.0000	0.000000	None	-1.0000	-1					-1	-1	-1	0	0	0.0000	-1.0000	-1.0000	-1.0000	-1.0000	-1.0000	-1.0000	-1.0000	-1.0000	-1.0000	-1.0000	-1.0000	-1.0000	-1.0000	-1.0000	-1.0000	-1.0000		0	TVA	-1.0000	-1	0.000000	None	None	-1	0	0	None	None	None	None	None	-1	-1	-1.000000	-1.000000	-1.000000	-1.000000		-1	-1
SQN_DSMixingZoneRight_Layer_15	SQN_DSMixingZoneRight_Layer_15	SQN_DSMixingZoneRight	0.000000	0.000000	0.000000	0.0000	0.0000	0.000000	None	-1.0000	-1					-1	-1	-1	0	0	0.0000	-1.0000	-1.0000	-1.0000	-1.0000	-1.0000	-1.0000	-1.0000	-1.0000	-1.0000	-1.0000	-1.0000	-1.0000	-1.0000	-1.0000	-1.0000	-1.0000		0	TVA	-1.0000	-1	0.000000	None	None	-1	0	0	None	None	None	None	None	-1	-1	-1.000000	-1.000000	-1.000000	-1.000000		-1	-1
SQN_DSMixingZoneRight_Layer_16	SQN_DSMixingZoneRight_Layer_16	SQN_DSMixingZoneRight	0.000000	0.000000	0.000000	0.0000	0.0000	0.000000	None	-1.0000	-1					-1	-1	-1	0	0	0.0000	-1.0000	-1.0000	-1.0000	-1.0000	-1.0000	-1.0000	-1.0000	-1.0000	-1.0000	-1.0000	-1.0000	-1.0000	-1.0000	-1.0000	-1.0000	-1.0000		0	TVA	-1.0000	-1	0.000000	None	None	-1	0	0	None	None	None	None	None	-1	-1	-1.000000	-1.000000	-1.000000	-1.000000		-1	-1
SQN_DSMixingZoneRight_Layer_17	SQN_DSMixingZoneRight_Layer_17	SQN_DSMixingZoneRight	0.000000	0.000000	0.000000	0.0000	0.0000	0.000000	None	-1.0000	-1					-1	-1	-1	0	0	0.0000	-1.0000	-1.0000	-1.0000	-1.0000	-1.0000	-1.0000	-1.0000	-1.0000	-1.0000	-1.0000	-1.0000	-1.0000	-1.0000	-1.0000	-1.0000	-1.0000		0	TVA	-1.0000	-1	0.000000	None	None	-1	0	0	None	None	None	None	None	-1	-1	-1.000000	-1.000000	-1.000000	-1.000000		-1	-1
SQN_DSMixingZoneRight_Layer_18	SQN_DSMixingZoneRight_Layer_18	SQN_DSMixingZoneRight	0.000000	0.000000	0.000000	0.0000	0.0000	0.000000	None	-1.0000	-1					-1	-1	-1	0	0	0.0000	-1.0000	-1.0000	-1.0000	-1.0000	-1.0000	-1.0000	-1.0000	-1.0000	-1.0000	-1.0000	-1.0000	-1.0000	-1.0000	-1.0000	-1.0000	-1.0000		0	TVA	-1.0000	-1	0.000000	None	None	-1	0	0	None	None	None	None	None	-1	-1	-1.000000	-1.000000	-1.000000	-1.000000		-1	-1
SQN_DSMixingZoneRight_Layer_19	SQN_DSMixingZoneRight_Layer_19	SQN_DSMixingZoneRight	0.000000	0.000000	0.000000	0.0000	0.0000	0.000000	None	-1.0000	-1					-1	-1	-1	0	0	0.0000	-1.0000	-1.0000	-1.0000	-1.0000	-1.0000	-1.0000	-1.0000	-1.0000	-1.0000	-1.0000	-1.0000	-1.0000	-1.0000	-1.0000	-1.0000	-1.0000		0	TVA	-1.0000	-1	0.000000	None	None	-1	0	0	None	None	None	None	None	-1	-1	-1.000000	-1.000000	-1.000000	-1.000000		-1	-1
SQN_DSMixingZoneRight_Layer_2	SQN_DSMixingZoneRight_Layer_2	SQN_DSMixingZoneRight	0.000000	0.000000	0.000000	0.0000	0.0000	0.000000	None	-1.0000	-1					-1	-1	-1	0	0	0.0000	-1.0000	-1.0000	-1.0000	-1.0000	-1.0000	-1.0000	-1.0000	-1.0000	-1.0000	-1.0000	-1.0000	-1.0000	-1.0000	-1.0000	-1.0000	-1.0000		0	TVA	-1.0000	-1	0.000000	None	None	-1	0	0	None	None	None	None	None	-1	-1	-1.000000	-1.000000	-1.000000	-1.000000		-1	-1
SQN_DSMixingZoneRight_Layer_20	SQN_DSMixingZoneRight_Layer_20	SQN_DSMixingZoneRight	0.000000	0.000000	0.000000	0.0000	0.0000	0.000000	None	-1.0000	-1					-1	-1	-1	0	0	0.0000	-1.0000	-1.0000	-1.0000	-1.0000	-1.0000	-1.0000	-1.0000	-1.0000	-1.0000	-1.0000	-1.0000	-1.0000	-1.0000	-1.0000	-1.0000	-1.0000		0	TVA	-1.0000	-1	0.000000	None	None	-1	0	0	None	None	None	None	None	-1	-1	-1.000000	-1.000000	-1.000000	-1.000000		-1	-1
SQN_DSMixingZoneRight_Layer_21	SQN_DSMixingZoneRight_Layer_21	SQN_DSMixingZoneRight	0.000000	0.000000	0.000000	0.0000	0.0000	0.000000	None	-1.0000	-1					-1	-1	-1	0	0	0.0000	-1.0000	-1.0000	-1.0000	-1.0000	-1.0000	-1.0000	-1.0000	-1.0000	-1.0000	-1.0000	-1.0000	-1.0000	-1.0000	-1.0000	-1.0000	-1.0000		0	TVA	-1.0000	-1	0.000000	None	None	-1	0	0	None	None	None	None	None	-1	-1	-1.000000	-1.000000	-1.000000	-1.000000		-1	-1
SQN_DSMixingZoneRight_Layer_22	SQN_DSMixingZoneRight_Layer_22	SQN_DSMixingZoneRight	0.000000	0.000000	0.000000	0.0000	0.0000	0.000000	None	-1.0000	-1					-1	-1	-1	0	0	0.0000	-1.0000	-1.0000	-1.0000	-1.0000	-1.0000	-1.0000	-1.0000	-1.0000	-1.0000	-1.0000	-1.0000	-1.0000	-1.0000	-1.0000	-1.0000	-1.0000		0	TVA	-1.0000	-1	0.000000	None	None	-1	0	0	None	None	None	None	None	-1	-1	-1.000000	-1.000000	-1.000000	-1.000000		-1	-1
SQN_DSMixingZoneRight_Layer_23	SQN_DSMixingZoneRight_Layer_23	SQN_DSMixingZoneRight	0.000000	0.000000	0.000000	0.0000	0.0000	0.000000	None	-1.0000	-1					-1	-1	-1	0	0	0.0000	-1.0000	-1.0000	-1.0000	-1.0000	-1.0000	-1.0000	-1.0000	-1.0000	-1.0000	-1.0000	-1.0000	-1.0000	-1.0000	-1.0000	-1.0000	-1.0000		0	TVA	-1.0000	-1	0.000000	None	None	-1	0	0	None	None	None	None	None	-1	-1	-1.000000	-1.000000	-1.000000	-1.000000		-1	-1
SQN_DSMixingZoneRight_Layer_24	SQN_DSMixingZoneRight_Layer_24	SQN_DSMixingZoneRight	0.000000	0.000000	0.000000	0.0000	0.0000	0.000000	None	-1.0000	-1					-1	-1	-1	0	0	0.0000	-1.0000	-1.0000	-1.0000	-1.0000	-1.0000	-1.0000	-1.0000	-1.0000	-1.0000	-1.0000	-1.0000	-1.0000	-1.0000	-1.0000	-1.0000	-1.0000		0	TVA	-1.0000	-1	0.000000	None	None	-1	0	0	None	None	None	None	None	-1	-1	-1.000000	-1.000000	-1.000000	-1.000000		-1	-1
SQN_DSMixingZoneRight_Layer_25	SQN_DSMixingZoneRight_Layer_25	SQN_DSMixingZoneRight	0.000000	0.000000	0.000000	0.0000	0.0000	0.000000	None	-1.0000	-1					-1	-1	-1	0	0	0.0000	-1.0000	-1.0000	-1.0000	-1.0000	-1.0000	-1.0000	-1.0000	-1.0000	-1.0000	-1.0000	-1.0000	-1.0000	-1.0000	-1.0000	-1.0000	-1.0000		0	TVA	-1.0000	-1	0.000000	None	None	-1	0	0	None	None	None	None	None	-1	-1	-1.000000	-1.000000	-1.000000	-1.000000		-1	-1
SQN_DSMixingZoneRight_Layer_26	SQN_DSMixingZoneRight_Layer_26	SQN_DSMixingZoneRight	0.000000	0.000000	0.000000	0.0000	0.0000	0.000000	None	-1.0000	-1					-1	-1	-1	0	0	0.0000	-1.0000	-1.0000	-1.0000	-1.0000	-1.0000	-1.0000	-1.0000	-1.0000	-1.0000	-1.0000	-1.0000	-1.0000	-1.0000	-1.0000	-1.0000	-1.0000		0	TVA	-1.0000	-1	0.000000	None	None	-1	0	0	None	None	None	None	None	-1	-1	-1.000000	-1.000000	-1.000000	-1.000000		-1	-1
SQN_DSMixingZoneRight_Layer_27	SQN_DSMixingZoneRight_Layer_27	SQN_DSMixingZoneRight	0.000000	0.000000	0.000000	0.0000	0.0000	0.000000	None	-1.0000	-1					-1	-1	-1	0	0	0.0000	-1.0000	-1.0000	-1.0000	-1.0000	-1.0000	-1.0000	-1.0000	-1.0000	-1.0000	-1.0000	-1.0000	-1.0000	-1.0000	-1.0000	-1.0000	-1.0000		0	TVA	-1.0000	-1	0.000000	None	None	-1	0	0	None	None	None	None	None	-1	-1	-1.000000	-1.000000	-1.000000	-1.000000		-1	-1
SQN_DSMixingZoneRight_Layer_28	SQN_DSMixingZoneRight_Layer_28	SQN_DSMixingZoneRight	0.000000	0.000000	0.000000	0.0000	0.0000	0.000000	None	-1.0000	-1					-1	-1	-1	0	0	0.0000	-1.0000	-1.0000	-1.0000	-1.0000	-1.0000	-1.0000	-1.0000	-1.0000	-1.0000	-1.0000	-1.0000	-1.0000	-1.0000	-1.0000	-1.0000	-1.0000		0	TVA	-1.0000	-1	0.000000	None	None	-1	0	0	None	None	None	None	None	-1	-1	-1.000000	-1.000000	-1.000000	-1.000000		-1	-1
SQN_DSMixingZoneRight_Layer_29	SQN_DSMixingZoneRight_Layer_29	SQN_DSMixingZoneRight	0.000000	0.000000	0.000000	0.0000	0.0000	0.000000	None	-1.0000	-1					-1	-1	-1	0	0	0.0000	-1.0000	-1.0000	-1.0000	-1.0000	-1.0000	-1.0000	-1.0000	-1.0000	-1.0000	-1.0000	-1.0000	-1.0000	-1.0000	-1.0000	-1.0000	-1.0000		0	TVA	-1.0000	-1	0.000000	None	None	-1	0	0	None	None	None	None	None	-1	-1	-1.000000	-1.000000	-1.000000	-1.000000		-1	-1
SQN_DSMixingZoneRight_Layer_3	SQN_DSMixingZoneRight_Layer_3	SQN_DSMixingZoneRight	0.000000	0.000000	0.000000	0.0000	0.0000	0.000000	None	-1.0000	-1					-1	-1	-1	0	0	0.0000	-1.0000	-1.0000	-1.0000	-1.0000	-1.0000	-1.0000	-1.0000	-1.0000	-1.0000	-1.0000	-1.0000	-1.0000	-1.0000	-1.0000	-1.0000	-1.0000		0	TVA	-1.0000	-1	0.000000	None	None	-1	0	0	None	None	None	None	None	-1	-1	-1.000000	-1.000000	-1.000000	-1.000000		-1	-1
SQN_DSMixingZoneRight_Layer_30	SQN_DSMixingZoneRight_Layer_30	SQN_DSMixingZoneRight	0.000000	0.000000	0.000000	0.0000	0.0000	0.000000	None	-1.0000	-1					-1	-1	-1	0	0	0.0000	-1.0000	-1.0000	-1.0000	-1.0000	-1.0000	-1.0000	-1.0000	-1.0000	-1.0000	-1.0000	-1.0000	-1.0000	-1.0000	-1.0000	-1.0000	-1.0000		0	TVA	-1.0000	-1	0.000000	None	None	-1	0	0	None	None	None	None	None	-1	-1	-1.000000	-1.000000	-1.000000	-1.000000		-1	-1
SQN_DSMixingZoneRight_Layer_4	SQN_DSMixingZoneRight_Layer_4	SQN_DSMixingZoneRight	0.000000	0.000000	0.000000	0.0000	0.0000	0.000000	None	-1.0000	-1					-1	-1	-1	0	0	0.0000	-1.0000	-1.0000	-1.0000	-1.0000	-1.0000	-1.0000	-1.0000	-1.0000	-1.0000	-1.0000	-1.0000	-1.0000	-1.0000	-1.0000	-1.0000	-1.0000		0	TVA	-1.0000	-1	0.000000	None	None	-1	0	0	None	None	None	None	None	-1	-1	-1.000000	-1.000000	-1.000000	-1.000000		-1	-1
SQN_DSMixingZoneRight_Layer_5	SQN_DSMixingZoneRight_Layer_5	SQN_DSMixingZoneRight	0.000000	0.000000	0.000000	0.0000	0.0000	0.000000	None	-1.0000	-1					-1	-1	-1	0	0	0.0000	-1.0000	-1.0000	-1.0000	-1.0000	-1.0000	-1.0000	-1.0000	-1.0000	-1.0000	-1.0000	-1.0000	-1.0000	-1.0000	-1.0000	-1.0000	-1.0000		0	TVA	-1.0000	-1	0.000000	None	None	-1	0	0	None	None	None	None	None	-1	-1	-1.000000	-1.000000	-1.000000	-1.000000		-1	-1
SQN_DSMixingZoneRight_Layer_6	SQN_DSMixingZoneRight_Layer_6	SQN_DSMixingZoneRight	0.000000	0.000000	0.000000	0.0000	0.0000	0.000000	None	-1.0000	-1					-1	-1	-1	0	0	0.0000	-1.0000	-1.0000	-1.0000	-1.0000	-1.0000	-1.0000	-1.0000	-1.0000	-1.0000	-1.0000	-1.0000	-1.0000	-1.0000	-1.0000	-1.0000	-1.0000		0	TVA	-1.0000	-1	0.000000	None	None	-1	0	0	None	None	None	None	None	-1	-1	-1.000000	-1.000000	-1.000000	-1.000000		-1	-1
SQN_DSMixingZoneRight_Layer_7	SQN_DSMixingZoneRight_Layer_7	SQN_DSMixingZoneRight	0.000000	0.000000	0.000000	0.0000	0.0000	0.000000	None	-1.0000	-1					-1	-1	-1	0	0	0.0000	-1.0000	-1.0000	-1.0000	-1.0000	-1.0000	-1.0000	-1.0000	-1.0000	-1.0000	-1.0000	-1.0000	-1.0000	-1.0000	-1.0000	-1.0000	-1.0000		0	TVA	-1.0000	-1	0.000000	None	None	-1	0	0	None	None	None	None	None	-1	-1	-1.000000	-1.000000	-1.000000	-1.000000		-1	-1
SQN_DSMixingZoneRight_Layer_8	SQN_DSMixingZoneRight_Layer_8	SQN_DSMixingZoneRight	0.000000	0.000000	0.000000	0.0000	0.0000	0.000000	None	-1.0000	-1					-1	-1	-1	0	0	0.0000	-1.0000	-1.0000	-1.0000	-1.0000	-1.0000	-1.0000	-1.0000	-1.0000	-1.0000	-1.0000	-1.0000	-1.0000	-1.0000	-1.0000	-1.0000	-1.0000		0	TVA	-1.0000	-1	0.000000	None	None	-1	0	0	None	None	None	None	None	-1	-1	-1.000000	-1.000000	-1.000000	-1.000000		-1	-1
SQN_DSMixingZoneRight_Layer_9	SQN_DSMixingZoneRight_Layer_9	SQN_DSMixingZoneRight	0.000000	0.000000	0.000000	0.0000	0.0000	0.000000	None	-1.0000	-1					-1	-1	-1	0	0	0.0000	-1.0000	-1.0000	-1.0000	-1.0000	-1.0000	-1.0000	-1.0000	-1.0000	-1.0000	-1.0000	-1.0000	-1.0000	-1.0000	-1.0000	-1.0000	-1.0000		0	TVA	-1.0000	-1	0.000000	None	None	-1	0	0	None	None	None	None	None	-1	-1	-1.000000	-1.000000	-1.000000	-1.000000		-1	-1
SQN_Intake	SQN_Intake D3D profiles	SQN_Intake	35.229000	-85.088000	0.000000	0.0000	0.0000	0.000000	None	-1.0000	-1					-1	-1	-1	0	0	0.0000	-1.0000	-1.0000	-1.0000	-1.0000	-1.0000	-1.0000	-1.0000	-1.0000	-1.0000	-1.0000	-1.0000	-1.0000	-1.0000	-1.0000	-1.0000	-1.0000		0		-1.0000	-1	0.000000	None	None	-1	0	0	None	None	None	None	None	-1	-1	-1.000000	-1.000000	-1.000000	-1.000000		-1	-1
SQN_Intake_Layer_1	SQN_Intake_Layer_1	SQN_Intake	0.000000	0.000000	0.000000	0.0000	0.0000	0.000000	None	-1.0000	-1					-1	-1	-1	0	0	0.0000	-1.0000	-1.0000	-1.0000	-1.0000	-1.0000	-1.0000	-1.0000	-1.0000	-1.0000	-1.0000	-1.0000	-1.0000	-1.0000	-1.0000	-1.0000	-1.0000		0	TVA	-1.0000	-1	0.000000	None	None	-1	0	0	None	None	None	None	None	-1	-1	-1.000000	-1.000000	-1.000000	-1.000000		-1	-1
SQN_Intake_Layer_10	SQN_Intake_Layer_10	SQN_Intake	0.000000	0.000000	0.000000	0.0000	0.0000	0.000000	None	-1.0000	-1					-1	-1	-1	0	0	0.0000	-1.0000	-1.0000	-1.0000	-1.0000	-1.0000	-1.0000	-1.0000	-1.0000	-1.0000	-1.0000	-1.0000	-1.0000	-1.0000	-1.0000	-1.0000	-1.0000		0	TVA	-1.0000	-1	0.000000	None	None	-1	0	0	None	None	None	None	None	-1	-1	-1.000000	-1.000000	-1.000000	-1.000000		-1	-1
SQN_Intake_Layer_11	SQN_Intake_Layer_11	SQN_Intake	0.000000	0.000000	0.000000	0.0000	0.0000	0.000000	None	-1.0000	-1					-1	-1	-1	0	0	0.0000	-1.0000	-1.0000	-1.0000	-1.0000	-1.0000	-1.0000	-1.0000	-1.0000	-1.0000	-1.0000	-1.0000	-1.0000	-1.0000	-1.0000	-1.0000	-1.0000		0	TVA	-1.0000	-1	0.000000	None	None	-1	0	0	None	None	None	None	None	-1	-1	-1.000000	-1.000000	-1.000000	-1.000000		-1	-1
SQN_Intake_Layer_12	SQN_Intake_Layer_12	SQN_Intake	0.000000	0.000000	0.000000	0.0000	0.0000	0.000000	None	-1.0000	-1					-1	-1	-1	0	0	0.0000	-1.0000	-1.0000	-1.0000	-1.0000	-1.0000	-1.0000	-1.0000	-1.0000	-1.0000	-1.0000	-1.0000	-1.0000	-1.0000	-1.0000	-1.0000	-1.0000		0	TVA	-1.0000	-1	0.000000	None	None	-1	0	0	None	None	None	None	None	-1	-1	-1.000000	-1.000000	-1.000000	-1.000000		-1	-1
SQN_Intake_Layer_13	SQN_Intake_Layer_13	SQN_Intake	0.000000	0.000000	0.000000	0.0000	0.0000	0.000000	None	-1.0000	-1					-1	-1	-1	0	0	0.0000	-1.0000	-1.0000	-1.0000	-1.0000	-1.0000	-1.0000	-1.0000	-1.0000	-1.0000	-1.0000	-1.0000	-1.0000	-1.0000	-1.0000	-1.0000	-1.0000		0	TVA	-1.0000	-1	0.000000	None	None	-1	0	0	None	None	None	None	None	-1	-1	-1.000000	-1.000000	-1.000000	-1.000000		-1	-1
SQN_Intake_Layer_14	SQN_Intake_Layer_14	SQN_Intake	0.000000	0.000000	0.000000	0.0000	0.0000	0.000000	None	-1.0000	-1					-1	-1	-1	0	0	0.0000	-1.0000	-1.0000	-1.0000	-1.0000	-1.0000	-1.0000	-1.0000	-1.0000	-1.0000	-1.0000	-1.0000	-1.0000	-1.0000	-1.0000	-1.0000	-1.0000		0	TVA	-1.0000	-1	0.000000	None	None	-1	0	0	None	None	None	None	None	-1	-1	-1.000000	-1.000000	-1.000000	-1.000000		-1	-1
SQN_Intake_Layer_15	SQN_Intake_Layer_15	SQN_Intake	0.000000	0.000000	0.000000	0.0000	0.0000	0.000000	None	-1.0000	-1					-1	-1	-1	0	0	0.0000	-1.0000	-1.0000	-1.0000	-1.0000	-1.0000	-1.0000	-1.0000	-1.0000	-1.0000	-1.0000	-1.0000	-1.0000	-1.0000	-1.0000	-1.0000	-1.0000		0	TVA	-1.0000	-1	0.000000	None	None	-1	0	0	None	None	None	None	None	-1	-1	-1.000000	-1.000000	-1.000000	-1.000000		-1	-1
SQN_Intake_Layer_16	SQN_Intake_Layer_16	SQN_Intake	0.000000	0.000000	0.000000	0.0000	0.0000	0.000000	None	-1.0000	-1					-1	-1	-1	0	0	0.0000	-1.0000	-1.0000	-1.0000	-1.0000	-1.0000	-1.0000	-1.0000	-1.0000	-1.0000	-1.0000	-1.0000	-1.0000	-1.0000	-1.0000	-1.0000	-1.0000		0	TVA	-1.0000	-1	0.000000	None	None	-1	0	0	None	None	None	None	None	-1	-1	-1.000000	-1.000000	-1.000000	-1.000000		-1	-1
SQN_Intake_Layer_17	SQN_Intake_Layer_17	SQN_Intake	0.000000	0.000000	0.000000	0.0000	0.0000	0.000000	None	-1.0000	-1					-1	-1	-1	0	0	0.0000	-1.0000	-1.0000	-1.0000	-1.0000	-1.0000	-1.0000	-1.0000	-1.0000	-1.0000	-1.0000	-1.0000	-1.0000	-1.0000	-1.0000	-1.0000	-1.0000		0	TVA	-1.0000	-1	0.000000	None	None	-1	0	0	None	None	None	None	None	-1	-1	-1.000000	-1.000000	-1.000000	-1.000000		-1	-1
SQN_Intake_Layer_18	SQN_Intake_Layer_18	SQN_Intake	0.000000	0.000000	0.000000	0.0000	0.0000	0.000000	None	-1.0000	-1					-1	-1	-1	0	0	0.0000	-1.0000	-1.0000	-1.0000	-1.0000	-1.0000	-1.0000	-1.0000	-1.0000	-1.0000	-1.0000	-1.0000	-1.0000	-1.0000	-1.0000	-1.0000	-1.0000		0	TVA	-1.0000	-1	0.000000	None	None	-1	0	0	None	None	None	None	None	-1	-1	-1.000000	-1.000000	-1.000000	-1.000000		-1	-1
SQN_Intake_Layer_19	SQN_Intake_Layer_19	SQN_Intake	0.000000	0.000000	0.000000	0.0000	0.0000	0.000000	None	-1.0000	-1					-1	-1	-1	0	0	0.0000	-1.0000	-1.0000	-1.0000	-1.0000	-1.0000	-1.0000	-1.0000	-1.0000	-1.0000	-1.0000	-1.0000	-1.0000	-1.0000	-1.0000	-1.0000	-1.0000		0	TVA	-1.0000	-1	0.000000	None	None	-1	0	0	None	None	None	None	None	-1	-1	-1.000000	-1.000000	-1.000000	-1.000000		-1	-1
SQN_Intake_Layer_2	SQN_Intake_Layer_2	SQN_Intake	0.000000	0.000000	0.000000	0.0000	0.0000	0.000000	None	-1.0000	-1					-1	-1	-1	0	0	0.0000	-1.0000	-1.0000	-1.0000	-1.0000	-1.0000	-1.0000	-1.0000	-1.0000	-1.0000	-1.0000	-1.0000	-1.0000	-1.0000	-1.0000	-1.0000	-1.0000		0	TVA	-1.0000	-1	0.000000	None	None	-1	0	0	None	None	None	None	None	-1	-1	-1.000000	-1.000000	-1.000000	-1.000000		-1	-1
SQN_Intake_Layer_20	SQN_Intake_Layer_20	SQN_Intake	0.000000	0.000000	0.000000	0.0000	0.0000	0.000000	None	-1.0000	-1					-1	-1	-1	0	0	0.0000	-1.0000	-1.0000	-1.0000	-1.0000	-1.0000	-1.0000	-1.0000	-1.0000	-1.0000	-1.0000	-1.0000	-1.0000	-1.0000	-1.0000	-1.0000	-1.0000		0	TVA	-1.0000	-1	0.000000	None	None	-1	0	0	None	None	None	None	None	-1	-1	-1.000000	-1.000000	-1.000000	-1.000000		-1	-1
SQN_Intake_Layer_21	SQN_Intake_Layer_21	SQN_Intake	0.000000	0.000000	0.000000	0.0000	0.0000	0.000000	None	-1.0000	-1					-1	-1	-1	0	0	0.0000	-1.0000	-1.0000	-1.0000	-1.0000	-1.0000	-1.0000	-1.0000	-1.0000	-1.0000	-1.0000	-1.0000	-1.0000	-1.0000	-1.0000	-1.0000	-1.0000		0	TVA	-1.0000	-1	0.000000	None	None	-1	0	0	None	None	None	None	None	-1	-1	-1.000000	-1.000000	-1.000000	-1.000000		-1	-1
SQN_Intake_Layer_22	SQN_Intake_Layer_22	SQN_Intake	0.000000	0.000000	0.000000	0.0000	0.0000	0.000000	None	-1.0000	-1					-1	-1	-1	0	0	0.0000	-1.0000	-1.0000	-1.0000	-1.0000	-1.0000	-1.0000	-1.0000	-1.0000	-1.0000	-1.0000	-1.0000	-1.0000	-1.0000	-1.0000	-1.0000	-1.0000		0	TVA	-1.0000	-1	0.000000	None	None	-1	0	0	None	None	None	None	None	-1	-1	-1.000000	-1.000000	-1.000000	-1.000000		-1	-1
SQN_Intake_Layer_23	SQN_Intake_Layer_23	SQN_Intake	0.000000	0.000000	0.000000	0.0000	0.0000	0.000000	None	-1.0000	-1					-1	-1	-1	0	0	0.0000	-1.0000	-1.0000	-1.0000	-1.0000	-1.0000	-1.0000	-1.0000	-1.0000	-1.0000	-1.0000	-1.0000	-1.0000	-1.0000	-1.0000	-1.0000	-1.0000		0	TVA	-1.0000	-1	0.000000	None	None	-1	0	0	None	None	None	None	None	-1	-1	-1.000000	-1.000000	-1.000000	-1.000000		-1	-1
SQN_Intake_Layer_24	SQN_Intake_Layer_24	SQN_Intake	0.000000	0.000000	0.000000	0.0000	0.0000	0.000000	None	-1.0000	-1					-1	-1	-1	0	0	0.0000	-1.0000	-1.0000	-1.0000	-1.0000	-1.0000	-1.0000	-1.0000	-1.0000	-1.0000	-1.0000	-1.0000	-1.0000	-1.0000	-1.0000	-1.0000	-1.0000		0	TVA	-1.0000	-1	0.000000	None	None	-1	0	0	None	None	None	None	None	-1	-1	-1.000000	-1.000000	-1.000000	-1.000000		-1	-1
SQN_Intake_Layer_25	SQN_Intake_Layer_25	SQN_Intake	0.000000	0.000000	0.000000	0.0000	0.0000	0.000000	None	-1.0000	-1					-1	-1	-1	0	0	0.0000	-1.0000	-1.0000	-1.0000	-1.0000	-1.0000	-1.0000	-1.0000	-1.0000	-1.0000	-1.0000	-1.0000	-1.0000	-1.0000	-1.0000	-1.0000	-1.0000		0	TVA	-1.0000	-1	0.000000	None	None	-1	0	0	None	None	None	None	None	-1	-1	-1.000000	-1.000000	-1.000000	-1.000000		-1	-1
SQN_Intake_Layer_26	SQN_Intake_Layer_26	SQN_Intake	0.000000	0.000000	0.000000	0.0000	0.0000	0.000000	None	-1.0000	-1					-1	-1	-1	0	0	0.0000	-1.0000	-1.0000	-1.0000	-1.0000	-1.0000	-1.0000	-1.0000	-1.0000	-1.0000	-1.0000	-1.0000	-1.0000	-1.0000	-1.0000	-1.0000	-1.0000		0	TVA	-1.0000	-1	0.000000	None	None	-1	0	0	None	None	None	None	None	-1	-1	-1.000000	-1.000000	-1.000000	-1.000000		-1	-1
SQN_Intake_Layer_27	SQN_Intake_Layer_27	SQN_Intake	0.000000	0.000000	0.000000	0.0000	0.0000	0.000000	None	-1.0000	-1					-1	-1	-1	0	0	0.0000	-1.0000	-1.0000	-1.0000	-1.0000	-1.0000	-1.0000	-1.0000	-1.0000	-1.0000	-1.0000	-1.0000	-1.0000	-1.0000	-1.0000	-1.0000	-1.0000		0	TVA	-1.0000	-1	0.000000	None	None	-1	0	0	None	None	None	None	None	-1	-1	-1.000000	-1.000000	-1.000000	-1.000000		-1	-1
SQN_Intake_Layer_28	SQN_Intake_Layer_28	SQN_Intake	0.000000	0.000000	0.000000	0.0000	0.0000	0.000000	None	-1.0000	-1					-1	-1	-1	0	0	0.0000	-1.0000	-1.0000	-1.0000	-1.0000	-1.0000	-1.0000	-1.0000	-1.0000	-1.0000	-1.0000	-1.0000	-1.0000	-1.0000	-1.0000	-1.0000	-1.0000		0	TVA	-1.0000	-1	0.000000	None	None	-1	0	0	None	None	None	None	None	-1	-1	-1.000000	-1.000000	-1.000000	-1.000000		-1	-1
SQN_Intake_Layer_29	SQN_Intake_Layer_29	SQN_Intake	0.000000	0.000000	0.000000	0.0000	0.0000	0.000000	None	-1.0000	-1					-1	-1	-1	0	0	0.0000	-1.0000	-1.0000	-1.0000	-1.0000	-1.0000	-1.0000	-1.0000	-1.0000	-1.0000	-1.0000	-1.0000	-1.0000	-1.0000	-1.0000	-1.0000	-1.0000		0	TVA	-1.0000	-1	0.000000	None	None	-1	0	0	None	None	None	None	None	-1	-1	-1.000000	-1.000000	-1.000000	-1.000000		-1	-1
SQN_Intake_Layer_3	SQN_Intake_Layer_3	SQN_Intake	0.000000	0.000000	0.000000	0.0000	0.0000	0.000000	None	-1.0000	-1					-1	-1	-1	0	0	0.0000	-1.0000	-1.0000	-1.0000	-1.0000	-1.0000	-1.0000	-1.0000	-1.0000	-1.0000	-1.0000	-1.0000	-1.0000	-1.0000	-1.0000	-1.0000	-1.0000		0	TVA	-1.0000	-1	0.000000	None	None	-1	0	0	None	None	None	None	None	-1	-1	-1.000000	-1.000000	-1.000000	-1.000000		-1	-1
SQN_Intake_Layer_30	SQN_Intake_Layer_30	SQN_Intake	0.000000	0.000000	0.000000	0.0000	0.0000	0.000000	None	-1.0000	-1					-1	-1	-1	0	0	0.0000	-1.0000	-1.0000	-1.0000	-1.0000	-1.0000	-1.0000	-1.0000	-1.0000	-1.0000	-1.0000	-1.0000	-1.0000	-1.0000	-1.0000	-1.0000	-1.0000		0	TVA	-1.0000	-1	0.000000	None	None	-1	0	0	None	None	None	None	None	-1	-1	-1.000000	-1.000000	-1.000000	-1.000000		-1	-1
SQN_Intake_Layer_4	SQN_Intake_Layer_4	SQN_Intake	0.000000	0.000000	0.000000	0.0000	0.0000	0.000000	None	-1.0000	-1					-1	-1	-1	0	0	0.0000	-1.0000	-1.0000	-1.0000	-1.0000	-1.0000	-1.0000	-1.0000	-1.0000	-1.0000	-1.0000	-1.0000	-1.0000	-1.0000	-1.0000	-1.0000	-1.0000		0	TVA	-1.0000	-1	0.000000	None	None	-1	0	0	None	None	None	None	None	-1	-1	-1.000000	-1.000000	-1.000000	-1.000000		-1	-1
SQN_Intake_Layer_5	SQN_Intake_Layer_5	SQN_Intake	0.000000	0.000000	0.000000	0.0000	0.0000	0.000000	None	-1.0000	-1					-1	-1	-1	0	0	0.0000	-1.0000	-1.0000	-1.0000	-1.0000	-1.0000	-1.0000	-1.0000	-1.0000	-1.0000	-1.0000	-1.0000	-1.0000	-1.0000	-1.0000	-1.0000	-1.0000		0	TVA	-1.0000	-1	0.000000	None	None	-1	0	0	None	None	None	None	None	-1	-1	-1.000000	-1.000000	-1.000000	-1.000000		-1	-1
SQN_Intake_Layer_6	SQN_Intake_Layer_6	SQN_Intake	0.000000	0.000000	0.000000	0.0000	0.0000	0.000000	None	-1.0000	-1					-1	-1	-1	0	0	0.0000	-1.0000	-1.0000	-1.0000	-1.0000	-1.0000	-1.0000	-1.0000	-1.0000	-1.0000	-1.0000	-1.0000	-1.0000	-1.0000	-1.0000	-1.0000	-1.0000		0	TVA	-1.0000	-1	0.000000	None	None	-1	0	0	None	None	None	None	None	-1	-1	-1.000000	-1.000000	-1.000000	-1.000000		-1	-1
SQN_Intake_Layer_7	SQN_Intake_Layer_7	SQN_Intake	0.000000	0.000000	0.000000	0.0000	0.0000	0.000000	None	-1.0000	-1					-1	-1	-1	0	0	0.0000	-1.0000	-1.0000	-1.0000	-1.0000	-1.0000	-1.0000	-1.0000	-1.0000	-1.0000	-1.0000	-1.0000	-1.0000	-1.0000	-1.0000	-1.0000	-1.0000		0	TVA	-1.0000	-1	0.000000	None	None	-1	0	0	None	None	None	None	None	-1	-1	-1.000000	-1.000000	-1.000000	-1.000000		-1	-1
SQN_Intake_Layer_8	SQN_Intake_Layer_8	SQN_Intake	0.000000	0.000000	0.000000	0.0000	0.0000	0.000000	None	-1.0000	-1					-1	-1	-1	0	0	0.0000	-1.0000	-1.0000	-1.0000	-1.0000	-1.0000	-1.0000	-1.0000	-1.0000	-1.0000	-1.0000	-1.0000	-1.0000	-1.0000	-1.0000	-1.0000	-1.0000		0	TVA	-1.0000	-1	0.000000	None	None	-1	0	0	None	None	None	None	None	-1	-1	-1.000000	-1.000000	-1.000000	-1.000000		-1	-1
SQN_Intake_Layer_9	SQN_Intake_Layer_9	SQN_Intake	0.000000	0.000000	0.000000	0.0000	0.0000	0.000000	None	-1.0000	-1					-1	-1	-1	0	0	0.0000	-1.0000	-1.0000	-1.0000	-1.0000	-1.0000	-1.0000	-1.0000	-1.0000	-1.0000	-1.0000	-1.0000	-1.0000	-1.0000	-1.0000	-1.0000	-1.0000		0	TVA	-1.0000	-1	0.000000	None	None	-1	0	0	None	None	None	None	None	-1	-1	-1.000000	-1.000000	-1.000000	-1.000000		-1	-1
SQN_XSection	SQN_XSection	SQNT1	35.213774	-85.092211	0.000000	0.0000	0.0000	0.000000	None	-1.0000	-1				SQN	-1	-1	-1	0	0	0.0000	-1.0000	-1.0000	-1.0000	-1.0000	-1.0000	-1.0000	-1.0000	-1.0000	-1.0000	-1.0000	-1.0000	-1.0000	-1.0000	-1.0000	-1.0000	-1.0000		0	TVA	-1.0000	-1	0.000000	None	None	-1	0	0	None	None	None	None	None	-1	-1	-1.000000	-1.000000	-1.000000	-1.000000		-1	-1
SQN08_3ft	SQN08_3ft	SQN 08 (DS)	35.211270	-85.091206	0.000000	0.0000	0.0000	0.000000	None	-1.0000	-1					-1	-1	-1	0	0	0.0000	-1.0000	-1.0000	-1.0000	-1.0000	-1.0000	-1.0000	-1.0000	-1.0000	-1.0000	-1.0000	-1.0000	-1.0000	-1.0000	-1.0000	-1.0000	-1.0000		0	TVA	-1.0000	-1	0.000000	None	None	-1	0	0	None	None	None	None	None	-1	-1	-1.000000	-1.000000	-1.000000	-1.000000		-1	-1
SQN08_5ft	SQN08_5ft	SQN 08 (DS)	35.211270	-85.091206	0.000000	0.0000	0.0000	0.000000	None	-1.0000	-1					-1	-1	-1	0	0	0.0000	-1.0000	-1.0000	-1.0000	-1.0000	-1.0000	-1.0000	-1.0000	-1.0000	-1.0000	-1.0000	-1.0000	-1.0000	-1.0000	-1.0000	-1.0000	-1.0000		0	TVA	-1.0000	-1	0.000000	None	None	-1	0	0	None	None	None	None	None	-1	-1	-1.000000	-1.000000	-1.000000	-1.000000		-1	-1
SQN08_637ft_elev	SQN08_637ft_elev	SQN 08 (DS)	35.211270	-85.091206	0.000000	0.0000	0.0000	0.000000	None	-1.0000	-1					-1	-1	-1	0	0	0.0000	-1.0000	-1.0000	-1.0000	-1.0000	-1.0000	-1.0000	-1.0000	-1.0000	-1.0000	-1.0000	-1.0000	-1.0000	-1.0000	-1.0000	-1.0000	-1.0000		0	TVA	-1.0000	-1	0.000000	None	None	-1	0	0	None	None	None	None	None	-1	-1	-1.000000	-1.000000	-1.000000	-1.000000		-1	-1
SQN08_646ft_elev	SQN08_646ft_elev	SQN 08 (DS)	35.211270	-85.091206	0.000000	0.0000	0.0000	0.000000	None	-1.0000	-1					-1	-1	-1	0	0	0.0000	-1.0000	-1.0000	-1.0000	-1.0000	-1.0000	-1.0000	-1.0000	-1.0000	-1.0000	-1.0000	-1.0000	-1.0000	-1.0000	-1.0000	-1.0000	-1.0000		0	TVA	-1.0000	-1	0.000000	None	None	-1	0	0	None	None	None	None	None	-1	-1	-1.000000	-1.000000	-1.000000	-1.000000		-1	-1
SQN08_656ft_elev	SQN08_656ft_elev	SQN 08 (DS)	35.211270	-85.091206	0.000000	0.0000	0.0000	0.000000	None	-1.0000	-1					-1	-1	-1	0	0	0.0000	-1.0000	-1.0000	-1.0000	-1.0000	-1.0000	-1.0000	-1.0000	-1.0000	-1.0000	-1.0000	-1.0000	-1.0000	-1.0000	-1.0000	-1.0000	-1.0000		0	TVA	-1.0000	-1	0.000000	None	None	-1	0	0	None	None	None	None	None	-1	-1	-1.000000	-1.000000	-1.000000	-1.000000		-1	-1
SQN08_667ft_elev	SQN08_667ft_elev	SQN 08 (DS)	35.211270	-85.091206	0.000000	0.0000	0.0000	0.000000	None	-1.0000	-1					-1	-1	-1	0	0	0.0000	-1.0000	-1.0000	-1.0000	-1.0000	-1.0000	-1.0000	-1.0000	-1.0000	-1.0000	-1.0000	-1.0000	-1.0000	-1.0000	-1.0000	-1.0000	-1.0000		0	TVA	-1.0000	-1	0.000000	None	None	-1	0	0	None	None	None	None	None	-1	-1	-1.000000	-1.000000	-1.000000	-1.000000		-1	-1
SQN08_671ft_elev	SQN08_671ft_elev	SQN 08 (DS)	35.211270	-85.091206	0.000000	0.0000	0.0000	0.000000	None	-1.0000	-1					-1	-1	-1	0	0	0.0000	-1.0000	-1.0000	-1.0000	-1.0000	-1.0000	-1.0000	-1.0000	-1.0000	-1.0000	-1.0000	-1.0000	-1.0000	-1.0000	-1.0000	-1.0000	-1.0000		0	TVA	-1.0000	-1	0.000000	None	None	-1	0	0	None	None	None	None	None	-1	-1	-1.000000	-1.000000	-1.000000	-1.000000		-1	-1
SQN08_673ft_elev	SQN08_673ft_elev	SQN 08 (DS)	35.211270	-85.091206	0.000000	0.0000	0.0000	0.000000	None	-1.0000	-1					-1	-1	-1	0	0	0.0000	-1.0000	-1.0000	-1.0000	-1.0000	-1.0000	-1.0000	-1.0000	-1.0000	-1.0000	-1.0000	-1.0000	-1.0000	-1.0000	-1.0000	-1.0000	-1.0000		0	TVA	-1.0000	-1	0.000000	None	None	-1	0	0	None	None	None	None	None	-1	-1	-1.000000	-1.000000	-1.000000	-1.000000		-1	-1
SQN08_7ft	SQN08_7ft	SQN 08 (DS)	35.211270	-85.091206	0.000000	0.0000	0.0000	0.000000	None	-1.0000	-1					-1	-1	-1	0	0	0.0000	-1.0000	-1.0000	-1.0000	-1.0000	-1.0000	-1.0000	-1.0000	-1.0000	-1.0000	-1.0000	-1.0000	-1.0000	-1.0000	-1.0000	-1.0000	-1.0000		0	TVA	-1.0000	-1	0.000000	None	None	-1	0	0	None	None	None	None	None	-1	-1	-1.000000	-1.000000	-1.000000	-1.000000		-1	-1
SQN08_Layer_1	SQN08_Layer_1	SQN08_Layers	0.000000	0.000000	0.000000	0.0000	0.0000	0.000000	None	-1.0000	-1					-1	-1	-1	0	0	0.0000	-1.0000	-1.0000	-1.0000	-1.0000	-1.0000	-1.0000	-1.0000	-1.0000	-1.0000	-1.0000	-1.0000	-1.0000	-1.0000	-1.0000	-1.0000	-1.0000		0	TVA	-1.0000	-1	0.000000	None	None	-1	0	0	None	None	None	None	None	-1	-1	-1.000000	-1.000000	-1.000000	-1.000000		-1	-1
SQN08_Layer_10	SQN08_Layer_10	SQN08_Layers	0.000000	0.000000	0.000000	0.0000	0.0000	0.000000	None	-1.0000	-1					-1	-1	-1	0	0	0.0000	-1.0000	-1.0000	-1.0000	-1.0000	-1.0000	-1.0000	-1.0000	-1.0000	-1.0000	-1.0000	-1.0000	-1.0000	-1.0000	-1.0000	-1.0000	-1.0000		0	TVA	-1.0000	-1	0.000000	None	None	-1	0	0	None	None	None	None	None	-1	-1	-1.000000	-1.000000	-1.000000	-1.000000		-1	-1
SQN08_Layer_11	SQN08_Layer_11	SQN08_Layers	0.000000	0.000000	0.000000	0.0000	0.0000	0.000000	None	-1.0000	-1					-1	-1	-1	0	0	0.0000	-1.0000	-1.0000	-1.0000	-1.0000	-1.0000	-1.0000	-1.0000	-1.0000	-1.0000	-1.0000	-1.0000	-1.0000	-1.0000	-1.0000	-1.0000	-1.0000		0	TVA	-1.0000	-1	0.000000	None	None	-1	0	0	None	None	None	None	None	-1	-1	-1.000000	-1.000000	-1.000000	-1.000000		-1	-1
SQN08_Layer_12	SQN08_Layer_12	SQN08_Layers	0.000000	0.000000	0.000000	0.0000	0.0000	0.000000	None	-1.0000	-1					-1	-1	-1	0	0	0.0000	-1.0000	-1.0000	-1.0000	-1.0000	-1.0000	-1.0000	-1.0000	-1.0000	-1.0000	-1.0000	-1.0000	-1.0000	-1.0000	-1.0000	-1.0000	-1.0000		0	TVA	-1.0000	-1	0.000000	None	None	-1	0	0	None	None	None	None	None	-1	-1	-1.000000	-1.000000	-1.000000	-1.000000		-1	-1
SQN08_Layer_13	SQN08_Layer_13	SQN08_Layers	0.000000	0.000000	0.000000	0.0000	0.0000	0.000000	None	-1.0000	-1					-1	-1	-1	0	0	0.0000	-1.0000	-1.0000	-1.0000	-1.0000	-1.0000	-1.0000	-1.0000	-1.0000	-1.0000	-1.0000	-1.0000	-1.0000	-1.0000	-1.0000	-1.0000	-1.0000		0	TVA	-1.0000	-1	0.000000	None	None	-1	0	0	None	None	None	None	None	-1	-1	-1.000000	-1.000000	-1.000000	-1.000000		-1	-1
SQN08_Layer_14	SQN08_Layer_14	SQN08_Layers	0.000000	0.000000	0.000000	0.0000	0.0000	0.000000	None	-1.0000	-1					-1	-1	-1	0	0	0.0000	-1.0000	-1.0000	-1.0000	-1.0000	-1.0000	-1.0000	-1.0000	-1.0000	-1.0000	-1.0000	-1.0000	-1.0000	-1.0000	-1.0000	-1.0000	-1.0000		0	TVA	-1.0000	-1	0.000000	None	None	-1	0	0	None	None	None	None	None	-1	-1	-1.000000	-1.000000	-1.000000	-1.000000		-1	-1
SQN08_Layer_15	SQN08_Layer_15	SQN08_Layers	0.000000	0.000000	0.000000	0.0000	0.0000	0.000000	None	-1.0000	-1					-1	-1	-1	0	0	0.0000	-1.0000	-1.0000	-1.0000	-1.0000	-1.0000	-1.0000	-1.0000	-1.0000	-1.0000	-1.0000	-1.0000	-1.0000	-1.0000	-1.0000	-1.0000	-1.0000		0	TVA	-1.0000	-1	0.000000	None	None	-1	0	0	None	None	None	None	None	-1	-1	-1.000000	-1.000000	-1.000000	-1.000000		-1	-1
SQN08_Layer_16	SQN08_Layer_16	SQN08_Layers	0.000000	0.000000	0.000000	0.0000	0.0000	0.000000	None	-1.0000	-1					-1	-1	-1	0	0	0.0000	-1.0000	-1.0000	-1.0000	-1.0000	-1.0000	-1.0000	-1.0000	-1.0000	-1.0000	-1.0000	-1.0000	-1.0000	-1.0000	-1.0000	-1.0000	-1.0000		0	TVA	-1.0000	-1	0.000000	None	None	-1	0	0	None	None	None	None	None	-1	-1	-1.000000	-1.000000	-1.000000	-1.000000		-1	-1
SQN08_Layer_17	SQN08_Layer_17	SQN08_Layers	0.000000	0.000000	0.000000	0.0000	0.0000	0.000000	None	-1.0000	-1					-1	-1	-1	0	0	0.0000	-1.0000	-1.0000	-1.0000	-1.0000	-1.0000	-1.0000	-1.0000	-1.0000	-1.0000	-1.0000	-1.0000	-1.0000	-1.0000	-1.0000	-1.0000	-1.0000		0	TVA	-1.0000	-1	0.000000	None	None	-1	0	0	None	None	None	None	None	-1	-1	-1.000000	-1.000000	-1.000000	-1.000000		-1	-1
SQN08_Layer_18	SQN08_Layer_18	SQN08_Layers	0.000000	0.000000	0.000000	0.0000	0.0000	0.000000	None	-1.0000	-1					-1	-1	-1	0	0	0.0000	-1.0000	-1.0000	-1.0000	-1.0000	-1.0000	-1.0000	-1.0000	-1.0000	-1.0000	-1.0000	-1.0000	-1.0000	-1.0000	-1.0000	-1.0000	-1.0000		0	TVA	-1.0000	-1	0.000000	None	None	-1	0	0	None	None	None	None	None	-1	-1	-1.000000	-1.000000	-1.000000	-1.000000		-1	-1
SQN08_Layer_19	SQN08_Layer_19	SQN08_Layers	0.000000	0.000000	0.000000	0.0000	0.0000	0.000000	None	-1.0000	-1					-1	-1	-1	0	0	0.0000	-1.0000	-1.0000	-1.0000	-1.0000	-1.0000	-1.0000	-1.0000	-1.0000	-1.0000	-1.0000	-1.0000	-1.0000	-1.0000	-1.0000	-1.0000	-1.0000		0	TVA	-1.0000	-1	0.000000	None	None	-1	0	0	None	None	None	None	None	-1	-1	-1.000000	-1.000000	-1.000000	-1.000000		-1	-1
SQN08_Layer_2	SQN08_Layer_2	SQN08_Layers	0.000000	0.000000	0.000000	0.0000	0.0000	0.000000	None	-1.0000	-1					-1	-1	-1	0	0	0.0000	-1.0000	-1.0000	-1.0000	-1.0000	-1.0000	-1.0000	-1.0000	-1.0000	-1.0000	-1.0000	-1.0000	-1.0000	-1.0000	-1.0000	-1.0000	-1.0000		0	TVA	-1.0000	-1	0.000000	None	None	-1	0	0	None	None	None	None	None	-1	-1	-1.000000	-1.000000	-1.000000	-1.000000		-1	-1
SQN08_Layer_20	SQN08_Layer_20	SQN08_Layers	0.000000	0.000000	0.000000	0.0000	0.0000	0.000000	None	-1.0000	-1					-1	-1	-1	0	0	0.0000	-1.0000	-1.0000	-1.0000	-1.0000	-1.0000	-1.0000	-1.0000	-1.0000	-1.0000	-1.0000	-1.0000	-1.0000	-1.0000	-1.0000	-1.0000	-1.0000		0	TVA	-1.0000	-1	0.000000	None	None	-1	0	0	None	None	None	None	None	-1	-1	-1.000000	-1.000000	-1.000000	-1.000000		-1	-1
SQN08_Layer_21	SQN08_Layer_21	SQN08_Layers	0.000000	0.000000	0.000000	0.0000	0.0000	0.000000	None	-1.0000	-1					-1	-1	-1	0	0	0.0000	-1.0000	-1.0000	-1.0000	-1.0000	-1.0000	-1.0000	-1.0000	-1.0000	-1.0000	-1.0000	-1.0000	-1.0000	-1.0000	-1.0000	-1.0000	-1.0000		0	TVA	-1.0000	-1	0.000000	None	None	-1	0	0	None	None	None	None	None	-1	-1	-1.000000	-1.000000	-1.000000	-1.000000		-1	-1
SQN08_Layer_22	SQN08_Layer_22	SQN08_Layers	0.000000	0.000000	0.000000	0.0000	0.0000	0.000000	None	-1.0000	-1					-1	-1	-1	0	0	0.0000	-1.0000	-1.0000	-1.0000	-1.0000	-1.0000	-1.0000	-1.0000	-1.0000	-1.0000	-1.0000	-1.0000	-1.0000	-1.0000	-1.0000	-1.0000	-1.0000		0	TVA	-1.0000	-1	0.000000	None	None	-1	0	0	None	None	None	None	None	-1	-1	-1.000000	-1.000000	-1.000000	-1.000000		-1	-1
SQN08_Layer_23	SQN08_Layer_23	SQN08_Layers	0.000000	0.000000	0.000000	0.0000	0.0000	0.000000	None	-1.0000	-1					-1	-1	-1	0	0	0.0000	-1.0000	-1.0000	-1.0000	-1.0000	-1.0000	-1.0000	-1.0000	-1.0000	-1.0000	-1.0000	-1.0000	-1.0000	-1.0000	-1.0000	-1.0000	-1.0000		0	TVA	-1.0000	-1	0.000000	None	None	-1	0	0	None	None	None	None	None	-1	-1	-1.000000	-1.000000	-1.000000	-1.000000		-1	-1
SQN08_Layer_24	SQN08_Layer_24	SQN08_Layers	0.000000	0.000000	0.000000	0.0000	0.0000	0.000000	None	-1.0000	-1					-1	-1	-1	0	0	0.0000	-1.0000	-1.0000	-1.0000	-1.0000	-1.0000	-1.0000	-1.0000	-1.0000	-1.0000	-1.0000	-1.0000	-1.0000	-1.0000	-1.0000	-1.0000	-1.0000		0	TVA	-1.0000	-1	0.000000	None	None	-1	0	0	None	None	None	None	None	-1	-1	-1.000000	-1.000000	-1.000000	-1.000000		-1	-1
SQN08_Layer_25	SQN08_Layer_25	SQN08_Layers	0.000000	0.000000	0.000000	0.0000	0.0000	0.000000	None	-1.0000	-1					-1	-1	-1	0	0	0.0000	-1.0000	-1.0000	-1.0000	-1.0000	-1.0000	-1.0000	-1.0000	-1.0000	-1.0000	-1.0000	-1.0000	-1.0000	-1.0000	-1.0000	-1.0000	-1.0000		0	TVA	-1.0000	-1	0.000000	None	None	-1	0	0	None	None	None	None	None	-1	-1	-1.000000	-1.000000	-1.000000	-1.000000		-1	-1
SQN08_Layer_26	SQN08_Layer_26	SQN08_Layers	0.000000	0.000000	0.000000	0.0000	0.0000	0.000000	None	-1.0000	-1					-1	-1	-1	0	0	0.0000	-1.0000	-1.0000	-1.0000	-1.0000	-1.0000	-1.0000	-1.0000	-1.0000	-1.0000	-1.0000	-1.0000	-1.0000	-1.0000	-1.0000	-1.0000	-1.0000		0	TVA	-1.0000	-1	0.000000	None	None	-1	0	0	None	None	None	None	None	-1	-1	-1.000000	-1.000000	-1.000000	-1.000000		-1	-1
SQN08_Layer_27	SQN08_Layer_27	SQN08_Layers	0.000000	0.000000	0.000000	0.0000	0.0000	0.000000	None	-1.0000	-1					-1	-1	-1	0	0	0.0000	-1.0000	-1.0000	-1.0000	-1.0000	-1.0000	-1.0000	-1.0000	-1.0000	-1.0000	-1.0000	-1.0000	-1.0000	-1.0000	-1.0000	-1.0000	-1.0000		0	TVA	-1.0000	-1	0.000000	None	None	-1	0	0	None	None	None	None	None	-1	-1	-1.000000	-1.000000	-1.000000	-1.000000		-1	-1
SQN08_Layer_28	SQN08_Layer_28	SQN08_Layers	0.000000	0.000000	0.000000	0.0000	0.0000	0.000000	None	-1.0000	-1					-1	-1	-1	0	0	0.0000	-1.0000	-1.0000	-1.0000	-1.0000	-1.0000	-1.0000	-1.0000	-1.0000	-1.0000	-1.0000	-1.0000	-1.0000	-1.0000	-1.0000	-1.0000	-1.0000		0	TVA	-1.0000	-1	0.000000	None	None	-1	0	0	None	None	None	None	None	-1	-1	-1.000000	-1.000000	-1.000000	-1.000000		-1	-1
SQN08_Layer_29	SQN08_Layer_29	SQN08_Layers	0.000000	0.000000	0.000000	0.0000	0.0000	0.000000	None	-1.0000	-1					-1	-1	-1	0	0	0.0000	-1.0000	-1.0000	-1.0000	-1.0000	-1.0000	-1.0000	-1.0000	-1.0000	-1.0000	-1.0000	-1.0000	-1.0000	-1.0000	-1.0000	-1.0000	-1.0000		0	TVA	-1.0000	-1	0.000000	None	None	-1	0	0	None	None	None	None	None	-1	-1	-1.000000	-1.000000	-1.000000	-1.000000		-1	-1
SQN08_Layer_3	SQN08_Layer_3	SQN08_Layers	0.000000	0.000000	0.000000	0.0000	0.0000	0.000000	None	-1.0000	-1					-1	-1	-1	0	0	0.0000	-1.0000	-1.0000	-1.0000	-1.0000	-1.0000	-1.0000	-1.0000	-1.0000	-1.0000	-1.0000	-1.0000	-1.0000	-1.0000	-1.0000	-1.0000	-1.0000		0	TVA	-1.0000	-1	0.000000	None	None	-1	0	0	None	None	None	None	None	-1	-1	-1.000000	-1.000000	-1.000000	-1.000000		-1	-1
SQN08_Layer_30	SQN08_Layer_30	SQN08_Layers	0.000000	0.000000	0.000000	0.0000	0.0000	0.000000	None	-1.0000	-1					-1	-1	-1	0	0	0.0000	-1.0000	-1.0000	-1.0000	-1.0000	-1.0000	-1.0000	-1.0000	-1.0000	-1.0000	-1.0000	-1.0000	-1.0000	-1.0000	-1.0000	-1.0000	-1.0000		0	TVA	-1.0000	-1	0.000000	None	None	-1	0	0	None	None	None	None	None	-1	-1	-1.000000	-1.000000	-1.000000	-1.000000		-1	-1
SQN08_Layer_4	SQN08_Layer_4	SQN08_Layers	0.000000	0.000000	0.000000	0.0000	0.0000	0.000000	None	-1.0000	-1					-1	-1	-1	0	0	0.0000	-1.0000	-1.0000	-1.0000	-1.0000	-1.0000	-1.0000	-1.0000	-1.0000	-1.0000	-1.0000	-1.0000	-1.0000	-1.0000	-1.0000	-1.0000	-1.0000		0	TVA	-1.0000	-1	0.000000	None	None	-1	0	0	None	None	None	None	None	-1	-1	-1.000000	-1.000000	-1.000000	-1.000000		-1	-1
SQN08_Layer_5	SQN08_Layer_5	SQN08_Layers	0.000000	0.000000	0.000000	0.0000	0.0000	0.000000	None	-1.0000	-1					-1	-1	-1	0	0	0.0000	-1.0000	-1.0000	-1.0000	-1.0000	-1.0000	-1.0000	-1.0000	-1.0000	-1.0000	-1.0000	-1.0000	-1.0000	-1.0000	-1.0000	-1.0000	-1.0000		0	TVA	-1.0000	-1	0.000000	None	None	-1	0	0	None	None	None	None	None	-1	-1	-1.000000	-1.000000	-1.000000	-1.000000		-1	-1
SQN08_Layer_6	SQN08_Layer_6	SQN08_Layers	0.000000	0.000000	0.000000	0.0000	0.0000	0.000000	None	-1.0000	-1					-1	-1	-1	0	0	0.0000	-1.0000	-1.0000	-1.0000	-1.0000	-1.0000	-1.0000	-1.0000	-1.0000	-1.0000	-1.0000	-1.0000	-1.0000	-1.0000	-1.0000	-1.0000	-1.0000		0	TVA	-1.0000	-1	0.000000	None	None	-1	0	0	None	None	None	None	None	-1	-1	-1.000000	-1.000000	-1.000000	-1.000000		-1	-1
SQN08_Layer_7	SQN08_Layer_7	SQN08_Layers	0.000000	0.000000	0.000000	0.0000	0.0000	0.000000	None	-1.0000	-1					-1	-1	-1	0	0	0.0000	-1.0000	-1.0000	-1.0000	-1.0000	-1.0000	-1.0000	-1.0000	-1.0000	-1.0000	-1.0000	-1.0000	-1.0000	-1.0000	-1.0000	-1.0000	-1.0000		0	TVA	-1.0000	-1	0.000000	None	None	-1	0	0	None	None	None	None	None	-1	-1	-1.000000	-1.000000	-1.000000	-1.000000		-1	-1
SQN08_Layer_8	SQN08_Layer_8	SQN08_Layers	0.000000	0.000000	0.000000	0.0000	0.0000	0.000000	None	-1.0000	-1					-1	-1	-1	0	0	0.0000	-1.0000	-1.0000	-1.0000	-1.0000	-1.0000	-1.0000	-1.0000	-1.0000	-1.0000	-1.0000	-1.0000	-1.0000	-1.0000	-1.0000	-1.0000	-1.0000		0	TVA	-1.0000	-1	0.000000	None	None	-1	0	0	None	None	None	None	None	-1	-1	-1.000000	-1.000000	-1.000000	-1.000000		-1	-1
SQN08_Layer_9	SQN08_Layer_9	SQN08_Layers	0.000000	0.000000	0.000000	0.0000	0.0000	0.000000	None	-1.0000	-1					-1	-1	-1	0	0	0.0000	-1.0000	-1.0000	-1.0000	-1.0000	-1.0000	-1.0000	-1.0000	-1.0000	-1.0000	-1.0000	-1.0000	-1.0000	-1.0000	-1.0000	-1.0000	-1.0000		0	TVA	-1.0000	-1	0.000000	None	None	-1	0	0	None	None	None	None	None	-1	-1	-1.000000	-1.000000	-1.000000	-1.000000		-1	-1
SQN08_Layers	SQN08 D3D profiles	SQN08_Layers	35.211270	-85.091206	0.000000	0.0000	0.0000	0.000000	None	-1.0000	-1					-1	-1	-1	0	0	0.0000	-1.0000	-1.0000	-1.0000	-1.0000	-1.0000	-1.0000	-1.0000	-1.0000	-1.0000	-1.0000	-1.0000	-1.0000	-1.0000	-1.0000	-1.0000	-1.0000		0		-1.0000	-1	0.000000	None	None	-1	0	0	None	None	None	None	None	-1	-1	-1.000000	-1.000000	-1.000000	-1.000000		-1	-1
SQN12_3ft	SQN12_3ft	SQN 12 (Diffuser Pond)	35.216597	-85.089834	0.000000	0.0000	0.0000	0.000000	None	-1.0000	-1					-1	-1	-1	0	0	0.0000	-1.0000	-1.0000	-1.0000	-1.0000	-1.0000	-1.0000	-1.0000	-1.0000	-1.0000	-1.0000	-1.0000	-1.0000	-1.0000	-1.0000	-1.0000	-1.0000		0	TVA	-1.0000	-1	0.000000	None	None	-1	0	0	None	None	None	None	None	-1	-1	-1.000000	-1.000000	-1.000000	-1.000000		-1	-1
SQN12_5ft	SQN12_5ft	SQN 12 (Diffuser Pond)	35.216597	-85.089834	0.000000	0.0000	0.0000	0.000000	None	-1.0000	-1					-1	-1	-1	0	0	0.0000	-1.0000	-1.0000	-1.0000	-1.0000	-1.0000	-1.0000	-1.0000	-1.0000	-1.0000	-1.0000	-1.0000	-1.0000	-1.0000	-1.0000	-1.0000	-1.0000		0	TVA	-1.0000	-1	0.000000	None	None	-1	0	0	None	None	None	None	None	-1	-1	-1.000000	-1.000000	-1.000000	-1.000000		-1	-1
SQN12_7ft	SQN12_7ft	SQN 12 (Diffuser Pond)	35.216597	-85.089834	0.000000	0.0000	0.0000	0.000000	None	-1.0000	-1					-1	-1	-1	0	0	0.0000	-1.0000	-1.0000	-1.0000	-1.0000	-1.0000	-1.0000	-1.0000	-1.0000	-1.0000	-1.0000	-1.0000	-1.0000	-1.0000	-1.0000	-1.0000	-1.0000		0	TVA	-1.0000	-1	0.000000	None	None	-1	0	0	None	None	None	None	None	-1	-1	-1.000000	-1.000000	-1.000000	-1.000000		-1	-1
SQN12_Layer_1	SQN12_Layer_1	SQN12_Layers	0.000000	0.000000	0.000000	0.0000	0.0000	0.000000	None	-1.0000	-1					-1	-1	-1	0	0	0.0000	-1.0000	-1.0000	-1.0000	-1.0000	-1.0000	-1.0000	-1.0000	-1.0000	-1.0000	-1.0000	-1.0000	-1.0000	-1.0000	-1.0000	-1.0000	-1.0000		0	TVA	-1.0000	-1	0.000000	None	None	-1	0	0	None	None	None	None	None	-1	-1	-1.000000	-1.000000	-1.000000	-1.000000		-1	-1
SQN12_Layer_10	SQN12_Layer_10	SQN12_Layers	0.000000	0.000000	0.000000	0.0000	0.0000	0.000000	None	-1.0000	-1					-1	-1	-1	0	0	0.0000	-1.0000	-1.0000	-1.0000	-1.0000	-1.0000	-1.0000	-1.0000	-1.0000	-1.0000	-1.0000	-1.0000	-1.0000	-1.0000	-1.0000	-1.0000	-1.0000		0	TVA	-1.0000	-1	0.000000	None	None	-1	0	0	None	None	None	None	None	-1	-1	-1.000000	-1.000000	-1.000000	-1.000000		-1	-1
SQN12_Layer_11	SQN12_Layer_11	SQN12_Layers	0.000000	0.000000	0.000000	0.0000	0.0000	0.000000	None	-1.0000	-1					-1	-1	-1	0	0	0.0000	-1.0000	-1.0000	-1.0000	-1.0000	-1.0000	-1.0000	-1.0000	-1.0000	-1.0000	-1.0000	-1.0000	-1.0000	-1.0000	-1.0000	-1.0000	-1.0000		0	TVA	-1.0000	-1	0.000000	None	None	-1	0	0	None	None	None	None	None	-1	-1	-1.000000	-1.000000	-1.000000	-1.000000		-1	-1
SQN12_Layer_12	SQN12_Layer_12	SQN12_Layers	0.000000	0.000000	0.000000	0.0000	0.0000	0.000000	None	-1.0000	-1					-1	-1	-1	0	0	0.0000	-1.0000	-1.0000	-1.0000	-1.0000	-1.0000	-1.0000	-1.0000	-1.0000	-1.0000	-1.0000	-1.0000	-1.0000	-1.0000	-1.0000	-1.0000	-1.0000		0	TVA	-1.0000	-1	0.000000	None	None	-1	0	0	None	None	None	None	None	-1	-1	-1.000000	-1.000000	-1.000000	-1.000000		-1	-1
SQN12_Layer_13	SQN12_Layer_13	SQN12_Layers	0.000000	0.000000	0.000000	0.0000	0.0000	0.000000	None	-1.0000	-1					-1	-1	-1	0	0	0.0000	-1.0000	-1.0000	-1.0000	-1.0000	-1.0000	-1.0000	-1.0000	-1.0000	-1.0000	-1.0000	-1.0000	-1.0000	-1.0000	-1.0000	-1.0000	-1.0000		0	TVA	-1.0000	-1	0.000000	None	None	-1	0	0	None	None	None	None	None	-1	-1	-1.000000	-1.000000	-1.000000	-1.000000		-1	-1
SQN12_Layer_14	SQN12_Layer_14	SQN12_Layers	0.000000	0.000000	0.000000	0.0000	0.0000	0.000000	None	-1.0000	-1					-1	-1	-1	0	0	0.0000	-1.0000	-1.0000	-1.0000	-1.0000	-1.0000	-1.0000	-1.0000	-1.0000	-1.0000	-1.0000	-1.0000	-1.0000	-1.0000	-1.0000	-1.0000	-1.0000		0	TVA	-1.0000	-1	0.000000	None	None	-1	0	0	None	None	None	None	None	-1	-1	-1.000000	-1.000000	-1.000000	-1.000000		-1	-1
SQN12_Layer_15	SQN12_Layer_15	SQN12_Layers	0.000000	0.000000	0.000000	0.0000	0.0000	0.000000	None	-1.0000	-1					-1	-1	-1	0	0	0.0000	-1.0000	-1.0000	-1.0000	-1.0000	-1.0000	-1.0000	-1.0000	-1.0000	-1.0000	-1.0000	-1.0000	-1.0000	-1.0000	-1.0000	-1.0000	-1.0000		0	TVA	-1.0000	-1	0.000000	None	None	-1	0	0	None	None	None	None	None	-1	-1	-1.000000	-1.000000	-1.000000	-1.000000		-1	-1
SQN12_Layer_16	SQN12_Layer_16	SQN12_Layers	0.000000	0.000000	0.000000	0.0000	0.0000	0.000000	None	-1.0000	-1					-1	-1	-1	0	0	0.0000	-1.0000	-1.0000	-1.0000	-1.0000	-1.0000	-1.0000	-1.0000	-1.0000	-1.0000	-1.0000	-1.0000	-1.0000	-1.0000	-1.0000	-1.0000	-1.0000		0	TVA	-1.0000	-1	0.000000	None	None	-1	0	0	None	None	None	None	None	-1	-1	-1.000000	-1.000000	-1.000000	-1.000000		-1	-1
SQN12_Layer_17	SQN12_Layer_17	SQN12_Layers	0.000000	0.000000	0.000000	0.0000	0.0000	0.000000	None	-1.0000	-1					-1	-1	-1	0	0	0.0000	-1.0000	-1.0000	-1.0000	-1.0000	-1.0000	-1.0000	-1.0000	-1.0000	-1.0000	-1.0000	-1.0000	-1.0000	-1.0000	-1.0000	-1.0000	-1.0000		0	TVA	-1.0000	-1	0.000000	None	None	-1	0	0	None	None	None	None	None	-1	-1	-1.000000	-1.000000	-1.000000	-1.000000		-1	-1
SQN12_Layer_18	SQN12_Layer_18	SQN12_Layers	0.000000	0.000000	0.000000	0.0000	0.0000	0.000000	None	-1.0000	-1					-1	-1	-1	0	0	0.0000	-1.0000	-1.0000	-1.0000	-1.0000	-1.0000	-1.0000	-1.0000	-1.0000	-1.0000	-1.0000	-1.0000	-1.0000	-1.0000	-1.0000	-1.0000	-1.0000		0	TVA	-1.0000	-1	0.000000	None	None	-1	0	0	None	None	None	None	None	-1	-1	-1.000000	-1.000000	-1.000000	-1.000000		-1	-1
SQN12_Layer_19	SQN12_Layer_19	SQN12_Layers	0.000000	0.000000	0.000000	0.0000	0.0000	0.000000	None	-1.0000	-1					-1	-1	-1	0	0	0.0000	-1.0000	-1.0000	-1.0000	-1.0000	-1.0000	-1.0000	-1.0000	-1.0000	-1.0000	-1.0000	-1.0000	-1.0000	-1.0000	-1.0000	-1.0000	-1.0000		0	TVA	-1.0000	-1	0.000000	None	None	-1	0	0	None	None	None	None	None	-1	-1	-1.000000	-1.000000	-1.000000	-1.000000		-1	-1
SQN12_Layer_2	SQN12_Layer_2	SQN12_Layers	0.000000	0.000000	0.000000	0.0000	0.0000	0.000000	None	-1.0000	-1					-1	-1	-1	0	0	0.0000	-1.0000	-1.0000	-1.0000	-1.0000	-1.0000	-1.0000	-1.0000	-1.0000	-1.0000	-1.0000	-1.0000	-1.0000	-1.0000	-1.0000	-1.0000	-1.0000		0	TVA	-1.0000	-1	0.000000	None	None	-1	0	0	None	None	None	None	None	-1	-1	-1.000000	-1.000000	-1.000000	-1.000000		-1	-1
SQN12_Layer_20	SQN12_Layer_20	SQN12_Layers	0.000000	0.000000	0.000000	0.0000	0.0000	0.000000	None	-1.0000	-1					-1	-1	-1	0	0	0.0000	-1.0000	-1.0000	-1.0000	-1.0000	-1.0000	-1.0000	-1.0000	-1.0000	-1.0000	-1.0000	-1.0000	-1.0000	-1.0000	-1.0000	-1.0000	-1.0000		0	TVA	-1.0000	-1	0.000000	None	None	-1	0	0	None	None	None	None	None	-1	-1	-1.000000	-1.000000	-1.000000	-1.000000		-1	-1
SQN12_Layer_21	SQN12_Layer_21	SQN12_Layers	0.000000	0.000000	0.000000	0.0000	0.0000	0.000000	None	-1.0000	-1					-1	-1	-1	0	0	0.0000	-1.0000	-1.0000	-1.0000	-1.0000	-1.0000	-1.0000	-1.0000	-1.0000	-1.0000	-1.0000	-1.0000	-1.0000	-1.0000	-1.0000	-1.0000	-1.0000		0	TVA	-1.0000	-1	0.000000	None	None	-1	0	0	None	None	None	None	None	-1	-1	-1.000000	-1.000000	-1.000000	-1.000000		-1	-1
SQN12_Layer_22	SQN12_Layer_22	SQN12_Layers	0.000000	0.000000	0.000000	0.0000	0.0000	0.000000	None	-1.0000	-1					-1	-1	-1	0	0	0.0000	-1.0000	-1.0000	-1.0000	-1.0000	-1.0000	-1.0000	-1.0000	-1.0000	-1.0000	-1.0000	-1.0000	-1.0000	-1.0000	-1.0000	-1.0000	-1.0000		0	TVA	-1.0000	-1	0.000000	None	None	-1	0	0	None	None	None	None	None	-1	-1	-1.000000	-1.000000	-1.000000	-1.000000		-1	-1
SQN12_Layer_23	SQN12_Layer_23	SQN12_Layers	0.000000	0.000000	0.000000	0.0000	0.0000	0.000000	None	-1.0000	-1					-1	-1	-1	0	0	0.0000	-1.0000	-1.0000	-1.0000	-1.0000	-1.0000	-1.0000	-1.0000	-1.0000	-1.0000	-1.0000	-1.0000	-1.0000	-1.0000	-1.0000	-1.0000	-1.0000		0	TVA	-1.0000	-1	0.000000	None	None	-1	0	0	None	None	None	None	None	-1	-1	-1.000000	-1.000000	-1.000000	-1.000000		-1	-1
SQN12_Layer_24	SQN12_Layer_24	SQN12_Layers	0.000000	0.000000	0.000000	0.0000	0.0000	0.000000	None	-1.0000	-1					-1	-1	-1	0	0	0.0000	-1.0000	-1.0000	-1.0000	-1.0000	-1.0000	-1.0000	-1.0000	-1.0000	-1.0000	-1.0000	-1.0000	-1.0000	-1.0000	-1.0000	-1.0000	-1.0000		0	TVA	-1.0000	-1	0.000000	None	None	-1	0	0	None	None	None	None	None	-1	-1	-1.000000	-1.000000	-1.000000	-1.000000		-1	-1
SQN12_Layer_25	SQN12_Layer_25	SQN12_Layers	0.000000	0.000000	0.000000	0.0000	0.0000	0.000000	None	-1.0000	-1					-1	-1	-1	0	0	0.0000	-1.0000	-1.0000	-1.0000	-1.0000	-1.0000	-1.0000	-1.0000	-1.0000	-1.0000	-1.0000	-1.0000	-1.0000	-1.0000	-1.0000	-1.0000	-1.0000		0	TVA	-1.0000	-1	0.000000	None	None	-1	0	0	None	None	None	None	None	-1	-1	-1.000000	-1.000000	-1.000000	-1.000000		-1	-1
SQN12_Layer_26	SQN12_Layer_26	SQN12_Layers	0.000000	0.000000	0.000000	0.0000	0.0000	0.000000	None	-1.0000	-1					-1	-1	-1	0	0	0.0000	-1.0000	-1.0000	-1.0000	-1.0000	-1.0000	-1.0000	-1.0000	-1.0000	-1.0000	-1.0000	-1.0000	-1.0000	-1.0000	-1.0000	-1.0000	-1.0000		0	TVA	-1.0000	-1	0.000000	None	None	-1	0	0	None	None	None	None	None	-1	-1	-1.000000	-1.000000	-1.000000	-1.000000		-1	-1
SQN12_Layer_27	SQN12_Layer_27	SQN12_Layers	0.000000	0.000000	0.000000	0.0000	0.0000	0.000000	None	-1.0000	-1					-1	-1	-1	0	0	0.0000	-1.0000	-1.0000	-1.0000	-1.0000	-1.0000	-1.0000	-1.0000	-1.0000	-1.0000	-1.0000	-1.0000	-1.0000	-1.0000	-1.0000	-1.0000	-1.0000		0	TVA	-1.0000	-1	0.000000	None	None	-1	0	0	None	None	None	None	None	-1	-1	-1.000000	-1.000000	-1.000000	-1.000000		-1	-1
SQN12_Layer_28	SQN12_Layer_28	SQN12_Layers	0.000000	0.000000	0.000000	0.0000	0.0000	0.000000	None	-1.0000	-1					-1	-1	-1	0	0	0.0000	-1.0000	-1.0000	-1.0000	-1.0000	-1.0000	-1.0000	-1.0000	-1.0000	-1.0000	-1.0000	-1.0000	-1.0000	-1.0000	-1.0000	-1.0000	-1.0000		0	TVA	-1.0000	-1	0.000000	None	None	-1	0	0	None	None	None	None	None	-1	-1	-1.000000	-1.000000	-1.000000	-1.000000		-1	-1
SQN12_Layer_29	SQN12_Layer_29	SQN12_Layers	0.000000	0.000000	0.000000	0.0000	0.0000	0.000000	None	-1.0000	-1					-1	-1	-1	0	0	0.0000	-1.0000	-1.0000	-1.0000	-1.0000	-1.0000	-1.0000	-1.0000	-1.0000	-1.0000	-1.0000	-1.0000	-1.0000	-1.0000	-1.0000	-1.0000	-1.0000		0	TVA	-1.0000	-1	0.000000	None	None	-1	0	0	None	None	None	None	None	-1	-1	-1.000000	-1.000000	-1.000000	-1.000000		-1	-1
SQN12_Layer_3	SQN12_Layer_3	SQN12_Layers	0.000000	0.000000	0.000000	0.0000	0.0000	0.000000	None	-1.0000	-1					-1	-1	-1	0	0	0.0000	-1.0000	-1.0000	-1.0000	-1.0000	-1.0000	-1.0000	-1.0000	-1.0000	-1.0000	-1.0000	-1.0000	-1.0000	-1.0000	-1.0000	-1.0000	-1.0000		0	TVA	-1.0000	-1	0.000000	None	None	-1	0	0	None	None	None	None	None	-1	-1	-1.000000	-1.000000	-1.000000	-1.000000		-1	-1
SQN12_Layer_30	SQN12_Layer_30	SQN12_Layers	0.000000	0.000000	0.000000	0.0000	0.0000	0.000000	None	-1.0000	-1					-1	-1	-1	0	0	0.0000	-1.0000	-1.0000	-1.0000	-1.0000	-1.0000	-1.0000	-1.0000	-1.0000	-1.0000	-1.0000	-1.0000	-1.0000	-1.0000	-1.0000	-1.0000	-1.0000		0	TVA	-1.0000	-1	0.000000	None	None	-1	0	0	None	None	None	None	None	-1	-1	-1.000000	-1.000000	-1.000000	-1.000000		-1	-1
SQN12_Layer_4	SQN12_Layer_4	SQN12_Layers	0.000000	0.000000	0.000000	0.0000	0.0000	0.000000	None	-1.0000	-1					-1	-1	-1	0	0	0.0000	-1.0000	-1.0000	-1.0000	-1.0000	-1.0000	-1.0000	-1.0000	-1.0000	-1.0000	-1.0000	-1.0000	-1.0000	-1.0000	-1.0000	-1.0000	-1.0000		0	TVA	-1.0000	-1	0.000000	None	None	-1	0	0	None	None	None	None	None	-1	-1	-1.000000	-1.000000	-1.000000	-1.000000		-1	-1
SQN12_Layer_5	SQN12_Layer_5	SQN12_Layers	0.000000	0.000000	0.000000	0.0000	0.0000	0.000000	None	-1.0000	-1					-1	-1	-1	0	0	0.0000	-1.0000	-1.0000	-1.0000	-1.0000	-1.0000	-1.0000	-1.0000	-1.0000	-1.0000	-1.0000	-1.0000	-1.0000	-1.0000	-1.0000	-1.0000	-1.0000		0	TVA	-1.0000	-1	0.000000	None	None	-1	0	0	None	None	None	None	None	-1	-1	-1.000000	-1.000000	-1.000000	-1.000000		-1	-1
SQN12_Layer_6	SQN12_Layer_6	SQN12_Layers	0.000000	0.000000	0.000000	0.0000	0.0000	0.000000	None	-1.0000	-1					-1	-1	-1	0	0	0.0000	-1.0000	-1.0000	-1.0000	-1.0000	-1.0000	-1.0000	-1.0000	-1.0000	-1.0000	-1.0000	-1.0000	-1.0000	-1.0000	-1.0000	-1.0000	-1.0000		0	TVA	-1.0000	-1	0.000000	None	None	-1	0	0	None	None	None	None	None	-1	-1	-1.000000	-1.000000	-1.000000	-1.000000		-1	-1
SQN12_Layer_7	SQN12_Layer_7	SQN12_Layers	0.000000	0.000000	0.000000	0.0000	0.0000	0.000000	None	-1.0000	-1					-1	-1	-1	0	0	0.0000	-1.0000	-1.0000	-1.0000	-1.0000	-1.0000	-1.0000	-1.0000	-1.0000	-1.0000	-1.0000	-1.0000	-1.0000	-1.0000	-1.0000	-1.0000	-1.0000		0	TVA	-1.0000	-1	0.000000	None	None	-1	0	0	None	None	None	None	None	-1	-1	-1.000000	-1.000000	-1.000000	-1.000000		-1	-1
SQN12_Layer_8	SQN12_Layer_8	SQN12_Layers	0.000000	0.000000	0.000000	0.0000	0.0000	0.000000	None	-1.0000	-1					-1	-1	-1	0	0	0.0000	-1.0000	-1.0000	-1.0000	-1.0000	-1.0000	-1.0000	-1.0000	-1.0000	-1.0000	-1.0000	-1.0000	-1.0000	-1.0000	-1.0000	-1.0000	-1.0000		0	TVA	-1.0000	-1	0.000000	None	None	-1	0	0	None	None	None	None	None	-1	-1	-1.000000	-1.000000	-1.000000	-1.000000		-1	-1
SQN12_Layer_9	SQN12_Layer_9	SQN12_Layers	0.000000	0.000000	0.000000	0.0000	0.0000	0.000000	None	-1.0000	-1					-1	-1	-1	0	0	0.0000	-1.0000	-1.0000	-1.0000	-1.0000	-1.0000	-1.0000	-1.0000	-1.0000	-1.0000	-1.0000	-1.0000	-1.0000	-1.0000	-1.0000	-1.0000	-1.0000		0	TVA	-1.0000	-1	0.000000	None	None	-1	0	0	None	None	None	None	None	-1	-1	-1.000000	-1.000000	-1.000000	-1.000000		-1	-1
SQN12_Layers	SQN12 D3D profiles	SQN12_Layers	35.216597	-85.089834	0.000000	0.0000	0.0000	0.000000	None	-1.0000	-1					-1	-1	-1	0	0	0.0000	-1.0000	-1.0000	-1.0000	-1.0000	-1.0000	-1.0000	-1.0000	-1.0000	-1.0000	-1.0000	-1.0000	-1.0000	-1.0000	-1.0000	-1.0000	-1.0000		0		-1.0000	-1	0.000000	None	None	-1	0	0	None	None	None	None	None	-1	-1	-1.000000	-1.000000	-1.000000	-1.000000		-1	-1
SQN13_0.5ft	SQN13_0.5ft	SQN 13 (Skimmer Wall)	35.229687	-85.084328	0.000000	0.0000	0.0000	0.000000	None	-1.0000	-1					-1	-1	-1	0	0	0.0000	-1.0000	-1.0000	-1.0000	-1.0000	-1.0000	-1.0000	-1.0000	-1.0000	-1.0000	-1.0000	-1.0000	-1.0000	-1.0000	-1.0000	-1.0000	-1.0000		0	TVA	-1.0000	-1	0.000000	None	None	-1	0	0	None	None	None	None	None	-1	-1	-1.000000	-1.000000	-1.000000	-1.000000		-1	-1
SQN13_3ft	SQN13_3ft	SQN 13 (Skimmer Wall)	35.229687	-85.084328	0.000000	0.0000	0.0000	0.000000	None	-1.0000	-1					-1	-1	-1	0	0	0.0000	-1.0000	-1.0000	-1.0000	-1.0000	-1.0000	-1.0000	-1.0000	-1.0000	-1.0000	-1.0000	-1.0000	-1.0000	-1.0000	-1.0000	-1.0000	-1.0000		0	TVA	-1.0000	-1	0.000000	None	None	-1	0	0	None	None	None	None	None	-1	-1	-1.000000	-1.000000	-1.000000	-1.000000		-1	-1
SQN13_5ft	SQN13_5ft	SQN 13 (Skimmer Wall)	35.229687	-85.084328	0.000000	0.0000	0.0000	0.000000	None	-1.0000	-1					-1	-1	-1	0	0	0.0000	-1.0000	-1.0000	-1.0000	-1.0000	-1.0000	-1.0000	-1.0000	-1.0000	-1.0000	-1.0000	-1.0000	-1.0000	-1.0000	-1.0000	-1.0000	-1.0000		0	TVA	-1.0000	-1	0.000000	None	None	-1	0	0	None	None	None	None	None	-1	-1	-1.000000	-1.000000	-1.000000	-1.000000		-1	-1
SQN13_637ft_elev	SQN13_637ft_elev	SQN 13 (Skimmer Wall)	35.229687	-85.084328	0.000000	0.0000	0.0000	0.000000	None	-1.0000	-1					-1	-1	-1	0	0	0.0000	-1.0000	-1.0000	-1.0000	-1.0000	-1.0000	-1.0000	-1.0000	-1.0000	-1.0000	-1.0000	-1.0000	-1.0000	-1.0000	-1.0000	-1.0000	-1.0000		0	TVA	-1.0000	-1	0.000000	None	None	-1	0	0	None	None	None	None	None	-1	-1	-1.000000	-1.000000	-1.000000	-1.000000		-1	-1
SQN13_646ft_elev	SQN13_646ft_elev	SQN 13 (Skimmer Wall)	35.229687	-85.084328	0.000000	0.0000	0.0000	0.000000	None	-1.0000	-1					-1	-1	-1	0	0	0.0000	-1.0000	-1.0000	-1.0000	-1.0000	-1.0000	-1.0000	-1.0000	-1.0000	-1.0000	-1.0000	-1.0000	-1.0000	-1.0000	-1.0000	-1.0000	-1.0000		0	TVA	-1.0000	-1	0.000000	None	None	-1	0	0	None	None	None	None	None	-1	-1	-1.000000	-1.000000	-1.000000	-1.000000		-1	-1
SQN13_656ft_elev	SQN13_656ft_elev	SQN 13 (Skimmer Wall)	35.229687	-85.084328	0.000000	0.0000	0.0000	0.000000	None	-1.0000	-1					-1	-1	-1	0	0	0.0000	-1.0000	-1.0000	-1.0000	-1.0000	-1.0000	-1.0000	-1.0000	-1.0000	-1.0000	-1.0000	-1.0000	-1.0000	-1.0000	-1.0000	-1.0000	-1.0000		0	TVA	-1.0000	-1	0.000000	None	None	-1	0	0	None	None	None	None	None	-1	-1	-1.000000	-1.000000	-1.000000	-1.000000		-1	-1
SQN13_667ft_elev	SQN13_667ft_elev	SQN 13 (Skimmer Wall)	35.229687	-85.084328	0.000000	0.0000	0.0000	0.000000	None	-1.0000	-1					-1	-1	-1	0	0	0.0000	-1.0000	-1.0000	-1.0000	-1.0000	-1.0000	-1.0000	-1.0000	-1.0000	-1.0000	-1.0000	-1.0000	-1.0000	-1.0000	-1.0000	-1.0000	-1.0000		0	TVA	-1.0000	-1	0.000000	None	None	-1	0	0	None	None	None	None	None	-1	-1	-1.000000	-1.000000	-1.000000	-1.000000		-1	-1
SQN13_671ft_elev	SQN13_671ft_elev	SQN 13 (Skimmer Wall)	35.229687	-85.084328	0.000000	0.0000	0.0000	0.000000	None	-1.0000	-1					-1	-1	-1	0	0	0.0000	-1.0000	-1.0000	-1.0000	-1.0000	-1.0000	-1.0000	-1.0000	-1.0000	-1.0000	-1.0000	-1.0000	-1.0000	-1.0000	-1.0000	-1.0000	-1.0000		0	TVA	-1.0000	-1	0.000000	None	None	-1	0	0	None	None	None	None	None	-1	-1	-1.000000	-1.000000	-1.000000	-1.000000		-1	-1
SQN13_673ft_elev	SQN13_673ft_elev	SQN 13 (Skimmer Wall)	35.229687	-85.084328	0.000000	0.0000	0.0000	0.000000	None	-1.0000	-1					-1	-1	-1	0	0	0.0000	-1.0000	-1.0000	-1.0000	-1.0000	-1.0000	-1.0000	-1.0000	-1.0000	-1.0000	-1.0000	-1.0000	-1.0000	-1.0000	-1.0000	-1.0000	-1.0000		0	TVA	-1.0000	-1	0.000000	None	None	-1	0	0	None	None	None	None	None	-1	-1	-1.000000	-1.000000	-1.000000	-1.000000		-1	-1
SQN13_7ft	SQN13_7ft	SQN 13 (Skimmer Wall)	35.229687	-85.084328	0.000000	0.0000	0.0000	0.000000	None	-1.0000	-1					-1	-1	-1	0	0	0.0000	-1.0000	-1.0000	-1.0000	-1.0000	-1.0000	-1.0000	-1.0000	-1.0000	-1.0000	-1.0000	-1.0000	-1.0000	-1.0000	-1.0000	-1.0000	-1.0000		0	TVA	-1.0000	-1	0.000000	None	None	-1	0	0	None	None	None	None	None	-1	-1	-1.000000	-1.000000	-1.000000	-1.000000		-1	-1
SQN13_Layer_1	SQN13_Layer_1	SQN13_Layers	0.000000	0.000000	0.000000	0.0000	0.0000	0.000000	None	-1.0000	-1					-1	-1	-1	0	0	0.0000	-1.0000	-1.0000	-1.0000	-1.0000	-1.0000	-1.0000	-1.0000	-1.0000	-1.0000	-1.0000	-1.0000	-1.0000	-1.0000	-1.0000	-1.0000	-1.0000		0	TVA	-1.0000	-1	0.000000	None	None	-1	0	0	None	None	None	None	None	-1	-1	-1.000000	-1.000000	-1.000000	-1.000000		-1	-1
SQN13_Layer_10	SQN13_Layer_10	SQN13_Layers	0.000000	0.000000	0.000000	0.0000	0.0000	0.000000	None	-1.0000	-1					-1	-1	-1	0	0	0.0000	-1.0000	-1.0000	-1.0000	-1.0000	-1.0000	-1.0000	-1.0000	-1.0000	-1.0000	-1.0000	-1.0000	-1.0000	-1.0000	-1.0000	-1.0000	-1.0000		0	TVA	-1.0000	-1	0.000000	None	None	-1	0	0	None	None	None	None	None	-1	-1	-1.000000	-1.000000	-1.000000	-1.000000		-1	-1
SQN13_Layer_11	SQN13_Layer_11	SQN13_Layers	0.000000	0.000000	0.000000	0.0000	0.0000	0.000000	None	-1.0000	-1					-1	-1	-1	0	0	0.0000	-1.0000	-1.0000	-1.0000	-1.0000	-1.0000	-1.0000	-1.0000	-1.0000	-1.0000	-1.0000	-1.0000	-1.0000	-1.0000	-1.0000	-1.0000	-1.0000		0	TVA	-1.0000	-1	0.000000	None	None	-1	0	0	None	None	None	None	None	-1	-1	-1.000000	-1.000000	-1.000000	-1.000000		-1	-1
SQN13_Layer_12	SQN13_Layer_12	SQN13_Layers	0.000000	0.000000	0.000000	0.0000	0.0000	0.000000	None	-1.0000	-1					-1	-1	-1	0	0	0.0000	-1.0000	-1.0000	-1.0000	-1.0000	-1.0000	-1.0000	-1.0000	-1.0000	-1.0000	-1.0000	-1.0000	-1.0000	-1.0000	-1.0000	-1.0000	-1.0000		0	TVA	-1.0000	-1	0.000000	None	None	-1	0	0	None	None	None	None	None	-1	-1	-1.000000	-1.000000	-1.000000	-1.000000		-1	-1
SQN13_Layer_13	SQN13_Layer_13	SQN13_Layers	0.000000	0.000000	0.000000	0.0000	0.0000	0.000000	None	-1.0000	-1					-1	-1	-1	0	0	0.0000	-1.0000	-1.0000	-1.0000	-1.0000	-1.0000	-1.0000	-1.0000	-1.0000	-1.0000	-1.0000	-1.0000	-1.0000	-1.0000	-1.0000	-1.0000	-1.0000		0	TVA	-1.0000	-1	0.000000	None	None	-1	0	0	None	None	None	None	None	-1	-1	-1.000000	-1.000000	-1.000000	-1.000000		-1	-1
SQN13_Layer_14	SQN13_Layer_14	SQN13_Layers	0.000000	0.000000	0.000000	0.0000	0.0000	0.000000	None	-1.0000	-1					-1	-1	-1	0	0	0.0000	-1.0000	-1.0000	-1.0000	-1.0000	-1.0000	-1.0000	-1.0000	-1.0000	-1.0000	-1.0000	-1.0000	-1.0000	-1.0000	-1.0000	-1.0000	-1.0000		0	TVA	-1.0000	-1	0.000000	None	None	-1	0	0	None	None	None	None	None	-1	-1	-1.000000	-1.000000	-1.000000	-1.000000		-1	-1
SQN13_Layer_15	SQN13_Layer_15	SQN13_Layers	0.000000	0.000000	0.000000	0.0000	0.0000	0.000000	None	-1.0000	-1					-1	-1	-1	0	0	0.0000	-1.0000	-1.0000	-1.0000	-1.0000	-1.0000	-1.0000	-1.0000	-1.0000	-1.0000	-1.0000	-1.0000	-1.0000	-1.0000	-1.0000	-1.0000	-1.0000		0	TVA	-1.0000	-1	0.000000	None	None	-1	0	0	None	None	None	None	None	-1	-1	-1.000000	-1.000000	-1.000000	-1.000000		-1	-1
SQN13_Layer_16	SQN13_Layer_16	SQN13_Layers	0.000000	0.000000	0.000000	0.0000	0.0000	0.000000	None	-1.0000	-1					-1	-1	-1	0	0	0.0000	-1.0000	-1.0000	-1.0000	-1.0000	-1.0000	-1.0000	-1.0000	-1.0000	-1.0000	-1.0000	-1.0000	-1.0000	-1.0000	-1.0000	-1.0000	-1.0000		0	TVA	-1.0000	-1	0.000000	None	None	-1	0	0	None	None	None	None	None	-1	-1	-1.000000	-1.000000	-1.000000	-1.000000		-1	-1
SQN13_Layer_17	SQN13_Layer_17	SQN13_Layers	0.000000	0.000000	0.000000	0.0000	0.0000	0.000000	None	-1.0000	-1					-1	-1	-1	0	0	0.0000	-1.0000	-1.0000	-1.0000	-1.0000	-1.0000	-1.0000	-1.0000	-1.0000	-1.0000	-1.0000	-1.0000	-1.0000	-1.0000	-1.0000	-1.0000	-1.0000		0	TVA	-1.0000	-1	0.000000	None	None	-1	0	0	None	None	None	None	None	-1	-1	-1.000000	-1.000000	-1.000000	-1.000000		-1	-1
SQN13_Layer_18	SQN13_Layer_18	SQN13_Layers	0.000000	0.000000	0.000000	0.0000	0.0000	0.000000	None	-1.0000	-1					-1	-1	-1	0	0	0.0000	-1.0000	-1.0000	-1.0000	-1.0000	-1.0000	-1.0000	-1.0000	-1.0000	-1.0000	-1.0000	-1.0000	-1.0000	-1.0000	-1.0000	-1.0000	-1.0000		0	TVA	-1.0000	-1	0.000000	None	None	-1	0	0	None	None	None	None	None	-1	-1	-1.000000	-1.000000	-1.000000	-1.000000		-1	-1
SQN13_Layer_19	SQN13_Layer_19	SQN13_Layers	0.000000	0.000000	0.000000	0.0000	0.0000	0.000000	None	-1.0000	-1					-1	-1	-1	0	0	0.0000	-1.0000	-1.0000	-1.0000	-1.0000	-1.0000	-1.0000	-1.0000	-1.0000	-1.0000	-1.0000	-1.0000	-1.0000	-1.0000	-1.0000	-1.0000	-1.0000		0	TVA	-1.0000	-1	0.000000	None	None	-1	0	0	None	None	None	None	None	-1	-1	-1.000000	-1.000000	-1.000000	-1.000000		-1	-1
SQN13_Layer_2	SQN13_Layer_2	SQN13_Layers	0.000000	0.000000	0.000000	0.0000	0.0000	0.000000	None	-1.0000	-1					-1	-1	-1	0	0	0.0000	-1.0000	-1.0000	-1.0000	-1.0000	-1.0000	-1.0000	-1.0000	-1.0000	-1.0000	-1.0000	-1.0000	-1.0000	-1.0000	-1.0000	-1.0000	-1.0000		0	TVA	-1.0000	-1	0.000000	None	None	-1	0	0	None	None	None	None	None	-1	-1	-1.000000	-1.000000	-1.000000	-1.000000		-1	-1
SQN13_Layer_20	SQN13_Layer_20	SQN13_Layers	0.000000	0.000000	0.000000	0.0000	0.0000	0.000000	None	-1.0000	-1					-1	-1	-1	0	0	0.0000	-1.0000	-1.0000	-1.0000	-1.0000	-1.0000	-1.0000	-1.0000	-1.0000	-1.0000	-1.0000	-1.0000	-1.0000	-1.0000	-1.0000	-1.0000	-1.0000		0	TVA	-1.0000	-1	0.000000	None	None	-1	0	0	None	None	None	None	None	-1	-1	-1.000000	-1.000000	-1.000000	-1.000000		-1	-1
SQN13_Layer_21	SQN13_Layer_21	SQN13_Layers	0.000000	0.000000	0.000000	0.0000	0.0000	0.000000	None	-1.0000	-1					-1	-1	-1	0	0	0.0000	-1.0000	-1.0000	-1.0000	-1.0000	-1.0000	-1.0000	-1.0000	-1.0000	-1.0000	-1.0000	-1.0000	-1.0000	-1.0000	-1.0000	-1.0000	-1.0000		0	TVA	-1.0000	-1	0.000000	None	None	-1	0	0	None	None	None	None	None	-1	-1	-1.000000	-1.000000	-1.000000	-1.000000		-1	-1
SQN13_Layer_22	SQN13_Layer_22	SQN13_Layers	0.000000	0.000000	0.000000	0.0000	0.0000	0.000000	None	-1.0000	-1					-1	-1	-1	0	0	0.0000	-1.0000	-1.0000	-1.0000	-1.0000	-1.0000	-1.0000	-1.0000	-1.0000	-1.0000	-1.0000	-1.0000	-1.0000	-1.0000	-1.0000	-1.0000	-1.0000		0	TVA	-1.0000	-1	0.000000	None	None	-1	0	0	None	None	None	None	None	-1	-1	-1.000000	-1.000000	-1.000000	-1.000000		-1	-1
SQN13_Layer_23	SQN13_Layer_23	SQN13_Layers	0.000000	0.000000	0.000000	0.0000	0.0000	0.000000	None	-1.0000	-1					-1	-1	-1	0	0	0.0000	-1.0000	-1.0000	-1.0000	-1.0000	-1.0000	-1.0000	-1.0000	-1.0000	-1.0000	-1.0000	-1.0000	-1.0000	-1.0000	-1.0000	-1.0000	-1.0000		0	TVA	-1.0000	-1	0.000000	None	None	-1	0	0	None	None	None	None	None	-1	-1	-1.000000	-1.000000	-1.000000	-1.000000		-1	-1
SQN13_Layer_24	SQN13_Layer_24	SQN13_Layers	0.000000	0.000000	0.000000	0.0000	0.0000	0.000000	None	-1.0000	-1					-1	-1	-1	0	0	0.0000	-1.0000	-1.0000	-1.0000	-1.0000	-1.0000	-1.0000	-1.0000	-1.0000	-1.0000	-1.0000	-1.0000	-1.0000	-1.0000	-1.0000	-1.0000	-1.0000		0	TVA	-1.0000	-1	0.000000	None	None	-1	0	0	None	None	None	None	None	-1	-1	-1.000000	-1.000000	-1.000000	-1.000000		-1	-1
SQN13_Layer_25	SQN13_Layer_25	SQN13_Layers	0.000000	0.000000	0.000000	0.0000	0.0000	0.000000	None	-1.0000	-1					-1	-1	-1	0	0	0.0000	-1.0000	-1.0000	-1.0000	-1.0000	-1.0000	-1.0000	-1.0000	-1.0000	-1.0000	-1.0000	-1.0000	-1.0000	-1.0000	-1.0000	-1.0000	-1.0000		0	TVA	-1.0000	-1	0.000000	None	None	-1	0	0	None	None	None	None	None	-1	-1	-1.000000	-1.000000	-1.000000	-1.000000		-1	-1
SQN13_Layer_26	SQN13_Layer_26	SQN13_Layers	0.000000	0.000000	0.000000	0.0000	0.0000	0.000000	None	-1.0000	-1					-1	-1	-1	0	0	0.0000	-1.0000	-1.0000	-1.0000	-1.0000	-1.0000	-1.0000	-1.0000	-1.0000	-1.0000	-1.0000	-1.0000	-1.0000	-1.0000	-1.0000	-1.0000	-1.0000		0	TVA	-1.0000	-1	0.000000	None	None	-1	0	0	None	None	None	None	None	-1	-1	-1.000000	-1.000000	-1.000000	-1.000000		-1	-1
SQN13_Layer_27	SQN13_Layer_27	SQN13_Layers	0.000000	0.000000	0.000000	0.0000	0.0000	0.000000	None	-1.0000	-1					-1	-1	-1	0	0	0.0000	-1.0000	-1.0000	-1.0000	-1.0000	-1.0000	-1.0000	-1.0000	-1.0000	-1.0000	-1.0000	-1.0000	-1.0000	-1.0000	-1.0000	-1.0000	-1.0000		0	TVA	-1.0000	-1	0.000000	None	None	-1	0	0	None	None	None	None	None	-1	-1	-1.000000	-1.000000	-1.000000	-1.000000		-1	-1
SQN13_Layer_28	SQN13_Layer_28	SQN13_Layers	0.000000	0.000000	0.000000	0.0000	0.0000	0.000000	None	-1.0000	-1					-1	-1	-1	0	0	0.0000	-1.0000	-1.0000	-1.0000	-1.0000	-1.0000	-1.0000	-1.0000	-1.0000	-1.0000	-1.0000	-1.0000	-1.0000	-1.0000	-1.0000	-1.0000	-1.0000		0	TVA	-1.0000	-1	0.000000	None	None	-1	0	0	None	None	None	None	None	-1	-1	-1.000000	-1.000000	-1.000000	-1.000000		-1	-1
SQN13_Layer_29	SQN13_Layer_29	SQN13_Layers	0.000000	0.000000	0.000000	0.0000	0.0000	0.000000	None	-1.0000	-1					-1	-1	-1	0	0	0.0000	-1.0000	-1.0000	-1.0000	-1.0000	-1.0000	-1.0000	-1.0000	-1.0000	-1.0000	-1.0000	-1.0000	-1.0000	-1.0000	-1.0000	-1.0000	-1.0000		0	TVA	-1.0000	-1	0.000000	None	None	-1	0	0	None	None	None	None	None	-1	-1	-1.000000	-1.000000	-1.000000	-1.000000		-1	-1
SQN13_Layer_3	SQN13_Layer_3	SQN13_Layers	0.000000	0.000000	0.000000	0.0000	0.0000	0.000000	None	-1.0000	-1					-1	-1	-1	0	0	0.0000	-1.0000	-1.0000	-1.0000	-1.0000	-1.0000	-1.0000	-1.0000	-1.0000	-1.0000	-1.0000	-1.0000	-1.0000	-1.0000	-1.0000	-1.0000	-1.0000		0	TVA	-1.0000	-1	0.000000	None	None	-1	0	0	None	None	None	None	None	-1	-1	-1.000000	-1.000000	-1.000000	-1.000000		-1	-1
SQN13_Layer_30	SQN13_Layer_30	SQN13_Layers	0.000000	0.000000	0.000000	0.0000	0.0000	0.000000	None	-1.0000	-1					-1	-1	-1	0	0	0.0000	-1.0000	-1.0000	-1.0000	-1.0000	-1.0000	-1.0000	-1.0000	-1.0000	-1.0000	-1.0000	-1.0000	-1.0000	-1.0000	-1.0000	-1.0000	-1.0000		0	TVA	-1.0000	-1	0.000000	None	None	-1	0	0	None	None	None	None	None	-1	-1	-1.000000	-1.000000	-1.000000	-1.000000		-1	-1
SQN13_Layer_4	SQN13_Layer_4	SQN13_Layers	0.000000	0.000000	0.000000	0.0000	0.0000	0.000000	None	-1.0000	-1					-1	-1	-1	0	0	0.0000	-1.0000	-1.0000	-1.0000	-1.0000	-1.0000	-1.0000	-1.0000	-1.0000	-1.0000	-1.0000	-1.0000	-1.0000	-1.0000	-1.0000	-1.0000	-1.0000		0	TVA	-1.0000	-1	0.000000	None	None	-1	0	0	None	None	None	None	None	-1	-1	-1.000000	-1.000000	-1.000000	-1.000000		-1	-1
SQN13_Layer_5	SQN13_Layer_5	SQN13_Layers	0.000000	0.000000	0.000000	0.0000	0.0000	0.000000	None	-1.0000	-1					-1	-1	-1	0	0	0.0000	-1.0000	-1.0000	-1.0000	-1.0000	-1.0000	-1.0000	-1.0000	-1.0000	-1.0000	-1.0000	-1.0000	-1.0000	-1.0000	-1.0000	-1.0000	-1.0000		0	TVA	-1.0000	-1	0.000000	None	None	-1	0	0	None	None	None	None	None	-1	-1	-1.000000	-1.000000	-1.000000	-1.000000		-1	-1
SQN13_Layer_6	SQN13_Layer_6	SQN13_Layers	0.000000	0.000000	0.000000	0.0000	0.0000	0.000000	None	-1.0000	-1					-1	-1	-1	0	0	0.0000	-1.0000	-1.0000	-1.0000	-1.0000	-1.0000	-1.0000	-1.0000	-1.0000	-1.0000	-1.0000	-1.0000	-1.0000	-1.0000	-1.0000	-1.0000	-1.0000		0	TVA	-1.0000	-1	0.000000	None	None	-1	0	0	None	None	None	None	None	-1	-1	-1.000000	-1.000000	-1.000000	-1.000000		-1	-1
SQN13_Layer_7	SQN13_Layer_7	SQN13_Layers	0.000000	0.000000	0.000000	0.0000	0.0000	0.000000	None	-1.0000	-1					-1	-1	-1	0	0	0.0000	-1.0000	-1.0000	-1.0000	-1.0000	-1.0000	-1.0000	-1.0000	-1.0000	-1.0000	-1.0000	-1.0000	-1.0000	-1.0000	-1.0000	-1.0000	-1.0000		0	TVA	-1.0000	-1	0.000000	None	None	-1	0	0	None	None	None	None	None	-1	-1	-1.000000	-1.000000	-1.000000	-1.000000		-1	-1
SQN13_Layer_8	SQN13_Layer_8	SQN13_Layers	0.000000	0.000000	0.000000	0.0000	0.0000	0.000000	None	-1.0000	-1					-1	-1	-1	0	0	0.0000	-1.0000	-1.0000	-1.0000	-1.0000	-1.0000	-1.0000	-1.0000	-1.0000	-1.0000	-1.0000	-1.0000	-1.0000	-1.0000	-1.0000	-1.0000	-1.0000		0	TVA	-1.0000	-1	0.000000	None	None	-1	0	0	None	None	None	None	None	-1	-1	-1.000000	-1.000000	-1.000000	-1.000000		-1	-1
SQN13_Layer_9	SQN13_Layer_9	SQN13_Layers	0.000000	0.000000	0.000000	0.0000	0.0000	0.000000	None	-1.0000	-1					-1	-1	-1	0	0	0.0000	-1.0000	-1.0000	-1.0000	-1.0000	-1.0000	-1.0000	-1.0000	-1.0000	-1.0000	-1.0000	-1.0000	-1.0000	-1.0000	-1.0000	-1.0000	-1.0000		0	TVA	-1.0000	-1	0.000000	None	None	-1	0	0	None	None	None	None	None	-1	-1	-1.000000	-1.000000	-1.000000	-1.000000		-1	-1
SQN13_Layers	SQN13 D3D profiles	SQN13_Layers	35.229687	-85.084328	0.000000	0.0000	0.0000	0.000000	None	-1.0000	-1					-1	-1	-1	0	0	0.0000	-1.0000	-1.0000	-1.0000	-1.0000	-1.0000	-1.0000	-1.0000	-1.0000	-1.0000	-1.0000	-1.0000	-1.0000	-1.0000	-1.0000	-1.0000	-1.0000		0		-1.0000	-1	0.000000	None	None	-1	0	0	None	None	None	None	None	-1	-1	-1.000000	-1.000000	-1.000000	-1.000000		-1	-1
SQN14 1/2' D	SQN14 0.5' D	SQN 14 (US)	35.300158	-85.076671	0.000000	0.0000	0.0000	0.000000	None	-1.0000	-1				SQN	-1	-1	-1	0	0	0.0000	-1.0000	-1.0000	-1.0000	-1.0000	-1.0000	-1.0000	-1.0000	-1.0000	-1.0000	-1.0000	-1.0000	-1.0000	-1.0000	-1.0000	-1.0000	-1.0000		0	TVA	-1.0000	-1	0.000000	None	None	-1	0	0	None	None	None	None	None	-1	-1	-1.000000	-1.000000	-1.000000	-1.000000		-1	-1
SQN14 11' D	SQN14 11' D	SQN 14 (US)	35.300158	-85.076671	0.000000	0.0000	0.0000	0.000000	None	-1.0000	-1				SQN	-1	-1	-1	0	0	0.0000	-1.0000	-1.0000	-1.0000	-1.0000	-1.0000	-1.0000	-1.0000	-1.0000	-1.0000	-1.0000	-1.0000	-1.0000	-1.0000	-1.0000	-1.0000	-1.0000		0	TVA	-1.0000	-1	0.000000	None	None	-1	0	0	None	None	None	None	None	-1	-1	-1.000000	-1.000000	-1.000000	-1.000000		-1	-1
SQN14 15' D	SQN14 15' D	SQN 14 (US)	35.300158	-85.076671	0.000000	0.0000	0.0000	0.000000	None	-1.0000	-1				SQN	-1	-1	-1	0	0	0.0000	-1.0000	-1.0000	-1.0000	-1.0000	-1.0000	-1.0000	-1.0000	-1.0000	-1.0000	-1.0000	-1.0000	-1.0000	-1.0000	-1.0000	-1.0000	-1.0000		0	TVA	-1.0000	-1	0.000000	None	None	-1	0	0	None	None	None	None	None	-1	-1	-1.000000	-1.000000	-1.000000	-1.000000		-1	-1
SQN14 20' D	SQN14 20' D	SQN 14 (US)	35.300158	-85.076671	0.000000	0.0000	0.0000	0.000000	None	-1.0000	-1				SQN	-1	-1	-1	0	0	0.0000	-1.0000	-1.0000	-1.0000	-1.0000	-1.0000	-1.0000	-1.0000	-1.0000	-1.0000	-1.0000	-1.0000	-1.0000	-1.0000	-1.0000	-1.0000	-1.0000		0	TVA	-1.0000	-1	0.000000	None	None	-1	0	0	None	None	None	None	None	-1	-1	-1.000000	-1.000000	-1.000000	-1.000000		-1	-1
SQN14 25' D	SQN14 25' D	SQN 14 (US)	35.300158	-85.076671	0.000000	0.0000	0.0000	0.000000	None	-1.0000	-1				SQN	-1	-1	-1	0	0	0.0000	-1.0000	-1.0000	-1.0000	-1.0000	-1.0000	-1.0000	-1.0000	-1.0000	-1.0000	-1.0000	-1.0000	-1.0000	-1.0000	-1.0000	-1.0000	-1.0000		0	TVA	-1.0000	-1	0.000000	None	None	-1	0	0	None	None	None	None	None	-1	-1	-1.000000	-1.000000	-1.000000	-1.000000		-1	-1
SQN14 3' D	SQN14 3' D	SQN 14 (US)	35.300158	-85.076671	0.000000	0.0000	0.0000	0.000000	None	-1.0000	-1				SQN	-1	-1	-1	0	0	0.0000	-1.0000	-1.0000	-1.0000	-1.0000	-1.0000	-1.0000	-1.0000	-1.0000	-1.0000	-1.0000	-1.0000	-1.0000	-1.0000	-1.0000	-1.0000	-1.0000		0	TVA	-1.0000	-1	0.000000	None	None	-1	0	0	None	None	None	None	None	-1	-1	-1.000000	-1.000000	-1.000000	-1.000000		-1	-1
SQN14 30' D	SQN14 30' D	SQN 14 (US)	35.300158	-85.076671	0.000000	0.0000	0.0000	0.000000	None	-1.0000	-1				SQN	-1	-1	-1	0	0	0.0000	-1.0000	-1.0000	-1.0000	-1.0000	-1.0000	-1.0000	-1.0000	-1.0000	-1.0000	-1.0000	-1.0000	-1.0000	-1.0000	-1.0000	-1.0000	-1.0000		0	TVA	-1.0000	-1	0.000000	None	None	-1	0	0	None	None	None	None	None	-1	-1	-1.000000	-1.000000	-1.000000	-1.000000		-1	-1
SQN14 5' D	SQN14 5' D	SQN 14 (US)	35.300158	-85.076671	0.000000	0.0000	0.0000	0.000000	None	-1.0000	-1				SQN	-1	-1	-1	0	0	0.0000	-1.0000	-1.0000	-1.0000	-1.0000	-1.0000	-1.0000	-1.0000	-1.0000	-1.0000	-1.0000	-1.0000	-1.0000	-1.0000	-1.0000	-1.0000	-1.0000		0	TVA	-1.0000	-1	0.000000	None	None	-1	0	0	None	None	None	None	None	-1	-1	-1.000000	-1.000000	-1.000000	-1.000000		-1	-1
SQN14 7' D	SQN14 7' D	SQN 14 (US)	35.300158	-85.076671	0.000000	0.0000	0.0000	0.000000	None	-1.0000	-1				SQN	-1	-1	-1	0	0	0.0000	-1.0000	-1.0000	-1.0000	-1.0000	-1.0000	-1.0000	-1.0000	-1.0000	-1.0000	-1.0000	-1.0000	-1.0000	-1.0000	-1.0000	-1.0000	-1.0000		0	TVA	-1.0000	-1	0.000000	None	None	-1	0	0	None	None	None	None	None	-1	-1	-1.000000	-1.000000	-1.000000	-1.000000		-1	-1
SQN14 9' D	SQN14 9' D	SQN 14 (US)	35.300158	-85.076671	0.000000	0.0000	0.0000	0.000000	None	-1.0000	-1				SQN	-1	-1	-1	0	0	0.0000	-1.0000	-1.0000	-1.0000	-1.0000	-1.0000	-1.0000	-1.0000	-1.0000	-1.0000	-1.0000	-1.0000	-1.0000	-1.0000	-1.0000	-1.0000	-1.0000		0	TVA	-1.0000	-1	0.000000	None	None	-1	0	0	None	None	None	None	None	-1	-1	-1.000000	-1.000000	-1.000000	-1.000000		-1	-1
SQN14_0.5ft	SQN14_0.5ft	SQN 14 (US)	35.300158	-85.076671	0.000000	0.0000	0.0000	0.000000	None	-1.0000	-1					-1	-1	-1	0	0	0.0000	-1.0000	-1.0000	-1.0000	-1.0000	-1.0000	-1.0000	-1.0000	-1.0000	-1.0000	-1.0000	-1.0000	-1.0000	-1.0000	-1.0000	-1.0000	-1.0000		0	TVA	-1.0000	-1	0.000000	None	None	-1	0	0	None	None	None	None	None	-1	-1	-1.000000	-1.000000	-1.000000	-1.000000		-1	-1
SQN14_11ft	SQN14_11ft	SQN 14 (US)	35.300158	-85.076671	0.000000	0.0000	0.0000	0.000000	None	-1.0000	-1					-1	-1	-1	0	0	0.0000	-1.0000	-1.0000	-1.0000	-1.0000	-1.0000	-1.0000	-1.0000	-1.0000	-1.0000	-1.0000	-1.0000	-1.0000	-1.0000	-1.0000	-1.0000	-1.0000		0	TVA	-1.0000	-1	0.000000	None	None	-1	0	0	None	None	None	None	None	-1	-1	-1.000000	-1.000000	-1.000000	-1.000000		-1	-1
SQN14_15ft	SQN14_15ft	SQN 14 (US)	35.300158	-85.076671	0.000000	0.0000	0.0000	0.000000	None	-1.0000	-1					-1	-1	-1	0	0	0.0000	-1.0000	-1.0000	-1.0000	-1.0000	-1.0000	-1.0000	-1.0000	-1.0000	-1.0000	-1.0000	-1.0000	-1.0000	-1.0000	-1.0000	-1.0000	-1.0000		0	TVA	-1.0000	-1	0.000000	None	None	-1	0	0	None	None	None	None	None	-1	-1	-1.000000	-1.000000	-1.000000	-1.000000		-1	-1
SQN14_20ft	SQN14_20ft	SQN 14 (US)	35.300158	-85.076671	0.000000	0.0000	0.0000	0.000000	None	-1.0000	-1					-1	-1	-1	0	0	0.0000	-1.0000	-1.0000	-1.0000	-1.0000	-1.0000	-1.0000	-1.0000	-1.0000	-1.0000	-1.0000	-1.0000	-1.0000	-1.0000	-1.0000	-1.0000	-1.0000		0	TVA	-1.0000	-1	0.000000	None	None	-1	0	0	None	None	None	None	None	-1	-1	-1.000000	-1.000000	-1.000000	-1.000000		-1	-1
SQN14_25ft	SQN14_25ft	SQN 14 (US)	35.300158	-85.076671	0.000000	0.0000	0.0000	0.000000	None	-1.0000	-1					-1	-1	-1	0	0	0.0000	-1.0000	-1.0000	-1.0000	-1.0000	-1.0000	-1.0000	-1.0000	-1.0000	-1.0000	-1.0000	-1.0000	-1.0000	-1.0000	-1.0000	-1.0000	-1.0000		0	TVA	-1.0000	-1	0.000000	None	None	-1	0	0	None	None	None	None	None	-1	-1	-1.000000	-1.000000	-1.000000	-1.000000		-1	-1
SQN14_30ft	SQN14_30ft	SQN 14 (US)	35.300158	-85.076671	0.000000	0.0000	0.0000	0.000000	None	-1.0000	-1					-1	-1	-1	0	0	0.0000	-1.0000	-1.0000	-1.0000	-1.0000	-1.0000	-1.0000	-1.0000	-1.0000	-1.0000	-1.0000	-1.0000	-1.0000	-1.0000	-1.0000	-1.0000	-1.0000		0	TVA	-1.0000	-1	0.000000	None	None	-1	0	0	None	None	None	None	None	-1	-1	-1.000000	-1.000000	-1.000000	-1.000000		-1	-1
SQN14_3ft	SQN14_3ft	SQN 14 (US)	35.300158	-85.076671	0.000000	0.0000	0.0000	0.000000	None	-1.0000	-1					-1	-1	-1	0	0	0.0000	-1.0000	-1.0000	-1.0000	-1.0000	-1.0000	-1.0000	-1.0000	-1.0000	-1.0000	-1.0000	-1.0000	-1.0000	-1.0000	-1.0000	-1.0000	-1.0000		0	TVA	-1.0000	-1	0.000000	None	None	-1	0	0	None	None	None	None	None	-1	-1	-1.000000	-1.000000	-1.000000	-1.000000		-1	-1
SQN14_5ft	SQN14_5ft	SQN 14 (US)	35.300158	-85.076671	0.000000	0.0000	0.0000	0.000000	None	-1.0000	-1					-1	-1	-1	0	0	0.0000	-1.0000	-1.0000	-1.0000	-1.0000	-1.0000	-1.0000	-1.0000	-1.0000	-1.0000	-1.0000	-1.0000	-1.0000	-1.0000	-1.0000	-1.0000	-1.0000		0	TVA	-1.0000	-1	0.000000	None	None	-1	0	0	None	None	None	None	None	-1	-1	-1.000000	-1.000000	-1.000000	-1.000000		-1	-1
SQN14_7ft	SQN14_7ft	SQN 14 (US)	35.300158	-85.076671	0.000000	0.0000	0.0000	0.000000	None	-1.0000	-1					-1	-1	-1	0	0	0.0000	-1.0000	-1.0000	-1.0000	-1.0000	-1.0000	-1.0000	-1.0000	-1.0000	-1.0000	-1.0000	-1.0000	-1.0000	-1.0000	-1.0000	-1.0000	-1.0000		0	TVA	-1.0000	-1	0.000000	None	None	-1	0	0	None	None	None	None	None	-1	-1	-1.000000	-1.000000	-1.000000	-1.000000		-1	-1
SQN14_9ft	SQN14_9ft	SQN 14 (US)	35.300158	-85.076671	0.000000	0.0000	0.0000	0.000000	None	-1.0000	-1					-1	-1	-1	0	0	0.0000	-1.0000	-1.0000	-1.0000	-1.0000	-1.0000	-1.0000	-1.0000	-1.0000	-1.0000	-1.0000	-1.0000	-1.0000	-1.0000	-1.0000	-1.0000	-1.0000		0	TVA	-1.0000	-1	0.000000	None	None	-1	0	0	None	None	None	None	None	-1	-1	-1.000000	-1.000000	-1.000000	-1.000000		-1	-1
SQN14_Layer_1	SQN14_Layer_1	SQN14_Layers	0.000000	0.000000	0.000000	0.0000	0.0000	0.000000	None	-1.0000	-1					-1	-1	-1	0	0	0.0000	-1.0000	-1.0000	-1.0000	-1.0000	-1.0000	-1.0000	-1.0000	-1.0000	-1.0000	-1.0000	-1.0000	-1.0000	-1.0000	-1.0000	-1.0000	-1.0000		0	TVA	-1.0000	-1	0.000000	None	None	-1	0	0	None	None	None	None	None	-1	-1	-1.000000	-1.000000	-1.000000	-1.000000		-1	-1
SQN14_Layer_10	SQN14_Layer_10	SQN14_Layers	0.000000	0.000000	0.000000	0.0000	0.0000	0.000000	None	-1.0000	-1					-1	-1	-1	0	0	0.0000	-1.0000	-1.0000	-1.0000	-1.0000	-1.0000	-1.0000	-1.0000	-1.0000	-1.0000	-1.0000	-1.0000	-1.0000	-1.0000	-1.0000	-1.0000	-1.0000		0	TVA	-1.0000	-1	0.000000	None	None	-1	0	0	None	None	None	None	None	-1	-1	-1.000000	-1.000000	-1.000000	-1.000000		-1	-1
SQN14_Layer_11	SQN14_Layer_11	SQN14_Layers	0.000000	0.000000	0.000000	0.0000	0.0000	0.000000	None	-1.0000	-1					-1	-1	-1	0	0	0.0000	-1.0000	-1.0000	-1.0000	-1.0000	-1.0000	-1.0000	-1.0000	-1.0000	-1.0000	-1.0000	-1.0000	-1.0000	-1.0000	-1.0000	-1.0000	-1.0000		0	TVA	-1.0000	-1	0.000000	None	None	-1	0	0	None	None	None	None	None	-1	-1	-1.000000	-1.000000	-1.000000	-1.000000		-1	-1
SQN14_Layer_12	SQN14_Layer_12	SQN14_Layers	0.000000	0.000000	0.000000	0.0000	0.0000	0.000000	None	-1.0000	-1					-1	-1	-1	0	0	0.0000	-1.0000	-1.0000	-1.0000	-1.0000	-1.0000	-1.0000	-1.0000	-1.0000	-1.0000	-1.0000	-1.0000	-1.0000	-1.0000	-1.0000	-1.0000	-1.0000		0	TVA	-1.0000	-1	0.000000	None	None	-1	0	0	None	None	None	None	None	-1	-1	-1.000000	-1.000000	-1.000000	-1.000000		-1	-1
SQN14_Layer_13	SQN14_Layer_13	SQN14_Layers	0.000000	0.000000	0.000000	0.0000	0.0000	0.000000	None	-1.0000	-1					-1	-1	-1	0	0	0.0000	-1.0000	-1.0000	-1.0000	-1.0000	-1.0000	-1.0000	-1.0000	-1.0000	-1.0000	-1.0000	-1.0000	-1.0000	-1.0000	-1.0000	-1.0000	-1.0000		0	TVA	-1.0000	-1	0.000000	None	None	-1	0	0	None	None	None	None	None	-1	-1	-1.000000	-1.000000	-1.000000	-1.000000		-1	-1
SQN14_Layer_14	SQN14_Layer_14	SQN14_Layers	0.000000	0.000000	0.000000	0.0000	0.0000	0.000000	None	-1.0000	-1					-1	-1	-1	0	0	0.0000	-1.0000	-1.0000	-1.0000	-1.0000	-1.0000	-1.0000	-1.0000	-1.0000	-1.0000	-1.0000	-1.0000	-1.0000	-1.0000	-1.0000	-1.0000	-1.0000		0	TVA	-1.0000	-1	0.000000	None	None	-1	0	0	None	None	None	None	None	-1	-1	-1.000000	-1.000000	-1.000000	-1.000000		-1	-1
SQN14_Layer_15	SQN14_Layer_15	SQN14_Layers	0.000000	0.000000	0.000000	0.0000	0.0000	0.000000	None	-1.0000	-1					-1	-1	-1	0	0	0.0000	-1.0000	-1.0000	-1.0000	-1.0000	-1.0000	-1.0000	-1.0000	-1.0000	-1.0000	-1.0000	-1.0000	-1.0000	-1.0000	-1.0000	-1.0000	-1.0000		0	TVA	-1.0000	-1	0.000000	None	None	-1	0	0	None	None	None	None	None	-1	-1	-1.000000	-1.000000	-1.000000	-1.000000		-1	-1
SQN14_Layer_16	SQN14_Layer_16	SQN14_Layers	0.000000	0.000000	0.000000	0.0000	0.0000	0.000000	None	-1.0000	-1					-1	-1	-1	0	0	0.0000	-1.0000	-1.0000	-1.0000	-1.0000	-1.0000	-1.0000	-1.0000	-1.0000	-1.0000	-1.0000	-1.0000	-1.0000	-1.0000	-1.0000	-1.0000	-1.0000		0	TVA	-1.0000	-1	0.000000	None	None	-1	0	0	None	None	None	None	None	-1	-1	-1.000000	-1.000000	-1.000000	-1.000000		-1	-1
SQN14_Layer_17	SQN14_Layer_17	SQN14_Layers	0.000000	0.000000	0.000000	0.0000	0.0000	0.000000	None	-1.0000	-1					-1	-1	-1	0	0	0.0000	-1.0000	-1.0000	-1.0000	-1.0000	-1.0000	-1.0000	-1.0000	-1.0000	-1.0000	-1.0000	-1.0000	-1.0000	-1.0000	-1.0000	-1.0000	-1.0000		0	TVA	-1.0000	-1	0.000000	None	None	-1	0	0	None	None	None	None	None	-1	-1	-1.000000	-1.000000	-1.000000	-1.000000		-1	-1
SQN14_Layer_18	SQN14_Layer_18	SQN14_Layers	0.000000	0.000000	0.000000	0.0000	0.0000	0.000000	None	-1.0000	-1					-1	-1	-1	0	0	0.0000	-1.0000	-1.0000	-1.0000	-1.0000	-1.0000	-1.0000	-1.0000	-1.0000	-1.0000	-1.0000	-1.0000	-1.0000	-1.0000	-1.0000	-1.0000	-1.0000		0	TVA	-1.0000	-1	0.000000	None	None	-1	0	0	None	None	None	None	None	-1	-1	-1.000000	-1.000000	-1.000000	-1.000000		-1	-1
SQN14_Layer_19	SQN14_Layer_19	SQN14_Layers	0.000000	0.000000	0.000000	0.0000	0.0000	0.000000	None	-1.0000	-1					-1	-1	-1	0	0	0.0000	-1.0000	-1.0000	-1.0000	-1.0000	-1.0000	-1.0000	-1.0000	-1.0000	-1.0000	-1.0000	-1.0000	-1.0000	-1.0000	-1.0000	-1.0000	-1.0000		0	TVA	-1.0000	-1	0.000000	None	None	-1	0	0	None	None	None	None	None	-1	-1	-1.000000	-1.000000	-1.000000	-1.000000		-1	-1
SQN14_Layer_2	SQN14_Layer_2	SQN14_Layers	0.000000	0.000000	0.000000	0.0000	0.0000	0.000000	None	-1.0000	-1					-1	-1	-1	0	0	0.0000	-1.0000	-1.0000	-1.0000	-1.0000	-1.0000	-1.0000	-1.0000	-1.0000	-1.0000	-1.0000	-1.0000	-1.0000	-1.0000	-1.0000	-1.0000	-1.0000		0	TVA	-1.0000	-1	0.000000	None	None	-1	0	0	None	None	None	None	None	-1	-1	-1.000000	-1.000000	-1.000000	-1.000000		-1	-1
SQN14_Layer_20	SQN14_Layer_20	SQN14_Layers	0.000000	0.000000	0.000000	0.0000	0.0000	0.000000	None	-1.0000	-1					-1	-1	-1	0	0	0.0000	-1.0000	-1.0000	-1.0000	-1.0000	-1.0000	-1.0000	-1.0000	-1.0000	-1.0000	-1.0000	-1.0000	-1.0000	-1.0000	-1.0000	-1.0000	-1.0000		0	TVA	-1.0000	-1	0.000000	None	None	-1	0	0	None	None	None	None	None	-1	-1	-1.000000	-1.000000	-1.000000	-1.000000		-1	-1
SQN14_Layer_21	SQN14_Layer_21	SQN14_Layers	0.000000	0.000000	0.000000	0.0000	0.0000	0.000000	None	-1.0000	-1					-1	-1	-1	0	0	0.0000	-1.0000	-1.0000	-1.0000	-1.0000	-1.0000	-1.0000	-1.0000	-1.0000	-1.0000	-1.0000	-1.0000	-1.0000	-1.0000	-1.0000	-1.0000	-1.0000		0	TVA	-1.0000	-1	0.000000	None	None	-1	0	0	None	None	None	None	None	-1	-1	-1.000000	-1.000000	-1.000000	-1.000000		-1	-1
SQN14_Layer_22	SQN14_Layer_22	SQN14_Layers	0.000000	0.000000	0.000000	0.0000	0.0000	0.000000	None	-1.0000	-1					-1	-1	-1	0	0	0.0000	-1.0000	-1.0000	-1.0000	-1.0000	-1.0000	-1.0000	-1.0000	-1.0000	-1.0000	-1.0000	-1.0000	-1.0000	-1.0000	-1.0000	-1.0000	-1.0000		0	TVA	-1.0000	-1	0.000000	None	None	-1	0	0	None	None	None	None	None	-1	-1	-1.000000	-1.000000	-1.000000	-1.000000		-1	-1
SQN14_Layer_23	SQN14_Layer_23	SQN14_Layers	0.000000	0.000000	0.000000	0.0000	0.0000	0.000000	None	-1.0000	-1					-1	-1	-1	0	0	0.0000	-1.0000	-1.0000	-1.0000	-1.0000	-1.0000	-1.0000	-1.0000	-1.0000	-1.0000	-1.0000	-1.0000	-1.0000	-1.0000	-1.0000	-1.0000	-1.0000		0	TVA	-1.0000	-1	0.000000	None	None	-1	0	0	None	None	None	None	None	-1	-1	-1.000000	-1.000000	-1.000000	-1.000000		-1	-1
SQN14_Layer_24	SQN14_Layer_24	SQN14_Layers	0.000000	0.000000	0.000000	0.0000	0.0000	0.000000	None	-1.0000	-1					-1	-1	-1	0	0	0.0000	-1.0000	-1.0000	-1.0000	-1.0000	-1.0000	-1.0000	-1.0000	-1.0000	-1.0000	-1.0000	-1.0000	-1.0000	-1.0000	-1.0000	-1.0000	-1.0000		0	TVA	-1.0000	-1	0.000000	None	None	-1	0	0	None	None	None	None	None	-1	-1	-1.000000	-1.000000	-1.000000	-1.000000		-1	-1
SQN14_Layer_25	SQN14_Layer_25	SQN14_Layers	0.000000	0.000000	0.000000	0.0000	0.0000	0.000000	None	-1.0000	-1					-1	-1	-1	0	0	0.0000	-1.0000	-1.0000	-1.0000	-1.0000	-1.0000	-1.0000	-1.0000	-1.0000	-1.0000	-1.0000	-1.0000	-1.0000	-1.0000	-1.0000	-1.0000	-1.0000		0	TVA	-1.0000	-1	0.000000	None	None	-1	0	0	None	None	None	None	None	-1	-1	-1.000000	-1.000000	-1.000000	-1.000000		-1	-1
SQN14_Layer_26	SQN14_Layer_26	SQN14_Layers	0.000000	0.000000	0.000000	0.0000	0.0000	0.000000	None	-1.0000	-1					-1	-1	-1	0	0	0.0000	-1.0000	-1.0000	-1.0000	-1.0000	-1.0000	-1.0000	-1.0000	-1.0000	-1.0000	-1.0000	-1.0000	-1.0000	-1.0000	-1.0000	-1.0000	-1.0000		0	TVA	-1.0000	-1	0.000000	None	None	-1	0	0	None	None	None	None	None	-1	-1	-1.000000	-1.000000	-1.000000	-1.000000		-1	-1
SQN14_Layer_27	SQN14_Layer_27	SQN14_Layers	0.000000	0.000000	0.000000	0.0000	0.0000	0.000000	None	-1.0000	-1					-1	-1	-1	0	0	0.0000	-1.0000	-1.0000	-1.0000	-1.0000	-1.0000	-1.0000	-1.0000	-1.0000	-1.0000	-1.0000	-1.0000	-1.0000	-1.0000	-1.0000	-1.0000	-1.0000		0	TVA	-1.0000	-1	0.000000	None	None	-1	0	0	None	None	None	None	None	-1	-1	-1.000000	-1.000000	-1.000000	-1.000000		-1	-1
SQN14_Layer_28	SQN14_Layer_28	SQN14_Layers	0.000000	0.000000	0.000000	0.0000	0.0000	0.000000	None	-1.0000	-1					-1	-1	-1	0	0	0.0000	-1.0000	-1.0000	-1.0000	-1.0000	-1.0000	-1.0000	-1.0000	-1.0000	-1.0000	-1.0000	-1.0000	-1.0000	-1.0000	-1.0000	-1.0000	-1.0000		0	TVA	-1.0000	-1	0.000000	None	None	-1	0	0	None	None	None	None	None	-1	-1	-1.000000	-1.000000	-1.000000	-1.000000		-1	-1
SQN14_Layer_29	SQN14_Layer_29	SQN14_Layers	0.000000	0.000000	0.000000	0.0000	0.0000	0.000000	None	-1.0000	-1					-1	-1	-1	0	0	0.0000	-1.0000	-1.0000	-1.0000	-1.0000	-1.0000	-1.0000	-1.0000	-1.0000	-1.0000	-1.0000	-1.0000	-1.0000	-1.0000	-1.0000	-1.0000	-1.0000		0	TVA	-1.0000	-1	0.000000	None	None	-1	0	0	None	None	None	None	None	-1	-1	-1.000000	-1.000000	-1.000000	-1.000000		-1	-1
SQN14_Layer_3	SQN14_Layer_3	SQN14_Layers	0.000000	0.000000	0.000000	0.0000	0.0000	0.000000	None	-1.0000	-1					-1	-1	-1	0	0	0.0000	-1.0000	-1.0000	-1.0000	-1.0000	-1.0000	-1.0000	-1.0000	-1.0000	-1.0000	-1.0000	-1.0000	-1.0000	-1.0000	-1.0000	-1.0000	-1.0000		0	TVA	-1.0000	-1	0.000000	None	None	-1	0	0	None	None	None	None	None	-1	-1	-1.000000	-1.000000	-1.000000	-1.000000		-1	-1
SQN14_Layer_30	SQN14_Layer_30	SQN14_Layers	0.000000	0.000000	0.000000	0.0000	0.0000	0.000000	None	-1.0000	-1					-1	-1	-1	0	0	0.0000	-1.0000	-1.0000	-1.0000	-1.0000	-1.0000	-1.0000	-1.0000	-1.0000	-1.0000	-1.0000	-1.0000	-1.0000	-1.0000	-1.0000	-1.0000	-1.0000		0	TVA	-1.0000	-1	0.000000	None	None	-1	0	0	None	None	None	None	None	-1	-1	-1.000000	-1.000000	-1.000000	-1.000000		-1	-1
SQN14_Layer_4	SQN14_Layer_4	SQN14_Layers	0.000000	0.000000	0.000000	0.0000	0.0000	0.000000	None	-1.0000	-1					-1	-1	-1	0	0	0.0000	-1.0000	-1.0000	-1.0000	-1.0000	-1.0000	-1.0000	-1.0000	-1.0000	-1.0000	-1.0000	-1.0000	-1.0000	-1.0000	-1.0000	-1.0000	-1.0000		0	TVA	-1.0000	-1	0.000000	None	None	-1	0	0	None	None	None	None	None	-1	-1	-1.000000	-1.000000	-1.000000	-1.000000		-1	-1
SQN14_Layer_5	SQN14_Layer_5	SQN14_Layers	0.000000	0.000000	0.000000	0.0000	0.0000	0.000000	None	-1.0000	-1					-1	-1	-1	0	0	0.0000	-1.0000	-1.0000	-1.0000	-1.0000	-1.0000	-1.0000	-1.0000	-1.0000	-1.0000	-1.0000	-1.0000	-1.0000	-1.0000	-1.0000	-1.0000	-1.0000		0	TVA	-1.0000	-1	0.000000	None	None	-1	0	0	None	None	None	None	None	-1	-1	-1.000000	-1.000000	-1.000000	-1.000000		-1	-1
SQN14_Layer_6	SQN14_Layer_6	SQN14_Layers	0.000000	0.000000	0.000000	0.0000	0.0000	0.000000	None	-1.0000	-1					-1	-1	-1	0	0	0.0000	-1.0000	-1.0000	-1.0000	-1.0000	-1.0000	-1.0000	-1.0000	-1.0000	-1.0000	-1.0000	-1.0000	-1.0000	-1.0000	-1.0000	-1.0000	-1.0000		0	TVA	-1.0000	-1	0.000000	None	None	-1	0	0	None	None	None	None	None	-1	-1	-1.000000	-1.000000	-1.000000	-1.000000		-1	-1
SQN14_Layer_7	SQN14_Layer_7	SQN14_Layers	0.000000	0.000000	0.000000	0.0000	0.0000	0.000000	None	-1.0000	-1					-1	-1	-1	0	0	0.0000	-1.0000	-1.0000	-1.0000	-1.0000	-1.0000	-1.0000	-1.0000	-1.0000	-1.0000	-1.0000	-1.0000	-1.0000	-1.0000	-1.0000	-1.0000	-1.0000		0	TVA	-1.0000	-1	0.000000	None	None	-1	0	0	None	None	None	None	None	-1	-1	-1.000000	-1.000000	-1.000000	-1.000000		-1	-1
SQN14_Layer_8	SQN14_Layer_8	SQN14_Layers	0.000000	0.000000	0.000000	0.0000	0.0000	0.000000	None	-1.0000	-1					-1	-1	-1	0	0	0.0000	-1.0000	-1.0000	-1.0000	-1.0000	-1.0000	-1.0000	-1.0000	-1.0000	-1.0000	-1.0000	-1.0000	-1.0000	-1.0000	-1.0000	-1.0000	-1.0000		0	TVA	-1.0000	-1	0.000000	None	None	-1	0	0	None	None	None	None	None	-1	-1	-1.000000	-1.000000	-1.000000	-1.000000		-1	-1
SQN14_Layer_9	SQN14_Layer_9	SQN14_Layers	0.000000	0.000000	0.000000	0.0000	0.0000	0.000000	None	-1.0000	-1					-1	-1	-1	0	0	0.0000	-1.0000	-1.0000	-1.0000	-1.0000	-1.0000	-1.0000	-1.0000	-1.0000	-1.0000	-1.0000	-1.0000	-1.0000	-1.0000	-1.0000	-1.0000	-1.0000		0	TVA	-1.0000	-1	0.000000	None	None	-1	0	0	None	None	None	None	None	-1	-1	-1.000000	-1.000000	-1.000000	-1.000000		-1	-1
SQN14_Layers	SQN14 D3D profiles	SQN14_Layers	35.300158	-85.076671	0.000000	0.0000	0.0000	0.000000	None	-1.0000	-1					-1	-1	-1	0	0	0.0000	-1.0000	-1.0000	-1.0000	-1.0000	-1.0000	-1.0000	-1.0000	-1.0000	-1.0000	-1.0000	-1.0000	-1.0000	-1.0000	-1.0000	-1.0000	-1.0000		0		-1.0000	-1	0.000000	None	None	-1	0	0	None	None	None	None	None	-1	-1	-1.000000	-1.000000	-1.000000	-1.000000		-1	-1
SQN15_10m	SQN15_10m	SQN 15 (Met Station)	35.219638	-85.101257	0.000000	0.0000	0.0000	0.000000	None	-1.0000	-1					-1	-1	-1	0	0	0.0000	-1.0000	-1.0000	-1.0000	-1.0000	-1.0000	-1.0000	-1.0000	-1.0000	-1.0000	-1.0000	-1.0000	-1.0000	-1.0000	-1.0000	-1.0000	-1.0000		0	TVA	-1.0000	-1	0.000000	None	None	-1	0	0	None	None	None	None	None	-1	-1	-1.000000	-1.000000	-1.000000	-1.000000		-1	-1
SQN15_46m	SQN15_46m	SQN 15 (Met Station)	35.219638	-85.101257	0.000000	0.0000	0.0000	0.000000	None	-1.0000	-1					-1	-1	-1	0	0	0.0000	-1.0000	-1.0000	-1.0000	-1.0000	-1.0000	-1.0000	-1.0000	-1.0000	-1.0000	-1.0000	-1.0000	-1.0000	-1.0000	-1.0000	-1.0000	-1.0000		0	TVA	-1.0000	-1	0.000000	None	None	-1	0	0	None	None	None	None	None	-1	-1	-1.000000	-1.000000	-1.000000	-1.000000		-1	-1
SQN15_91m	SQN15_91m	SQN 15 (Met Station)	35.219638	-85.101257	0.000000	0.0000	0.0000	0.000000	None	-1.0000	-1					-1	-1	-1	0	0	0.0000	-1.0000	-1.0000	-1.0000	-1.0000	-1.0000	-1.0000	-1.0000	-1.0000	-1.0000	-1.0000	-1.0000	-1.0000	-1.0000	-1.0000	-1.0000	-1.0000		0	TVA	-1.0000	-1	0.000000	None	None	-1	0	0	None	None	None	None	None	-1	-1	-1.000000	-1.000000	-1.000000	-1.000000		-1	-1
SQNReach1	SQN Travel Time Reach 1	SQNReach1	35.227501	-85.090836	0.000000	0.0000	0.0000	0.000000	None	-1.0000	-1					-1	-1	-1	0	0	0.0000	-1.0000	-1.0000	-1.0000	-1.0000	-1.0000	-1.0000	-1.0000	-1.0000	-1.0000	-1.0000	-1.0000	-1.0000	-1.0000	-1.0000	-1.0000	-1.0000		0		-1.0000	-1	0.000000	None	None	-1	0	0	None	None	None	None	None	-1	-1	-1.000000	-1.000000	-1.000000	-1.000000		-1	-1
SQNReach2	SQN Travel Time Reach 2	SQNReach2	35.227501	-85.090836	0.000000	0.0000	0.0000	0.000000	None	-1.0000	-1					-1	-1	-1	0	0	0.0000	-1.0000	-1.0000	-1.0000	-1.0000	-1.0000	-1.0000	-1.0000	-1.0000	-1.0000	-1.0000	-1.0000	-1.0000	-1.0000	-1.0000	-1.0000	-1.0000		0		-1.0000	-1	0.000000	None	None	-1	0	0	None	None	None	None	None	-1	-1	-1.000000	-1.000000	-1.000000	-1.000000		-1	-1
SQNReach3	SQN Travel Time Reach 3	SQNReach3	35.227501	-85.090836	0.000000	0.0000	0.0000	0.000000	None	-1.0000	-1					-1	-1	-1	0	0	0.0000	-1.0000	-1.0000	-1.0000	-1.0000	-1.0000	-1.0000	-1.0000	-1.0000	-1.0000	-1.0000	-1.0000	-1.0000	-1.0000	-1.0000	-1.0000	-1.0000		0		-1.0000	-1	0.000000	None	None	-1	0	0	None	None	None	None	None	-1	-1	-1.000000	-1.000000	-1.000000	-1.000000		-1	-1
SQNReach4	SQN Travel Time Reach 4	SQNReach4	35.227501	-85.090836	0.000000	0.0000	0.0000	0.000000	None	-1.0000	-1					-1	-1	-1	0	0	0.0000	-1.0000	-1.0000	-1.0000	-1.0000	-1.0000	-1.0000	-1.0000	-1.0000	-1.0000	-1.0000	-1.0000	-1.0000	-1.0000	-1.0000	-1.0000	-1.0000		0		-1.0000	-1	0.000000	None	None	-1	0	0	None	None	None	None	None	-1	-1	-1.000000	-1.000000	-1.000000	-1.000000		-1	-1
SQNT1	Sequoyah Nuclear Plant	SQNT1	35.227501	-85.090836	0.000000	0.0000	0.0000	0.000000	Tennessee	-1.0000	-1		EST			-1	-1	-1	0	0	0.0000	-1.0000	-1.0000	-1.0000	-1.0000	-1.0000	-1.0000	-1.0000	-1.0000	-1.0000	-1.0000	-1.0000	-1.0000	-1.0000	-1.0000	-1.0000	-1.0000	TN	0		-1.0000	-1	0.000000	None	None	-1	0	0	TVA	Nuclear	SQN	SQN	None	-1	-1	-1.000000	-1.000000	-1.000000	-1.000000		-1	-1
SQNT1-DS	Sequoyah-Downstream	SQNT1	35.226849	-85.092545	0.000000	0.0000	0.0000	0.000000	None	-1.0000	-1					-1	-1	-1	0	0	0.0000	-1.0000	-1.0000	-1.0000	-1.0000	-1.0000	-1.0000	-1.0000	-1.0000	-1.0000	-1.0000	-1.0000	-1.0000	-1.0000	-1.0000	-1.0000	-1.0000		0		-1.0000	-1	0.000000	None	None	-1	0	0	None	None	None	None	None	-1	-1	-1.000000	-1.000000	-1.000000	-1.000000	Other	-1	-1
SQNT1-US	Sequoyah-Upstream	SQNT1	35.226849	-85.092545	0.000000	0.0000	0.0000	0.000000	None	-1.0000	-1					-1	-1	-1	0	0	0.0000	-1.0000	-1.0000	-1.0000	-1.0000	-1.0000	-1.0000	-1.0000	-1.0000	-1.0000	-1.0000	-1.0000	-1.0000	-1.0000	-1.0000	-1.0000	-1.0000		0		-1.0000	-1	0.000000	None	None	-1	0	0	None	None	None	None	None	-1	-1	-1.000000	-1.000000	-1.000000	-1.000000	Other	-1	-1
SSCA1	South Sauty Creek nr Rainsville	SSCA1	34.498611	-85.929726	1100.000000	0.0000	0.0000	0.000000	Sauty Creek	-1.0000	-1	3572690				-1	-1	-1	0	0	0.0000	-1.0000	-1.0000	-1.0000	-1.0000	-1.0000	-1.0000	-1.0000	-1.0000	-1.0000	-1.0000	-1.0000	-1.0000	-1.0000	-1.0000	-1.0000	-1.0000	AL	0		-1.0000	-1	1100.000035	None	None	-1	0	0	None	None	None	None	Stream	-1	-1	-1.000000	-1.000000	-1.000000	-1.000000		-1	-1
SSTK2	Sommerset	SSTK2	37.104440	-84.615830	0.000000	0.0000	0.0000	0.000000	None	-1.0000	-1		EST			-1	-1	-1	0	0	0.0000	-1.0000	-1.0000	-1.0000	-1.0000	-1.0000	-1.0000	-1.0000	-1.0000	-1.0000	-1.0000	-1.0000	-1.0000	-1.0000	-1.0000	-1.0000	-1.0000	KY	0		-1.0000	-1	0.000000	Precip	None	-1	0	0	None	None	None	None	None	-1	-1	-1.000000	-1.000000	-1.000000	-1.000000		-1	-1
STH-01	Santeetlah-Unit1	SNTN7	35.378056	-83.876663	0.000000	0.0000	0.0000	0.000000	None	-1.0000	-1					-1	-1	-1	0	0	0.0000	-1.0000	-1.0000	-1.0000	-1.0000	-1.0000	-1.0000	-1.0000	-1.0000	-1.0000	-1.0000	-1.0000	-1.0000	-1.0000	-1.0000	-1.0000	-1.0000		0		-1.0000	-1	0.000000	None	None	-1	0	0	None	None	None	None	None	-1	-1	-1.000000	-1.000000	-1.000000	-1.000000	Brookfield	-1	20
STH-02	Santeetlah-Unit2	SNTN7	35.378056	-83.876663	0.000000	0.0000	0.0000	0.000000	None	-1.0000	-1					-1	-1	-1	0	0	0.0000	-1.0000	-1.0000	-1.0000	-1.0000	-1.0000	-1.0000	-1.0000	-1.0000	-1.0000	-1.0000	-1.0000	-1.0000	-1.0000	-1.0000	-1.0000	-1.0000		0		-1.0000	-1	0.000000	None	None	-1	0	0	None	None	None	None	None	-1	-1	-1.000000	-1.000000	-1.000000	-1.000000	Brookfield	-1	20
STLT1	Statesville	STLT1	36.018300	-86.120800	0.000000	0.0000	0.0000	0.000000	None	-1.0000	-1		CST			-1	-1	-1	0	0	0.0000	-1.0000	-1.0000	-1.0000	-1.0000	-1.0000	-1.0000	-1.0000	-1.0000	-1.0000	-1.0000	-1.0000	-1.0000	-1.0000	-1.0000	-1.0000	-1.0000	TN	0		-1.0000	-1	0.000000	Precip	None	-1	0	0	None	None	None	None	None	-1	-1	-1.000000	-1.000000	-1.000000	-1.000000		-1	-1
STMN7	Stratton Meadows	STMN7	35.341946	-84.029167	0.000000	0.0000	0.0000	0.000000	None	-1.0000	-1		EST			-1	-1	-1	0	0	0.0000	-1.0000	-1.0000	-1.0000	-1.0000	-1.0000	-1.0000	-1.0000	-1.0000	-1.0000	-1.0000	-1.0000	-1.0000	-1.0000	-1.0000	-1.0000	-1.0000	NC	0		-1.0000	-1	0.000000	Precip	None	-1	0	0	None	None	None	None	None	-1	-1	-1.000000	-1.000000	-1.000000	-1.000000		-1	-1
STRK2	South Fork Cumberland nr Stearns	STRK2	36.626946	-84.533333	763.830000	0.0000	0.0000	0.000000	South Fork Cumberland	49.6000	-1	3410500	EST			-1	-1	-1	0	0	0.0000	-1.0000	-1.0000	-1.0000	-1.0000	-1.0000	-1.0000	-1.0000	-1.0000	-1.0000	-1.0000	-1.0000	-1.0000	-1.0000	-1.0000	-1.0000	-1.0000	KY	0		-1.0000	-1	763.830024	Precip	None	-1	0	0	None	None	None	None	Stream	-1	-1	-1.000000	-1.000000	-1.000000	-1.000000		-1	-1
STVV2	Saltville	STVV2	36.888332	-81.771111	0.000000	0.0000	0.0000	0.000000	None	-1.0000	-1		EST			-1	-1	-1	0	0	0.0000	-1.0000	-1.0000	-1.0000	-1.0000	-1.0000	-1.0000	-1.0000	-1.0000	-1.0000	-1.0000	-1.0000	-1.0000	-1.0000	-1.0000	-1.0000	-1.0000	VA	0		-1.0000	-1	0.000000	Precip	None	-1	0	0	None	None	None	None	None	-1	-1	-1.000000	-1.000000	-1.000000	-1.000000		-1	-1
STWT1	Caney Fork at Stonewall	STWT1	36.186111	-85.904999	450.000000	0.0000	0.0000	0.000000	Caney Fork	-1.0000	-1		CST			-1	-1	-1	0	0	0.0000	-1.0000	-1.0000	-1.0000	-1.0000	-1.0000	-1.0000	-1.0000	-1.0000	-1.0000	-1.0000	-1.0000	-1.0000	-1.0000	-1.0000	-1.0000	-1.0000	TN	0		-1.0000	-1	450.000014	Precip	None	-1	0	0	None	None	None	None	Stream	-1	-1	-1.000000	-1.000000	-1.000000	-1.000000		-1	-1
SWET1	Sweetwater	SWET1	35.592224	-84.464447	0.000000	0.0000	0.0000	0.000000	None	-1.0000	-1		EST			-1	-1	-1	0	0	0.0000	-1.0000	-1.0000	-1.0000	-1.0000	-1.0000	-1.0000	-1.0000	-1.0000	-1.0000	-1.0000	-1.0000	-1.0000	-1.0000	-1.0000	-1.0000	-1.0000	TN	0		-1.0000	-1	0.000000	Precip	None	-1	0	0	None	None	None	None	None	-1	-1	-1.000000	-1.000000	-1.000000	-1.000000		-1	-1
SYCT1	Sycamore Dam	SYCT1	35.564999	-88.379166	0.000000	440.0000	0.0000	0.000000	Dry Branch	1.1000	-1		CST		BEJ	-1	-1	-1	0	0	0.0000	62.0000	-1.0000	-1.0000	-1.0000	-1.0000	-1.0000	-1.0000	450.0000	-1.0000	-1.0000	457.0000	-1.0000	-1.0000	-1.0000	-1.0000	-1.0000	TN	0	TVA	-1.0000	-1	0.000000	None	None	-1	0	0	TVA	Non-hydropower	None	None	None	-1	-1	-1.000000	-1.000000	-1.000000	-1.000000		-1	-1
System	System	System	35.326330	-84.902344	0.000000	0.0000	0.0000	0.000000	None	-1.0000	-1					-1	-1	-1	0	0	0.0000	-1.0000	-1.0000	-1.0000	-1.0000	-1.0000	-1.0000	-1.0000	-1.0000	-1.0000	-1.0000	-1.0000	-1.0000	-1.0000	-1.0000	-1.0000	-1.0000		0		-1.0000	-1	0.000000	None	None	-1	0	4	None	None	None	None	None	-1	-1	-1.000000	-1.000000	-1.000000	-1.000000		-1	-1
SYVN7	Sylva	SYVN7	35.373055	-83.241386	0.000000	0.0000	0.0000	0.000000	None	-1.0000	-1		EST			-1	-1	-1	0	0	0.0000	-1.0000	-1.0000	-1.0000	-1.0000	-1.0000	-1.0000	-1.0000	-1.0000	-1.0000	-1.0000	-1.0000	-1.0000	-1.0000	-1.0000	-1.0000	-1.0000	NC	0		-1.0000	-1	0.000000	Precip	None	-1	0	0	None	None	None	None	None	-1	-1	-1.000000	-1.000000	-1.000000	-1.000000		-1	-1
TAZT1	Clinch abv Tazewell	TAZT1	36.424999	-83.398056	1060.700000	0.0000	0.0000	0.000000	Clinch	159.8000	40	3528000	EST			-1	-1	-1	0	0	0.0000	-1.0000	-1.0000	-1.0000	-1.0000	-1.0000	-1.0000	-1.0000	-1.0000	-1.0000	-1.0000	-1.0000	-1.0000	-1.0000	-1.0000	-1.0000	-1.0000	TN	0		-1.0000	-1	1060.700034	None	None	-1	0	0	None	None	None	None	Stream	-1	-1	-1.000000	-1.000000	-1.000000	-1.000000		-1	-1
TDTT1	Tellico Dam	TDTT1	35.777599	-84.259697	0.000000	832.7600	0.0000	0.000000	Little Tennessee	0.3000	610				TEC	-1	-1	-1	0	0	0.0000	16.0000	7.0000	-1.0000	807.0000	807.0000	-1.0000	-1.0000	773.0000	817.0000	815.0000	830.0000	-1.0000	-1.0000	-1.0000	180.0000	100.0000	TN	0	TVA	-1.0000	-1	0.000000	None	None	-1	0	9	TVA	Non-hydropower	None	None	None	-1	-1	-1.000000	-1.000000	-1.000000	-1.000000		-1	-1
TEH-OG-01	Tellico Dam	TDTT1	35.777599	-84.259697	0.000000	0.0000	0.0000	0.000000	None	-1.0000	-1					-1	-1	-1	0	0	0.0000	-1.0000	-1.0000	-1.0000	-1.0000	-1.0000	-1.0000	-1.0000	-1.0000	-1.0000	-1.0000	-1.0000	-1.0000	-1.0000	-1.0000	-1.0000	-1.0000		0		-1.0000	-1	0.000000	None	None	-1	0	0	None	None	None	None	None	-1	-1	-1.000000	-1.000000	-1.000000	-1.000000		-1	-1	OTHER	DISC
TEH-OG-02	Tellico Dam	TDTT1	35.777599	-84.259697	0.000000	0.0000	0.0000	0.000000	None	-1.0000	-1					-1	-1	-1	0	0	0.0000	-1.0000	-1.0000	-1.0000	-1.0000	-1.0000	-1.0000	-1.0000	-1.0000	-1.0000	-1.0000	-1.0000	-1.0000	-1.0000	-1.0000	-1.0000	-1.0000		0		-1.0000	-1	0.000000	None	None	-1	0	0	None	None	None	None	None	-1	-1	-1.000000	-1.000000	-1.000000	-1.000000		-1	-1	OTHER	DISC
TEH-OG-03	Tellico Dam	TDTT1	35.777599	-84.259697	0.000000	0.0000	0.0000	0.000000	None	-1.0000	-1					-1	-1	-1	0	0	0.0000	-1.0000	-1.0000	-1.0000	-1.0000	-1.0000	-1.0000	-1.0000	-1.0000	-1.0000	-1.0000	-1.0000	-1.0000	-1.0000	-1.0000	-1.0000	-1.0000		0		-1.0000	-1	0.000000	None	None	-1	0	0	None	None	None	None	None	-1	-1	-1.000000	-1.000000	-1.000000	-1.000000		-1	-1	OTHER	DISC
TEH-OG-04	Tellico Dam	TDTT1	35.777599	-84.259697	0.000000	0.0000	0.0000	0.000000	None	-1.0000	-1					-1	-1	-1	0	0	0.0000	-1.0000	-1.0000	-1.0000	-1.0000	-1.0000	-1.0000	-1.0000	-1.0000	-1.0000	-1.0000	-1.0000	-1.0000	-1.0000	-1.0000	-1.0000	-1.0000		0		-1.0000	-1	0.000000	None	None	-1	0	0	None	None	None	None	None	-1	-1	-1.000000	-1.000000	-1.000000	-1.000000		-1	-1	OTHER	DISC
TEH-OG-05	Tellico Dam	TDTT1	35.777599	-84.259697	0.000000	0.0000	0.0000	0.000000	None	-1.0000	-1					-1	-1	-1	0	0	0.0000	-1.0000	-1.0000	-1.0000	-1.0000	-1.0000	-1.0000	-1.0000	-1.0000	-1.0000	-1.0000	-1.0000	-1.0000	-1.0000	-1.0000	-1.0000	-1.0000		0		-1.0000	-1	0.000000	None	None	-1	0	0	None	None	None	None	None	-1	-1	-1.000000	-1.000000	-1.000000	-1.000000		-1	-1	OTHER	DISC
TEH-OG-06	Tellico Dam	TDTT1	35.777599	-84.259697	0.000000	0.0000	0.0000	0.000000	None	-1.0000	-1					-1	-1	-1	0	0	0.0000	-1.0000	-1.0000	-1.0000	-1.0000	-1.0000	-1.0000	-1.0000	-1.0000	-1.0000	-1.0000	-1.0000	-1.0000	-1.0000	-1.0000	-1.0000	-1.0000		0		-1.0000	-1	0.000000	None	None	-1	0	0	None	None	None	None	None	-1	-1	-1.000000	-1.000000	-1.000000	-1.000000		-1	-1	OTHER	DISC
TEH-OG-07	Tellico Dam	TDTT1	35.777599	-84.259697	0.000000	0.0000	0.0000	0.000000	None	-1.0000	-1					-1	-1	-1	0	0	0.0000	-1.0000	-1.0000	-1.0000	-1.0000	-1.0000	-1.0000	-1.0000	-1.0000	-1.0000	-1.0000	-1.0000	-1.0000	-1.0000	-1.0000	-1.0000	-1.0000		0		-1.0000	-1	0.000000	None	None	-1	0	0	None	None	None	None	None	-1	-1	-1.000000	-1.000000	-1.000000	-1.000000		-1	-1	OTHER	DISC
TEH-OG-08	Tellico Dam	TDTT1	35.777599	-84.259697	0.000000	0.0000	0.0000	0.000000	None	-1.0000	-1					-1	-1	-1	0	0	0.0000	-1.0000	-1.0000	-1.0000	-1.0000	-1.0000	-1.0000	-1.0000	-1.0000	-1.0000	-1.0000	-1.0000	-1.0000	-1.0000	-1.0000	-1.0000	-1.0000		0		-1.0000	-1	0.000000	None	None	-1	0	0	None	None	None	None	None	-1	-1	-1.000000	-1.000000	-1.000000	-1.000000		-1	-1	OTHER	DISC
TEH-SP-01	Tellico Dam	TDTT1	35.777599	-84.259697	0.000000	0.0000	0.0000	0.000000	None	-1.0000	-1					-1	-1	-1	0	0	0.0000	-1.0000	-1.0000	-1.0000	-1.0000	-1.0000	-1.0000	-1.0000	-1.0000	-1.0000	-1.0000	-1.0000	-1.0000	-1.0000	-1.0000	-1.0000	-1.0000		0		-1.0000	-1	0.000000	None	None	-1	0	0	None	None	None	None	None	-1	-1	-1.000000	-1.000000	-1.000000	-1.000000		-1	-1	SPILL	DISC
TEH-SP-02	Tellico Dam	TDTT1	35.777599	-84.259697	0.000000	0.0000	0.0000	0.000000	None	-1.0000	-1					-1	-1	-1	0	0	0.0000	-1.0000	-1.0000	-1.0000	-1.0000	-1.0000	-1.0000	-1.0000	-1.0000	-1.0000	-1.0000	-1.0000	-1.0000	-1.0000	-1.0000	-1.0000	-1.0000		0		-1.0000	-1	0.000000	None	None	-1	0	0	None	None	None	None	None	-1	-1	-1.000000	-1.000000	-1.000000	-1.000000		-1	-1	SPILL	DISC
TEH-SP-03	Tellico Dam	TDTT1	35.777599	-84.259697	0.000000	0.0000	0.0000	0.000000	None	-1.0000	-1					-1	-1	-1	0	0	0.0000	-1.0000	-1.0000	-1.0000	-1.0000	-1.0000	-1.0000	-1.0000	-1.0000	-1.0000	-1.0000	-1.0000	-1.0000	-1.0000	-1.0000	-1.0000	-1.0000		0		-1.0000	-1	0.000000	None	None	-1	0	0	None	None	None	None	None	-1	-1	-1.000000	-1.000000	-1.000000	-1.000000		-1	-1	SPILL	DISC
Tenn_Tom_confluence	Tenn-Tom confluence	Tenn_Tom_confluence	34.996888	-88.198356	0.000000	0.0000	0.0000	0.000000	None	-1.0000	-1					-1	-1	-1	0	0	0.0000	-1.0000	-1.0000	-1.0000	-1.0000	-1.0000	-1.0000	-1.0000	-1.0000	-1.0000	-1.0000	-1.0000	-1.0000	-1.0000	-1.0000	-1.0000	-1.0000		0		-1.0000	-1	0.000000	None	None	-1	0	0	None	None	None	None	None	-1	-1	-1.000000	-1.000000	-1.000000	-1.000000		-1	-1
TFH-01	Tims Ford-Unit1	TMFT1	35.195557	-86.278893	0.000000	0.0000	0.0000	0.000000	None	-1.0000	-1					-1	-1	-1	0	0	0.0000	-1.0000	-1.0000	-1.0000	-1.0000	-1.0000	-1.0000	-1.0000	-1.0000	-1.0000	-1.0000	-1.0000	-1.0000	-1.0000	-1.0000	-1.0000	-1.0000		0		-1.0000	-1	0.000000	None	None	-1	0	0	None	None	None	None	None	-1	-1	-1.000000	-1.000000	-1.000000	-1.000000	Hydro	5000	41
TFH-DS	Tims Ford-Downstream	TMFT1	35.195557	-86.278893	0.000000	0.0000	0.0000	0.000000	None	-1.0000	-1					-1	-1	-1	0	0	0.0000	-1.0000	-1.0000	-1.0000	-1.0000	-1.0000	-1.0000	-1.0000	-1.0000	-1.0000	-1.0000	-1.0000	-1.0000	-1.0000	-1.0000	-1.0000	-1.0000		0		-1.0000	-1	0.000000	None	None	-1	0	0	None	None	None	None	None	-1	-1	-1.000000	-1.000000	-1.000000	-1.000000	Other	-1	-1
TFH-SL-01	Tims Ford Dam	TMFT1	35.195557	-86.278893	0.000000	0.0000	0.0000	0.000000	None	-1.0000	-1					-1	-1	-1	0	0	0.0000	-1.0000	-1.0000	-1.0000	-1.0000	-1.0000	-1.0000	-1.0000	-1.0000	-1.0000	-1.0000	-1.0000	-1.0000	-1.0000	-1.0000	-1.0000	-1.0000		0		-1.0000	-1	0.000000	None	None	-1	0	0	None	None	None	None	None	-1	-1	-1.000000	-1.000000	-1.000000	-1.000000		-1	-1	SLUICE	DISC
TFH-SP	Tims Ford-Spillway	TMFT1	35.195557	-86.278893	0.000000	0.0000	0.0000	0.000000	None	-1.0000	-1					-1	-1	-1	0	0	0.0000	-1.0000	-1.0000	-1.0000	-1.0000	-1.0000	-1.0000	-1.0000	-1.0000	-1.0000	-1.0000	-1.0000	-1.0000	-1.0000	-1.0000	-1.0000	-1.0000		0		-1.0000	-1	0.000000	None	None	-1	0	0	None	None	None	None	None	-1	-1	-1.000000	-1.000000	-1.000000	-1.000000	Other	-1	-1
TFH-SP-01	Tims Ford Dam	TMFT1	35.195557	-86.278893	0.000000	0.0000	0.0000	0.000000	None	-1.0000	-1					-1	-1	-1	0	0	0.0000	-1.0000	-1.0000	-1.0000	-1.0000	-1.0000	-1.0000	-1.0000	-1.0000	-1.0000	-1.0000	-1.0000	-1.0000	-1.0000	-1.0000	-1.0000	-1.0000		0		-1.0000	-1	0.000000	None	None	-1	0	0	None	None	None	None	None	-1	-1	-1.000000	-1.000000	-1.000000	-1.000000		-1	-1	SPILL	DISC
TFH-SP-02	Tims Ford Dam	TMFT1	35.195557	-86.278893	0.000000	0.0000	0.0000	0.000000	None	-1.0000	-1					-1	-1	-1	0	0	0.0000	-1.0000	-1.0000	-1.0000	-1.0000	-1.0000	-1.0000	-1.0000	-1.0000	-1.0000	-1.0000	-1.0000	-1.0000	-1.0000	-1.0000	-1.0000	-1.0000		0		-1.0000	-1	0.000000	None	None	-1	0	0	None	None	None	None	None	-1	-1	-1.000000	-1.000000	-1.000000	-1.000000		-1	-1	SPILL	DISC
TFH-SP-03	Tims Ford Dam	TMFT1	35.195557	-86.278893	0.000000	0.0000	0.0000	0.000000	None	-1.0000	-1					-1	-1	-1	0	0	0.0000	-1.0000	-1.0000	-1.0000	-1.0000	-1.0000	-1.0000	-1.0000	-1.0000	-1.0000	-1.0000	-1.0000	-1.0000	-1.0000	-1.0000	-1.0000	-1.0000		0		-1.0000	-1	0.000000	None	None	-1	0	0	None	None	None	None	None	-1	-1	-1.000000	-1.000000	-1.000000	-1.000000		-1	-1	SPILL	DISC
THLT1	Washburn	THLT1	36.296112	-83.585281	0.000000	0.0000	0.0000	0.000000	None	-1.0000	-1		EST			-1	-1	-1	0	0	0.0000	-1.0000	-1.0000	-1.0000	-1.0000	-1.0000	-1.0000	-1.0000	-1.0000	-1.0000	-1.0000	-1.0000	-1.0000	-1.0000	-1.0000	-1.0000	-1.0000	TN	0		-1.0000	-1	0.000000	Precip	None	-1	0	0	None	None	None	None	None	-1	-1	-1.000000	-1.000000	-1.000000	-1.000000		-1	-1
THPN7	Thorpe Powerhouse	THPN7	35.233891	-83.125557	0.000000	3000.0000	0.0000	0.000000	West Fork Tuckasegee	9.7000	470		EST			-1	-1	-1	0	0	0.0000	9.0000	-1.0000	-1.0000	-1.0000	-1.0000	-1.0000	-1.0000	-1.0000	-1.0000	-1.0000	-1.0000	-1.0000	-1.0000	-1.0000	-1.0000	-1.0000	NC	0	DUKE	-1.0000	-1	0.000000	None	None	-1	0	0	None	None	None	None	None	-1	-1	-1.000000	-1.000000	-1.000000	-1.000000		-1	-1
TKRN7	Tuckasegee at Tuckasegee	TKRN7	35.287777	-83.143890	2120.000000	0.0000	0.0000	0.000000	Tuckasegee	-1.0000	480	3508050				-1	-1	-1	0	0	0.0000	-1.0000	-1.0000	-1.0000	-1.0000	-1.0000	-1.0000	-1.0000	-1.0000	-1.0000	-1.0000	-1.0000	-1.0000	-1.0000	-1.0000	-1.0000	-1.0000	NC	0		-1.0000	-1	2120.000068	None	None	-1	0	0	None	None	None	None	Stream	-1	-1	-1.000000	-1.000000	-1.000000	-1.000000		-1	-1
TKSN7	Tuckasegee at Bryson City	TKSN7	35.427776	-83.447502	1714.540000	0.0000	0.0000	0.000000	Tuckasegee	12.6000	510	3513000	EST			-1	-1	-1	0	0	0.0000	-1.0000	-1.0000	-1.0000	-1.0000	-1.0000	-1.0000	-1.0000	-1.0000	-1.0000	-1.0000	-1.0000	-1.0000	-1.0000	-1.0000	-1.0000	-1.0000	NC	0		-1.0000	-1	1714.540055	None	None	-1	0	0	None	None	None	None	Stream	-1	-1	-1.000000	-1.000000	-1.000000	-1.000000		-1	-1
TLPT1	Tellico Plains	TLPT1	35.384444	-84.323333	0.000000	0.0000	0.0000	0.000000	None	-1.0000	-1		EST			-1	-1	-1	0	0	0.0000	-1.0000	-1.0000	-1.0000	-1.0000	-1.0000	-1.0000	-1.0000	-1.0000	-1.0000	-1.0000	-1.0000	-1.0000	-1.0000	-1.0000	-1.0000	-1.0000	TN	0		-1.0000	-1	0.000000	Precip	None	-1	0	0	None	None	None	None	None	-1	-1	-1.000000	-1.000000	-1.000000	-1.000000		-1	-1
TLRT1	Tellico River at Tellico Plains	TLRT1	35.361944	-84.279167	846.640000	0.0000	0.0000	0.000000	Tellico	-1.0000	600	3518500	EST			-1	-1	-1	0	0	0.0000	-1.0000	-1.0000	-1.0000	-1.0000	-1.0000	-1.0000	-1.0000	-1.0000	-1.0000	-1.0000	-1.0000	-1.0000	-1.0000	-1.0000	-1.0000	-1.0000	TN	0		-1.0000	-1	846.640447	None	None	-1	0	0	None	None	None	None	Stream	-1	-1	-1.000000	-1.000000	-1.000000	-1.000000		-1	-1
TMFT1	Tims Ford Dam	TMFT1	35.195557	-86.278893	0.000000	0.0000	0.0000	0.000000	Elk	133.2000	1040	3580740	CST	Hydro	TFH	1	45	45	0	1	0.0000	50.0000	5.0000	-1.0000	-1.0000	865.0000	-1.0000	-1.0000	853.0000	896.0000	895.0000	910.0000	-1.0000	-1.0000	-1.0000	40.0000	19.5000	TN	0	TVA	895.0000	1972	0.000000	Precip	Tims Ford=>Upper Bear=>Bear=>Little Bear=>Cedar=>Normandy	1	24	42	TVA	Hydropower	TFH	TFH	None	-1	-1	-1.000000	-1.000000	-1.000000	-1.000000		-1	-1
TMFT1-Farris-Creek	Tims Ford-Farris Creek	TMFT1	35.195557	-86.278893	0.000000	0.0000	0.0000	0.000000	None	-1.0000	-1					-1	-1	-1	0	0	0.0000	-1.0000	-1.0000	-1.0000	-1.0000	-1.0000	-1.0000	-1.0000	-1.0000	-1.0000	-1.0000	-1.0000	-1.0000	-1.0000	-1.0000	-1.0000	-1.0000		0		-1.0000	-1	0.000000	None	None	-1	0	0	None	None	None	None	None	-1	-1	-1.000000	-1.000000	-1.000000	-1.000000	Hydro	-1	-1
TN_Am_Water_Trmt_Pl	TN Am Water Trmt Pl	TN_Am_Water_Trmt_Pl	35.056535	-85.292044	0.000000	0.0000	0.0000	0.000000	None	-1.0000	-1					-1	-1	-1	0	0	0.0000	-1.0000	-1.0000	-1.0000	-1.0000	-1.0000	-1.0000	-1.0000	-1.0000	-1.0000	-1.0000	-1.0000	-1.0000	-1.0000	-1.0000	-1.0000	-1.0000		0		-1.0000	-1	0.000000	None	None	-1	0	0	None	None	None	None	None	-1	-1	-1.000000	-1.000000	-1.000000	-1.000000		-1	-1
TNCA1	Town Creek	TNCA1	34.660278	-87.405281	0.000000	0.0000	0.0000	0.000000	None	-1.0000	-1		CST			-1	-1	-1	0	0	0.0000	-1.0000	-1.0000	-1.0000	-1.0000	-1.0000	-1.0000	-1.0000	-1.0000	-1.0000	-1.0000	-1.0000	-1.0000	-1.0000	-1.0000	-1.0000	-1.0000	AL	0		-1.0000	-1	0.000000	Precip	None	-1	0	0	None	None	None	None	None	-1	-1	-1.000000	-1.000000	-1.000000	-1.000000		-1	-1
TOTAL_INFLOW	Sum of Inflow	TOTAL_INFLOW	0.000000	0.000000	0.000000	0.0000	0.0000	0.000000	None	-1.0000	-1					-1	-1	-1	0	0	0.0000	-1.0000	-1.0000	-1.0000	-1.0000	-1.0000	-1.0000	-1.0000	-1.0000	-1.0000	-1.0000	-1.0000	-1.0000	-1.0000	-1.0000	-1.0000	-1.0000		0		-1.0000	-1	0.000000	None	None	-1	0	0	None	None	None	None	None	-1	-1	-1.000000	-1.000000	-1.000000	-1.000000		-1	-1
TRAT1	Trade	TRAT1	36.344723	-81.728615	0.000000	0.0000	0.0000	0.000000	None	-1.0000	-1		EST			-1	-1	-1	0	0	0.0000	-1.0000	-1.0000	-1.0000	-1.0000	-1.0000	-1.0000	-1.0000	-1.0000	-1.0000	-1.0000	-1.0000	-1.0000	-1.0000	-1.0000	-1.0000	-1.0000	TN	0		-1.0000	-1	0.000000	Precip	None	-1	0	0	None	None	None	None	None	-1	-1	-1.000000	-1.000000	-1.000000	-1.000000		-1	-1
TSYSS	Tributary System Storage	TSYSS	35.099998	-85.229446	0.000000	0.0000	0.0000	0.000000	None	-1.0000	-1					-1	-1	-1	0	0	0.0000	-1.0000	-1.0000	-1.0000	-1.0000	-1.0000	-1.0000	-1.0000	-1.0000	-1.0000	-1.0000	-1.0000	-1.0000	-1.0000	-1.0000	-1.0000	-1.0000		0		-1.0000	-1	0.000000	None	None	-1	0	6	None	None	None	None	None	-1	-1	-1.000000	-1.000000	-1.000000	-1.000000		-1	-1
TURT1	Apalachia Powerhouse near Turtletown	TURT1	35.182499	-84.438332	0.000000	0.0000	0.0000	0.000000	Hiwassee	66.0000	-1		EST			-1	-1	-1	0	0	0.0000	-1.0000	-1.0000	-1.0000	-1.0000	-1.0000	-1.0000	-1.0000	-1.0000	-1.0000	-1.0000	-1.0000	-1.0000	-1.0000	-1.0000	-1.0000	-1.0000	TN	0		-1.0000	-1	0.000000	Precip	None	-1	0	0	None	None	None	None	None	-1	-1	-1.000000	-1.000000	-1.000000	-1.000000		-1	-1
TUSG1	Titus	TUSG1	34.950554	-83.615555	0.000000	0.0000	0.0000	0.000000	None	-1.0000	-1		EST			-1	-1	-1	0	0	0.0000	-1.0000	-1.0000	-1.0000	-1.0000	-1.0000	-1.0000	-1.0000	-1.0000	-1.0000	-1.0000	-1.0000	-1.0000	-1.0000	-1.0000	-1.0000	-1.0000	GA	0		-1.0000	-1	0.000000	Precip	None	-1	0	0	None	None	None	None	None	-1	-1	-1.000000	-1.000000	-1.000000	-1.000000		-1	-1
TVA	TVA Projects	TVA	35.326330	-84.902344	0.000000	0.0000	0.0000	0.000000	None	-1.0000	-1					-1	-1	-1	0	0	0.0000	-1.0000	-1.0000	-1.0000	-1.0000	-1.0000	-1.0000	-1.0000	-1.0000	-1.0000	-1.0000	-1.0000	-1.0000	-1.0000	-1.0000	-1.0000	-1.0000		0		-1.0000	-1	0.000000	None	None	-1	0	0	None	None	None	None	None	-1	-1	-1.000000	-1.000000	-1.000000	-1.000000		-1	-1
TWNT1	Little abv Townsend	TWNT1	35.663887	-83.710281	1106.920000	0.0000	0.0000	0.000000	Little River	35.3000	400	3497300	EST			-1	-1	-1	0	0	0.0000	-1.0000	-1.0000	-1.0000	-1.0000	-1.0000	-1.0000	-1.0000	-1.0000	-1.0000	-1.0000	-1.0000	-1.0000	-1.0000	-1.0000	-1.0000	-1.0000	TN	0		-1.0000	-1	1106.920035	None	None	-1	0	0	None	None	None	None	Stream	-1	-1	-1.000000	-1.000000	-1.000000	-1.000000		-1	-1
TZWV2	Tazewell, VA	TZWV2	37.125832	-81.557503	0.000000	0.0000	0.0000	0.000000	None	-1.0000	-1		EST			-1	-1	-1	0	0	0.0000	-1.0000	-1.0000	-1.0000	-1.0000	-1.0000	-1.0000	-1.0000	-1.0000	-1.0000	-1.0000	-1.0000	-1.0000	-1.0000	-1.0000	-1.0000	-1.0000	VA	0		-1.0000	-1	0.000000	Precip	None	-1	0	0	None	None	None	None	None	-1	-1	-1.000000	-1.000000	-1.000000	-1.000000		-1	-1
UBC-OG-01	Upper Bear Creek Dam	UBRA1	34.271946	-87.693886	0.000000	0.0000	0.0000	0.000000	None	-1.0000	-1					-1	-1	-1	0	0	0.0000	-1.0000	-1.0000	-1.0000	-1.0000	-1.0000	-1.0000	-1.0000	-1.0000	-1.0000	-1.0000	-1.0000	-1.0000	-1.0000	-1.0000	-1.0000	-1.0000		0		-1.0000	-1	0.000000	None	None	-1	0	0	None	None	None	None	None	-1	-1	-1.000000	-1.000000	-1.000000	-1.000000		-1	-1	OTHER	DISC
UBC-OG-02	Upper Bear Creek Dam	UBRA1	34.271946	-87.693886	0.000000	0.0000	0.0000	0.000000	None	-1.0000	-1					-1	-1	-1	0	0	0.0000	-1.0000	-1.0000	-1.0000	-1.0000	-1.0000	-1.0000	-1.0000	-1.0000	-1.0000	-1.0000	-1.0000	-1.0000	-1.0000	-1.0000	-1.0000	-1.0000		0		-1.0000	-1	0.000000	None	None	-1	0	0	None	None	None	None	None	-1	-1	-1.000000	-1.000000	-1.000000	-1.000000		-1	-1	OTHER	DISC
UBC-OG-03	Upper Bear Creek Dam	UBRA1	34.271946	-87.693886	0.000000	0.0000	0.0000	0.000000	None	-1.0000	-1					-1	-1	-1	0	0	0.0000	-1.0000	-1.0000	-1.0000	-1.0000	-1.0000	-1.0000	-1.0000	-1.0000	-1.0000	-1.0000	-1.0000	-1.0000	-1.0000	-1.0000	-1.0000	-1.0000		0		-1.0000	-1	0.000000	None	None	-1	0	0	None	None	None	None	None	-1	-1	-1.000000	-1.000000	-1.000000	-1.000000		-1	-1	OTHER	DISC
UBC-SL-01	Upper Bear Creek Dam	UBRA1	34.271946	-87.693886	0.000000	0.0000	0.0000	0.000000	None	-1.0000	-1					-1	-1	-1	0	0	0.0000	-1.0000	-1.0000	-1.0000	-1.0000	-1.0000	-1.0000	-1.0000	-1.0000	-1.0000	-1.0000	-1.0000	-1.0000	-1.0000	-1.0000	-1.0000	-1.0000		0		-1.0000	-1	0.000000	None	None	-1	0	0	None	None	None	None	None	-1	-1	-1.000000	-1.000000	-1.000000	-1.000000		-1	-1	SLUICE	CONT
UBC-SL-02	Upper Bear Creek Dam	UBRA1	34.271946	-87.693886	0.000000	0.0000	0.0000	0.000000	None	-1.0000	-1					-1	-1	-1	0	0	0.0000	-1.0000	-1.0000	-1.0000	-1.0000	-1.0000	-1.0000	-1.0000	-1.0000	-1.0000	-1.0000	-1.0000	-1.0000	-1.0000	-1.0000	-1.0000	-1.0000		0		-1.0000	-1	0.000000	None	None	-1	0	0	None	None	None	None	None	-1	-1	-1.000000	-1.000000	-1.000000	-1.000000		-1	-1	SLUICE	CONT
UBC-SP-01	Upper Bear Creek Dam	UBRA1	34.271946	-87.693886	0.000000	0.0000	0.0000	0.000000	None	-1.0000	-1					-1	-1	-1	0	0	0.0000	-1.0000	-1.0000	-1.0000	-1.0000	-1.0000	-1.0000	-1.0000	-1.0000	-1.0000	-1.0000	-1.0000	-1.0000	-1.0000	-1.0000	-1.0000	-1.0000		0		-1.0000	-1	0.000000	None	None	-1	0	0	None	None	None	None	None	-1	-1	-1.000000	-1.000000	-1.000000	-1.000000		-1	-1	SPILL	DISC
UBRA1	Upper Bear Creek Dam	UBRA1	34.271946	-87.693886	0.000000	760.0000	724.5600	0.000000	Bear Creek	114.6000	1140		CST		BCU	-1	-1	-1	0	0	0.0000	51.0000	-1.0000	796.8300	-1.0000	-1.0000	-1.0000	-1.0000	799.0000	-1.0000	799.0000	817.0000	-1.0000	-1.0000	-1.0000	-1.0000	-1.0000	AL	0	TVA	799.0000	1979	0.000000	None	Tims Ford=>Upper Bear=>Bear=>Little Bear=>Cedar=>Normandy	2	0	0	TVA	Nonpowers	None	None	None	-1	-1	-1.000000	-1.000000	-1.000000	-1.000000		-1	-1
UNVT1	Unionville	UNVT1	35.621113	-86.586113	0.000000	0.0000	0.0000	0.000000	None	-1.0000	-1		CST			-1	-1	-1	0	0	0.0000	-1.0000	-1.0000	-1.0000	-1.0000	-1.0000	-1.0000	-1.0000	-1.0000	-1.0000	-1.0000	-1.0000	-1.0000	-1.0000	-1.0000	-1.0000	-1.0000	TN	0		-1.0000	-1	0.000000	Precip	None	-1	0	0	None	None	None	None	None	-1	-1	-1.000000	-1.000000	-1.000000	-1.000000		-1	-1
Vonore_Industrial_Park	Vonore Industrial Park	Vonore_Industrial_Park	35.604490	-84.213136	0.000000	0.0000	0.0000	0.000000	None	-1.0000	-1					-1	-1	-1	0	0	0.0000	-1.0000	-1.0000	-1.0000	-1.0000	-1.0000	-1.0000	-1.0000	-1.0000	-1.0000	-1.0000	-1.0000	-1.0000	-1.0000	-1.0000	-1.0000	-1.0000		0		-1.0000	-1	0.000000	None	None	-1	0	0	None	None	None	None	None	-1	-1	-1.000000	-1.000000	-1.000000	-1.000000		-1	-1
VSTV2	South Fork Holston near Damascus	VSTV2	36.651669	-81.844170	1792.300000	0.0000	0.0000	0.000000	South Fork Holston	77.2000	70	3473000	EST			-1	-1	-1	0	0	0.0000	-1.0000	-1.0000	-1.0000	-1.0000	-1.0000	-1.0000	-1.0000	-1.0000	-1.0000	-1.0000	-1.0000	-1.0000	-1.0000	-1.0000	-1.0000	-1.0000	VA	0		-1.0000	-1	1792.300057	None	None	-1	0	0	None	None	None	None	Stream	-1	-1	-1.000000	-1.000000	-1.000000	-1.000000		-1	-1
WANT1	Watts Bar Nuclear Plant	WANT1	35.601799	-84.788902	0.000000	0.0000	0.0000	0.000000	Tennessee	-1.0000	-1					-1	-1	-1	0	0	0.0000	-1.0000	-1.0000	-1.0000	-1.0000	-1.0000	-1.0000	-1.0000	-1.0000	-1.0000	-1.0000	-1.0000	-1.0000	-1.0000	-1.0000	-1.0000	-1.0000	TN	0		-1.0000	-1	0.000000	None	None	-1	0	0	TVA	Nuclear	WBN	WBN	None	-1	-1	-1.000000	-1.000000	-1.000000	-1.000000		-1	-1
Waterloo_AL	Waterloo, AL	Waterloo_AL	34.905637	-88.054735	0.000000	0.0000	0.0000	0.000000	None	-1.0000	-1					-1	-1	-1	0	0	0.0000	-1.0000	-1.0000	-1.0000	-1.0000	-1.0000	-1.0000	-1.0000	-1.0000	-1.0000	-1.0000	-1.0000	-1.0000	-1.0000	-1.0000	-1.0000	-1.0000		0		-1.0000	-1	0.000000	None	None	-1	0	0	None	None	None	None	None	-1	-1	-1.000000	-1.000000	-1.000000	-1.000000		-1	-1
WattsBarDam	Watts Bar Dam W2 profiles	WattsBarDam	35.620277	-84.784447	0.000000	0.0000	0.0000	0.000000	None	-1.0000	-1					-1	-1	-1	0	0	0.0000	-1.0000	-1.0000	-1.0000	-1.0000	-1.0000	-1.0000	-1.0000	-1.0000	-1.0000	-1.0000	-1.0000	-1.0000	-1.0000	-1.0000	-1.0000	-1.0000		0		-1.0000	-1	0.000000	None	None	-1	0	0	None	None	None	None	None	-1	-1	-1.000000	-1.000000	-1.000000	-1.000000		-1	-1
WattsBarDam_v4	Watts Bar Dam W2 v4 profiles	WattsBarDam_v4	35.620277	-84.784447	0.000000	0.0000	0.0000	0.000000	None	-1.0000	-1					-1	-1	-1	0	0	0.0000	-1.0000	-1.0000	-1.0000	-1.0000	-1.0000	-1.0000	-1.0000	-1.0000	-1.0000	-1.0000	-1.0000	-1.0000	-1.0000	-1.0000	-1.0000	-1.0000		0		-1.0000	-1	0.000000	None	None	-1	0	0	None	None	None	None	None	-1	-1	-1.000000	-1.000000	-1.000000	-1.000000		-1	-1
WAVE_DecaturFlats	Decatur Flats (near Decatur State Docks)	WAVE_DecaturFlats	34.649000	-87.018000	0.000000	0.0000	0.0000	0.000000	None	-1.0000	-1					-1	-1	-1	0	0	0.0000	-1.0000	-1.0000	-1.0000	-1.0000	-1.0000	-1.0000	-1.0000	-1.0000	-1.0000	-1.0000	-1.0000	-1.0000	-1.0000	-1.0000	-1.0000	-1.0000		0		-1.0000	-1	0.000000	None	None	-1	0	0	None	None	None	None	None	-1	-1	-1.000000	-1.000000	-1.000000	-1.000000		-1	-1
WAVN7	Waynesville	WAVN7	35.426388	-83.010002	0.000000	0.0000	0.0000	0.000000	None	-1.0000	-1		EST			-1	-1	-1	0	0	0.0000	-1.0000	-1.0000	-1.0000	-1.0000	-1.0000	-1.0000	-1.0000	-1.0000	-1.0000	-1.0000	-1.0000	-1.0000	-1.0000	-1.0000	-1.0000	-1.0000	NC	0		-1.0000	-1	0.000000	Precip	None	-1	0	0	None	None	None	None	None	-1	-1	-1.000000	-1.000000	-1.000000	-1.000000		-1	-1
WBH-01	Watts Bar Hydro-Unit1	WBOT1	35.620277	-84.784447	0.000000	0.0000	0.0000	0.000000	None	-1.0000	-1					-1	-1	-1	0	0	0.0000	-1.0000	-1.0000	-1.0000	-1.0000	-1.0000	-1.0000	-1.0000	-1.0000	-1.0000	-1.0000	-1.0000	-1.0000	-1.0000	-1.0000	-1.0000	-1.0000		0		-1.0000	-1	0.000000	None	None	-1	0	0	None	None	None	None	None	-1	-1	-1.000000	-1.000000	-1.000000	-1.000000	Hydro	15000	42
WBH-01-TD	Watts Bar-Unit1-Taildeck	WBOT1	35.620277	-84.784447	0.000000	0.0000	0.0000	0.000000	None	-1.0000	-1					-1	-1	-1	0	0	0.0000	-1.0000	-1.0000	-1.0000	-1.0000	-1.0000	-1.0000	-1.0000	-1.0000	-1.0000	-1.0000	-1.0000	-1.0000	-1.0000	-1.0000	-1.0000	-1.0000		0		-1.0000	-1	0.000000	None	None	-1	0	0	None	None	None	None	None	-1	-1	-1.000000	-1.000000	-1.000000	-1.000000	Other	-1	-1
WBH-02	Watts Bar Hydro-Unit2	WBOT1	35.620277	-84.784447	0.000000	0.0000	0.0000	0.000000	None	-1.0000	-1					-1	-1	-1	0	0	0.0000	-1.0000	-1.0000	-1.0000	-1.0000	-1.0000	-1.0000	-1.0000	-1.0000	-1.0000	-1.0000	-1.0000	-1.0000	-1.0000	-1.0000	-1.0000	-1.0000		0		-1.0000	-1	0.000000	None	None	-1	0	0	None	None	None	None	None	-1	-1	-1.000000	-1.000000	-1.000000	-1.000000	Hydro	15000	42
WBH-03	Watts Bar Hydro-Unit3	WBOT1	35.620277	-84.784447	0.000000	0.0000	0.0000	0.000000	None	-1.0000	-1					-1	-1	-1	0	0	0.0000	-1.0000	-1.0000	-1.0000	-1.0000	-1.0000	-1.0000	-1.0000	-1.0000	-1.0000	-1.0000	-1.0000	-1.0000	-1.0000	-1.0000	-1.0000	-1.0000		0		-1.0000	-1	0.000000	None	None	-1	0	0	None	None	None	None	None	-1	-1	-1.000000	-1.000000	-1.000000	-1.000000	Hydro	15000	42
WBH-03-TD	Watts Bar-Unit3-Taildeck	WBOT1	35.620277	-84.784447	0.000000	0.0000	0.0000	0.000000	None	-1.0000	-1					-1	-1	-1	0	0	0.0000	-1.0000	-1.0000	-1.0000	-1.0000	-1.0000	-1.0000	-1.0000	-1.0000	-1.0000	-1.0000	-1.0000	-1.0000	-1.0000	-1.0000	-1.0000	-1.0000		0		-1.0000	-1	0.000000	None	None	-1	0	0	None	None	None	None	None	-1	-1	-1.000000	-1.000000	-1.000000	-1.000000	Other	-1	-1
WBH-04	Watts Bar Hydro-Unit4	WBOT1	35.620277	-84.784447	0.000000	0.0000	0.0000	0.000000	None	-1.0000	-1					-1	-1	-1	0	0	0.0000	-1.0000	-1.0000	-1.0000	-1.0000	-1.0000	-1.0000	-1.0000	-1.0000	-1.0000	-1.0000	-1.0000	-1.0000	-1.0000	-1.0000	-1.0000	-1.0000		0		-1.0000	-1	0.000000	None	None	-1	0	0	None	None	None	None	None	-1	-1	-1.000000	-1.000000	-1.000000	-1.000000	Hydro	15000	42
WBH-05	Watts Bar Hydro-Unit5	WBOT1	35.620277	-84.784447	0.000000	0.0000	0.0000	0.000000	None	-1.0000	-1					-1	-1	-1	0	0	0.0000	-1.0000	-1.0000	-1.0000	-1.0000	-1.0000	-1.0000	-1.0000	-1.0000	-1.0000	-1.0000	-1.0000	-1.0000	-1.0000	-1.0000	-1.0000	-1.0000		0		-1.0000	-1	0.000000	None	None	-1	0	0	None	None	None	None	None	-1	-1	-1.000000	-1.000000	-1.000000	-1.000000	Hydro	15000	42
WBH-05-TD	Watts Bar-Unit5-Taildeck	WBOT1	35.620277	-84.784447	0.000000	0.0000	0.0000	0.000000	None	-1.0000	-1					-1	-1	-1	0	0	0.0000	-1.0000	-1.0000	-1.0000	-1.0000	-1.0000	-1.0000	-1.0000	-1.0000	-1.0000	-1.0000	-1.0000	-1.0000	-1.0000	-1.0000	-1.0000	-1.0000		0		-1.0000	-1	0.000000	None	None	-1	0	0	None	None	None	None	None	-1	-1	-1.000000	-1.000000	-1.000000	-1.000000	Other	-1	-1
WBH-OG-01	Watts Bar Dam	WBOT1	35.620277	-84.784447	0.000000	0.0000	0.0000	0.000000	None	-1.0000	-1					-1	-1	-1	0	0	0.0000	-1.0000	-1.0000	-1.0000	-1.0000	-1.0000	-1.0000	-1.0000	-1.0000	-1.0000	-1.0000	-1.0000	-1.0000	-1.0000	-1.0000	-1.0000	-1.0000		0		-1.0000	-1	0.000000	None	None	-1	0	0	None	None	None	None	None	-1	-1	-1.000000	-1.000000	-1.000000	-1.000000		-1	-1	OTHER	DISC
WBH-OG-02	Watts Bar Dam	WBOT1	35.620277	-84.784447	0.000000	0.0000	0.0000	0.000000	None	-1.0000	-1					-1	-1	-1	0	0	0.0000	-1.0000	-1.0000	-1.0000	-1.0000	-1.0000	-1.0000	-1.0000	-1.0000	-1.0000	-1.0000	-1.0000	-1.0000	-1.0000	-1.0000	-1.0000	-1.0000		0		-1.0000	-1	0.000000	None	None	-1	0	0	None	None	None	None	None	-1	-1	-1.000000	-1.000000	-1.000000	-1.000000		-1	-1	OTHER	DISC
WBH-OG-03	Watts Bar Dam	WBOT1	35.620277	-84.784447	0.000000	0.0000	0.0000	0.000000	None	-1.0000	-1					-1	-1	-1	0	0	0.0000	-1.0000	-1.0000	-1.0000	-1.0000	-1.0000	-1.0000	-1.0000	-1.0000	-1.0000	-1.0000	-1.0000	-1.0000	-1.0000	-1.0000	-1.0000	-1.0000		0		-1.0000	-1	0.000000	None	None	-1	0	0	None	None	None	None	None	-1	-1	-1.000000	-1.000000	-1.000000	-1.000000		-1	-1	OTHER	DISC
WBH-OG-04	Watts Bar Dam	WBOT1	35.620277	-84.784447	0.000000	0.0000	0.0000	0.000000	None	-1.0000	-1					-1	-1	-1	0	0	0.0000	-1.0000	-1.0000	-1.0000	-1.0000	-1.0000	-1.0000	-1.0000	-1.0000	-1.0000	-1.0000	-1.0000	-1.0000	-1.0000	-1.0000	-1.0000	-1.0000		0		-1.0000	-1	0.000000	None	None	-1	0	0	None	None	None	None	None	-1	-1	-1.000000	-1.000000	-1.000000	-1.000000		-1	-1	OTHER	DISC
WBH-OG-05	Watts Bar Dam	WBOT1	35.620277	-84.784447	0.000000	0.0000	0.0000	0.000000	None	-1.0000	-1					-1	-1	-1	0	0	0.0000	-1.0000	-1.0000	-1.0000	-1.0000	-1.0000	-1.0000	-1.0000	-1.0000	-1.0000	-1.0000	-1.0000	-1.0000	-1.0000	-1.0000	-1.0000	-1.0000		0		-1.0000	-1	0.000000	None	None	-1	0	0	None	None	None	None	None	-1	-1	-1.000000	-1.000000	-1.000000	-1.000000		-1	-1	OTHER	DISC
WBH-OG-06	Watts Bar Dam	WBOT1	35.620277	-84.784447	0.000000	0.0000	0.0000	0.000000	None	-1.0000	-1					-1	-1	-1	0	0	0.0000	-1.0000	-1.0000	-1.0000	-1.0000	-1.0000	-1.0000	-1.0000	-1.0000	-1.0000	-1.0000	-1.0000	-1.0000	-1.0000	-1.0000	-1.0000	-1.0000		0		-1.0000	-1	0.000000	None	None	-1	0	0	None	None	None	None	None	-1	-1	-1.000000	-1.000000	-1.000000	-1.000000		-1	-1	OTHER	DISC
WBH-SP-01	Watts Bar Dam	WBOT1	35.620277	-84.784447	0.000000	0.0000	0.0000	0.000000	None	-1.0000	-1					-1	-1	-1	0	0	0.0000	-1.0000	-1.0000	-1.0000	-1.0000	-1.0000	-1.0000	-1.0000	-1.0000	-1.0000	-1.0000	-1.0000	-1.0000	-1.0000	-1.0000	-1.0000	-1.0000		0		-1.0000	-1	0.000000	None	None	-1	0	0	None	None	None	None	None	-1	-1	-1.000000	-1.000000	-1.000000	-1.000000		-1	-1	SPILL	DISC
WBH-SP-02	Watts Bar Dam	WBOT1	35.620277	-84.784447	0.000000	0.0000	0.0000	0.000000	None	-1.0000	-1					-1	-1	-1	0	0	0.0000	-1.0000	-1.0000	-1.0000	-1.0000	-1.0000	-1.0000	-1.0000	-1.0000	-1.0000	-1.0000	-1.0000	-1.0000	-1.0000	-1.0000	-1.0000	-1.0000		0		-1.0000	-1	0.000000	None	None	-1	0	0	None	None	None	None	None	-1	-1	-1.000000	-1.000000	-1.000000	-1.000000		-1	-1	SPILL	DISC
WBH-SP-03	Watts Bar Dam	WBOT1	35.620277	-84.784447	0.000000	0.0000	0.0000	0.000000	None	-1.0000	-1					-1	-1	-1	0	0	0.0000	-1.0000	-1.0000	-1.0000	-1.0000	-1.0000	-1.0000	-1.0000	-1.0000	-1.0000	-1.0000	-1.0000	-1.0000	-1.0000	-1.0000	-1.0000	-1.0000		0		-1.0000	-1	0.000000	None	None	-1	0	0	None	None	None	None	None	-1	-1	-1.000000	-1.000000	-1.000000	-1.000000		-1	-1	SPILL	DISC
WBH-SP-04	Watts Bar Dam	WBOT1	35.620277	-84.784447	0.000000	0.0000	0.0000	0.000000	None	-1.0000	-1					-1	-1	-1	0	0	0.0000	-1.0000	-1.0000	-1.0000	-1.0000	-1.0000	-1.0000	-1.0000	-1.0000	-1.0000	-1.0000	-1.0000	-1.0000	-1.0000	-1.0000	-1.0000	-1.0000		0		-1.0000	-1	0.000000	None	None	-1	0	0	None	None	None	None	None	-1	-1	-1.000000	-1.000000	-1.000000	-1.000000		-1	-1	SPILL	DISC
WBH-SP-05	Watts Bar Dam	WBOT1	35.620277	-84.784447	0.000000	0.0000	0.0000	0.000000	None	-1.0000	-1					-1	-1	-1	0	0	0.0000	-1.0000	-1.0000	-1.0000	-1.0000	-1.0000	-1.0000	-1.0000	-1.0000	-1.0000	-1.0000	-1.0000	-1.0000	-1.0000	-1.0000	-1.0000	-1.0000		0		-1.0000	-1	0.000000	None	None	-1	0	0	None	None	None	None	None	-1	-1	-1.000000	-1.000000	-1.000000	-1.000000		-1	-1	SPILL	DISC
WBH-SP-06	Watts Bar Dam	WBOT1	35.620277	-84.784447	0.000000	0.0000	0.0000	0.000000	None	-1.0000	-1					-1	-1	-1	0	0	0.0000	-1.0000	-1.0000	-1.0000	-1.0000	-1.0000	-1.0000	-1.0000	-1.0000	-1.0000	-1.0000	-1.0000	-1.0000	-1.0000	-1.0000	-1.0000	-1.0000		0		-1.0000	-1	0.000000	None	None	-1	0	0	None	None	None	None	None	-1	-1	-1.000000	-1.000000	-1.000000	-1.000000		-1	-1	SPILL	DISC
WBH-SP-07	Watts Bar Dam	WBOT1	35.620277	-84.784447	0.000000	0.0000	0.0000	0.000000	None	-1.0000	-1					-1	-1	-1	0	0	0.0000	-1.0000	-1.0000	-1.0000	-1.0000	-1.0000	-1.0000	-1.0000	-1.0000	-1.0000	-1.0000	-1.0000	-1.0000	-1.0000	-1.0000	-1.0000	-1.0000		0		-1.0000	-1	0.000000	None	None	-1	0	0	None	None	None	None	None	-1	-1	-1.000000	-1.000000	-1.000000	-1.000000		-1	-1	SPILL	DISC
WBH-SP-08	Watts Bar Dam	WBOT1	35.620277	-84.784447	0.000000	0.0000	0.0000	0.000000	None	-1.0000	-1					-1	-1	-1	0	0	0.0000	-1.0000	-1.0000	-1.0000	-1.0000	-1.0000	-1.0000	-1.0000	-1.0000	-1.0000	-1.0000	-1.0000	-1.0000	-1.0000	-1.0000	-1.0000	-1.0000		0		-1.0000	-1	0.000000	None	None	-1	0	0	None	None	None	None	None	-1	-1	-1.000000	-1.000000	-1.000000	-1.000000		-1	-1	SPILL	DISC
WBH-SP-09	Watts Bar Dam	WBOT1	35.620277	-84.784447	0.000000	0.0000	0.0000	0.000000	None	-1.0000	-1					-1	-1	-1	0	0	0.0000	-1.0000	-1.0000	-1.0000	-1.0000	-1.0000	-1.0000	-1.0000	-1.0000	-1.0000	-1.0000	-1.0000	-1.0000	-1.0000	-1.0000	-1.0000	-1.0000		0		-1.0000	-1	0.000000	None	None	-1	0	0	None	None	None	None	None	-1	-1	-1.000000	-1.000000	-1.000000	-1.000000		-1	-1	SPILL	DISC
WBH-SP-10	Watts Bar Dam	WBOT1	35.620277	-84.784447	0.000000	0.0000	0.0000	0.000000	None	-1.0000	-1					-1	-1	-1	0	0	0.0000	-1.0000	-1.0000	-1.0000	-1.0000	-1.0000	-1.0000	-1.0000	-1.0000	-1.0000	-1.0000	-1.0000	-1.0000	-1.0000	-1.0000	-1.0000	-1.0000		0		-1.0000	-1	0.000000	None	None	-1	0	0	None	None	None	None	None	-1	-1	-1.000000	-1.000000	-1.000000	-1.000000		-1	-1	SPILL	DISC
WBH-SP-11	Watts Bar Dam	WBOT1	35.620277	-84.784447	0.000000	0.0000	0.0000	0.000000	None	-1.0000	-1					-1	-1	-1	0	0	0.0000	-1.0000	-1.0000	-1.0000	-1.0000	-1.0000	-1.0000	-1.0000	-1.0000	-1.0000	-1.0000	-1.0000	-1.0000	-1.0000	-1.0000	-1.0000	-1.0000		0		-1.0000	-1	0.000000	None	None	-1	0	0	None	None	None	None	None	-1	-1	-1.000000	-1.000000	-1.000000	-1.000000		-1	-1	SPILL	DISC
WBH-SP-12	Watts Bar Dam	WBOT1	35.620277	-84.784447	0.000000	0.0000	0.0000	0.000000	None	-1.0000	-1					-1	-1	-1	0	0	0.0000	-1.0000	-1.0000	-1.0000	-1.0000	-1.0000	-1.0000	-1.0000	-1.0000	-1.0000	-1.0000	-1.0000	-1.0000	-1.0000	-1.0000	-1.0000	-1.0000		0		-1.0000	-1	0.000000	None	None	-1	0	0	None	None	None	None	None	-1	-1	-1.000000	-1.000000	-1.000000	-1.000000		-1	-1	SPILL	DISC
WBH-SP-13	Watts Bar Dam	WBOT1	35.620277	-84.784447	0.000000	0.0000	0.0000	0.000000	None	-1.0000	-1					-1	-1	-1	0	0	0.0000	-1.0000	-1.0000	-1.0000	-1.0000	-1.0000	-1.0000	-1.0000	-1.0000	-1.0000	-1.0000	-1.0000	-1.0000	-1.0000	-1.0000	-1.0000	-1.0000		0		-1.0000	-1	0.000000	None	None	-1	0	0	None	None	None	None	None	-1	-1	-1.000000	-1.000000	-1.000000	-1.000000		-1	-1	SPILL	DISC
WBH-SP-14	Watts Bar Dam	WBOT1	35.620277	-84.784447	0.000000	0.0000	0.0000	0.000000	None	-1.0000	-1					-1	-1	-1	0	0	0.0000	-1.0000	-1.0000	-1.0000	-1.0000	-1.0000	-1.0000	-1.0000	-1.0000	-1.0000	-1.0000	-1.0000	-1.0000	-1.0000	-1.0000	-1.0000	-1.0000		0		-1.0000	-1	0.000000	None	None	-1	0	0	None	None	None	None	None	-1	-1	-1.000000	-1.000000	-1.000000	-1.000000		-1	-1	SPILL	DISC
WBH-SP-15	Watts Bar Dam	WBOT1	35.620277	-84.784447	0.000000	0.0000	0.0000	0.000000	None	-1.0000	-1					-1	-1	-1	0	0	0.0000	-1.0000	-1.0000	-1.0000	-1.0000	-1.0000	-1.0000	-1.0000	-1.0000	-1.0000	-1.0000	-1.0000	-1.0000	-1.0000	-1.0000	-1.0000	-1.0000		0		-1.0000	-1	0.000000	None	None	-1	0	0	None	None	None	None	None	-1	-1	-1.000000	-1.000000	-1.000000	-1.000000		-1	-1	SPILL	DISC
WBH-SP-16	Watts Bar Dam	WBOT1	35.620277	-84.784447	0.000000	0.0000	0.0000	0.000000	None	-1.0000	-1					-1	-1	-1	0	0	0.0000	-1.0000	-1.0000	-1.0000	-1.0000	-1.0000	-1.0000	-1.0000	-1.0000	-1.0000	-1.0000	-1.0000	-1.0000	-1.0000	-1.0000	-1.0000	-1.0000		0		-1.0000	-1	0.000000	None	None	-1	0	0	None	None	None	None	None	-1	-1	-1.000000	-1.000000	-1.000000	-1.000000		-1	-1	SPILL	DISC
WBH-SP-17	Watts Bar Dam	WBOT1	35.620277	-84.784447	0.000000	0.0000	0.0000	0.000000	None	-1.0000	-1					-1	-1	-1	0	0	0.0000	-1.0000	-1.0000	-1.0000	-1.0000	-1.0000	-1.0000	-1.0000	-1.0000	-1.0000	-1.0000	-1.0000	-1.0000	-1.0000	-1.0000	-1.0000	-1.0000		0		-1.0000	-1	0.000000	None	None	-1	0	0	None	None	None	None	None	-1	-1	-1.000000	-1.000000	-1.000000	-1.000000		-1	-1	SPILL	DISC
WBH-SP-18	Watts Bar Dam	WBOT1	35.620277	-84.784447	0.000000	0.0000	0.0000	0.000000	None	-1.0000	-1					-1	-1	-1	0	0	0.0000	-1.0000	-1.0000	-1.0000	-1.0000	-1.0000	-1.0000	-1.0000	-1.0000	-1.0000	-1.0000	-1.0000	-1.0000	-1.0000	-1.0000	-1.0000	-1.0000		0		-1.0000	-1	0.000000	None	None	-1	0	0	None	None	None	None	None	-1	-1	-1.000000	-1.000000	-1.000000	-1.000000		-1	-1	SPILL	DISC
WBH-SP-19	Watts Bar Dam	WBOT1	35.620277	-84.784447	0.000000	0.0000	0.0000	0.000000	None	-1.0000	-1					-1	-1	-1	0	0	0.0000	-1.0000	-1.0000	-1.0000	-1.0000	-1.0000	-1.0000	-1.0000	-1.0000	-1.0000	-1.0000	-1.0000	-1.0000	-1.0000	-1.0000	-1.0000	-1.0000		0		-1.0000	-1	0.000000	None	None	-1	0	0	None	None	None	None	None	-1	-1	-1.000000	-1.000000	-1.000000	-1.000000		-1	-1	SPILL	DISC
WBH-SP-20	Watts Bar Dam	WBOT1	35.620277	-84.784447	0.000000	0.0000	0.0000	0.000000	None	-1.0000	-1					-1	-1	-1	0	0	0.0000	-1.0000	-1.0000	-1.0000	-1.0000	-1.0000	-1.0000	-1.0000	-1.0000	-1.0000	-1.0000	-1.0000	-1.0000	-1.0000	-1.0000	-1.0000	-1.0000		0		-1.0000	-1	0.000000	None	None	-1	0	0	None	None	None	None	None	-1	-1	-1.000000	-1.000000	-1.000000	-1.000000		-1	-1	SPILL	DISC
WBN 01 (Met Station)	WBN-(01)	WANT1	35.596118	-84.794147	0.000000	0.0000	0.0000	0.000000	None	-1.0000	-1				WBN	-1	-1	-1	0	0	0.0000	-1.0000	-1.0000	-1.0000	-1.0000	-1.0000	-1.0000	-1.0000	-1.0000	-1.0000	-1.0000	-1.0000	-1.0000	-1.0000	-1.0000	-1.0000	-1.0000		0	TVA	-1.0000	-1	0.000000	None	None	-1	0	0	None	None	None	None	None	58	1	-1.000000	-1.000000	-1.000000	-1.000000		-1	-1
WBN 30 (US)	WBN-(30)	WANT1	35.620298	-84.783585	0.000000	0.0000	0.0000	0.000000	None	-1.0000	-1				WBN	-1	-1	-1	0	0	0.0000	-1.0000	-1.0000	-1.0000	-1.0000	-1.0000	-1.0000	-1.0000	-1.0000	-1.0000	-1.0000	-1.0000	-1.0000	-1.0000	-1.0000	-1.0000	-1.0000		0	TVA	-1.0000	-1	0.000000	None	None	-1	0	0	None	None	None	None	None	58	30	-1.000000	-1.000000	-1.000000	-1.000000		-1	-1
WBN 32 (Morning Glory Outfall)	WBN-(32)	WANT1	35.610728	-84.778978	0.000000	0.0000	0.0000	0.000000	None	-1.0000	-1				WBN	-1	-1	-1	0	0	0.0000	-1.0000	-1.0000	-1.0000	-1.0000	-1.0000	-1.0000	-1.0000	-1.0000	-1.0000	-1.0000	-1.0000	-1.0000	-1.0000	-1.0000	-1.0000	-1.0000		0	TVA	-1.0000	-1	0.000000	None	None	-1	0	0	None	None	None	None	None	58	32	-1.000000	-1.000000	-1.000000	-1.000000		-1	-1
WBN 33 (DS, Left)	WBN-(33)	WANT1	35.605439	-84.777035	0.000000	0.0000	0.0000	0.000000	None	-1.0000	-1				WBN	-1	-1	-1	0	0	0.0000	-1.0000	-1.0000	-1.0000	-1.0000	-1.0000	-1.0000	-1.0000	-1.0000	-1.0000	-1.0000	-1.0000	-1.0000	-1.0000	-1.0000	-1.0000	-1.0000		0	TVA	-1.0000	-1	0.000000	None	None	-1	0	0	None	None	None	None	None	58	33	-1.000000	-1.000000	-1.000000	-1.000000		-1	-1
WBN 34 (DS, Right)	WBN-(34)	WANT1	35.605465	-84.777898	0.000000	0.0000	0.0000	0.000000	None	-1.0000	-1				WBN	-1	-1	-1	0	0	0.0000	-1.0000	-1.0000	-1.0000	-1.0000	-1.0000	-1.0000	-1.0000	-1.0000	-1.0000	-1.0000	-1.0000	-1.0000	-1.0000	-1.0000	-1.0000	-1.0000		0	TVA	-1.0000	-1	0.000000	None	None	-1	0	0	None	None	None	None	None	58	34	-1.000000	-1.000000	-1.000000	-1.000000		-1	-1
WBN 40 (LVWHP)	WBN-(40)	WANT1	35.598145	-84.794067	0.000000	0.0000	0.0000	0.000000	None	-1.0000	-1				WBN	-1	-1	-1	0	0	0.0000	-1.0000	-1.0000	-1.0000	-1.0000	-1.0000	-1.0000	-1.0000	-1.0000	-1.0000	-1.0000	-1.0000	-1.0000	-1.0000	-1.0000	-1.0000	-1.0000		0	TVA	-1.0000	-1	0.000000	None	None	-1	0	0	None	None	None	None	None	58	40	-1.000000	-1.000000	-1.000000	-1.000000		-1	-1
WBN 49 (Summary)	WBN-(49)	WANT1	35.596118	-84.794147	0.000000	0.0000	0.0000	0.000000	None	-1.0000	-1				WBN	-1	-1	-1	0	0	0.0000	-1.0000	-1.0000	-1.0000	-1.0000	-1.0000	-1.0000	-1.0000	-1.0000	-1.0000	-1.0000	-1.0000	-1.0000	-1.0000	-1.0000	-1.0000	-1.0000		0	TVA	-1.0000	-1	0.000000	None	None	-1	0	0	None	None	None	None	None	58	49	-1.000000	-1.000000	-1.000000	-1.000000		-1	-1
WBN 50 (Summary)	WBN-(50)	WANT1	35.596118	-84.794147	0.000000	0.0000	0.0000	0.000000	None	-1.0000	-1				WBN	-1	-1	-1	0	0	0.0000	-1.0000	-1.0000	-1.0000	-1.0000	-1.0000	-1.0000	-1.0000	-1.0000	-1.0000	-1.0000	-1.0000	-1.0000	-1.0000	-1.0000	-1.0000	-1.0000		0	TVA	-1.0000	-1	0.000000	None	None	-1	0	0	None	None	None	None	None	58	50	-1.000000	-1.000000	-1.000000	-1.000000		-1	-1
WBN 51 (Forecast)	WBN-(51)	WANT1	35.596118	-84.794147	0.000000	0.0000	0.0000	0.000000	None	-1.0000	-1				WBN	-1	-1	-1	0	0	0.0000	-1.0000	-1.0000	-1.0000	-1.0000	-1.0000	-1.0000	-1.0000	-1.0000	-1.0000	-1.0000	-1.0000	-1.0000	-1.0000	-1.0000	-1.0000	-1.0000		0	TVA	-1.0000	-1	0.000000	None	None	-1	0	0	None	None	None	None	None	-1	-1	86.900000	-1.000000	5.400000	5.500000		-1	-1
WBN Outfall 101 (Diffuser)	WBN-(101)	WANT1	35.596118	-84.794147	0.000000	0.0000	0.0000	0.000000	None	-1.0000	-1				WBN	-1	-1	-1	0	0	0.0000	-1.0000	-1.0000	-1.0000	-1.0000	-1.0000	-1.0000	-1.0000	-1.0000	-1.0000	-1.0000	-1.0000	-1.0000	-1.0000	-1.0000	-1.0000	-1.0000		0	TVA	-1.0000	-1	0.000000	None	None	-1	0	0	None	None	None	None	None	-1	-1	-1.000000	-1.000000	-1.000000	-1.000000		-1	-1
WBN Outfall 103 (LVWHP)	WBN-(103)	WANT1	35.598145	-84.794067	0.000000	0.0000	0.0000	0.000000	None	-1.0000	-1				WBN	-1	-1	-1	0	0	0.0000	-1.0000	-1.0000	-1.0000	-1.0000	-1.0000	-1.0000	-1.0000	-1.0000	-1.0000	-1.0000	-1.0000	-1.0000	-1.0000	-1.0000	-1.0000	-1.0000		0	TVA	-1.0000	-1	0.000000	None	None	-1	0	0	None	None	None	None	None	-1	-1	-1.000000	-1.000000	-1.000000	-1.000000		-1	-1
WBN Outfall 113a (SCCW)	WBN-(113a)	WANT1	35.610728	-84.778978	0.000000	0.0000	0.0000	0.000000	None	-1.0000	-1				WBN	-1	-1	-1	0	0	0.0000	-1.0000	-1.0000	-1.0000	-1.0000	-1.0000	-1.0000	-1.0000	-1.0000	-1.0000	-1.0000	-1.0000	-1.0000	-1.0000	-1.0000	-1.0000	-1.0000		0	TVA	-1.0000	-1	0.000000	None	None	-1	0	0	None	None	None	None	None	-1	-1	-1.000000	-1.000000	-1.000000	-1.000000		-1	-1
WBN Outfall 113b (SCCW)	WBN-(113b)	WANT1	35.610728	-84.778978	0.000000	0.0000	0.0000	0.000000	None	-1.0000	-1				WBN	-1	-1	-1	0	0	0.0000	-1.0000	-1.0000	-1.0000	-1.0000	-1.0000	-1.0000	-1.0000	-1.0000	-1.0000	-1.0000	-1.0000	-1.0000	-1.0000	-1.0000	-1.0000	-1.0000		0	TVA	-1.0000	-1	0.000000	None	None	-1	0	0	None	None	None	None	None	-1	-1	-1.000000	-1.000000	-1.000000	-1.000000		-1	-1
WBN Tower 1	WBN Tower 1	WANT1	35.596118	-84.794147	0.000000	0.0000	0.0000	0.000000	None	-1.0000	-1				WBN	-1	-1	-1	0	0	0.0000	-1.0000	-1.0000	-1.0000	-1.0000	-1.0000	-1.0000	-1.0000	-1.0000	-1.0000	-1.0000	-1.0000	-1.0000	-1.0000	-1.0000	-1.0000	-1.0000		0	TVA	-1.0000	-1	0.000000	None	None	-1	0	0	None	None	None	None	None	-1	-1	-1.000000	-1.000000	-1.000000	-1.000000		-1	-1
WBN Tower 2	WBN Tower 2	WANT1	35.596118	-84.794147	0.000000	0.0000	0.0000	0.000000	None	-1.0000	-1				WBN	-1	-1	-1	0	0	0.0000	-1.0000	-1.0000	-1.0000	-1.0000	-1.0000	-1.0000	-1.0000	-1.0000	-1.0000	-1.0000	-1.0000	-1.0000	-1.0000	-1.0000	-1.0000	-1.0000		0	TVA	-1.0000	-1	0.000000	None	None	-1	0	0	None	None	None	None	None	-1	-1	-1.000000	-1.000000	-1.000000	-1.000000		-1	-1
WBN-01	Watts Bar-Unit1	WANT1	35.602053	-84.092545	0.000000	0.0000	0.0000	0.000000	None	-1.0000	-1					-1	-1	-1	0	0	0.0000	-1.0000	-1.0000	-1.0000	-1.0000	-1.0000	-1.0000	-1.0000	-1.0000	-1.0000	-1.0000	-1.0000	-1.0000	-1.0000	-1.0000	-1.0000	-1.0000		0		-1.0000	-1	0.000000	None	None	-1	0	0	None	None	None	None	None	-1	-1	-1.000000	-1.000000	-1.000000	-1.000000	Nuclear	-1	1230
WBN-02	Watts Bar-Unit2	WANT1	35.602053	-84.092545	0.000000	0.0000	0.0000	0.000000	None	-1.0000	-1					-1	-1	-1	0	0	0.0000	-1.0000	-1.0000	-1.0000	-1.0000	-1.0000	-1.0000	-1.0000	-1.0000	-1.0000	-1.0000	-1.0000	-1.0000	-1.0000	-1.0000	-1.0000	-1.0000		0		-1.0000	-1	0.000000	None	None	-1	0	0	None	None	None	None	None	-1	-1	-1.000000	-1.000000	-1.000000	-1.000000	Nuclear	-1	1230
WBN_52_(Validation)	WBN-(52)	WANT1	35.596118	-84.794147	0.000000	0.0000	0.0000	0.000000	None	-1.0000	-1				WBN	-1	-1	-1	0	0	0.0000	-1.0000	-1.0000	-1.0000	-1.0000	-1.0000	-1.0000	-1.0000	-1.0000	-1.0000	-1.0000	-1.0000	-1.0000	-1.0000	-1.0000	-1.0000	-1.0000		0	TVA	-1.0000	-1	0.000000	None	None	-1	0	0	None	None	None	None	None	-1	-1	-1.000000	-1.000000	-1.000000	-1.000000		-1	-1
WBN_53_(Delft3D)	WBN-(53)	WANT1	35.596118	-84.794147	0.000000	0.0000	0.0000	0.000000	None	-1.0000	-1				WBN	-1	-1	-1	0	0	0.0000	-1.0000	-1.0000	-1.0000	-1.0000	-1.0000	-1.0000	-1.0000	-1.0000	-1.0000	-1.0000	-1.0000	-1.0000	-1.0000	-1.0000	-1.0000	-1.0000		0	TVA	-1.0000	-1	0.000000	None	None	-1	0	0	None	None	None	None	None	-1	-1	-1.000000	-1.000000	-1.000000	-1.000000		-1	-1
WBN_Intake	WBN_Intake D3D profiles	WBN_Intake	35.597700	-84.785400	0.000000	0.0000	0.0000	0.000000	None	-1.0000	-1					-1	-1	-1	0	0	0.0000	-1.0000	-1.0000	-1.0000	-1.0000	-1.0000	-1.0000	-1.0000	-1.0000	-1.0000	-1.0000	-1.0000	-1.0000	-1.0000	-1.0000	-1.0000	-1.0000		0		-1.0000	-1	0.000000	None	None	-1	0	0	None	None	None	None	None	-1	-1	-1.000000	-1.000000	-1.000000	-1.000000		-1	-1
WBN_Intake_Entry_XSection	WBN_Intake_Entry_XSection	WANT1	35.596500	-84.783700	0.000000	0.0000	0.0000	0.000000	None	-1.0000	-1				WBN	-1	-1	-1	0	0	0.0000	-1.0000	-1.0000	-1.0000	-1.0000	-1.0000	-1.0000	-1.0000	-1.0000	-1.0000	-1.0000	-1.0000	-1.0000	-1.0000	-1.0000	-1.0000	-1.0000		0	TVA	-1.0000	-1	0.000000	None	None	-1	0	0	None	None	None	None	None	-1	-1	-1.000000	-1.000000	-1.000000	-1.000000		-1	-1
WBN_Intake_Layer_1	WBN_Intake_Layer_1	WBN_Intake	0.000000	0.000000	0.000000	0.0000	0.0000	0.000000	None	-1.0000	-1					-1	-1	-1	0	0	0.0000	-1.0000	-1.0000	-1.0000	-1.0000	-1.0000	-1.0000	-1.0000	-1.0000	-1.0000	-1.0000	-1.0000	-1.0000	-1.0000	-1.0000	-1.0000	-1.0000		0	TVA	-1.0000	-1	0.000000	None	None	-1	0	0	None	None	None	None	None	-1	-1	-1.000000	-1.000000	-1.000000	-1.000000		-1	-1
WBN_Intake_Layer_10	WBN_Intake_Layer_10	WBN_Intake	0.000000	0.000000	0.000000	0.0000	0.0000	0.000000	None	-1.0000	-1					-1	-1	-1	0	0	0.0000	-1.0000	-1.0000	-1.0000	-1.0000	-1.0000	-1.0000	-1.0000	-1.0000	-1.0000	-1.0000	-1.0000	-1.0000	-1.0000	-1.0000	-1.0000	-1.0000		0	TVA	-1.0000	-1	0.000000	None	None	-1	0	0	None	None	None	None	None	-1	-1	-1.000000	-1.000000	-1.000000	-1.000000		-1	-1
WBN_Intake_Layer_11	WBN_Intake_Layer_11	WBN_Intake	0.000000	0.000000	0.000000	0.0000	0.0000	0.000000	None	-1.0000	-1					-1	-1	-1	0	0	0.0000	-1.0000	-1.0000	-1.0000	-1.0000	-1.0000	-1.0000	-1.0000	-1.0000	-1.0000	-1.0000	-1.0000	-1.0000	-1.0000	-1.0000	-1.0000	-1.0000		0	TVA	-1.0000	-1	0.000000	None	None	-1	0	0	None	None	None	None	None	-1	-1	-1.000000	-1.000000	-1.000000	-1.000000		-1	-1
WBN_Intake_Layer_12	WBN_Intake_Layer_12	WBN_Intake	0.000000	0.000000	0.000000	0.0000	0.0000	0.000000	None	-1.0000	-1					-1	-1	-1	0	0	0.0000	-1.0000	-1.0000	-1.0000	-1.0000	-1.0000	-1.0000	-1.0000	-1.0000	-1.0000	-1.0000	-1.0000	-1.0000	-1.0000	-1.0000	-1.0000	-1.0000		0	TVA	-1.0000	-1	0.000000	None	None	-1	0	0	None	None	None	None	None	-1	-1	-1.000000	-1.000000	-1.000000	-1.000000		-1	-1
WBN_Intake_Layer_13	WBN_Intake_Layer_13	WBN_Intake	0.000000	0.000000	0.000000	0.0000	0.0000	0.000000	None	-1.0000	-1					-1	-1	-1	0	0	0.0000	-1.0000	-1.0000	-1.0000	-1.0000	-1.0000	-1.0000	-1.0000	-1.0000	-1.0000	-1.0000	-1.0000	-1.0000	-1.0000	-1.0000	-1.0000	-1.0000		0	TVA	-1.0000	-1	0.000000	None	None	-1	0	0	None	None	None	None	None	-1	-1	-1.000000	-1.000000	-1.000000	-1.000000		-1	-1
WBN_Intake_Layer_14	WBN_Intake_Layer_14	WBN_Intake	0.000000	0.000000	0.000000	0.0000	0.0000	0.000000	None	-1.0000	-1					-1	-1	-1	0	0	0.0000	-1.0000	-1.0000	-1.0000	-1.0000	-1.0000	-1.0000	-1.0000	-1.0000	-1.0000	-1.0000	-1.0000	-1.0000	-1.0000	-1.0000	-1.0000	-1.0000		0	TVA	-1.0000	-1	0.000000	None	None	-1	0	0	None	None	None	None	None	-1	-1	-1.000000	-1.000000	-1.000000	-1.000000		-1	-1
WBN_Intake_Layer_15	WBN_Intake_Layer_15	WBN_Intake	0.000000	0.000000	0.000000	0.0000	0.0000	0.000000	None	-1.0000	-1					-1	-1	-1	0	0	0.0000	-1.0000	-1.0000	-1.0000	-1.0000	-1.0000	-1.0000	-1.0000	-1.0000	-1.0000	-1.0000	-1.0000	-1.0000	-1.0000	-1.0000	-1.0000	-1.0000		0	TVA	-1.0000	-1	0.000000	None	None	-1	0	0	None	None	None	None	None	-1	-1	-1.000000	-1.000000	-1.000000	-1.000000		-1	-1
WBN_Intake_Layer_16	WBN_Intake_Layer_16	WBN_Intake	0.000000	0.000000	0.000000	0.0000	0.0000	0.000000	None	-1.0000	-1					-1	-1	-1	0	0	0.0000	-1.0000	-1.0000	-1.0000	-1.0000	-1.0000	-1.0000	-1.0000	-1.0000	-1.0000	-1.0000	-1.0000	-1.0000	-1.0000	-1.0000	-1.0000	-1.0000		0	TVA	-1.0000	-1	0.000000	None	None	-1	0	0	None	None	None	None	None	-1	-1	-1.000000	-1.000000	-1.000000	-1.000000		-1	-1
WBN_Intake_Layer_17	WBN_Intake_Layer_17	WBN_Intake	0.000000	0.000000	0.000000	0.0000	0.0000	0.000000	None	-1.0000	-1					-1	-1	-1	0	0	0.0000	-1.0000	-1.0000	-1.0000	-1.0000	-1.0000	-1.0000	-1.0000	-1.0000	-1.0000	-1.0000	-1.0000	-1.0000	-1.0000	-1.0000	-1.0000	-1.0000		0	TVA	-1.0000	-1	0.000000	None	None	-1	0	0	None	None	None	None	None	-1	-1	-1.000000	-1.000000	-1.000000	-1.000000		-1	-1
WBN_Intake_Layer_18	WBN_Intake_Layer_18	WBN_Intake	0.000000	0.000000	0.000000	0.0000	0.0000	0.000000	None	-1.0000	-1					-1	-1	-1	0	0	0.0000	-1.0000	-1.0000	-1.0000	-1.0000	-1.0000	-1.0000	-1.0000	-1.0000	-1.0000	-1.0000	-1.0000	-1.0000	-1.0000	-1.0000	-1.0000	-1.0000		0	TVA	-1.0000	-1	0.000000	None	None	-1	0	0	None	None	None	None	None	-1	-1	-1.000000	-1.000000	-1.000000	-1.000000		-1	-1
WBN_Intake_Layer_19	WBN_Intake_Layer_19	WBN_Intake	0.000000	0.000000	0.000000	0.0000	0.0000	0.000000	None	-1.0000	-1					-1	-1	-1	0	0	0.0000	-1.0000	-1.0000	-1.0000	-1.0000	-1.0000	-1.0000	-1.0000	-1.0000	-1.0000	-1.0000	-1.0000	-1.0000	-1.0000	-1.0000	-1.0000	-1.0000		0	TVA	-1.0000	-1	0.000000	None	None	-1	0	0	None	None	None	None	None	-1	-1	-1.000000	-1.000000	-1.000000	-1.000000		-1	-1
WBN_Intake_Layer_2	WBN_Intake_Layer_2	WBN_Intake	0.000000	0.000000	0.000000	0.0000	0.0000	0.000000	None	-1.0000	-1					-1	-1	-1	0	0	0.0000	-1.0000	-1.0000	-1.0000	-1.0000	-1.0000	-1.0000	-1.0000	-1.0000	-1.0000	-1.0000	-1.0000	-1.0000	-1.0000	-1.0000	-1.0000	-1.0000		0	TVA	-1.0000	-1	0.000000	None	None	-1	0	0	None	None	None	None	None	-1	-1	-1.000000	-1.000000	-1.000000	-1.000000		-1	-1
WBN_Intake_Layer_20	WBN_Intake_Layer_20	WBN_Intake	0.000000	0.000000	0.000000	0.0000	0.0000	0.000000	None	-1.0000	-1					-1	-1	-1	0	0	0.0000	-1.0000	-1.0000	-1.0000	-1.0000	-1.0000	-1.0000	-1.0000	-1.0000	-1.0000	-1.0000	-1.0000	-1.0000	-1.0000	-1.0000	-1.0000	-1.0000		0	TVA	-1.0000	-1	0.000000	None	None	-1	0	0	None	None	None	None	None	-1	-1	-1.000000	-1.000000	-1.000000	-1.000000		-1	-1
WBN_Intake_Layer_21	WBN_Intake_Layer_21	WBN_Intake	0.000000	0.000000	0.000000	0.0000	0.0000	0.000000	None	-1.0000	-1					-1	-1	-1	0	0	0.0000	-1.0000	-1.0000	-1.0000	-1.0000	-1.0000	-1.0000	-1.0000	-1.0000	-1.0000	-1.0000	-1.0000	-1.0000	-1.0000	-1.0000	-1.0000	-1.0000		0	TVA	-1.0000	-1	0.000000	None	None	-1	0	0	None	None	None	None	None	-1	-1	-1.000000	-1.000000	-1.000000	-1.000000		-1	-1
WBN_Intake_Layer_22	WBN_Intake_Layer_22	WBN_Intake	0.000000	0.000000	0.000000	0.0000	0.0000	0.000000	None	-1.0000	-1					-1	-1	-1	0	0	0.0000	-1.0000	-1.0000	-1.0000	-1.0000	-1.0000	-1.0000	-1.0000	-1.0000	-1.0000	-1.0000	-1.0000	-1.0000	-1.0000	-1.0000	-1.0000	-1.0000		0	TVA	-1.0000	-1	0.000000	None	None	-1	0	0	None	None	None	None	None	-1	-1	-1.000000	-1.000000	-1.000000	-1.000000		-1	-1
WBN_Intake_Layer_23	WBN_Intake_Layer_23	WBN_Intake	0.000000	0.000000	0.000000	0.0000	0.0000	0.000000	None	-1.0000	-1					-1	-1	-1	0	0	0.0000	-1.0000	-1.0000	-1.0000	-1.0000	-1.0000	-1.0000	-1.0000	-1.0000	-1.0000	-1.0000	-1.0000	-1.0000	-1.0000	-1.0000	-1.0000	-1.0000		0	TVA	-1.0000	-1	0.000000	None	None	-1	0	0	None	None	None	None	None	-1	-1	-1.000000	-1.000000	-1.000000	-1.000000		-1	-1
WBN_Intake_Layer_24	WBN_Intake_Layer_24	WBN_Intake	0.000000	0.000000	0.000000	0.0000	0.0000	0.000000	None	-1.0000	-1					-1	-1	-1	0	0	0.0000	-1.0000	-1.0000	-1.0000	-1.0000	-1.0000	-1.0000	-1.0000	-1.0000	-1.0000	-1.0000	-1.0000	-1.0000	-1.0000	-1.0000	-1.0000	-1.0000		0	TVA	-1.0000	-1	0.000000	None	None	-1	0	0	None	None	None	None	None	-1	-1	-1.000000	-1.000000	-1.000000	-1.000000		-1	-1
WBN_Intake_Layer_25	WBN_Intake_Layer_25	WBN_Intake	0.000000	0.000000	0.000000	0.0000	0.0000	0.000000	None	-1.0000	-1					-1	-1	-1	0	0	0.0000	-1.0000	-1.0000	-1.0000	-1.0000	-1.0000	-1.0000	-1.0000	-1.0000	-1.0000	-1.0000	-1.0000	-1.0000	-1.0000	-1.0000	-1.0000	-1.0000		0	TVA	-1.0000	-1	0.000000	None	None	-1	0	0	None	None	None	None	None	-1	-1	-1.000000	-1.000000	-1.000000	-1.000000		-1	-1
WBN_Intake_Layer_26	WBN_Intake_Layer_26	WBN_Intake	0.000000	0.000000	0.000000	0.0000	0.0000	0.000000	None	-1.0000	-1					-1	-1	-1	0	0	0.0000	-1.0000	-1.0000	-1.0000	-1.0000	-1.0000	-1.0000	-1.0000	-1.0000	-1.0000	-1.0000	-1.0000	-1.0000	-1.0000	-1.0000	-1.0000	-1.0000		0	TVA	-1.0000	-1	0.000000	None	None	-1	0	0	None	None	None	None	None	-1	-1	-1.000000	-1.000000	-1.000000	-1.000000		-1	-1
WBN_Intake_Layer_27	WBN_Intake_Layer_27	WBN_Intake	0.000000	0.000000	0.000000	0.0000	0.0000	0.000000	None	-1.0000	-1					-1	-1	-1	0	0	0.0000	-1.0000	-1.0000	-1.0000	-1.0000	-1.0000	-1.0000	-1.0000	-1.0000	-1.0000	-1.0000	-1.0000	-1.0000	-1.0000	-1.0000	-1.0000	-1.0000		0	TVA	-1.0000	-1	0.000000	None	None	-1	0	0	None	None	None	None	None	-1	-1	-1.000000	-1.000000	-1.000000	-1.000000		-1	-1
WBN_Intake_Layer_28	WBN_Intake_Layer_28	WBN_Intake	0.000000	0.000000	0.000000	0.0000	0.0000	0.000000	None	-1.0000	-1					-1	-1	-1	0	0	0.0000	-1.0000	-1.0000	-1.0000	-1.0000	-1.0000	-1.0000	-1.0000	-1.0000	-1.0000	-1.0000	-1.0000	-1.0000	-1.0000	-1.0000	-1.0000	-1.0000		0	TVA	-1.0000	-1	0.000000	None	None	-1	0	0	None	None	None	None	None	-1	-1	-1.000000	-1.000000	-1.000000	-1.000000		-1	-1
WBN_Intake_Layer_3	WBN_Intake_Layer_3	WBN_Intake	0.000000	0.000000	0.000000	0.0000	0.0000	0.000000	None	-1.0000	-1					-1	-1	-1	0	0	0.0000	-1.0000	-1.0000	-1.0000	-1.0000	-1.0000	-1.0000	-1.0000	-1.0000	-1.0000	-1.0000	-1.0000	-1.0000	-1.0000	-1.0000	-1.0000	-1.0000		0	TVA	-1.0000	-1	0.000000	None	None	-1	0	0	None	None	None	None	None	-1	-1	-1.000000	-1.000000	-1.000000	-1.000000		-1	-1
WBN_Intake_Layer_4	WBN_Intake_Layer_4	WBN_Intake	0.000000	0.000000	0.000000	0.0000	0.0000	0.000000	None	-1.0000	-1					-1	-1	-1	0	0	0.0000	-1.0000	-1.0000	-1.0000	-1.0000	-1.0000	-1.0000	-1.0000	-1.0000	-1.0000	-1.0000	-1.0000	-1.0000	-1.0000	-1.0000	-1.0000	-1.0000		0	TVA	-1.0000	-1	0.000000	None	None	-1	0	0	None	None	None	None	None	-1	-1	-1.000000	-1.000000	-1.000000	-1.000000		-1	-1
WBN_Intake_Layer_5	WBN_Intake_Layer_5	WBN_Intake	0.000000	0.000000	0.000000	0.0000	0.0000	0.000000	None	-1.0000	-1					-1	-1	-1	0	0	0.0000	-1.0000	-1.0000	-1.0000	-1.0000	-1.0000	-1.0000	-1.0000	-1.0000	-1.0000	-1.0000	-1.0000	-1.0000	-1.0000	-1.0000	-1.0000	-1.0000		0	TVA	-1.0000	-1	0.000000	None	None	-1	0	0	None	None	None	None	None	-1	-1	-1.000000	-1.000000	-1.000000	-1.000000		-1	-1
WBN_Intake_Layer_5_48hours	WBN_Intake_Layer_5_48hr	WBN_Intake	0.000000	0.000000	0.000000	0.0000	0.0000	0.000000	None	-1.0000	-1					-1	-1	-1	0	0	0.0000	-1.0000	-1.0000	-1.0000	-1.0000	-1.0000	-1.0000	-1.0000	-1.0000	-1.0000	-1.0000	-1.0000	-1.0000	-1.0000	-1.0000	-1.0000	-1.0000		0	TVA	-1.0000	-1	0.000000	None	None	-1	0	0	None	None	None	None	None	-1	-1	-1.000000	-1.000000	-1.000000	-1.000000		-1	-1
WBN_Intake_Layer_5_5day	WBN_Intake_Layer_5_5d	WBN_Intake	0.000000	0.000000	0.000000	0.0000	0.0000	0.000000	None	-1.0000	-1					-1	-1	-1	0	0	0.0000	-1.0000	-1.0000	-1.0000	-1.0000	-1.0000	-1.0000	-1.0000	-1.0000	-1.0000	-1.0000	-1.0000	-1.0000	-1.0000	-1.0000	-1.0000	-1.0000		0	TVA	-1.0000	-1	0.000000	None	None	-1	0	0	None	None	None	None	None	-1	-1	-1.000000	-1.000000	-1.000000	-1.000000		-1	-1
WBN_Intake_Layer_6	WBN_Intake_Layer_6	WBN_Intake	0.000000	0.000000	0.000000	0.0000	0.0000	0.000000	None	-1.0000	-1					-1	-1	-1	0	0	0.0000	-1.0000	-1.0000	-1.0000	-1.0000	-1.0000	-1.0000	-1.0000	-1.0000	-1.0000	-1.0000	-1.0000	-1.0000	-1.0000	-1.0000	-1.0000	-1.0000		0	TVA	-1.0000	-1	0.000000	None	None	-1	0	0	None	None	None	None	None	-1	-1	-1.000000	-1.000000	-1.000000	-1.000000		-1	-1
WBN_Intake_Layer_7	WBN_Intake_Layer_7	WBN_Intake	0.000000	0.000000	0.000000	0.0000	0.0000	0.000000	None	-1.0000	-1					-1	-1	-1	0	0	0.0000	-1.0000	-1.0000	-1.0000	-1.0000	-1.0000	-1.0000	-1.0000	-1.0000	-1.0000	-1.0000	-1.0000	-1.0000	-1.0000	-1.0000	-1.0000	-1.0000		0	TVA	-1.0000	-1	0.000000	None	None	-1	0	0	None	None	None	None	None	-1	-1	-1.000000	-1.000000	-1.000000	-1.000000		-1	-1
WBN_Intake_Layer_8	WBN_Intake_Layer_8	WBN_Intake	0.000000	0.000000	0.000000	0.0000	0.0000	0.000000	None	-1.0000	-1					-1	-1	-1	0	0	0.0000	-1.0000	-1.0000	-1.0000	-1.0000	-1.0000	-1.0000	-1.0000	-1.0000	-1.0000	-1.0000	-1.0000	-1.0000	-1.0000	-1.0000	-1.0000	-1.0000		0	TVA	-1.0000	-1	0.000000	None	None	-1	0	0	None	None	None	None	None	-1	-1	-1.000000	-1.000000	-1.000000	-1.000000		-1	-1
WBN_Intake_Layer_8_48hours	WBN_Intake_Layer_8_48hr	WBN_Intake	0.000000	0.000000	0.000000	0.0000	0.0000	0.000000	None	-1.0000	-1					-1	-1	-1	0	0	0.0000	-1.0000	-1.0000	-1.0000	-1.0000	-1.0000	-1.0000	-1.0000	-1.0000	-1.0000	-1.0000	-1.0000	-1.0000	-1.0000	-1.0000	-1.0000	-1.0000		0	TVA	-1.0000	-1	0.000000	None	None	-1	0	0	None	None	None	None	None	-1	-1	-1.000000	-1.000000	-1.000000	-1.000000		-1	-1
WBN_Intake_Layer_8_5day	WBN_Intake_Layer_8_5d	WBN_Intake	0.000000	0.000000	0.000000	0.0000	0.0000	0.000000	None	-1.0000	-1					-1	-1	-1	0	0	0.0000	-1.0000	-1.0000	-1.0000	-1.0000	-1.0000	-1.0000	-1.0000	-1.0000	-1.0000	-1.0000	-1.0000	-1.0000	-1.0000	-1.0000	-1.0000	-1.0000		0	TVA	-1.0000	-1	0.000000	None	None	-1	0	0	None	None	None	None	None	-1	-1	-1.000000	-1.000000	-1.000000	-1.000000		-1	-1
WBN_Intake_Layer_9	WBN_Intake_Layer_9	WBN_Intake	0.000000	0.000000	0.000000	0.0000	0.0000	0.000000	None	-1.0000	-1					-1	-1	-1	0	0	0.0000	-1.0000	-1.0000	-1.0000	-1.0000	-1.0000	-1.0000	-1.0000	-1.0000	-1.0000	-1.0000	-1.0000	-1.0000	-1.0000	-1.0000	-1.0000	-1.0000		0	TVA	-1.0000	-1	0.000000	None	None	-1	0	0	None	None	None	None	None	-1	-1	-1.000000	-1.000000	-1.000000	-1.000000		-1	-1
WBN_Intake_UHS_XSection	WBN_Intake_UHS_XSection	WANT1	35.597700	-84.785400	0.000000	0.0000	0.0000	0.000000	None	-1.0000	-1				WBN	-1	-1	-1	0	0	0.0000	-1.0000	-1.0000	-1.0000	-1.0000	-1.0000	-1.0000	-1.0000	-1.0000	-1.0000	-1.0000	-1.0000	-1.0000	-1.0000	-1.0000	-1.0000	-1.0000		0	TVA	-1.0000	-1	0.000000	None	None	-1	0	0	None	None	None	None	None	-1	-1	-1.000000	-1.000000	-1.000000	-1.000000		-1	-1
WBN_XSection	WBN_XSection	WANT1	35.595800	-84.781200	0.000000	0.0000	0.0000	0.000000	None	-1.0000	-1				WBN	-1	-1	-1	0	0	0.0000	-1.0000	-1.0000	-1.0000	-1.0000	-1.0000	-1.0000	-1.0000	-1.0000	-1.0000	-1.0000	-1.0000	-1.0000	-1.0000	-1.0000	-1.0000	-1.0000		0	TVA	-1.0000	-1	0.000000	None	None	-1	0	0	None	None	None	None	None	-1	-1	-1.000000	-1.000000	-1.000000	-1.000000		-1	-1
WBN01_10m	WBN01_10m	WBN 01 (Met Station)	35.596118	-84.794147	0.000000	0.0000	0.0000	0.000000	None	-1.0000	-1					-1	-1	-1	0	0	0.0000	-1.0000	-1.0000	-1.0000	-1.0000	-1.0000	-1.0000	-1.0000	-1.0000	-1.0000	-1.0000	-1.0000	-1.0000	-1.0000	-1.0000	-1.0000	-1.0000		0	TVA	-1.0000	-1	0.000000	None	None	-1	0	0	None	None	None	None	None	-1	-1	-1.000000	-1.000000	-1.000000	-1.000000		-1	-1
WBN01_46m	WBN01_46m	WBN 01 (Met Station)	35.596118	-84.794147	0.000000	0.0000	0.0000	0.000000	None	-1.0000	-1					-1	-1	-1	0	0	0.0000	-1.0000	-1.0000	-1.0000	-1.0000	-1.0000	-1.0000	-1.0000	-1.0000	-1.0000	-1.0000	-1.0000	-1.0000	-1.0000	-1.0000	-1.0000	-1.0000		0	TVA	-1.0000	-1	0.000000	None	None	-1	0	0	None	None	None	None	None	-1	-1	-1.000000	-1.000000	-1.000000	-1.000000		-1	-1
WBN01_91m	WBN01_91m	WBN 01 (Met Station)	35.596118	-84.794147	0.000000	0.0000	0.0000	0.000000	None	-1.0000	-1					-1	-1	-1	0	0	0.0000	-1.0000	-1.0000	-1.0000	-1.0000	-1.0000	-1.0000	-1.0000	-1.0000	-1.0000	-1.0000	-1.0000	-1.0000	-1.0000	-1.0000	-1.0000	-1.0000		0	TVA	-1.0000	-1	0.000000	None	None	-1	0	0	None	None	None	None	None	-1	-1	-1.000000	-1.000000	-1.000000	-1.000000		-1	-1
WBN33_3ft	WBN33_3ft	WBN 33 (DS, Left)	35.605439	-84.777035	0.000000	0.0000	0.0000	0.000000	None	-1.0000	-1					-1	-1	-1	0	0	0.0000	-1.0000	-1.0000	-1.0000	-1.0000	-1.0000	-1.0000	-1.0000	-1.0000	-1.0000	-1.0000	-1.0000	-1.0000	-1.0000	-1.0000	-1.0000	-1.0000		0	TVA	-1.0000	-1	0.000000	None	None	-1	0	0	None	None	None	None	None	-1	-1	-1.000000	-1.000000	-1.000000	-1.000000		-1	-1
WBN33_5ft	WBN33_5ft	WBN 33 (DS, Left)	35.605439	-84.777035	0.000000	0.0000	0.0000	0.000000	None	-1.0000	-1					-1	-1	-1	0	0	0.0000	-1.0000	-1.0000	-1.0000	-1.0000	-1.0000	-1.0000	-1.0000	-1.0000	-1.0000	-1.0000	-1.0000	-1.0000	-1.0000	-1.0000	-1.0000	-1.0000		0	TVA	-1.0000	-1	0.000000	None	None	-1	0	0	None	None	None	None	None	-1	-1	-1.000000	-1.000000	-1.000000	-1.000000		-1	-1
WBN33_7ft	WBN33_7ft	WBN 33 (DS, Left)	35.605439	-84.777035	0.000000	0.0000	0.0000	0.000000	None	-1.0000	-1					-1	-1	-1	0	0	0.0000	-1.0000	-1.0000	-1.0000	-1.0000	-1.0000	-1.0000	-1.0000	-1.0000	-1.0000	-1.0000	-1.0000	-1.0000	-1.0000	-1.0000	-1.0000	-1.0000		0	TVA	-1.0000	-1	0.000000	None	None	-1	0	0	None	None	None	None	None	-1	-1	-1.000000	-1.000000	-1.000000	-1.000000		-1	-1
WBN33_Layer_1	WBN33_Layer_1	WBN33_Layers	0.000000	0.000000	0.000000	0.0000	0.0000	0.000000	None	-1.0000	-1					-1	-1	-1	0	0	0.0000	-1.0000	-1.0000	-1.0000	-1.0000	-1.0000	-1.0000	-1.0000	-1.0000	-1.0000	-1.0000	-1.0000	-1.0000	-1.0000	-1.0000	-1.0000	-1.0000		0	TVA	-1.0000	-1	0.000000	None	None	-1	0	0	None	None	None	None	None	-1	-1	-1.000000	-1.000000	-1.000000	-1.000000		-1	-1
WBN33_Layer_10	WBN33_Layer_10	WBN33_Layers	0.000000	0.000000	0.000000	0.0000	0.0000	0.000000	None	-1.0000	-1					-1	-1	-1	0	0	0.0000	-1.0000	-1.0000	-1.0000	-1.0000	-1.0000	-1.0000	-1.0000	-1.0000	-1.0000	-1.0000	-1.0000	-1.0000	-1.0000	-1.0000	-1.0000	-1.0000		0	TVA	-1.0000	-1	0.000000	None	None	-1	0	0	None	None	None	None	None	-1	-1	-1.000000	-1.000000	-1.000000	-1.000000		-1	-1
WBN33_Layer_11	WBN33_Layer_11	WBN33_Layers	0.000000	0.000000	0.000000	0.0000	0.0000	0.000000	None	-1.0000	-1					-1	-1	-1	0	0	0.0000	-1.0000	-1.0000	-1.0000	-1.0000	-1.0000	-1.0000	-1.0000	-1.0000	-1.0000	-1.0000	-1.0000	-1.0000	-1.0000	-1.0000	-1.0000	-1.0000		0	TVA	-1.0000	-1	0.000000	None	None	-1	0	0	None	None	None	None	None	-1	-1	-1.000000	-1.000000	-1.000000	-1.000000		-1	-1
WBN33_Layer_12	WBN33_Layer_12	WBN33_Layers	0.000000	0.000000	0.000000	0.0000	0.0000	0.000000	None	-1.0000	-1					-1	-1	-1	0	0	0.0000	-1.0000	-1.0000	-1.0000	-1.0000	-1.0000	-1.0000	-1.0000	-1.0000	-1.0000	-1.0000	-1.0000	-1.0000	-1.0000	-1.0000	-1.0000	-1.0000		0	TVA	-1.0000	-1	0.000000	None	None	-1	0	0	None	None	None	None	None	-1	-1	-1.000000	-1.000000	-1.000000	-1.000000		-1	-1
WBN33_Layer_13	WBN33_Layer_13	WBN33_Layers	0.000000	0.000000	0.000000	0.0000	0.0000	0.000000	None	-1.0000	-1					-1	-1	-1	0	0	0.0000	-1.0000	-1.0000	-1.0000	-1.0000	-1.0000	-1.0000	-1.0000	-1.0000	-1.0000	-1.0000	-1.0000	-1.0000	-1.0000	-1.0000	-1.0000	-1.0000		0	TVA	-1.0000	-1	0.000000	None	None	-1	0	0	None	None	None	None	None	-1	-1	-1.000000	-1.000000	-1.000000	-1.000000		-1	-1
WBN33_Layer_14	WBN33_Layer_14	WBN33_Layers	0.000000	0.000000	0.000000	0.0000	0.0000	0.000000	None	-1.0000	-1					-1	-1	-1	0	0	0.0000	-1.0000	-1.0000	-1.0000	-1.0000	-1.0000	-1.0000	-1.0000	-1.0000	-1.0000	-1.0000	-1.0000	-1.0000	-1.0000	-1.0000	-1.0000	-1.0000		0	TVA	-1.0000	-1	0.000000	None	None	-1	0	0	None	None	None	None	None	-1	-1	-1.000000	-1.000000	-1.000000	-1.000000		-1	-1
WBN33_Layer_15	WBN33_Layer_15	WBN33_Layers	0.000000	0.000000	0.000000	0.0000	0.0000	0.000000	None	-1.0000	-1					-1	-1	-1	0	0	0.0000	-1.0000	-1.0000	-1.0000	-1.0000	-1.0000	-1.0000	-1.0000	-1.0000	-1.0000	-1.0000	-1.0000	-1.0000	-1.0000	-1.0000	-1.0000	-1.0000		0	TVA	-1.0000	-1	0.000000	None	None	-1	0	0	None	None	None	None	None	-1	-1	-1.000000	-1.000000	-1.000000	-1.000000		-1	-1
WBN33_Layer_16	WBN33_Layer_16	WBN33_Layers	0.000000	0.000000	0.000000	0.0000	0.0000	0.000000	None	-1.0000	-1					-1	-1	-1	0	0	0.0000	-1.0000	-1.0000	-1.0000	-1.0000	-1.0000	-1.0000	-1.0000	-1.0000	-1.0000	-1.0000	-1.0000	-1.0000	-1.0000	-1.0000	-1.0000	-1.0000		0	TVA	-1.0000	-1	0.000000	None	None	-1	0	0	None	None	None	None	None	-1	-1	-1.000000	-1.000000	-1.000000	-1.000000		-1	-1
WBN33_Layer_17	WBN33_Layer_17	WBN33_Layers	0.000000	0.000000	0.000000	0.0000	0.0000	0.000000	None	-1.0000	-1					-1	-1	-1	0	0	0.0000	-1.0000	-1.0000	-1.0000	-1.0000	-1.0000	-1.0000	-1.0000	-1.0000	-1.0000	-1.0000	-1.0000	-1.0000	-1.0000	-1.0000	-1.0000	-1.0000		0	TVA	-1.0000	-1	0.000000	None	None	-1	0	0	None	None	None	None	None	-1	-1	-1.000000	-1.000000	-1.000000	-1.000000		-1	-1
WBN33_Layer_18	WBN33_Layer_18	WBN33_Layers	0.000000	0.000000	0.000000	0.0000	0.0000	0.000000	None	-1.0000	-1					-1	-1	-1	0	0	0.0000	-1.0000	-1.0000	-1.0000	-1.0000	-1.0000	-1.0000	-1.0000	-1.0000	-1.0000	-1.0000	-1.0000	-1.0000	-1.0000	-1.0000	-1.0000	-1.0000		0	TVA	-1.0000	-1	0.000000	None	None	-1	0	0	None	None	None	None	None	-1	-1	-1.000000	-1.000000	-1.000000	-1.000000		-1	-1
WBN33_Layer_19	WBN33_Layer_19	WBN33_Layers	0.000000	0.000000	0.000000	0.0000	0.0000	0.000000	None	-1.0000	-1					-1	-1	-1	0	0	0.0000	-1.0000	-1.0000	-1.0000	-1.0000	-1.0000	-1.0000	-1.0000	-1.0000	-1.0000	-1.0000	-1.0000	-1.0000	-1.0000	-1.0000	-1.0000	-1.0000		0	TVA	-1.0000	-1	0.000000	None	None	-1	0	0	None	None	None	None	None	-1	-1	-1.000000	-1.000000	-1.000000	-1.000000		-1	-1
WBN33_Layer_2	WBN33_Layer_2	WBN33_Layers	0.000000	0.000000	0.000000	0.0000	0.0000	0.000000	None	-1.0000	-1					-1	-1	-1	0	0	0.0000	-1.0000	-1.0000	-1.0000	-1.0000	-1.0000	-1.0000	-1.0000	-1.0000	-1.0000	-1.0000	-1.0000	-1.0000	-1.0000	-1.0000	-1.0000	-1.0000		0	TVA	-1.0000	-1	0.000000	None	None	-1	0	0	None	None	None	None	None	-1	-1	-1.000000	-1.000000	-1.000000	-1.000000		-1	-1
WBN33_Layer_20	WBN33_Layer_20	WBN33_Layers	0.000000	0.000000	0.000000	0.0000	0.0000	0.000000	None	-1.0000	-1					-1	-1	-1	0	0	0.0000	-1.0000	-1.0000	-1.0000	-1.0000	-1.0000	-1.0000	-1.0000	-1.0000	-1.0000	-1.0000	-1.0000	-1.0000	-1.0000	-1.0000	-1.0000	-1.0000		0	TVA	-1.0000	-1	0.000000	None	None	-1	0	0	None	None	None	None	None	-1	-1	-1.000000	-1.000000	-1.000000	-1.000000		-1	-1
WBN33_Layer_21	WBN33_Layer_21	WBN33_Layers	0.000000	0.000000	0.000000	0.0000	0.0000	0.000000	None	-1.0000	-1					-1	-1	-1	0	0	0.0000	-1.0000	-1.0000	-1.0000	-1.0000	-1.0000	-1.0000	-1.0000	-1.0000	-1.0000	-1.0000	-1.0000	-1.0000	-1.0000	-1.0000	-1.0000	-1.0000		0	TVA	-1.0000	-1	0.000000	None	None	-1	0	0	None	None	None	None	None	-1	-1	-1.000000	-1.000000	-1.000000	-1.000000		-1	-1
WBN33_Layer_22	WBN33_Layer_22	WBN33_Layers	0.000000	0.000000	0.000000	0.0000	0.0000	0.000000	None	-1.0000	-1					-1	-1	-1	0	0	0.0000	-1.0000	-1.0000	-1.0000	-1.0000	-1.0000	-1.0000	-1.0000	-1.0000	-1.0000	-1.0000	-1.0000	-1.0000	-1.0000	-1.0000	-1.0000	-1.0000		0	TVA	-1.0000	-1	0.000000	None	None	-1	0	0	None	None	None	None	None	-1	-1	-1.000000	-1.000000	-1.000000	-1.000000		-1	-1
WBN33_Layer_23	WBN33_Layer_23	WBN33_Layers	0.000000	0.000000	0.000000	0.0000	0.0000	0.000000	None	-1.0000	-1					-1	-1	-1	0	0	0.0000	-1.0000	-1.0000	-1.0000	-1.0000	-1.0000	-1.0000	-1.0000	-1.0000	-1.0000	-1.0000	-1.0000	-1.0000	-1.0000	-1.0000	-1.0000	-1.0000		0	TVA	-1.0000	-1	0.000000	None	None	-1	0	0	None	None	None	None	None	-1	-1	-1.000000	-1.000000	-1.000000	-1.000000		-1	-1
WBN33_Layer_24	WBN33_Layer_24	WBN33_Layers	0.000000	0.000000	0.000000	0.0000	0.0000	0.000000	None	-1.0000	-1					-1	-1	-1	0	0	0.0000	-1.0000	-1.0000	-1.0000	-1.0000	-1.0000	-1.0000	-1.0000	-1.0000	-1.0000	-1.0000	-1.0000	-1.0000	-1.0000	-1.0000	-1.0000	-1.0000		0	TVA	-1.0000	-1	0.000000	None	None	-1	0	0	None	None	None	None	None	-1	-1	-1.000000	-1.000000	-1.000000	-1.000000		-1	-1
WBN33_Layer_25	WBN33_Layer_25	WBN33_Layers	0.000000	0.000000	0.000000	0.0000	0.0000	0.000000	None	-1.0000	-1					-1	-1	-1	0	0	0.0000	-1.0000	-1.0000	-1.0000	-1.0000	-1.0000	-1.0000	-1.0000	-1.0000	-1.0000	-1.0000	-1.0000	-1.0000	-1.0000	-1.0000	-1.0000	-1.0000		0	TVA	-1.0000	-1	0.000000	None	None	-1	0	0	None	None	None	None	None	-1	-1	-1.000000	-1.000000	-1.000000	-1.000000		-1	-1
WBN33_Layer_26	WBN33_Layer_26	WBN33_Layers	0.000000	0.000000	0.000000	0.0000	0.0000	0.000000	None	-1.0000	-1					-1	-1	-1	0	0	0.0000	-1.0000	-1.0000	-1.0000	-1.0000	-1.0000	-1.0000	-1.0000	-1.0000	-1.0000	-1.0000	-1.0000	-1.0000	-1.0000	-1.0000	-1.0000	-1.0000		0	TVA	-1.0000	-1	0.000000	None	None	-1	0	0	None	None	None	None	None	-1	-1	-1.000000	-1.000000	-1.000000	-1.000000		-1	-1
WBN33_Layer_27	WBN33_Layer_27	WBN33_Layers	0.000000	0.000000	0.000000	0.0000	0.0000	0.000000	None	-1.0000	-1					-1	-1	-1	0	0	0.0000	-1.0000	-1.0000	-1.0000	-1.0000	-1.0000	-1.0000	-1.0000	-1.0000	-1.0000	-1.0000	-1.0000	-1.0000	-1.0000	-1.0000	-1.0000	-1.0000		0	TVA	-1.0000	-1	0.000000	None	None	-1	0	0	None	None	None	None	None	-1	-1	-1.000000	-1.000000	-1.000000	-1.000000		-1	-1
WBN33_Layer_28	WBN33_Layer_28	WBN33_Layers	0.000000	0.000000	0.000000	0.0000	0.0000	0.000000	None	-1.0000	-1					-1	-1	-1	0	0	0.0000	-1.0000	-1.0000	-1.0000	-1.0000	-1.0000	-1.0000	-1.0000	-1.0000	-1.0000	-1.0000	-1.0000	-1.0000	-1.0000	-1.0000	-1.0000	-1.0000		0	TVA	-1.0000	-1	0.000000	None	None	-1	0	0	None	None	None	None	None	-1	-1	-1.000000	-1.000000	-1.000000	-1.000000		-1	-1
WBN33_Layer_3	WBN33_Layer_3	WBN33_Layers	0.000000	0.000000	0.000000	0.0000	0.0000	0.000000	None	-1.0000	-1					-1	-1	-1	0	0	0.0000	-1.0000	-1.0000	-1.0000	-1.0000	-1.0000	-1.0000	-1.0000	-1.0000	-1.0000	-1.0000	-1.0000	-1.0000	-1.0000	-1.0000	-1.0000	-1.0000		0	TVA	-1.0000	-1	0.000000	None	None	-1	0	0	None	None	None	None	None	-1	-1	-1.000000	-1.000000	-1.000000	-1.000000		-1	-1
WBN33_Layer_4	WBN33_Layer_4	WBN33_Layers	0.000000	0.000000	0.000000	0.0000	0.0000	0.000000	None	-1.0000	-1					-1	-1	-1	0	0	0.0000	-1.0000	-1.0000	-1.0000	-1.0000	-1.0000	-1.0000	-1.0000	-1.0000	-1.0000	-1.0000	-1.0000	-1.0000	-1.0000	-1.0000	-1.0000	-1.0000		0	TVA	-1.0000	-1	0.000000	None	None	-1	0	0	None	None	None	None	None	-1	-1	-1.000000	-1.000000	-1.000000	-1.000000		-1	-1
WBN33_Layer_5	WBN33_Layer_5	WBN33_Layers	0.000000	0.000000	0.000000	0.0000	0.0000	0.000000	None	-1.0000	-1					-1	-1	-1	0	0	0.0000	-1.0000	-1.0000	-1.0000	-1.0000	-1.0000	-1.0000	-1.0000	-1.0000	-1.0000	-1.0000	-1.0000	-1.0000	-1.0000	-1.0000	-1.0000	-1.0000		0	TVA	-1.0000	-1	0.000000	None	None	-1	0	0	None	None	None	None	None	-1	-1	-1.000000	-1.000000	-1.000000	-1.000000		-1	-1
WBN33_Layer_6	WBN33_Layer_6	WBN33_Layers	0.000000	0.000000	0.000000	0.0000	0.0000	0.000000	None	-1.0000	-1					-1	-1	-1	0	0	0.0000	-1.0000	-1.0000	-1.0000	-1.0000	-1.0000	-1.0000	-1.0000	-1.0000	-1.0000	-1.0000	-1.0000	-1.0000	-1.0000	-1.0000	-1.0000	-1.0000		0	TVA	-1.0000	-1	0.000000	None	None	-1	0	0	None	None	None	None	None	-1	-1	-1.000000	-1.000000	-1.000000	-1.000000		-1	-1
WBN33_Layer_7	WBN33_Layer_7	WBN33_Layers	0.000000	0.000000	0.000000	0.0000	0.0000	0.000000	None	-1.0000	-1					-1	-1	-1	0	0	0.0000	-1.0000	-1.0000	-1.0000	-1.0000	-1.0000	-1.0000	-1.0000	-1.0000	-1.0000	-1.0000	-1.0000	-1.0000	-1.0000	-1.0000	-1.0000	-1.0000		0	TVA	-1.0000	-1	0.000000	None	None	-1	0	0	None	None	None	None	None	-1	-1	-1.000000	-1.000000	-1.000000	-1.000000		-1	-1
WBN33_Layer_8	WBN33_Layer_8	WBN33_Layers	0.000000	0.000000	0.000000	0.0000	0.0000	0.000000	None	-1.0000	-1					-1	-1	-1	0	0	0.0000	-1.0000	-1.0000	-1.0000	-1.0000	-1.0000	-1.0000	-1.0000	-1.0000	-1.0000	-1.0000	-1.0000	-1.0000	-1.0000	-1.0000	-1.0000	-1.0000		0	TVA	-1.0000	-1	0.000000	None	None	-1	0	0	None	None	None	None	None	-1	-1	-1.000000	-1.000000	-1.000000	-1.000000		-1	-1
WBN33_Layer_9	WBN33_Layer_9	WBN33_Layers	0.000000	0.000000	0.000000	0.0000	0.0000	0.000000	None	-1.0000	-1					-1	-1	-1	0	0	0.0000	-1.0000	-1.0000	-1.0000	-1.0000	-1.0000	-1.0000	-1.0000	-1.0000	-1.0000	-1.0000	-1.0000	-1.0000	-1.0000	-1.0000	-1.0000	-1.0000		0	TVA	-1.0000	-1	0.000000	None	None	-1	0	0	None	None	None	None	None	-1	-1	-1.000000	-1.000000	-1.000000	-1.000000		-1	-1
WBN33_Layers	WBN33 D3D profiles	WBN33_Layers	35.605439	-84.777035	0.000000	0.0000	0.0000	0.000000	None	-1.0000	-1					-1	-1	-1	0	0	0.0000	-1.0000	-1.0000	-1.0000	-1.0000	-1.0000	-1.0000	-1.0000	-1.0000	-1.0000	-1.0000	-1.0000	-1.0000	-1.0000	-1.0000	-1.0000	-1.0000		0		-1.0000	-1	0.000000	None	None	-1	0	0	None	None	None	None	None	-1	-1	-1.000000	-1.000000	-1.000000	-1.000000		-1	-1
WBN34_3ft	WBN34_3ft	WBN 34 (DS, Right)	35.605465	-84.777898	0.000000	0.0000	0.0000	0.000000	None	-1.0000	-1					-1	-1	-1	0	0	0.0000	-1.0000	-1.0000	-1.0000	-1.0000	-1.0000	-1.0000	-1.0000	-1.0000	-1.0000	-1.0000	-1.0000	-1.0000	-1.0000	-1.0000	-1.0000	-1.0000		0	TVA	-1.0000	-1	0.000000	None	None	-1	0	0	None	None	None	None	None	-1	-1	-1.000000	-1.000000	-1.000000	-1.000000		-1	-1
WBN34_5ft	WBN34_5ft	WBN 34 (DS, Right)	35.605465	-84.777898	0.000000	0.0000	0.0000	0.000000	None	-1.0000	-1					-1	-1	-1	0	0	0.0000	-1.0000	-1.0000	-1.0000	-1.0000	-1.0000	-1.0000	-1.0000	-1.0000	-1.0000	-1.0000	-1.0000	-1.0000	-1.0000	-1.0000	-1.0000	-1.0000		0	TVA	-1.0000	-1	0.000000	None	None	-1	0	0	None	None	None	None	None	-1	-1	-1.000000	-1.000000	-1.000000	-1.000000		-1	-1
WBN34_7ft	WBN34_7ft	WBN 34 (DS, Right)	35.605465	-84.777898	0.000000	0.0000	0.0000	0.000000	None	-1.0000	-1					-1	-1	-1	0	0	0.0000	-1.0000	-1.0000	-1.0000	-1.0000	-1.0000	-1.0000	-1.0000	-1.0000	-1.0000	-1.0000	-1.0000	-1.0000	-1.0000	-1.0000	-1.0000	-1.0000		0	TVA	-1.0000	-1	0.000000	None	None	-1	0	0	None	None	None	None	None	-1	-1	-1.000000	-1.000000	-1.000000	-1.000000		-1	-1
WBN34_Layer_1	WBN34_Layer_1	WBN34_Layers	0.000000	0.000000	0.000000	0.0000	0.0000	0.000000	None	-1.0000	-1					-1	-1	-1	0	0	0.0000	-1.0000	-1.0000	-1.0000	-1.0000	-1.0000	-1.0000	-1.0000	-1.0000	-1.0000	-1.0000	-1.0000	-1.0000	-1.0000	-1.0000	-1.0000	-1.0000		0	TVA	-1.0000	-1	0.000000	None	None	-1	0	0	None	None	None	None	None	-1	-1	-1.000000	-1.000000	-1.000000	-1.000000		-1	-1
WBN34_Layer_10	WBN34_Layer_10	WBN34_Layers	0.000000	0.000000	0.000000	0.0000	0.0000	0.000000	None	-1.0000	-1					-1	-1	-1	0	0	0.0000	-1.0000	-1.0000	-1.0000	-1.0000	-1.0000	-1.0000	-1.0000	-1.0000	-1.0000	-1.0000	-1.0000	-1.0000	-1.0000	-1.0000	-1.0000	-1.0000		0	TVA	-1.0000	-1	0.000000	None	None	-1	0	0	None	None	None	None	None	-1	-1	-1.000000	-1.000000	-1.000000	-1.000000		-1	-1
WBN34_Layer_11	WBN34_Layer_11	WBN34_Layers	0.000000	0.000000	0.000000	0.0000	0.0000	0.000000	None	-1.0000	-1					-1	-1	-1	0	0	0.0000	-1.0000	-1.0000	-1.0000	-1.0000	-1.0000	-1.0000	-1.0000	-1.0000	-1.0000	-1.0000	-1.0000	-1.0000	-1.0000	-1.0000	-1.0000	-1.0000		0	TVA	-1.0000	-1	0.000000	None	None	-1	0	0	None	None	None	None	None	-1	-1	-1.000000	-1.000000	-1.000000	-1.000000		-1	-1
WBN34_Layer_12	WBN34_Layer_12	WBN34_Layers	0.000000	0.000000	0.000000	0.0000	0.0000	0.000000	None	-1.0000	-1					-1	-1	-1	0	0	0.0000	-1.0000	-1.0000	-1.0000	-1.0000	-1.0000	-1.0000	-1.0000	-1.0000	-1.0000	-1.0000	-1.0000	-1.0000	-1.0000	-1.0000	-1.0000	-1.0000		0	TVA	-1.0000	-1	0.000000	None	None	-1	0	0	None	None	None	None	None	-1	-1	-1.000000	-1.000000	-1.000000	-1.000000		-1	-1
WBN34_Layer_13	WBN34_Layer_13	WBN34_Layers	0.000000	0.000000	0.000000	0.0000	0.0000	0.000000	None	-1.0000	-1					-1	-1	-1	0	0	0.0000	-1.0000	-1.0000	-1.0000	-1.0000	-1.0000	-1.0000	-1.0000	-1.0000	-1.0000	-1.0000	-1.0000	-1.0000	-1.0000	-1.0000	-1.0000	-1.0000		0	TVA	-1.0000	-1	0.000000	None	None	-1	0	0	None	None	None	None	None	-1	-1	-1.000000	-1.000000	-1.000000	-1.000000		-1	-1
WBN34_Layer_14	WBN34_Layer_14	WBN34_Layers	0.000000	0.000000	0.000000	0.0000	0.0000	0.000000	None	-1.0000	-1					-1	-1	-1	0	0	0.0000	-1.0000	-1.0000	-1.0000	-1.0000	-1.0000	-1.0000	-1.0000	-1.0000	-1.0000	-1.0000	-1.0000	-1.0000	-1.0000	-1.0000	-1.0000	-1.0000		0	TVA	-1.0000	-1	0.000000	None	None	-1	0	0	None	None	None	None	None	-1	-1	-1.000000	-1.000000	-1.000000	-1.000000		-1	-1
WBN34_Layer_15	WBN34_Layer_15	WBN34_Layers	0.000000	0.000000	0.000000	0.0000	0.0000	0.000000	None	-1.0000	-1					-1	-1	-1	0	0	0.0000	-1.0000	-1.0000	-1.0000	-1.0000	-1.0000	-1.0000	-1.0000	-1.0000	-1.0000	-1.0000	-1.0000	-1.0000	-1.0000	-1.0000	-1.0000	-1.0000		0	TVA	-1.0000	-1	0.000000	None	None	-1	0	0	None	None	None	None	None	-1	-1	-1.000000	-1.000000	-1.000000	-1.000000		-1	-1
WBN34_Layer_16	WBN34_Layer_16	WBN34_Layers	0.000000	0.000000	0.000000	0.0000	0.0000	0.000000	None	-1.0000	-1					-1	-1	-1	0	0	0.0000	-1.0000	-1.0000	-1.0000	-1.0000	-1.0000	-1.0000	-1.0000	-1.0000	-1.0000	-1.0000	-1.0000	-1.0000	-1.0000	-1.0000	-1.0000	-1.0000		0	TVA	-1.0000	-1	0.000000	None	None	-1	0	0	None	None	None	None	None	-1	-1	-1.000000	-1.000000	-1.000000	-1.000000		-1	-1
WBN34_Layer_17	WBN34_Layer_17	WBN34_Layers	0.000000	0.000000	0.000000	0.0000	0.0000	0.000000	None	-1.0000	-1					-1	-1	-1	0	0	0.0000	-1.0000	-1.0000	-1.0000	-1.0000	-1.0000	-1.0000	-1.0000	-1.0000	-1.0000	-1.0000	-1.0000	-1.0000	-1.0000	-1.0000	-1.0000	-1.0000		0	TVA	-1.0000	-1	0.000000	None	None	-1	0	0	None	None	None	None	None	-1	-1	-1.000000	-1.000000	-1.000000	-1.000000		-1	-1
WBN34_Layer_18	WBN34_Layer_18	WBN34_Layers	0.000000	0.000000	0.000000	0.0000	0.0000	0.000000	None	-1.0000	-1					-1	-1	-1	0	0	0.0000	-1.0000	-1.0000	-1.0000	-1.0000	-1.0000	-1.0000	-1.0000	-1.0000	-1.0000	-1.0000	-1.0000	-1.0000	-1.0000	-1.0000	-1.0000	-1.0000		0	TVA	-1.0000	-1	0.000000	None	None	-1	0	0	None	None	None	None	None	-1	-1	-1.000000	-1.000000	-1.000000	-1.000000		-1	-1
WBN34_Layer_19	WBN34_Layer_19	WBN34_Layers	0.000000	0.000000	0.000000	0.0000	0.0000	0.000000	None	-1.0000	-1					-1	-1	-1	0	0	0.0000	-1.0000	-1.0000	-1.0000	-1.0000	-1.0000	-1.0000	-1.0000	-1.0000	-1.0000	-1.0000	-1.0000	-1.0000	-1.0000	-1.0000	-1.0000	-1.0000		0	TVA	-1.0000	-1	0.000000	None	None	-1	0	0	None	None	None	None	None	-1	-1	-1.000000	-1.000000	-1.000000	-1.000000		-1	-1
WBN34_Layer_2	WBN34_Layer_2	WBN34_Layers	0.000000	0.000000	0.000000	0.0000	0.0000	0.000000	None	-1.0000	-1					-1	-1	-1	0	0	0.0000	-1.0000	-1.0000	-1.0000	-1.0000	-1.0000	-1.0000	-1.0000	-1.0000	-1.0000	-1.0000	-1.0000	-1.0000	-1.0000	-1.0000	-1.0000	-1.0000		0	TVA	-1.0000	-1	0.000000	None	None	-1	0	0	None	None	None	None	None	-1	-1	-1.000000	-1.000000	-1.000000	-1.000000		-1	-1
WBN34_Layer_20	WBN34_Layer_20	WBN34_Layers	0.000000	0.000000	0.000000	0.0000	0.0000	0.000000	None	-1.0000	-1					-1	-1	-1	0	0	0.0000	-1.0000	-1.0000	-1.0000	-1.0000	-1.0000	-1.0000	-1.0000	-1.0000	-1.0000	-1.0000	-1.0000	-1.0000	-1.0000	-1.0000	-1.0000	-1.0000		0	TVA	-1.0000	-1	0.000000	None	None	-1	0	0	None	None	None	None	None	-1	-1	-1.000000	-1.000000	-1.000000	-1.000000		-1	-1
WBN34_Layer_21	WBN34_Layer_21	WBN34_Layers	0.000000	0.000000	0.000000	0.0000	0.0000	0.000000	None	-1.0000	-1					-1	-1	-1	0	0	0.0000	-1.0000	-1.0000	-1.0000	-1.0000	-1.0000	-1.0000	-1.0000	-1.0000	-1.0000	-1.0000	-1.0000	-1.0000	-1.0000	-1.0000	-1.0000	-1.0000		0	TVA	-1.0000	-1	0.000000	None	None	-1	0	0	None	None	None	None	None	-1	-1	-1.000000	-1.000000	-1.000000	-1.000000		-1	-1
WBN34_Layer_22	WBN34_Layer_22	WBN34_Layers	0.000000	0.000000	0.000000	0.0000	0.0000	0.000000	None	-1.0000	-1					-1	-1	-1	0	0	0.0000	-1.0000	-1.0000	-1.0000	-1.0000	-1.0000	-1.0000	-1.0000	-1.0000	-1.0000	-1.0000	-1.0000	-1.0000	-1.0000	-1.0000	-1.0000	-1.0000		0	TVA	-1.0000	-1	0.000000	None	None	-1	0	0	None	None	None	None	None	-1	-1	-1.000000	-1.000000	-1.000000	-1.000000		-1	-1
WBN34_Layer_23	WBN34_Layer_23	WBN34_Layers	0.000000	0.000000	0.000000	0.0000	0.0000	0.000000	None	-1.0000	-1					-1	-1	-1	0	0	0.0000	-1.0000	-1.0000	-1.0000	-1.0000	-1.0000	-1.0000	-1.0000	-1.0000	-1.0000	-1.0000	-1.0000	-1.0000	-1.0000	-1.0000	-1.0000	-1.0000		0	TVA	-1.0000	-1	0.000000	None	None	-1	0	0	None	None	None	None	None	-1	-1	-1.000000	-1.000000	-1.000000	-1.000000		-1	-1
WBN34_Layer_24	WBN34_Layer_24	WBN34_Layers	0.000000	0.000000	0.000000	0.0000	0.0000	0.000000	None	-1.0000	-1					-1	-1	-1	0	0	0.0000	-1.0000	-1.0000	-1.0000	-1.0000	-1.0000	-1.0000	-1.0000	-1.0000	-1.0000	-1.0000	-1.0000	-1.0000	-1.0000	-1.0000	-1.0000	-1.0000		0	TVA	-1.0000	-1	0.000000	None	None	-1	0	0	None	None	None	None	None	-1	-1	-1.000000	-1.000000	-1.000000	-1.000000		-1	-1
WBN34_Layer_25	WBN34_Layer_25	WBN34_Layers	0.000000	0.000000	0.000000	0.0000	0.0000	0.000000	None	-1.0000	-1					-1	-1	-1	0	0	0.0000	-1.0000	-1.0000	-1.0000	-1.0000	-1.0000	-1.0000	-1.0000	-1.0000	-1.0000	-1.0000	-1.0000	-1.0000	-1.0000	-1.0000	-1.0000	-1.0000		0	TVA	-1.0000	-1	0.000000	None	None	-1	0	0	None	None	None	None	None	-1	-1	-1.000000	-1.000000	-1.000000	-1.000000		-1	-1
WBN34_Layer_26	WBN34_Layer_26	WBN34_Layers	0.000000	0.000000	0.000000	0.0000	0.0000	0.000000	None	-1.0000	-1					-1	-1	-1	0	0	0.0000	-1.0000	-1.0000	-1.0000	-1.0000	-1.0000	-1.0000	-1.0000	-1.0000	-1.0000	-1.0000	-1.0000	-1.0000	-1.0000	-1.0000	-1.0000	-1.0000		0	TVA	-1.0000	-1	0.000000	None	None	-1	0	0	None	None	None	None	None	-1	-1	-1.000000	-1.000000	-1.000000	-1.000000		-1	-1
WBN34_Layer_27	WBN34_Layer_27	WBN34_Layers	0.000000	0.000000	0.000000	0.0000	0.0000	0.000000	None	-1.0000	-1					-1	-1	-1	0	0	0.0000	-1.0000	-1.0000	-1.0000	-1.0000	-1.0000	-1.0000	-1.0000	-1.0000	-1.0000	-1.0000	-1.0000	-1.0000	-1.0000	-1.0000	-1.0000	-1.0000		0	TVA	-1.0000	-1	0.000000	None	None	-1	0	0	None	None	None	None	None	-1	-1	-1.000000	-1.000000	-1.000000	-1.000000		-1	-1
WBN34_Layer_28	WBN34_Layer_28	WBN34_Layers	0.000000	0.000000	0.000000	0.0000	0.0000	0.000000	None	-1.0000	-1					-1	-1	-1	0	0	0.0000	-1.0000	-1.0000	-1.0000	-1.0000	-1.0000	-1.0000	-1.0000	-1.0000	-1.0000	-1.0000	-1.0000	-1.0000	-1.0000	-1.0000	-1.0000	-1.0000		0	TVA	-1.0000	-1	0.000000	None	None	-1	0	0	None	None	None	None	None	-1	-1	-1.000000	-1.000000	-1.000000	-1.000000		-1	-1
WBN34_Layer_3	WBN34_Layer_3	WBN34_Layers	0.000000	0.000000	0.000000	0.0000	0.0000	0.000000	None	-1.0000	-1					-1	-1	-1	0	0	0.0000	-1.0000	-1.0000	-1.0000	-1.0000	-1.0000	-1.0000	-1.0000	-1.0000	-1.0000	-1.0000	-1.0000	-1.0000	-1.0000	-1.0000	-1.0000	-1.0000		0	TVA	-1.0000	-1	0.000000	None	None	-1	0	0	None	None	None	None	None	-1	-1	-1.000000	-1.000000	-1.000000	-1.000000		-1	-1
WBN34_Layer_4	WBN34_Layer_4	WBN34_Layers	0.000000	0.000000	0.000000	0.0000	0.0000	0.000000	None	-1.0000	-1					-1	-1	-1	0	0	0.0000	-1.0000	-1.0000	-1.0000	-1.0000	-1.0000	-1.0000	-1.0000	-1.0000	-1.0000	-1.0000	-1.0000	-1.0000	-1.0000	-1.0000	-1.0000	-1.0000		0	TVA	-1.0000	-1	0.000000	None	None	-1	0	0	None	None	None	None	None	-1	-1	-1.000000	-1.000000	-1.000000	-1.000000		-1	-1
WBN34_Layer_5	WBN34_Layer_5	WBN34_Layers	0.000000	0.000000	0.000000	0.0000	0.0000	0.000000	None	-1.0000	-1					-1	-1	-1	0	0	0.0000	-1.0000	-1.0000	-1.0000	-1.0000	-1.0000	-1.0000	-1.0000	-1.0000	-1.0000	-1.0000	-1.0000	-1.0000	-1.0000	-1.0000	-1.0000	-1.0000		0	TVA	-1.0000	-1	0.000000	None	None	-1	0	0	None	None	None	None	None	-1	-1	-1.000000	-1.000000	-1.000000	-1.000000		-1	-1
WBN34_Layer_6	WBN34_Layer_6	WBN34_Layers	0.000000	0.000000	0.000000	0.0000	0.0000	0.000000	None	-1.0000	-1					-1	-1	-1	0	0	0.0000	-1.0000	-1.0000	-1.0000	-1.0000	-1.0000	-1.0000	-1.0000	-1.0000	-1.0000	-1.0000	-1.0000	-1.0000	-1.0000	-1.0000	-1.0000	-1.0000		0	TVA	-1.0000	-1	0.000000	None	None	-1	0	0	None	None	None	None	None	-1	-1	-1.000000	-1.000000	-1.000000	-1.000000		-1	-1
WBN34_Layer_7	WBN34_Layer_7	WBN34_Layers	0.000000	0.000000	0.000000	0.0000	0.0000	0.000000	None	-1.0000	-1					-1	-1	-1	0	0	0.0000	-1.0000	-1.0000	-1.0000	-1.0000	-1.0000	-1.0000	-1.0000	-1.0000	-1.0000	-1.0000	-1.0000	-1.0000	-1.0000	-1.0000	-1.0000	-1.0000		0	TVA	-1.0000	-1	0.000000	None	None	-1	0	0	None	None	None	None	None	-1	-1	-1.000000	-1.000000	-1.000000	-1.000000		-1	-1
WBN34_Layer_8	WBN34_Layer_8	WBN34_Layers	0.000000	0.000000	0.000000	0.0000	0.0000	0.000000	None	-1.0000	-1					-1	-1	-1	0	0	0.0000	-1.0000	-1.0000	-1.0000	-1.0000	-1.0000	-1.0000	-1.0000	-1.0000	-1.0000	-1.0000	-1.0000	-1.0000	-1.0000	-1.0000	-1.0000	-1.0000		0	TVA	-1.0000	-1	0.000000	None	None	-1	0	0	None	None	None	None	None	-1	-1	-1.000000	-1.000000	-1.000000	-1.000000		-1	-1
WBN34_Layer_9	WBN34_Layer_9	WBN34_Layers	0.000000	0.000000	0.000000	0.0000	0.0000	0.000000	None	-1.0000	-1					-1	-1	-1	0	0	0.0000	-1.0000	-1.0000	-1.0000	-1.0000	-1.0000	-1.0000	-1.0000	-1.0000	-1.0000	-1.0000	-1.0000	-1.0000	-1.0000	-1.0000	-1.0000	-1.0000		0	TVA	-1.0000	-1	0.000000	None	None	-1	0	0	None	None	None	None	None	-1	-1	-1.000000	-1.000000	-1.000000	-1.000000		-1	-1
WBN34_Layers	WBN34 D3D profiles	WBN34_Layers	35.605465	-84.777898	0.000000	0.0000	0.0000	0.000000	None	-1.0000	-1					-1	-1	-1	0	0	0.0000	-1.0000	-1.0000	-1.0000	-1.0000	-1.0000	-1.0000	-1.0000	-1.0000	-1.0000	-1.0000	-1.0000	-1.0000	-1.0000	-1.0000	-1.0000	-1.0000		0		-1.0000	-1	0.000000	None	None	-1	0	0	None	None	None	None	None	-1	-1	-1.000000	-1.000000	-1.000000	-1.000000		-1	-1
WBNReach1	WBN Travel Time Reach 1	WBNReach1	35.620277	-84.784447	0.000000	0.0000	0.0000	0.000000	None	-1.0000	-1					-1	-1	-1	0	0	0.0000	-1.0000	-1.0000	-1.0000	-1.0000	-1.0000	-1.0000	-1.0000	-1.0000	-1.0000	-1.0000	-1.0000	-1.0000	-1.0000	-1.0000	-1.0000	-1.0000		0		-1.0000	-1	0.000000	None	None	-1	0	0	None	None	None	None	None	-1	-1	-1.000000	-1.000000	-1.000000	-1.000000		-1	-1
WBNReach2	WBN Travel Time Reach 2	WBNReach2	35.620277	-84.784447	0.000000	0.0000	0.0000	0.000000	None	-1.0000	-1					-1	-1	-1	0	0	0.0000	-1.0000	-1.0000	-1.0000	-1.0000	-1.0000	-1.0000	-1.0000	-1.0000	-1.0000	-1.0000	-1.0000	-1.0000	-1.0000	-1.0000	-1.0000	-1.0000		0		-1.0000	-1	0.000000	None	None	-1	0	0	None	None	None	None	None	-1	-1	-1.000000	-1.000000	-1.000000	-1.000000		-1	-1
WBNReach3	WBN Travel Time Reach 3	WBNReach3	35.620277	-84.784447	0.000000	0.0000	0.0000	0.000000	None	-1.0000	-1					-1	-1	-1	0	0	0.0000	-1.0000	-1.0000	-1.0000	-1.0000	-1.0000	-1.0000	-1.0000	-1.0000	-1.0000	-1.0000	-1.0000	-1.0000	-1.0000	-1.0000	-1.0000	-1.0000		0		-1.0000	-1	0.000000	None	None	-1	0	0	None	None	None	None	None	-1	-1	-1.000000	-1.000000	-1.000000	-1.000000		-1	-1
WBNReach4	WBN Travel Time Reach 4	WBNReach4	35.620277	-84.784447	0.000000	0.0000	0.0000	0.000000	None	-1.0000	-1					-1	-1	-1	0	0	0.0000	-1.0000	-1.0000	-1.0000	-1.0000	-1.0000	-1.0000	-1.0000	-1.0000	-1.0000	-1.0000	-1.0000	-1.0000	-1.0000	-1.0000	-1.0000	-1.0000		0		-1.0000	-1	0.000000	None	None	-1	0	0	None	None	None	None	None	-1	-1	-1.000000	-1.000000	-1.000000	-1.000000		-1	-1
WBOT1	Watts Bar Dam	WBOT1	35.620277	-84.784447	0.000000	0.0000	0.0000	0.000000	Tennessee	529.9000	680	3543000	EST	Hydro	WBH	5	186	30	0	1	0.0000	18.0000	7.0000	-1.0000	735.0000	735.0000	-1.0000	-1.0000	713.0000	747.0000	745.0000	767.0000	-1.0000	-1.0000	-1.0000	-1.0000	-1.0000	TN	0	TVA	745.0000	-1	0.000000	Precip	Fort Loudon=>Watts Bar=>Chickamauga	2	20	11	TVA	Hydropower	Watt	WBH	None	-1	-1	-1.000000	-1.000000	-1.000000	-1.000000		-1	-1
WBOT1_198.18	WBOT1_198.18	WattsBarDam	0.000000	0.000000	0.000000	0.0000	0.0000	0.000000	None	-1.0000	-1					-1	-1	-1	0	0	0.0000	-1.0000	-1.0000	-1.0000	-1.0000	-1.0000	-1.0000	-1.0000	-1.0000	-1.0000	-1.0000	-1.0000	-1.0000	-1.0000	-1.0000	-1.0000	-1.0000		0	TVA	-1.0000	-1	0.000000	None	None	-1	0	0	None	None	None	None	None	-1	-1	-1.000000	-1.000000	-1.000000	-1.000000		-1	-1
WBOT1_205.18	WBOT1_205.18	WattsBarDam	0.000000	0.000000	0.000000	0.0000	0.0000	0.000000	None	-1.0000	-1					-1	-1	-1	0	0	0.0000	-1.0000	-1.0000	-1.0000	-1.0000	-1.0000	-1.0000	-1.0000	-1.0000	-1.0000	-1.0000	-1.0000	-1.0000	-1.0000	-1.0000	-1.0000	-1.0000		0	TVA	-1.0000	-1	0.000000	None	None	-1	0	0	None	None	None	None	None	-1	-1	-1.000000	-1.000000	-1.000000	-1.000000		-1	-1
WBOT1_209.18	WBOT1_209.18	WattsBarDam	0.000000	0.000000	0.000000	0.0000	0.0000	0.000000	None	-1.0000	-1					-1	-1	-1	0	0	0.0000	-1.0000	-1.0000	-1.0000	-1.0000	-1.0000	-1.0000	-1.0000	-1.0000	-1.0000	-1.0000	-1.0000	-1.0000	-1.0000	-1.0000	-1.0000	-1.0000		0	TVA	-1.0000	-1	0.000000	None	None	-1	0	0	None	None	None	None	None	-1	-1	-1.000000	-1.000000	-1.000000	-1.000000		-1	-1
WBOT1_212.18	WBOT1_212.18	WattsBarDam	0.000000	0.000000	0.000000	0.0000	0.0000	0.000000	None	-1.0000	-1					-1	-1	-1	0	0	0.0000	-1.0000	-1.0000	-1.0000	-1.0000	-1.0000	-1.0000	-1.0000	-1.0000	-1.0000	-1.0000	-1.0000	-1.0000	-1.0000	-1.0000	-1.0000	-1.0000		0	TVA	-1.0000	-1	0.000000	None	None	-1	0	0	None	None	None	None	None	-1	-1	-1.000000	-1.000000	-1.000000	-1.000000		-1	-1
WBOT1_215.18	WBOT1_215.18	WattsBarDam	0.000000	0.000000	0.000000	0.0000	0.0000	0.000000	None	-1.0000	-1					-1	-1	-1	0	0	0.0000	-1.0000	-1.0000	-1.0000	-1.0000	-1.0000	-1.0000	-1.0000	-1.0000	-1.0000	-1.0000	-1.0000	-1.0000	-1.0000	-1.0000	-1.0000	-1.0000		0	TVA	-1.0000	-1	0.000000	None	None	-1	0	0	None	None	None	None	None	-1	-1	-1.000000	-1.000000	-1.000000	-1.000000		-1	-1
WBOT1_217.18	WBOT1_217.18	WattsBarDam	0.000000	0.000000	0.000000	0.0000	0.0000	0.000000	None	-1.0000	-1					-1	-1	-1	0	0	0.0000	-1.0000	-1.0000	-1.0000	-1.0000	-1.0000	-1.0000	-1.0000	-1.0000	-1.0000	-1.0000	-1.0000	-1.0000	-1.0000	-1.0000	-1.0000	-1.0000		0	TVA	-1.0000	-1	0.000000	None	None	-1	0	0	None	None	None	None	None	-1	-1	-1.000000	-1.000000	-1.000000	-1.000000		-1	-1
WBOT1_219.18	WBOT1_219.18	WattsBarDam	0.000000	0.000000	0.000000	0.0000	0.0000	0.000000	None	-1.0000	-1					-1	-1	-1	0	0	0.0000	-1.0000	-1.0000	-1.0000	-1.0000	-1.0000	-1.0000	-1.0000	-1.0000	-1.0000	-1.0000	-1.0000	-1.0000	-1.0000	-1.0000	-1.0000	-1.0000		0	TVA	-1.0000	-1	0.000000	None	None	-1	0	0	None	None	None	None	None	-1	-1	-1.000000	-1.000000	-1.000000	-1.000000		-1	-1
WBOT1_221.18	WBOT1_221.18	WattsBarDam	0.000000	0.000000	0.000000	0.0000	0.0000	0.000000	None	-1.0000	-1					-1	-1	-1	0	0	0.0000	-1.0000	-1.0000	-1.0000	-1.0000	-1.0000	-1.0000	-1.0000	-1.0000	-1.0000	-1.0000	-1.0000	-1.0000	-1.0000	-1.0000	-1.0000	-1.0000		0	TVA	-1.0000	-1	0.000000	None	None	-1	0	0	None	None	None	None	None	-1	-1	-1.000000	-1.000000	-1.000000	-1.000000		-1	-1
WBOT1_223.18	WBOT1_223.18	WattsBarDam	0.000000	0.000000	0.000000	0.0000	0.0000	0.000000	None	-1.0000	-1					-1	-1	-1	0	0	0.0000	-1.0000	-1.0000	-1.0000	-1.0000	-1.0000	-1.0000	-1.0000	-1.0000	-1.0000	-1.0000	-1.0000	-1.0000	-1.0000	-1.0000	-1.0000	-1.0000		0	TVA	-1.0000	-1	0.000000	None	None	-1	0	0	None	None	None	None	None	-1	-1	-1.000000	-1.000000	-1.000000	-1.000000		-1	-1
WBOT1_226.18	WBOT1_226.18	WattsBarDam	0.000000	0.000000	0.000000	0.0000	0.0000	0.000000	None	-1.0000	-1					-1	-1	-1	0	0	0.0000	-1.0000	-1.0000	-1.0000	-1.0000	-1.0000	-1.0000	-1.0000	-1.0000	-1.0000	-1.0000	-1.0000	-1.0000	-1.0000	-1.0000	-1.0000	-1.0000		0	TVA	-1.0000	-1	0.000000	None	None	-1	0	0	None	None	None	None	None	-1	-1	-1.000000	-1.000000	-1.000000	-1.000000		-1	-1
WBOT1_v4_205.18	WBOT1_v4_205.18	WattsBarDam_v4	0.000000	0.000000	0.000000	0.0000	0.0000	0.000000	None	-1.0000	-1					-1	-1	-1	0	0	0.0000	-1.0000	-1.0000	-1.0000	-1.0000	-1.0000	-1.0000	-1.0000	-1.0000	-1.0000	-1.0000	-1.0000	-1.0000	-1.0000	-1.0000	-1.0000	-1.0000		0	TVA	-1.0000	-1	0.000000	None	None	-1	0	0	None	None	None	None	None	-1	-1	-1.000000	-1.000000	-1.000000	-1.000000		-1	-1
WBOT1_v4_208.18	WBOT1_v4_208.18	WattsBarDam_v4	0.000000	0.000000	0.000000	0.0000	0.0000	0.000000	None	-1.0000	-1					-1	-1	-1	0	0	0.0000	-1.0000	-1.0000	-1.0000	-1.0000	-1.0000	-1.0000	-1.0000	-1.0000	-1.0000	-1.0000	-1.0000	-1.0000	-1.0000	-1.0000	-1.0000	-1.0000		0	TVA	-1.0000	-1	0.000000	None	None	-1	0	0	None	None	None	None	None	-1	-1	-1.000000	-1.000000	-1.000000	-1.000000		-1	-1
WBOT1_v4_211.18	WBOT1_v4_211.18	WattsBarDam_v4	0.000000	0.000000	0.000000	0.0000	0.0000	0.000000	None	-1.0000	-1					-1	-1	-1	0	0	0.0000	-1.0000	-1.0000	-1.0000	-1.0000	-1.0000	-1.0000	-1.0000	-1.0000	-1.0000	-1.0000	-1.0000	-1.0000	-1.0000	-1.0000	-1.0000	-1.0000		0	TVA	-1.0000	-1	0.000000	None	None	-1	0	0	None	None	None	None	None	-1	-1	-1.000000	-1.000000	-1.000000	-1.000000		-1	-1
WBOT1_v4_213.18	WBOT1_v4_213.18	WattsBarDam_v4	0.000000	0.000000	0.000000	0.0000	0.0000	0.000000	None	-1.0000	-1					-1	-1	-1	0	0	0.0000	-1.0000	-1.0000	-1.0000	-1.0000	-1.0000	-1.0000	-1.0000	-1.0000	-1.0000	-1.0000	-1.0000	-1.0000	-1.0000	-1.0000	-1.0000	-1.0000		0	TVA	-1.0000	-1	0.000000	None	None	-1	0	0	None	None	None	None	None	-1	-1	-1.000000	-1.000000	-1.000000	-1.000000		-1	-1
WBOT1_v4_215.18	WBOT1_v4_215.18	WattsBarDam_v4	0.000000	0.000000	0.000000	0.0000	0.0000	0.000000	None	-1.0000	-1					-1	-1	-1	0	0	0.0000	-1.0000	-1.0000	-1.0000	-1.0000	-1.0000	-1.0000	-1.0000	-1.0000	-1.0000	-1.0000	-1.0000	-1.0000	-1.0000	-1.0000	-1.0000	-1.0000		0	TVA	-1.0000	-1	0.000000	None	None	-1	0	0	None	None	None	None	None	-1	-1	-1.000000	-1.000000	-1.000000	-1.000000		-1	-1
WBOT1_v4_217.18	WBOT1_v4_217.18	WattsBarDam_v4	0.000000	0.000000	0.000000	0.0000	0.0000	0.000000	None	-1.0000	-1					-1	-1	-1	0	0	0.0000	-1.0000	-1.0000	-1.0000	-1.0000	-1.0000	-1.0000	-1.0000	-1.0000	-1.0000	-1.0000	-1.0000	-1.0000	-1.0000	-1.0000	-1.0000	-1.0000		0	TVA	-1.0000	-1	0.000000	None	None	-1	0	0	None	None	None	None	None	-1	-1	-1.000000	-1.000000	-1.000000	-1.000000		-1	-1
WBOT1_v4_219.18	WBOT1_v4_219.18	WattsBarDam_v4	0.000000	0.000000	0.000000	0.0000	0.0000	0.000000	None	-1.0000	-1					-1	-1	-1	0	0	0.0000	-1.0000	-1.0000	-1.0000	-1.0000	-1.0000	-1.0000	-1.0000	-1.0000	-1.0000	-1.0000	-1.0000	-1.0000	-1.0000	-1.0000	-1.0000	-1.0000		0	TVA	-1.0000	-1	0.000000	None	None	-1	0	0	None	None	None	None	None	-1	-1	-1.000000	-1.000000	-1.000000	-1.000000		-1	-1
WBOT1_v4_221.18	WBOT1_v4_221.18	WattsBarDam_v4	0.000000	0.000000	0.000000	0.0000	0.0000	0.000000	None	-1.0000	-1					-1	-1	-1	0	0	0.0000	-1.0000	-1.0000	-1.0000	-1.0000	-1.0000	-1.0000	-1.0000	-1.0000	-1.0000	-1.0000	-1.0000	-1.0000	-1.0000	-1.0000	-1.0000	-1.0000		0	TVA	-1.0000	-1	0.000000	None	None	-1	0	0	None	None	None	None	None	-1	-1	-1.000000	-1.000000	-1.000000	-1.000000		-1	-1
WBOT1_v4_223.18	WBOT1_v4_223.18	WattsBarDam_v4	0.000000	0.000000	0.000000	0.0000	0.0000	0.000000	None	-1.0000	-1					-1	-1	-1	0	0	0.0000	-1.0000	-1.0000	-1.0000	-1.0000	-1.0000	-1.0000	-1.0000	-1.0000	-1.0000	-1.0000	-1.0000	-1.0000	-1.0000	-1.0000	-1.0000	-1.0000		0	TVA	-1.0000	-1	0.000000	None	None	-1	0	0	None	None	None	None	None	-1	-1	-1.000000	-1.000000	-1.000000	-1.000000		-1	-1
WBOT1_v4_225.18	WBOT1_v4_225.18	WattsBarDam_v4	0.000000	0.000000	0.000000	0.0000	0.0000	0.000000	None	-1.0000	-1					-1	-1	-1	0	0	0.0000	-1.0000	-1.0000	-1.0000	-1.0000	-1.0000	-1.0000	-1.0000	-1.0000	-1.0000	-1.0000	-1.0000	-1.0000	-1.0000	-1.0000	-1.0000	-1.0000		0	TVA	-1.0000	-1	0.000000	None	None	-1	0	0	None	None	None	None	None	-1	-1	-1.000000	-1.000000	-1.000000	-1.000000		-1	-1
WCF-01	Widows Creek-Unit1	WDCA1	34.884655	-85.754911	0.000000	0.0000	0.0000	0.000000	None	-1.0000	-1					-1	-1	-1	0	0	0.0000	-1.0000	-1.0000	-1.0000	-1.0000	-1.0000	-1.0000	-1.0000	-1.0000	-1.0000	-1.0000	-1.0000	-1.0000	-1.0000	-1.0000	-1.0000	-1.0000		0		-1.0000	-1	0.000000	None	None	-1	0	0	None	None	None	None	None	-1	-1	-1.000000	-1.000000	-1.000000	-1.000000	Fossil	-1	-1
WCF-02	Widows Creek-Unit2	WDCA1	34.884655	-85.754911	0.000000	0.0000	0.0000	0.000000	None	-1.0000	-1					-1	-1	-1	0	0	0.0000	-1.0000	-1.0000	-1.0000	-1.0000	-1.0000	-1.0000	-1.0000	-1.0000	-1.0000	-1.0000	-1.0000	-1.0000	-1.0000	-1.0000	-1.0000	-1.0000		0		-1.0000	-1	0.000000	None	None	-1	0	0	None	None	None	None	None	-1	-1	-1.000000	-1.000000	-1.000000	-1.000000	Fossil	-1	-1
WCF-03	Widows Creek-Unit3	WDCA1	34.884655	-85.754911	0.000000	0.0000	0.0000	0.000000	None	-1.0000	-1					-1	-1	-1	0	0	0.0000	-1.0000	-1.0000	-1.0000	-1.0000	-1.0000	-1.0000	-1.0000	-1.0000	-1.0000	-1.0000	-1.0000	-1.0000	-1.0000	-1.0000	-1.0000	-1.0000		0		-1.0000	-1	0.000000	None	None	-1	0	0	None	None	None	None	None	-1	-1	-1.000000	-1.000000	-1.000000	-1.000000	Fossil	-1	-1
WCF-04	Widows Creek-Unit4	WDCA1	34.884655	-85.754911	0.000000	0.0000	0.0000	0.000000	None	-1.0000	-1					-1	-1	-1	0	0	0.0000	-1.0000	-1.0000	-1.0000	-1.0000	-1.0000	-1.0000	-1.0000	-1.0000	-1.0000	-1.0000	-1.0000	-1.0000	-1.0000	-1.0000	-1.0000	-1.0000		0		-1.0000	-1	0.000000	None	None	-1	0	0	None	None	None	None	None	-1	-1	-1.000000	-1.000000	-1.000000	-1.000000	Fossil	-1	-1
WCF-05	Widows Creek-Unit5	WDCA1	34.884655	-85.754911	0.000000	0.0000	0.0000	0.000000	None	-1.0000	-1					-1	-1	-1	0	0	0.0000	-1.0000	-1.0000	-1.0000	-1.0000	-1.0000	-1.0000	-1.0000	-1.0000	-1.0000	-1.0000	-1.0000	-1.0000	-1.0000	-1.0000	-1.0000	-1.0000		0		-1.0000	-1	0.000000	None	None	-1	0	0	None	None	None	None	None	-1	-1	-1.000000	-1.000000	-1.000000	-1.000000	Fossil	-1	-1
WCF-06	Widows Creek-Unit6	WDCA1	34.884655	-85.754911	0.000000	0.0000	0.0000	0.000000	None	-1.0000	-1					-1	-1	-1	0	0	0.0000	-1.0000	-1.0000	-1.0000	-1.0000	-1.0000	-1.0000	-1.0000	-1.0000	-1.0000	-1.0000	-1.0000	-1.0000	-1.0000	-1.0000	-1.0000	-1.0000		0		-1.0000	-1	0.000000	None	None	-1	0	0	None	None	None	None	None	-1	-1	-1.000000	-1.000000	-1.000000	-1.000000	Fossil	-1	-1
WCF-07	Widows Creek-Unit7	WDCA1	34.884787	-85.750126	0.000000	0.0000	0.0000	0.000000	None	-1.0000	-1					-1	-1	-1	0	0	0.0000	-1.0000	-1.0000	-1.0000	-1.0000	-1.0000	-1.0000	-1.0000	-1.0000	-1.0000	-1.0000	-1.0000	-1.0000	-1.0000	-1.0000	-1.0000	-1.0000		0		-1.0000	-1	0.000000	None	None	-1	0	0	None	None	None	None	None	-1	-1	-1.000000	-1.000000	-1.000000	-1.000000	Fossil	-1	-1
WCF-08	Widows Creek-Unit8	WDCA1	34.884787	-85.750126	0.000000	0.0000	0.0000	0.000000	None	-1.0000	-1					-1	-1	-1	0	0	0.0000	-1.0000	-1.0000	-1.0000	-1.0000	-1.0000	-1.0000	-1.0000	-1.0000	-1.0000	-1.0000	-1.0000	-1.0000	-1.0000	-1.0000	-1.0000	-1.0000		0		-1.0000	-1	0.000000	None	None	-1	0	0	None	None	None	None	None	-1	-1	-1.000000	-1.000000	-1.000000	-1.000000	Fossil	-1	-1
WCKG1	West Chickamauga at Ft Oglethorpe	WCKG1	34.957222	-85.205559	666.200000	0.0000	0.0000	0.000000	West Chickamauga	-1.0000	855	3567340				-1	-1	-1	0	0	0.0000	-1.0000	-1.0000	-1.0000	-1.0000	-1.0000	-1.0000	-1.0000	-1.0000	-1.0000	-1.0000	-1.0000	-1.0000	-1.0000	-1.0000	-1.0000	-1.0000	GA	0		-1.0000	-1	666.200021	Precip	None	-1	0	0	None	None	None	None	Stream	-1	-1	-1.000000	-1.000000	-1.000000	-1.000000		-1	-1
WDBT1	Woodbury	WDBT1	35.829166	-86.073334	0.000000	0.0000	0.0000	0.000000	None	-1.0000	-1		CST			-1	-1	-1	0	0	0.0000	-1.0000	-1.0000	-1.0000	-1.0000	-1.0000	-1.0000	-1.0000	-1.0000	-1.0000	-1.0000	-1.0000	-1.0000	-1.0000	-1.0000	-1.0000	-1.0000	TN	0		-1.0000	-1	0.000000	Precip	None	-1	0	0	None	None	None	None	None	-1	-1	-1.000000	-1.000000	-1.000000	-1.000000		-1	-1
WDCA1	Widows Creek Fossil Plant	WDCA1	34.886665	-85.755554	0.000000	0.0000	0.0000	0.000000	Tennessee	-1.0000	-1		CST			-1	-1	-1	0	0	0.0000	-1.0000	-1.0000	-1.0000	-1.0000	-1.0000	-1.0000	-1.0000	-1.0000	-1.0000	-1.0000	-1.0000	-1.0000	-1.0000	-1.0000	-1.0000	-1.0000	AL	0		-1.0000	-1	0.000000	Precip	None	-1	0	0	TVA	None	None	None	None	-1	-1	-1.000000	-1.000000	-1.000000	-1.000000		-1	-1
WDVA1	Paint Rock nr Woodville	WDVA1	34.624168	-86.306389	570.950000	0.0000	0.0000	0.000000	Paint Rock	26.6000	970	3574500	CST			-1	-1	-1	0	0	0.0000	-1.0000	-1.0000	-1.0000	-1.0000	-1.0000	-1.0000	-1.0000	-1.0000	-1.0000	-1.0000	-1.0000	-1.0000	-1.0000	-1.0000	-1.0000	-1.0000	AL	0		-1.0000	-1	570.950018	None	None	-1	0	0	None	None	None	None	Stream	-1	-1	-1.000000	-1.000000	-1.000000	-1.000000		-1	-1
WEH-01	Wheeler-Unit1	WHLA1	34.796112	-87.383614	0.000000	0.0000	0.0000	0.000000	None	-1.0000	-1					-1	-1	-1	0	0	0.0000	-1.0000	-1.0000	-1.0000	-1.0000	-1.0000	-1.0000	-1.0000	-1.0000	-1.0000	-1.0000	-1.0000	-1.0000	-1.0000	-1.0000	-1.0000	-1.0000		0		-1.0000	-1	0.000000	None	None	-1	0	0	None	None	None	None	None	-1	-1	-1.000000	-1.000000	-1.000000	-1.000000	Hydro	15000	40
WEH-02	Wheeler-Unit2	WHLA1	34.796112	-87.383614	0.000000	0.0000	0.0000	0.000000	None	-1.0000	-1					-1	-1	-1	0	0	0.0000	-1.0000	-1.0000	-1.0000	-1.0000	-1.0000	-1.0000	-1.0000	-1.0000	-1.0000	-1.0000	-1.0000	-1.0000	-1.0000	-1.0000	-1.0000	-1.0000		0		-1.0000	-1	0.000000	None	None	-1	0	0	None	None	None	None	None	-1	-1	-1.000000	-1.000000	-1.000000	-1.000000	Hydro	15000	38
WEH-03	Wheeler-Unit3	WHLA1	34.796112	-87.383614	0.000000	0.0000	0.0000	0.000000	None	-1.0000	-1					-1	-1	-1	0	0	0.0000	-1.0000	-1.0000	-1.0000	-1.0000	-1.0000	-1.0000	-1.0000	-1.0000	-1.0000	-1.0000	-1.0000	-1.0000	-1.0000	-1.0000	-1.0000	-1.0000		0		-1.0000	-1	0.000000	None	None	-1	0	0	None	None	None	None	None	-1	-1	-1.000000	-1.000000	-1.000000	-1.000000	Hydro	15000	39
WEH-04	Wheeler-Unit4	WHLA1	34.796112	-87.383614	0.000000	0.0000	0.0000	0.000000	None	-1.0000	-1					-1	-1	-1	0	0	0.0000	-1.0000	-1.0000	-1.0000	-1.0000	-1.0000	-1.0000	-1.0000	-1.0000	-1.0000	-1.0000	-1.0000	-1.0000	-1.0000	-1.0000	-1.0000	-1.0000		0		-1.0000	-1	0.000000	None	None	-1	0	0	None	None	None	None	None	-1	-1	-1.000000	-1.000000	-1.000000	-1.000000	Hydro	15000	37
WEH-05	Wheeler-Unit5	WHLA1	34.796112	-87.383614	0.000000	0.0000	0.0000	0.000000	None	-1.0000	-1					-1	-1	-1	0	0	0.0000	-1.0000	-1.0000	-1.0000	-1.0000	-1.0000	-1.0000	-1.0000	-1.0000	-1.0000	-1.0000	-1.0000	-1.0000	-1.0000	-1.0000	-1.0000	-1.0000		0		-1.0000	-1	0.000000	None	None	-1	0	0	None	None	None	None	None	-1	-1	-1.000000	-1.000000	-1.000000	-1.000000	Hydro	15000	39
WEH-06	Wheeler-Unit6	WHLA1	34.796112	-87.383614	0.000000	0.0000	0.0000	0.000000	None	-1.0000	-1					-1	-1	-1	0	0	0.0000	-1.0000	-1.0000	-1.0000	-1.0000	-1.0000	-1.0000	-1.0000	-1.0000	-1.0000	-1.0000	-1.0000	-1.0000	-1.0000	-1.0000	-1.0000	-1.0000		0		-1.0000	-1	0.000000	None	None	-1	0	0	None	None	None	None	None	-1	-1	-1.000000	-1.000000	-1.000000	-1.000000	Hydro	15000	40
WEH-07	Wheeler-Unit7	WHLA1	34.796112	-87.383614	0.000000	0.0000	0.0000	0.000000	None	-1.0000	-1					-1	-1	-1	0	0	0.0000	-1.0000	-1.0000	-1.0000	-1.0000	-1.0000	-1.0000	-1.0000	-1.0000	-1.0000	-1.0000	-1.0000	-1.0000	-1.0000	-1.0000	-1.0000	-1.0000		0		-1.0000	-1	0.000000	None	None	-1	0	0	None	None	None	None	None	-1	-1	-1.000000	-1.000000	-1.000000	-1.000000	Hydro	15000	40
WEH-08	Wheeler-Unit8	WHLA1	34.796112	-87.383614	0.000000	0.0000	0.0000	0.000000	None	-1.0000	-1					-1	-1	-1	0	0	0.0000	-1.0000	-1.0000	-1.0000	-1.0000	-1.0000	-1.0000	-1.0000	-1.0000	-1.0000	-1.0000	-1.0000	-1.0000	-1.0000	-1.0000	-1.0000	-1.0000		0		-1.0000	-1	0.000000	None	None	-1	0	0	None	None	None	None	None	-1	-1	-1.000000	-1.000000	-1.000000	-1.000000	Hydro	15000	40
WEH-09	Wheeler-Unit9	WHLA1	34.796112	-87.383614	0.000000	0.0000	0.0000	0.000000	None	-1.0000	-1					-1	-1	-1	0	0	0.0000	-1.0000	-1.0000	-1.0000	-1.0000	-1.0000	-1.0000	-1.0000	-1.0000	-1.0000	-1.0000	-1.0000	-1.0000	-1.0000	-1.0000	-1.0000	-1.0000		0		-1.0000	-1	0.000000	None	None	-1	0	0	None	None	None	None	None	-1	-1	-1.000000	-1.000000	-1.000000	-1.000000	Hydro	18000	44
WEH-10	Wheeler-Unit10	WHLA1	34.796112	-87.383614	0.000000	0.0000	0.0000	0.000000	None	-1.0000	-1					-1	-1	-1	0	0	0.0000	-1.0000	-1.0000	-1.0000	-1.0000	-1.0000	-1.0000	-1.0000	-1.0000	-1.0000	-1.0000	-1.0000	-1.0000	-1.0000	-1.0000	-1.0000	-1.0000		0		-1.0000	-1	0.000000	None	None	-1	0	0	None	None	None	None	None	-1	-1	-1.000000	-1.000000	-1.000000	-1.000000	Hydro	18000	44
WEH-11	Wheeler-Unit11	WHLA1	34.796112	-87.383614	0.000000	0.0000	0.0000	0.000000	None	-1.0000	-1					-1	-1	-1	0	0	0.0000	-1.0000	-1.0000	-1.0000	-1.0000	-1.0000	-1.0000	-1.0000	-1.0000	-1.0000	-1.0000	-1.0000	-1.0000	-1.0000	-1.0000	-1.0000	-1.0000		0		-1.0000	-1	0.000000	None	None	-1	0	0	None	None	None	None	None	-1	-1	-1.000000	-1.000000	-1.000000	-1.000000	Hydro	18000	44
WEH-OG-01	Wheeler Dam	WHLA1	34.796112	-87.383614	0.000000	0.0000	0.0000	0.000000	None	-1.0000	-1					-1	-1	-1	0	0	0.0000	-1.0000	-1.0000	-1.0000	-1.0000	-1.0000	-1.0000	-1.0000	-1.0000	-1.0000	-1.0000	-1.0000	-1.0000	-1.0000	-1.0000	-1.0000	-1.0000		0		-1.0000	-1	0.000000	None	None	-1	0	0	None	None	None	None	None	-1	-1	-1.000000	-1.000000	-1.000000	-1.000000		-1	-1	OTHER	DISC
WEH-OG-02	Wheeler Dam	WHLA1	34.796112	-87.383614	0.000000	0.0000	0.0000	0.000000	None	-1.0000	-1					-1	-1	-1	0	0	0.0000	-1.0000	-1.0000	-1.0000	-1.0000	-1.0000	-1.0000	-1.0000	-1.0000	-1.0000	-1.0000	-1.0000	-1.0000	-1.0000	-1.0000	-1.0000	-1.0000		0		-1.0000	-1	0.000000	None	None	-1	0	0	None	None	None	None	None	-1	-1	-1.000000	-1.000000	-1.000000	-1.000000		-1	-1	OTHER	DISC
WEH-OG-03	Wheeler Dam	WHLA1	34.796112	-87.383614	0.000000	0.0000	0.0000	0.000000	None	-1.0000	-1					-1	-1	-1	0	0	0.0000	-1.0000	-1.0000	-1.0000	-1.0000	-1.0000	-1.0000	-1.0000	-1.0000	-1.0000	-1.0000	-1.0000	-1.0000	-1.0000	-1.0000	-1.0000	-1.0000		0		-1.0000	-1	0.000000	None	None	-1	0	0	None	None	None	None	None	-1	-1	-1.000000	-1.000000	-1.000000	-1.000000		-1	-1	OTHER	DISC
WEH-OG-04	Wheeler Dam	WHLA1	34.796112	-87.383614	0.000000	0.0000	0.0000	0.000000	None	-1.0000	-1					-1	-1	-1	0	0	0.0000	-1.0000	-1.0000	-1.0000	-1.0000	-1.0000	-1.0000	-1.0000	-1.0000	-1.0000	-1.0000	-1.0000	-1.0000	-1.0000	-1.0000	-1.0000	-1.0000		0		-1.0000	-1	0.000000	None	None	-1	0	0	None	None	None	None	None	-1	-1	-1.000000	-1.000000	-1.000000	-1.000000		-1	-1	OTHER	DISC
WEH-OG-05	Wheeler Dam	WHLA1	34.796112	-87.383614	0.000000	0.0000	0.0000	0.000000	None	-1.0000	-1					-1	-1	-1	0	0	0.0000	-1.0000	-1.0000	-1.0000	-1.0000	-1.0000	-1.0000	-1.0000	-1.0000	-1.0000	-1.0000	-1.0000	-1.0000	-1.0000	-1.0000	-1.0000	-1.0000		0		-1.0000	-1	0.000000	None	None	-1	0	0	None	None	None	None	None	-1	-1	-1.000000	-1.000000	-1.000000	-1.000000		-1	-1	OTHER	DISC
WEH-OG-06	Wheeler Dam	WHLA1	34.796112	-87.383614	0.000000	0.0000	0.0000	0.000000	None	-1.0000	-1					-1	-1	-1	0	0	0.0000	-1.0000	-1.0000	-1.0000	-1.0000	-1.0000	-1.0000	-1.0000	-1.0000	-1.0000	-1.0000	-1.0000	-1.0000	-1.0000	-1.0000	-1.0000	-1.0000		0		-1.0000	-1	0.000000	None	None	-1	0	0	None	None	None	None	None	-1	-1	-1.000000	-1.000000	-1.000000	-1.000000		-1	-1	OTHER	DISC
WEH-OG-07	Wheeler Dam	WHLA1	34.796112	-87.383614	0.000000	0.0000	0.0000	0.000000	None	-1.0000	-1					-1	-1	-1	0	0	0.0000	-1.0000	-1.0000	-1.0000	-1.0000	-1.0000	-1.0000	-1.0000	-1.0000	-1.0000	-1.0000	-1.0000	-1.0000	-1.0000	-1.0000	-1.0000	-1.0000		0		-1.0000	-1	0.000000	None	None	-1	0	0	None	None	None	None	None	-1	-1	-1.000000	-1.000000	-1.000000	-1.000000		-1	-1	OTHER	DISC
WEH-OG-08	Wheeler Dam	WHLA1	34.796112	-87.383614	0.000000	0.0000	0.0000	0.000000	None	-1.0000	-1					-1	-1	-1	0	0	0.0000	-1.0000	-1.0000	-1.0000	-1.0000	-1.0000	-1.0000	-1.0000	-1.0000	-1.0000	-1.0000	-1.0000	-1.0000	-1.0000	-1.0000	-1.0000	-1.0000		0		-1.0000	-1	0.000000	None	None	-1	0	0	None	None	None	None	None	-1	-1	-1.000000	-1.000000	-1.000000	-1.000000		-1	-1	OTHER	DISC
WEH-OG-09	Wheeler Dam	WHLA1	34.796112	-87.383614	0.000000	0.0000	0.0000	0.000000	None	-1.0000	-1					-1	-1	-1	0	0	0.0000	-1.0000	-1.0000	-1.0000	-1.0000	-1.0000	-1.0000	-1.0000	-1.0000	-1.0000	-1.0000	-1.0000	-1.0000	-1.0000	-1.0000	-1.0000	-1.0000		0		-1.0000	-1	0.000000	None	None	-1	0	0	None	None	None	None	None	-1	-1	-1.000000	-1.000000	-1.000000	-1.000000		-1	-1	OTHER	DISC
WEH-OG-10	Wheeler Dam	WHLA1	34.796112	-87.383614	0.000000	0.0000	0.0000	0.000000	None	-1.0000	-1					-1	-1	-1	0	0	0.0000	-1.0000	-1.0000	-1.0000	-1.0000	-1.0000	-1.0000	-1.0000	-1.0000	-1.0000	-1.0000	-1.0000	-1.0000	-1.0000	-1.0000	-1.0000	-1.0000		0		-1.0000	-1	0.000000	None	None	-1	0	0	None	None	None	None	None	-1	-1	-1.000000	-1.000000	-1.000000	-1.000000		-1	-1	OTHER	DISC
WEH-OG-11	Wheeler Dam	WHLA1	34.796112	-87.383614	0.000000	0.0000	0.0000	0.000000	None	-1.0000	-1					-1	-1	-1	0	0	0.0000	-1.0000	-1.0000	-1.0000	-1.0000	-1.0000	-1.0000	-1.0000	-1.0000	-1.0000	-1.0000	-1.0000	-1.0000	-1.0000	-1.0000	-1.0000	-1.0000		0		-1.0000	-1	0.000000	None	None	-1	0	0	None	None	None	None	None	-1	-1	-1.000000	-1.000000	-1.000000	-1.000000		-1	-1	OTHER	DISC
WEH-OG-12	Wheeler Dam	WHLA1	34.796112	-87.383614	0.000000	0.0000	0.0000	0.000000	None	-1.0000	-1					-1	-1	-1	0	0	0.0000	-1.0000	-1.0000	-1.0000	-1.0000	-1.0000	-1.0000	-1.0000	-1.0000	-1.0000	-1.0000	-1.0000	-1.0000	-1.0000	-1.0000	-1.0000	-1.0000		0		-1.0000	-1	0.000000	None	None	-1	0	0	None	None	None	None	None	-1	-1	-1.000000	-1.000000	-1.000000	-1.000000		-1	-1	OTHER	DISC
WEH-OG-13	Wheeler Dam	WHLA1	34.796112	-87.383614	0.000000	0.0000	0.0000	0.000000	None	-1.0000	-1					-1	-1	-1	0	0	0.0000	-1.0000	-1.0000	-1.0000	-1.0000	-1.0000	-1.0000	-1.0000	-1.0000	-1.0000	-1.0000	-1.0000	-1.0000	-1.0000	-1.0000	-1.0000	-1.0000		0		-1.0000	-1	0.000000	None	None	-1	0	0	None	None	None	None	None	-1	-1	-1.000000	-1.000000	-1.000000	-1.000000		-1	-1	OTHER	DISC
WEH-OG-14	Wheeler Dam	WHLA1	34.796112	-87.383614	0.000000	0.0000	0.0000	0.000000	None	-1.0000	-1					-1	-1	-1	0	0	0.0000	-1.0000	-1.0000	-1.0000	-1.0000	-1.0000	-1.0000	-1.0000	-1.0000	-1.0000	-1.0000	-1.0000	-1.0000	-1.0000	-1.0000	-1.0000	-1.0000		0		-1.0000	-1	0.000000	None	None	-1	0	0	None	None	None	None	None	-1	-1	-1.000000	-1.000000	-1.000000	-1.000000		-1	-1	OTHER	DISC
WEH-SP-01	Wheeler Dam	WHLA1	34.796112	-87.383614	0.000000	0.0000	0.0000	0.000000	None	-1.0000	-1					-1	-1	-1	0	0	0.0000	-1.0000	-1.0000	-1.0000	-1.0000	-1.0000	-1.0000	-1.0000	-1.0000	-1.0000	-1.0000	-1.0000	-1.0000	-1.0000	-1.0000	-1.0000	-1.0000		0		-1.0000	-1	0.000000	None	None	-1	0	0	None	None	None	None	None	-1	-1	-1.000000	-1.000000	-1.000000	-1.000000		-1	-1	SPILL	DISC
WEH-SP-02	Wheeler Dam	WHLA1	34.796112	-87.383614	0.000000	0.0000	0.0000	0.000000	None	-1.0000	-1					-1	-1	-1	0	0	0.0000	-1.0000	-1.0000	-1.0000	-1.0000	-1.0000	-1.0000	-1.0000	-1.0000	-1.0000	-1.0000	-1.0000	-1.0000	-1.0000	-1.0000	-1.0000	-1.0000		0		-1.0000	-1	0.000000	None	None	-1	0	0	None	None	None	None	None	-1	-1	-1.000000	-1.000000	-1.000000	-1.000000		-1	-1	SPILL	DISC
WEH-SP-03	Wheeler Dam	WHLA1	34.796112	-87.383614	0.000000	0.0000	0.0000	0.000000	None	-1.0000	-1					-1	-1	-1	0	0	0.0000	-1.0000	-1.0000	-1.0000	-1.0000	-1.0000	-1.0000	-1.0000	-1.0000	-1.0000	-1.0000	-1.0000	-1.0000	-1.0000	-1.0000	-1.0000	-1.0000		0		-1.0000	-1	0.000000	None	None	-1	0	0	None	None	None	None	None	-1	-1	-1.000000	-1.000000	-1.000000	-1.000000		-1	-1	SPILL	DISC
WEH-SP-04	Wheeler Dam	WHLA1	34.796112	-87.383614	0.000000	0.0000	0.0000	0.000000	None	-1.0000	-1					-1	-1	-1	0	0	0.0000	-1.0000	-1.0000	-1.0000	-1.0000	-1.0000	-1.0000	-1.0000	-1.0000	-1.0000	-1.0000	-1.0000	-1.0000	-1.0000	-1.0000	-1.0000	-1.0000		0		-1.0000	-1	0.000000	None	None	-1	0	0	None	None	None	None	None	-1	-1	-1.000000	-1.000000	-1.000000	-1.000000		-1	-1	SPILL	DISC
WEH-SP-05	Wheeler Dam	WHLA1	34.796112	-87.383614	0.000000	0.0000	0.0000	0.000000	None	-1.0000	-1					-1	-1	-1	0	0	0.0000	-1.0000	-1.0000	-1.0000	-1.0000	-1.0000	-1.0000	-1.0000	-1.0000	-1.0000	-1.0000	-1.0000	-1.0000	-1.0000	-1.0000	-1.0000	-1.0000		0		-1.0000	-1	0.000000	None	None	-1	0	0	None	None	None	None	None	-1	-1	-1.000000	-1.000000	-1.000000	-1.000000		-1	-1	SPILL	DISC
WEH-SP-06	Wheeler Dam	WHLA1	34.796112	-87.383614	0.000000	0.0000	0.0000	0.000000	None	-1.0000	-1					-1	-1	-1	0	0	0.0000	-1.0000	-1.0000	-1.0000	-1.0000	-1.0000	-1.0000	-1.0000	-1.0000	-1.0000	-1.0000	-1.0000	-1.0000	-1.0000	-1.0000	-1.0000	-1.0000		0		-1.0000	-1	0.000000	None	None	-1	0	0	None	None	None	None	None	-1	-1	-1.000000	-1.000000	-1.000000	-1.000000		-1	-1	SPILL	DISC
WEH-SP-07	Wheeler Dam	WHLA1	34.796112	-87.383614	0.000000	0.0000	0.0000	0.000000	None	-1.0000	-1					-1	-1	-1	0	0	0.0000	-1.0000	-1.0000	-1.0000	-1.0000	-1.0000	-1.0000	-1.0000	-1.0000	-1.0000	-1.0000	-1.0000	-1.0000	-1.0000	-1.0000	-1.0000	-1.0000		0		-1.0000	-1	0.000000	None	None	-1	0	0	None	None	None	None	None	-1	-1	-1.000000	-1.000000	-1.000000	-1.000000		-1	-1	SPILL	DISC
WEH-SP-08	Wheeler Dam	WHLA1	34.796112	-87.383614	0.000000	0.0000	0.0000	0.000000	None	-1.0000	-1					-1	-1	-1	0	0	0.0000	-1.0000	-1.0000	-1.0000	-1.0000	-1.0000	-1.0000	-1.0000	-1.0000	-1.0000	-1.0000	-1.0000	-1.0000	-1.0000	-1.0000	-1.0000	-1.0000		0		-1.0000	-1	0.000000	None	None	-1	0	0	None	None	None	None	None	-1	-1	-1.000000	-1.000000	-1.000000	-1.000000		-1	-1	SPILL	DISC
WEH-SP-09	Wheeler Dam	WHLA1	34.796112	-87.383614	0.000000	0.0000	0.0000	0.000000	None	-1.0000	-1					-1	-1	-1	0	0	0.0000	-1.0000	-1.0000	-1.0000	-1.0000	-1.0000	-1.0000	-1.0000	-1.0000	-1.0000	-1.0000	-1.0000	-1.0000	-1.0000	-1.0000	-1.0000	-1.0000		0		-1.0000	-1	0.000000	None	None	-1	0	0	None	None	None	None	None	-1	-1	-1.000000	-1.000000	-1.000000	-1.000000		-1	-1	SPILL	DISC
WEH-SP-10	Wheeler Dam	WHLA1	34.796112	-87.383614	0.000000	0.0000	0.0000	0.000000	None	-1.0000	-1					-1	-1	-1	0	0	0.0000	-1.0000	-1.0000	-1.0000	-1.0000	-1.0000	-1.0000	-1.0000	-1.0000	-1.0000	-1.0000	-1.0000	-1.0000	-1.0000	-1.0000	-1.0000	-1.0000		0		-1.0000	-1	0.000000	None	None	-1	0	0	None	None	None	None	None	-1	-1	-1.000000	-1.000000	-1.000000	-1.000000		-1	-1	SPILL	DISC
WEH-SP-11	Wheeler Dam	WHLA1	34.796112	-87.383614	0.000000	0.0000	0.0000	0.000000	None	-1.0000	-1					-1	-1	-1	0	0	0.0000	-1.0000	-1.0000	-1.0000	-1.0000	-1.0000	-1.0000	-1.0000	-1.0000	-1.0000	-1.0000	-1.0000	-1.0000	-1.0000	-1.0000	-1.0000	-1.0000		0		-1.0000	-1	0.000000	None	None	-1	0	0	None	None	None	None	None	-1	-1	-1.000000	-1.000000	-1.000000	-1.000000		-1	-1	SPILL	DISC
WEH-SP-12	Wheeler Dam	WHLA1	34.796112	-87.383614	0.000000	0.0000	0.0000	0.000000	None	-1.0000	-1					-1	-1	-1	0	0	0.0000	-1.0000	-1.0000	-1.0000	-1.0000	-1.0000	-1.0000	-1.0000	-1.0000	-1.0000	-1.0000	-1.0000	-1.0000	-1.0000	-1.0000	-1.0000	-1.0000		0		-1.0000	-1	0.000000	None	None	-1	0	0	None	None	None	None	None	-1	-1	-1.000000	-1.000000	-1.000000	-1.000000		-1	-1	SPILL	DISC
WEH-SP-13	Wheeler Dam	WHLA1	34.796112	-87.383614	0.000000	0.0000	0.0000	0.000000	None	-1.0000	-1					-1	-1	-1	0	0	0.0000	-1.0000	-1.0000	-1.0000	-1.0000	-1.0000	-1.0000	-1.0000	-1.0000	-1.0000	-1.0000	-1.0000	-1.0000	-1.0000	-1.0000	-1.0000	-1.0000		0		-1.0000	-1	0.000000	None	None	-1	0	0	None	None	None	None	None	-1	-1	-1.000000	-1.000000	-1.000000	-1.000000		-1	-1	SPILL	DISC
WEH-SP-14	Wheeler Dam	WHLA1	34.796112	-87.383614	0.000000	0.0000	0.0000	0.000000	None	-1.0000	-1					-1	-1	-1	0	0	0.0000	-1.0000	-1.0000	-1.0000	-1.0000	-1.0000	-1.0000	-1.0000	-1.0000	-1.0000	-1.0000	-1.0000	-1.0000	-1.0000	-1.0000	-1.0000	-1.0000		0		-1.0000	-1	0.000000	None	None	-1	0	0	None	None	None	None	None	-1	-1	-1.000000	-1.000000	-1.000000	-1.000000		-1	-1	SPILL	DISC
WEH-SP-15	Wheeler Dam	WHLA1	34.796112	-87.383614	0.000000	0.0000	0.0000	0.000000	None	-1.0000	-1					-1	-1	-1	0	0	0.0000	-1.0000	-1.0000	-1.0000	-1.0000	-1.0000	-1.0000	-1.0000	-1.0000	-1.0000	-1.0000	-1.0000	-1.0000	-1.0000	-1.0000	-1.0000	-1.0000		0		-1.0000	-1	0.000000	None	None	-1	0	0	None	None	None	None	None	-1	-1	-1.000000	-1.000000	-1.000000	-1.000000		-1	-1	SPILL	DISC
WEH-SP-16	Wheeler Dam	WHLA1	34.796112	-87.383614	0.000000	0.0000	0.0000	0.000000	None	-1.0000	-1					-1	-1	-1	0	0	0.0000	-1.0000	-1.0000	-1.0000	-1.0000	-1.0000	-1.0000	-1.0000	-1.0000	-1.0000	-1.0000	-1.0000	-1.0000	-1.0000	-1.0000	-1.0000	-1.0000		0		-1.0000	-1	0.000000	None	None	-1	0	0	None	None	None	None	None	-1	-1	-1.000000	-1.000000	-1.000000	-1.000000		-1	-1	SPILL	DISC
WEH-SP-17	Wheeler Dam	WHLA1	34.796112	-87.383614	0.000000	0.0000	0.0000	0.000000	None	-1.0000	-1					-1	-1	-1	0	0	0.0000	-1.0000	-1.0000	-1.0000	-1.0000	-1.0000	-1.0000	-1.0000	-1.0000	-1.0000	-1.0000	-1.0000	-1.0000	-1.0000	-1.0000	-1.0000	-1.0000		0		-1.0000	-1	0.000000	None	None	-1	0	0	None	None	None	None	None	-1	-1	-1.000000	-1.000000	-1.000000	-1.000000		-1	-1	SPILL	DISC
WEH-SP-18	Wheeler Dam	WHLA1	34.796112	-87.383614	0.000000	0.0000	0.0000	0.000000	None	-1.0000	-1					-1	-1	-1	0	0	0.0000	-1.0000	-1.0000	-1.0000	-1.0000	-1.0000	-1.0000	-1.0000	-1.0000	-1.0000	-1.0000	-1.0000	-1.0000	-1.0000	-1.0000	-1.0000	-1.0000		0		-1.0000	-1	0.000000	None	None	-1	0	0	None	None	None	None	None	-1	-1	-1.000000	-1.000000	-1.000000	-1.000000		-1	-1	SPILL	DISC
WEH-SP-19	Wheeler Dam	WHLA1	34.796112	-87.383614	0.000000	0.0000	0.0000	0.000000	None	-1.0000	-1					-1	-1	-1	0	0	0.0000	-1.0000	-1.0000	-1.0000	-1.0000	-1.0000	-1.0000	-1.0000	-1.0000	-1.0000	-1.0000	-1.0000	-1.0000	-1.0000	-1.0000	-1.0000	-1.0000		0		-1.0000	-1	0.000000	None	None	-1	0	0	None	None	None	None	None	-1	-1	-1.000000	-1.000000	-1.000000	-1.000000		-1	-1	SPILL	DISC
WEH-SP-20	Wheeler Dam	WHLA1	34.796112	-87.383614	0.000000	0.0000	0.0000	0.000000	None	-1.0000	-1					-1	-1	-1	0	0	0.0000	-1.0000	-1.0000	-1.0000	-1.0000	-1.0000	-1.0000	-1.0000	-1.0000	-1.0000	-1.0000	-1.0000	-1.0000	-1.0000	-1.0000	-1.0000	-1.0000		0		-1.0000	-1	0.000000	None	None	-1	0	0	None	None	None	None	None	-1	-1	-1.000000	-1.000000	-1.000000	-1.000000		-1	-1	SPILL	DISC
WEH-SP-21	Wheeler Dam	WHLA1	34.796112	-87.383614	0.000000	0.0000	0.0000	0.000000	None	-1.0000	-1					-1	-1	-1	0	0	0.0000	-1.0000	-1.0000	-1.0000	-1.0000	-1.0000	-1.0000	-1.0000	-1.0000	-1.0000	-1.0000	-1.0000	-1.0000	-1.0000	-1.0000	-1.0000	-1.0000		0		-1.0000	-1	0.000000	None	None	-1	0	0	None	None	None	None	None	-1	-1	-1.000000	-1.000000	-1.000000	-1.000000		-1	-1	SPILL	DISC
WEH-SP-22	Wheeler Dam	WHLA1	34.796112	-87.383614	0.000000	0.0000	0.0000	0.000000	None	-1.0000	-1					-1	-1	-1	0	0	0.0000	-1.0000	-1.0000	-1.0000	-1.0000	-1.0000	-1.0000	-1.0000	-1.0000	-1.0000	-1.0000	-1.0000	-1.0000	-1.0000	-1.0000	-1.0000	-1.0000		0		-1.0000	-1	0.000000	None	None	-1	0	0	None	None	None	None	None	-1	-1	-1.000000	-1.000000	-1.000000	-1.000000		-1	-1	SPILL	DISC
WEH-SP-23	Wheeler Dam	WHLA1	34.796112	-87.383614	0.000000	0.0000	0.0000	0.000000	None	-1.0000	-1					-1	-1	-1	0	0	0.0000	-1.0000	-1.0000	-1.0000	-1.0000	-1.0000	-1.0000	-1.0000	-1.0000	-1.0000	-1.0000	-1.0000	-1.0000	-1.0000	-1.0000	-1.0000	-1.0000		0		-1.0000	-1	0.000000	None	None	-1	0	0	None	None	None	None	None	-1	-1	-1.000000	-1.000000	-1.000000	-1.000000		-1	-1	SPILL	DISC
WEH-SP-24	Wheeler Dam	WHLA1	34.796112	-87.383614	0.000000	0.0000	0.0000	0.000000	None	-1.0000	-1					-1	-1	-1	0	0	0.0000	-1.0000	-1.0000	-1.0000	-1.0000	-1.0000	-1.0000	-1.0000	-1.0000	-1.0000	-1.0000	-1.0000	-1.0000	-1.0000	-1.0000	-1.0000	-1.0000		0		-1.0000	-1	0.000000	None	None	-1	0	0	None	None	None	None	None	-1	-1	-1.000000	-1.000000	-1.000000	-1.000000		-1	-1	SPILL	DISC
WEH-SP-25	Wheeler Dam	WHLA1	34.796112	-87.383614	0.000000	0.0000	0.0000	0.000000	None	-1.0000	-1					-1	-1	-1	0	0	0.0000	-1.0000	-1.0000	-1.0000	-1.0000	-1.0000	-1.0000	-1.0000	-1.0000	-1.0000	-1.0000	-1.0000	-1.0000	-1.0000	-1.0000	-1.0000	-1.0000		0		-1.0000	-1	0.000000	None	None	-1	0	0	None	None	None	None	None	-1	-1	-1.000000	-1.000000	-1.000000	-1.000000		-1	-1	SPILL	DISC
WEH-SP-26	Wheeler Dam	WHLA1	34.796112	-87.383614	0.000000	0.0000	0.0000	0.000000	None	-1.0000	-1					-1	-1	-1	0	0	0.0000	-1.0000	-1.0000	-1.0000	-1.0000	-1.0000	-1.0000	-1.0000	-1.0000	-1.0000	-1.0000	-1.0000	-1.0000	-1.0000	-1.0000	-1.0000	-1.0000		0		-1.0000	-1	0.000000	None	None	-1	0	0	None	None	None	None	None	-1	-1	-1.000000	-1.000000	-1.000000	-1.000000		-1	-1	SPILL	DISC
WEH-SP-27	Wheeler Dam	WHLA1	34.796112	-87.383614	0.000000	0.0000	0.0000	0.000000	None	-1.0000	-1					-1	-1	-1	0	0	0.0000	-1.0000	-1.0000	-1.0000	-1.0000	-1.0000	-1.0000	-1.0000	-1.0000	-1.0000	-1.0000	-1.0000	-1.0000	-1.0000	-1.0000	-1.0000	-1.0000		0		-1.0000	-1	0.000000	None	None	-1	0	0	None	None	None	None	None	-1	-1	-1.000000	-1.000000	-1.000000	-1.000000		-1	-1	SPILL	DISC
WEH-SP-28	Wheeler Dam	WHLA1	34.796112	-87.383614	0.000000	0.0000	0.0000	0.000000	None	-1.0000	-1					-1	-1	-1	0	0	0.0000	-1.0000	-1.0000	-1.0000	-1.0000	-1.0000	-1.0000	-1.0000	-1.0000	-1.0000	-1.0000	-1.0000	-1.0000	-1.0000	-1.0000	-1.0000	-1.0000		0		-1.0000	-1	0.000000	None	None	-1	0	0	None	None	None	None	None	-1	-1	-1.000000	-1.000000	-1.000000	-1.000000		-1	-1	SPILL	DISC
WEH-SP-29	Wheeler Dam	WHLA1	34.796112	-87.383614	0.000000	0.0000	0.0000	0.000000	None	-1.0000	-1					-1	-1	-1	0	0	0.0000	-1.0000	-1.0000	-1.0000	-1.0000	-1.0000	-1.0000	-1.0000	-1.0000	-1.0000	-1.0000	-1.0000	-1.0000	-1.0000	-1.0000	-1.0000	-1.0000		0		-1.0000	-1	0.000000	None	None	-1	0	0	None	None	None	None	None	-1	-1	-1.000000	-1.000000	-1.000000	-1.000000		-1	-1	SPILL	DISC
WEH-SP-30	Wheeler Dam	WHLA1	34.796112	-87.383614	0.000000	0.0000	0.0000	0.000000	None	-1.0000	-1					-1	-1	-1	0	0	0.0000	-1.0000	-1.0000	-1.0000	-1.0000	-1.0000	-1.0000	-1.0000	-1.0000	-1.0000	-1.0000	-1.0000	-1.0000	-1.0000	-1.0000	-1.0000	-1.0000		0		-1.0000	-1	0.000000	None	None	-1	0	0	None	None	None	None	None	-1	-1	-1.000000	-1.000000	-1.000000	-1.000000		-1	-1	SPILL	DISC
WEH-SP-31	Wheeler Dam	WHLA1	34.796112	-87.383614	0.000000	0.0000	0.0000	0.000000	None	-1.0000	-1					-1	-1	-1	0	0	0.0000	-1.0000	-1.0000	-1.0000	-1.0000	-1.0000	-1.0000	-1.0000	-1.0000	-1.0000	-1.0000	-1.0000	-1.0000	-1.0000	-1.0000	-1.0000	-1.0000		0		-1.0000	-1	0.000000	None	None	-1	0	0	None	None	None	None	None	-1	-1	-1.000000	-1.000000	-1.000000	-1.000000		-1	-1	SPILL	DISC
WEH-SP-32	Wheeler Dam	WHLA1	34.796112	-87.383614	0.000000	0.0000	0.0000	0.000000	None	-1.0000	-1					-1	-1	-1	0	0	0.0000	-1.0000	-1.0000	-1.0000	-1.0000	-1.0000	-1.0000	-1.0000	-1.0000	-1.0000	-1.0000	-1.0000	-1.0000	-1.0000	-1.0000	-1.0000	-1.0000		0		-1.0000	-1	0.000000	None	None	-1	0	0	None	None	None	None	None	-1	-1	-1.000000	-1.000000	-1.000000	-1.000000		-1	-1	SPILL	DISC
WEH-SP-33	Wheeler Dam	WHLA1	34.796112	-87.383614	0.000000	0.0000	0.0000	0.000000	None	-1.0000	-1					-1	-1	-1	0	0	0.0000	-1.0000	-1.0000	-1.0000	-1.0000	-1.0000	-1.0000	-1.0000	-1.0000	-1.0000	-1.0000	-1.0000	-1.0000	-1.0000	-1.0000	-1.0000	-1.0000		0		-1.0000	-1	0.000000	None	None	-1	0	0	None	None	None	None	None	-1	-1	-1.000000	-1.000000	-1.000000	-1.000000		-1	-1	SPILL	DISC
WEH-SP-34	Wheeler Dam	WHLA1	34.796112	-87.383614	0.000000	0.0000	0.0000	0.000000	None	-1.0000	-1					-1	-1	-1	0	0	0.0000	-1.0000	-1.0000	-1.0000	-1.0000	-1.0000	-1.0000	-1.0000	-1.0000	-1.0000	-1.0000	-1.0000	-1.0000	-1.0000	-1.0000	-1.0000	-1.0000		0		-1.0000	-1	0.000000	None	None	-1	0	0	None	None	None	None	None	-1	-1	-1.000000	-1.000000	-1.000000	-1.000000		-1	-1	SPILL	DISC
WEH-SP-35	Wheeler Dam	WHLA1	34.796112	-87.383614	0.000000	0.0000	0.0000	0.000000	None	-1.0000	-1					-1	-1	-1	0	0	0.0000	-1.0000	-1.0000	-1.0000	-1.0000	-1.0000	-1.0000	-1.0000	-1.0000	-1.0000	-1.0000	-1.0000	-1.0000	-1.0000	-1.0000	-1.0000	-1.0000		0		-1.0000	-1	0.000000	None	None	-1	0	0	None	None	None	None	None	-1	-1	-1.000000	-1.000000	-1.000000	-1.000000		-1	-1	SPILL	DISC
WEH-SP-36	Wheeler Dam	WHLA1	34.796112	-87.383614	0.000000	0.0000	0.0000	0.000000	None	-1.0000	-1					-1	-1	-1	0	0	0.0000	-1.0000	-1.0000	-1.0000	-1.0000	-1.0000	-1.0000	-1.0000	-1.0000	-1.0000	-1.0000	-1.0000	-1.0000	-1.0000	-1.0000	-1.0000	-1.0000		0		-1.0000	-1	0.000000	None	None	-1	0	0	None	None	None	None	None	-1	-1	-1.000000	-1.000000	-1.000000	-1.000000		-1	-1	SPILL	DISC
WEH-SP-37	Wheeler Dam	WHLA1	34.796112	-87.383614	0.000000	0.0000	0.0000	0.000000	None	-1.0000	-1					-1	-1	-1	0	0	0.0000	-1.0000	-1.0000	-1.0000	-1.0000	-1.0000	-1.0000	-1.0000	-1.0000	-1.0000	-1.0000	-1.0000	-1.0000	-1.0000	-1.0000	-1.0000	-1.0000		0		-1.0000	-1	0.000000	None	None	-1	0	0	None	None	None	None	None	-1	-1	-1.000000	-1.000000	-1.000000	-1.000000		-1	-1	SPILL	DISC
WEH-SP-38	Wheeler Dam	WHLA1	34.796112	-87.383614	0.000000	0.0000	0.0000	0.000000	None	-1.0000	-1					-1	-1	-1	0	0	0.0000	-1.0000	-1.0000	-1.0000	-1.0000	-1.0000	-1.0000	-1.0000	-1.0000	-1.0000	-1.0000	-1.0000	-1.0000	-1.0000	-1.0000	-1.0000	-1.0000		0		-1.0000	-1	0.000000	None	None	-1	0	0	None	None	None	None	None	-1	-1	-1.000000	-1.000000	-1.000000	-1.000000		-1	-1	SPILL	DISC
WEH-SP-39	Wheeler Dam	WHLA1	34.796112	-87.383614	0.000000	0.0000	0.0000	0.000000	None	-1.0000	-1					-1	-1	-1	0	0	0.0000	-1.0000	-1.0000	-1.0000	-1.0000	-1.0000	-1.0000	-1.0000	-1.0000	-1.0000	-1.0000	-1.0000	-1.0000	-1.0000	-1.0000	-1.0000	-1.0000		0		-1.0000	-1	0.000000	None	None	-1	0	0	None	None	None	None	None	-1	-1	-1.000000	-1.000000	-1.000000	-1.000000		-1	-1	SPILL	DISC
WEH-SP-40	Wheeler Dam	WHLA1	34.796112	-87.383614	0.000000	0.0000	0.0000	0.000000	None	-1.0000	-1					-1	-1	-1	0	0	0.0000	-1.0000	-1.0000	-1.0000	-1.0000	-1.0000	-1.0000	-1.0000	-1.0000	-1.0000	-1.0000	-1.0000	-1.0000	-1.0000	-1.0000	-1.0000	-1.0000		0		-1.0000	-1	0.000000	None	None	-1	0	0	None	None	None	None	None	-1	-1	-1.000000	-1.000000	-1.000000	-1.000000		-1	-1	SPILL	DISC
WEH-SP-41	Wheeler Dam	WHLA1	34.796112	-87.383614	0.000000	0.0000	0.0000	0.000000	None	-1.0000	-1					-1	-1	-1	0	0	0.0000	-1.0000	-1.0000	-1.0000	-1.0000	-1.0000	-1.0000	-1.0000	-1.0000	-1.0000	-1.0000	-1.0000	-1.0000	-1.0000	-1.0000	-1.0000	-1.0000		0		-1.0000	-1	0.000000	None	None	-1	0	0	None	None	None	None	None	-1	-1	-1.000000	-1.000000	-1.000000	-1.000000		-1	-1	SPILL	DISC
WEH-SP-42	Wheeler Dam	WHLA1	34.796112	-87.383614	0.000000	0.0000	0.0000	0.000000	None	-1.0000	-1					-1	-1	-1	0	0	0.0000	-1.0000	-1.0000	-1.0000	-1.0000	-1.0000	-1.0000	-1.0000	-1.0000	-1.0000	-1.0000	-1.0000	-1.0000	-1.0000	-1.0000	-1.0000	-1.0000		0		-1.0000	-1	0.000000	None	None	-1	0	0	None	None	None	None	None	-1	-1	-1.000000	-1.000000	-1.000000	-1.000000		-1	-1	SPILL	DISC
WEH-SP-43	Wheeler Dam	WHLA1	34.796112	-87.383614	0.000000	0.0000	0.0000	0.000000	None	-1.0000	-1					-1	-1	-1	0	0	0.0000	-1.0000	-1.0000	-1.0000	-1.0000	-1.0000	-1.0000	-1.0000	-1.0000	-1.0000	-1.0000	-1.0000	-1.0000	-1.0000	-1.0000	-1.0000	-1.0000		0		-1.0000	-1	0.000000	None	None	-1	0	0	None	None	None	None	None	-1	-1	-1.000000	-1.000000	-1.000000	-1.000000		-1	-1	SPILL	DISC
WEH-SP-44	Wheeler Dam	WHLA1	34.796112	-87.383614	0.000000	0.0000	0.0000	0.000000	None	-1.0000	-1					-1	-1	-1	0	0	0.0000	-1.0000	-1.0000	-1.0000	-1.0000	-1.0000	-1.0000	-1.0000	-1.0000	-1.0000	-1.0000	-1.0000	-1.0000	-1.0000	-1.0000	-1.0000	-1.0000		0		-1.0000	-1	0.000000	None	None	-1	0	0	None	None	None	None	None	-1	-1	-1.000000	-1.000000	-1.000000	-1.000000		-1	-1	SPILL	DISC
WEH-SP-45	Wheeler Dam	WHLA1	34.796112	-87.383614	0.000000	0.0000	0.0000	0.000000	None	-1.0000	-1					-1	-1	-1	0	0	0.0000	-1.0000	-1.0000	-1.0000	-1.0000	-1.0000	-1.0000	-1.0000	-1.0000	-1.0000	-1.0000	-1.0000	-1.0000	-1.0000	-1.0000	-1.0000	-1.0000		0		-1.0000	-1	0.000000	None	None	-1	0	0	None	None	None	None	None	-1	-1	-1.000000	-1.000000	-1.000000	-1.000000		-1	-1	SPILL	DISC
WEH-SP-46	Wheeler Dam	WHLA1	34.796112	-87.383614	0.000000	0.0000	0.0000	0.000000	None	-1.0000	-1					-1	-1	-1	0	0	0.0000	-1.0000	-1.0000	-1.0000	-1.0000	-1.0000	-1.0000	-1.0000	-1.0000	-1.0000	-1.0000	-1.0000	-1.0000	-1.0000	-1.0000	-1.0000	-1.0000		0		-1.0000	-1	0.000000	None	None	-1	0	0	None	None	None	None	None	-1	-1	-1.000000	-1.000000	-1.000000	-1.000000		-1	-1	SPILL	DISC
WEH-SP-47	Wheeler Dam	WHLA1	34.796112	-87.383614	0.000000	0.0000	0.0000	0.000000	None	-1.0000	-1					-1	-1	-1	0	0	0.0000	-1.0000	-1.0000	-1.0000	-1.0000	-1.0000	-1.0000	-1.0000	-1.0000	-1.0000	-1.0000	-1.0000	-1.0000	-1.0000	-1.0000	-1.0000	-1.0000		0		-1.0000	-1	0.000000	None	None	-1	0	0	None	None	None	None	None	-1	-1	-1.000000	-1.000000	-1.000000	-1.000000		-1	-1	SPILL	DISC
WEH-SP-48	Wheeler Dam	WHLA1	34.796112	-87.383614	0.000000	0.0000	0.0000	0.000000	None	-1.0000	-1					-1	-1	-1	0	0	0.0000	-1.0000	-1.0000	-1.0000	-1.0000	-1.0000	-1.0000	-1.0000	-1.0000	-1.0000	-1.0000	-1.0000	-1.0000	-1.0000	-1.0000	-1.0000	-1.0000		0		-1.0000	-1	0.000000	None	None	-1	0	0	None	None	None	None	None	-1	-1	-1.000000	-1.000000	-1.000000	-1.000000		-1	-1	SPILL	DISC
WEH-SP-49	Wheeler Dam	WHLA1	34.796112	-87.383614	0.000000	0.0000	0.0000	0.000000	None	-1.0000	-1					-1	-1	-1	0	0	0.0000	-1.0000	-1.0000	-1.0000	-1.0000	-1.0000	-1.0000	-1.0000	-1.0000	-1.0000	-1.0000	-1.0000	-1.0000	-1.0000	-1.0000	-1.0000	-1.0000		0		-1.0000	-1	0.000000	None	None	-1	0	0	None	None	None	None	None	-1	-1	-1.000000	-1.000000	-1.000000	-1.000000		-1	-1	SPILL	DISC
WEH-SP-50	Wheeler Dam	WHLA1	34.796112	-87.383614	0.000000	0.0000	0.0000	0.000000	None	-1.0000	-1					-1	-1	-1	0	0	0.0000	-1.0000	-1.0000	-1.0000	-1.0000	-1.0000	-1.0000	-1.0000	-1.0000	-1.0000	-1.0000	-1.0000	-1.0000	-1.0000	-1.0000	-1.0000	-1.0000		0		-1.0000	-1	0.000000	None	None	-1	0	0	None	None	None	None	None	-1	-1	-1.000000	-1.000000	-1.000000	-1.000000		-1	-1	SPILL	DISC
WEH-SP-51	Wheeler Dam	WHLA1	34.796112	-87.383614	0.000000	0.0000	0.0000	0.000000	None	-1.0000	-1					-1	-1	-1	0	0	0.0000	-1.0000	-1.0000	-1.0000	-1.0000	-1.0000	-1.0000	-1.0000	-1.0000	-1.0000	-1.0000	-1.0000	-1.0000	-1.0000	-1.0000	-1.0000	-1.0000		0		-1.0000	-1	0.000000	None	None	-1	0	0	None	None	None	None	None	-1	-1	-1.000000	-1.000000	-1.000000	-1.000000		-1	-1	SPILL	DISC
WEH-SP-52	Wheeler Dam	WHLA1	34.796112	-87.383614	0.000000	0.0000	0.0000	0.000000	None	-1.0000	-1					-1	-1	-1	0	0	0.0000	-1.0000	-1.0000	-1.0000	-1.0000	-1.0000	-1.0000	-1.0000	-1.0000	-1.0000	-1.0000	-1.0000	-1.0000	-1.0000	-1.0000	-1.0000	-1.0000		0		-1.0000	-1	0.000000	None	None	-1	0	0	None	None	None	None	None	-1	-1	-1.000000	-1.000000	-1.000000	-1.000000		-1	-1	SPILL	DISC
WEH-SP-53	Wheeler Dam	WHLA1	34.796112	-87.383614	0.000000	0.0000	0.0000	0.000000	None	-1.0000	-1					-1	-1	-1	0	0	0.0000	-1.0000	-1.0000	-1.0000	-1.0000	-1.0000	-1.0000	-1.0000	-1.0000	-1.0000	-1.0000	-1.0000	-1.0000	-1.0000	-1.0000	-1.0000	-1.0000		0		-1.0000	-1	0.000000	None	None	-1	0	0	None	None	None	None	None	-1	-1	-1.000000	-1.000000	-1.000000	-1.000000		-1	-1	SPILL	DISC
WEH-SP-54	Wheeler Dam	WHLA1	34.796112	-87.383614	0.000000	0.0000	0.0000	0.000000	None	-1.0000	-1					-1	-1	-1	0	0	0.0000	-1.0000	-1.0000	-1.0000	-1.0000	-1.0000	-1.0000	-1.0000	-1.0000	-1.0000	-1.0000	-1.0000	-1.0000	-1.0000	-1.0000	-1.0000	-1.0000		0		-1.0000	-1	0.000000	None	None	-1	0	0	None	None	None	None	None	-1	-1	-1.000000	-1.000000	-1.000000	-1.000000		-1	-1	SPILL	DISC
WEH-SP-55	Wheeler Dam	WHLA1	34.796112	-87.383614	0.000000	0.0000	0.0000	0.000000	None	-1.0000	-1					-1	-1	-1	0	0	0.0000	-1.0000	-1.0000	-1.0000	-1.0000	-1.0000	-1.0000	-1.0000	-1.0000	-1.0000	-1.0000	-1.0000	-1.0000	-1.0000	-1.0000	-1.0000	-1.0000		0		-1.0000	-1	0.000000	None	None	-1	0	0	None	None	None	None	None	-1	-1	-1.000000	-1.000000	-1.000000	-1.000000		-1	-1	SPILL	DISC
WEH-SP-56	Wheeler Dam	WHLA1	34.796112	-87.383614	0.000000	0.0000	0.0000	0.000000	None	-1.0000	-1					-1	-1	-1	0	0	0.0000	-1.0000	-1.0000	-1.0000	-1.0000	-1.0000	-1.0000	-1.0000	-1.0000	-1.0000	-1.0000	-1.0000	-1.0000	-1.0000	-1.0000	-1.0000	-1.0000		0		-1.0000	-1	0.000000	None	None	-1	0	0	None	None	None	None	None	-1	-1	-1.000000	-1.000000	-1.000000	-1.000000		-1	-1	SPILL	DISC
WEH-SP-57	Wheeler Dam	WHLA1	34.796112	-87.383614	0.000000	0.0000	0.0000	0.000000	None	-1.0000	-1					-1	-1	-1	0	0	0.0000	-1.0000	-1.0000	-1.0000	-1.0000	-1.0000	-1.0000	-1.0000	-1.0000	-1.0000	-1.0000	-1.0000	-1.0000	-1.0000	-1.0000	-1.0000	-1.0000		0		-1.0000	-1	0.000000	None	None	-1	0	0	None	None	None	None	None	-1	-1	-1.000000	-1.000000	-1.000000	-1.000000		-1	-1	SPILL	DISC
WEH-SP-58	Wheeler Dam	WHLA1	34.796112	-87.383614	0.000000	0.0000	0.0000	0.000000	None	-1.0000	-1					-1	-1	-1	0	0	0.0000	-1.0000	-1.0000	-1.0000	-1.0000	-1.0000	-1.0000	-1.0000	-1.0000	-1.0000	-1.0000	-1.0000	-1.0000	-1.0000	-1.0000	-1.0000	-1.0000		0		-1.0000	-1	0.000000	None	None	-1	0	0	None	None	None	None	None	-1	-1	-1.000000	-1.000000	-1.000000	-1.000000		-1	-1	SPILL	DISC
WEH-SP-59	Wheeler Dam	WHLA1	34.796112	-87.383614	0.000000	0.0000	0.0000	0.000000	None	-1.0000	-1					-1	-1	-1	0	0	0.0000	-1.0000	-1.0000	-1.0000	-1.0000	-1.0000	-1.0000	-1.0000	-1.0000	-1.0000	-1.0000	-1.0000	-1.0000	-1.0000	-1.0000	-1.0000	-1.0000		0		-1.0000	-1	0.000000	None	None	-1	0	0	None	None	None	None	None	-1	-1	-1.000000	-1.000000	-1.000000	-1.000000		-1	-1	SPILL	DISC
WEH-SP-60	Wheeler Dam	WHLA1	34.796112	-87.383614	0.000000	0.0000	0.0000	0.000000	None	-1.0000	-1					-1	-1	-1	0	0	0.0000	-1.0000	-1.0000	-1.0000	-1.0000	-1.0000	-1.0000	-1.0000	-1.0000	-1.0000	-1.0000	-1.0000	-1.0000	-1.0000	-1.0000	-1.0000	-1.0000		0		-1.0000	-1	0.000000	None	None	-1	0	0	None	None	None	None	None	-1	-1	-1.000000	-1.000000	-1.000000	-1.000000		-1	-1	SPILL	DISC
WFC-01	Wolf Creek-Unit1	WLCK2	36.869167	-85.145833	0.000000	0.0000	0.0000	0.000000	None	-1.0000	-1					-1	-1	-1	0	0	0.0000	-1.0000	-1.0000	-1.0000	-1.0000	-1.0000	-1.0000	-1.0000	-1.0000	-1.0000	-1.0000	-1.0000	-1.0000	-1.0000	-1.0000	-1.0000	-1.0000		0		-1.0000	-1	0.000000	None	None	-1	0	0	None	None	None	None	None	-1	-1	-1.000000	-1.000000	-1.000000	-1.000000	USACE	-1	45
WFC-02	Wolf Creek-Unit2	WLCK2	36.869167	-85.145833	0.000000	0.0000	0.0000	0.000000	None	-1.0000	-1					-1	-1	-1	0	0	0.0000	-1.0000	-1.0000	-1.0000	-1.0000	-1.0000	-1.0000	-1.0000	-1.0000	-1.0000	-1.0000	-1.0000	-1.0000	-1.0000	-1.0000	-1.0000	-1.0000		0		-1.0000	-1	0.000000	None	None	-1	0	0	None	None	None	None	None	-1	-1	-1.000000	-1.000000	-1.000000	-1.000000	USACE	-1	45
WFC-03	Wolf Creek-Unit3	WLCK2	36.869167	-85.145833	0.000000	0.0000	0.0000	0.000000	None	-1.0000	-1					-1	-1	-1	0	0	0.0000	-1.0000	-1.0000	-1.0000	-1.0000	-1.0000	-1.0000	-1.0000	-1.0000	-1.0000	-1.0000	-1.0000	-1.0000	-1.0000	-1.0000	-1.0000	-1.0000		0		-1.0000	-1	0.000000	None	None	-1	0	0	None	None	None	None	None	-1	-1	-1.000000	-1.000000	-1.000000	-1.000000	USACE	-1	45
WFC-04	Wolf Creek-Unit4	WLCK2	36.869167	-85.145833	0.000000	0.0000	0.0000	0.000000	None	-1.0000	-1					-1	-1	-1	0	0	0.0000	-1.0000	-1.0000	-1.0000	-1.0000	-1.0000	-1.0000	-1.0000	-1.0000	-1.0000	-1.0000	-1.0000	-1.0000	-1.0000	-1.0000	-1.0000	-1.0000		0		-1.0000	-1	0.000000	None	None	-1	0	0	None	None	None	None	None	-1	-1	-1.000000	-1.000000	-1.000000	-1.000000	USACE	-1	45
WFC-05	Wolf Creek-Unit5	WLCK2	36.869167	-85.145833	0.000000	0.0000	0.0000	0.000000	None	-1.0000	-1					-1	-1	-1	0	0	0.0000	-1.0000	-1.0000	-1.0000	-1.0000	-1.0000	-1.0000	-1.0000	-1.0000	-1.0000	-1.0000	-1.0000	-1.0000	-1.0000	-1.0000	-1.0000	-1.0000		0		-1.0000	-1	0.000000	None	None	-1	0	0	None	None	None	None	None	-1	-1	-1.000000	-1.000000	-1.000000	-1.000000	USACE	-1	45
WFC-06	Wolf Creek-Unit6	WLCK2	36.869167	-85.145833	0.000000	0.0000	0.0000	0.000000	None	-1.0000	-1					-1	-1	-1	0	0	0.0000	-1.0000	-1.0000	-1.0000	-1.0000	-1.0000	-1.0000	-1.0000	-1.0000	-1.0000	-1.0000	-1.0000	-1.0000	-1.0000	-1.0000	-1.0000	-1.0000		0		-1.0000	-1	0.000000	None	None	-1	0	0	None	None	None	None	None	-1	-1	-1.000000	-1.000000	-1.000000	-1.000000	USACE	-1	45
WHIA1	Tennessee at Whitesburg	WHIA1	34.571667	-86.558052	549.000000	0.0000	0.0000	0.000000	Tennessee	333.9000	1000	3575500	CST			-1	-1	-1	0	0	0.0000	-1.0000	-1.0000	-1.0000	-1.0000	-1.0000	-1.0000	-1.0000	-1.0000	-1.0000	-1.0000	-1.0000	-1.0000	-1.0000	-1.0000	-1.0000	-1.0000	AL	0		566.0000	-1	549.000018	None	None	-1	0	0	None	None	None	None	Stream	-1	-1	-1.000000	-1.000000	-1.000000	-1.000000		-1	-1
WHLA1	Wheeler Dam	WHLA1	34.796112	-87.383614	0.000000	0.0000	0.0000	0.000000	Tennessee	274.9000	1080		CST	Hydro	WEH	11	388	36	0	1	0.0000	30.0000	7.0000	-1.0000	550.0000	550.0000	547.0000	-1.0000	541.3000	-1.0000	556.2800	557.3000	-1.0000	-1.0000	-1.0000	-1.0000	250.0000	AL	0	TVA	556.3000	-1	0.000000	Precip	Guntersville=>Wheeler=>Wilson=>Pickwick=>Kentucky	2	25	15	TVA	Hydropower	WEH	WEH	None	-1	-1	-1.000000	-1.000000	-1.000000	-1.000000		-1	-1
WHTT1	Sequatchie nr Whitwell	WHTT1	35.206390	-85.497223	632.730000	0.0000	0.0000	0.000000	Sequatchie	25.1000	900	3571000	CST			-1	-1	-1	0	0	0.0000	-1.0000	-1.0000	-1.0000	-1.0000	-1.0000	-1.0000	-1.0000	-1.0000	-1.0000	-1.0000	-1.0000	-1.0000	-1.0000	-1.0000	-1.0000	-1.0000	TN	0		-1.0000	-1	632.730020	None	None	-1	0	0	None	None	None	None	Stream	-1	-1	-1.000000	-1.000000	-1.000000	-1.000000		-1	-1
WIH-01	Wilbur-Unit1	WL	36.342400	-82.126099	0.000000	0.0000	0.0000	0.000000	None	-1.0000	-1					-1	-1	-1	0	0	0.0000	-1.0000	-1.0000	-1.0000	-1.0000	-1.0000	-1.0000	-1.0000	-1.0000	-1.0000	-1.0000	-1.0000	-1.0000	-1.0000	-1.0000	-1.0000	-1.0000		0		-1.0000	-1	0.000000	None	None	-1	0	0	None	None	None	None	None	-1	-1	-1.000000	-1.000000	-1.000000	-1.000000	Hydro	500	1
WIH-02	Wilbur-Unit2	WL	36.342400	-82.126099	0.000000	0.0000	0.0000	0.000000	None	-1.0000	-1					-1	-1	-1	0	0	0.0000	-1.0000	-1.0000	-1.0000	-1.0000	-1.0000	-1.0000	-1.0000	-1.0000	-1.0000	-1.0000	-1.0000	-1.0000	-1.0000	-1.0000	-1.0000	-1.0000		0		-1.0000	-1	0.000000	None	None	-1	0	0	None	None	None	None	None	-1	-1	-1.000000	-1.000000	-1.000000	-1.000000	Hydro	500	1
WIH-03	Wilbur-Unit3	WL	36.342400	-82.126099	0.000000	0.0000	0.0000	0.000000	None	-1.0000	-1					-1	-1	-1	0	0	0.0000	-1.0000	-1.0000	-1.0000	-1.0000	-1.0000	-1.0000	-1.0000	-1.0000	-1.0000	-1.0000	-1.0000	-1.0000	-1.0000	-1.0000	-1.0000	-1.0000		0		-1.0000	-1	0.000000	None	None	-1	0	0	None	None	None	None	None	-1	-1	-1.000000	-1.000000	-1.000000	-1.000000	Hydro	500	1
WIH-04	Wilbur-Unit4	WL	36.342400	-82.126099	0.000000	0.0000	0.0000	0.000000	None	-1.0000	-1					-1	-1	-1	0	0	0.0000	-1.0000	-1.0000	-1.0000	-1.0000	-1.0000	-1.0000	-1.0000	-1.0000	-1.0000	-1.0000	-1.0000	-1.0000	-1.0000	-1.0000	-1.0000	-1.0000		0		-1.0000	-1	0.000000	None	None	-1	0	0	None	None	None	None	None	-1	-1	-1.000000	-1.000000	-1.000000	-1.000000	Hydro	2000	7
WIH-OG-01	Wilbur Dam	WL	36.342400	-82.126099	0.000000	0.0000	0.0000	0.000000	None	-1.0000	-1					-1	-1	-1	0	0	0.0000	-1.0000	-1.0000	-1.0000	-1.0000	-1.0000	-1.0000	-1.0000	-1.0000	-1.0000	-1.0000	-1.0000	-1.0000	-1.0000	-1.0000	-1.0000	-1.0000		0		-1.0000	-1	0.000000	None	None	-1	0	0	None	None	None	None	None	-1	-1	-1.000000	-1.000000	-1.000000	-1.000000		-1	-1	OTHER	DISC
WIH-OG-02	Wilbur Dam	WL	36.342400	-82.126099	0.000000	0.0000	0.0000	0.000000	None	-1.0000	-1					-1	-1	-1	0	0	0.0000	-1.0000	-1.0000	-1.0000	-1.0000	-1.0000	-1.0000	-1.0000	-1.0000	-1.0000	-1.0000	-1.0000	-1.0000	-1.0000	-1.0000	-1.0000	-1.0000		0		-1.0000	-1	0.000000	None	None	-1	0	0	None	None	None	None	None	-1	-1	-1.000000	-1.000000	-1.000000	-1.000000		-1	-1	OTHER	DISC
WIH-OG-03	Wilbur Dam	WL	36.342400	-82.126099	0.000000	0.0000	0.0000	0.000000	None	-1.0000	-1					-1	-1	-1	0	0	0.0000	-1.0000	-1.0000	-1.0000	-1.0000	-1.0000	-1.0000	-1.0000	-1.0000	-1.0000	-1.0000	-1.0000	-1.0000	-1.0000	-1.0000	-1.0000	-1.0000		0		-1.0000	-1	0.000000	None	None	-1	0	0	None	None	None	None	None	-1	-1	-1.000000	-1.000000	-1.000000	-1.000000		-1	-1	OTHER	DISC
WIH-SP-01	Wilbur Dam	WL	36.342400	-82.126099	0.000000	0.0000	0.0000	0.000000	None	-1.0000	-1					-1	-1	-1	0	0	0.0000	-1.0000	-1.0000	-1.0000	-1.0000	-1.0000	-1.0000	-1.0000	-1.0000	-1.0000	-1.0000	-1.0000	-1.0000	-1.0000	-1.0000	-1.0000	-1.0000		0		-1.0000	-1	0.000000	None	None	-1	0	0	None	None	None	None	None	-1	-1	-1.000000	-1.000000	-1.000000	-1.000000		-1	-1	SPILL	DISC
WIH-SP-02	Wilbur Dam	WL	36.342400	-82.126099	0.000000	0.0000	0.0000	0.000000	None	-1.0000	-1					-1	-1	-1	0	0	0.0000	-1.0000	-1.0000	-1.0000	-1.0000	-1.0000	-1.0000	-1.0000	-1.0000	-1.0000	-1.0000	-1.0000	-1.0000	-1.0000	-1.0000	-1.0000	-1.0000		0		-1.0000	-1	0.000000	None	None	-1	0	0	None	None	None	None	None	-1	-1	-1.000000	-1.000000	-1.000000	-1.000000		-1	-1	SPILL	DISC
WIH-SP-03	Wilbur Dam	WL	36.342400	-82.126099	0.000000	0.0000	0.0000	0.000000	None	-1.0000	-1					-1	-1	-1	0	0	0.0000	-1.0000	-1.0000	-1.0000	-1.0000	-1.0000	-1.0000	-1.0000	-1.0000	-1.0000	-1.0000	-1.0000	-1.0000	-1.0000	-1.0000	-1.0000	-1.0000		0		-1.0000	-1	0.000000	None	None	-1	0	0	None	None	None	None	None	-1	-1	-1.000000	-1.000000	-1.000000	-1.000000		-1	-1	SPILL	DISC
WIH-SP-04	Wilbur Dam	WL	36.342400	-82.126099	0.000000	0.0000	0.0000	0.000000	None	-1.0000	-1					-1	-1	-1	0	0	0.0000	-1.0000	-1.0000	-1.0000	-1.0000	-1.0000	-1.0000	-1.0000	-1.0000	-1.0000	-1.0000	-1.0000	-1.0000	-1.0000	-1.0000	-1.0000	-1.0000		0		-1.0000	-1	0.000000	None	None	-1	0	0	None	None	None	None	None	-1	-1	-1.000000	-1.000000	-1.000000	-1.000000		-1	-1	SPILL	DISC
WL	Wilbur Dam	WL	36.342400	-82.126099	0.000000	0.0000	0.0000	0.000000	Watauga	34.0000	-1		EST		WIH	4	12	4	0	1	50.0000	42.0000	-1.0000	-1.0000	-1.0000	1635.0000	1635.0000	-1.0000	1635.0000	-1.0000	1650.0000	1657.0000	-1.0000	-1.0000	-1.0000	-1.0000	34.0000		0	TVA	-1.0000	-1	0.000000	None	None	-1	3	24	TVA	Hydropower	Wilb	WIH	None	-1	-1	-1.000000	-1.000000	-1.000000	-1.000000		-1	-1
WLBK2	Cumberland at Williamsburg	WLBK2	36.743332	-84.156113	891.570000	0.0000	0.0000	0.000000	Cumberland	590.4000	-1	3404000	EST			-1	-1	-1	0	0	0.0000	-1.0000	-1.0000	-1.0000	-1.0000	-1.0000	-1.0000	-1.0000	-1.0000	-1.0000	-1.0000	-1.0000	-1.0000	-1.0000	-1.0000	-1.0000	-1.0000	KY	0		-1.0000	-1	891.570029	Precip	None	-1	0	0	None	None	None	None	Stream	-1	-1	-1.000000	-1.000000	-1.000000	-1.000000		-1	-1
WLCK2	Wolf Creek Dam	WLCK2	36.868889	-85.145836	0.000000	0.0000	0.0000	0.000000	Cumberland	460.9000	-1		CST		WCH	6	312	52	0	0	0.0000	34.0000	-1.0000	-1.0000	-1.0000	-1.0000	-1.0000	-1.0000	723.0000	-1.0000	760.0000	773.0000	-1.0000	-1.0000	-1.0000	-1.0000	-1.0000	KY	0	CORPS	-1.0000	-1	0.000000	None	None	-1	31	0	Cumberland	Non-hydropower	Wolf	Wolf	None	-1	-1	-1.000000	-1.000000	-1.000000	-1.000000		-1	-1
WLDT1	Wildwood	WLDT1	35.806946	-83.836388	0.000000	0.0000	0.0000	0.000000	None	-1.0000	-1		EST			-1	-1	-1	0	0	0.0000	-1.0000	-1.0000	-1.0000	-1.0000	-1.0000	-1.0000	-1.0000	-1.0000	-1.0000	-1.0000	-1.0000	-1.0000	-1.0000	-1.0000	-1.0000	-1.0000	TN	0		-1.0000	-1	0.000000	Precip	None	-1	0	0	None	None	None	None	None	-1	-1	-1.000000	-1.000000	-1.000000	-1.000000		-1	-1
WLGN7	Wallace Gap	WLGN7	35.099167	-83.548615	0.000000	0.0000	0.0000	0.000000	None	-1.0000	-1		EST			-1	-1	-1	0	0	0.0000	-1.0000	-1.0000	-1.0000	-1.0000	-1.0000	-1.0000	-1.0000	-1.0000	-1.0000	-1.0000	-1.0000	-1.0000	-1.0000	-1.0000	-1.0000	-1.0000	NC	0		-1.0000	-1	0.000000	Precip	None	-1	0	0	None	None	None	None	None	-1	-1	-1.000000	-1.000000	-1.000000	-1.000000		-1	-1
WLH-01	Wilson-Unit1	WLSA1	34.792500	-87.625275	0.000000	0.0000	0.0000	0.000000	None	-1.0000	-1					-1	-1	-1	0	0	0.0000	-1.0000	-1.0000	-1.0000	-1.0000	-1.0000	-1.0000	-1.0000	-1.0000	-1.0000	-1.0000	-1.0000	-1.0000	-1.0000	-1.0000	-1.0000	-1.0000		0		-1.0000	-1	0.000000	None	None	-1	0	0	None	None	None	None	None	-1	-1	-1.000000	-1.000000	-1.000000	-1.000000	Hydro	5000	22
WLH-02	Wilson-Unit2	WLSA1	34.792500	-87.625275	0.000000	0.0000	0.0000	0.000000	None	-1.0000	-1					-1	-1	-1	0	0	0.0000	-1.0000	-1.0000	-1.0000	-1.0000	-1.0000	-1.0000	-1.0000	-1.0000	-1.0000	-1.0000	-1.0000	-1.0000	-1.0000	-1.0000	-1.0000	-1.0000		0		-1.0000	-1	0.000000	None	None	-1	0	0	None	None	None	None	None	-1	-1	-1.000000	-1.000000	-1.000000	-1.000000	Hydro	5000	22
WLH-03	Wilson-Unit3	WLSA1	34.792500	-87.625275	0.000000	0.0000	0.0000	0.000000	None	-1.0000	-1					-1	-1	-1	0	0	0.0000	-1.0000	-1.0000	-1.0000	-1.0000	-1.0000	-1.0000	-1.0000	-1.0000	-1.0000	-1.0000	-1.0000	-1.0000	-1.0000	-1.0000	-1.0000	-1.0000		0		-1.0000	-1	0.000000	None	None	-1	0	0	None	None	None	None	None	-1	-1	-1.000000	-1.000000	-1.000000	-1.000000	Hydro	5000	22
WLH-04	Wilson-Unit4	WLSA1	34.792500	-87.625275	0.000000	0.0000	0.0000	0.000000	None	-1.0000	-1					-1	-1	-1	0	0	0.0000	-1.0000	-1.0000	-1.0000	-1.0000	-1.0000	-1.0000	-1.0000	-1.0000	-1.0000	-1.0000	-1.0000	-1.0000	-1.0000	-1.0000	-1.0000	-1.0000		0		-1.0000	-1	0.000000	None	None	-1	0	0	None	None	None	None	None	-1	-1	-1.000000	-1.000000	-1.000000	-1.000000	Hydro	5000	22
WLH-05	Wilson-Unit5	WLSA1	34.792500	-87.625275	0.000000	0.0000	0.0000	0.000000	None	-1.0000	-1					-1	-1	-1	0	0	0.0000	-1.0000	-1.0000	-1.0000	-1.0000	-1.0000	-1.0000	-1.0000	-1.0000	-1.0000	-1.0000	-1.0000	-1.0000	-1.0000	-1.0000	-1.0000	-1.0000		0		-1.0000	-1	0.000000	None	None	-1	0	0	None	None	None	None	None	-1	-1	-1.000000	-1.000000	-1.000000	-1.000000	Hydro	5000	30
WLH-06	Wilson-Unit6	WLSA1	34.792500	-87.625275	0.000000	0.0000	0.0000	0.000000	None	-1.0000	-1					-1	-1	-1	0	0	0.0000	-1.0000	-1.0000	-1.0000	-1.0000	-1.0000	-1.0000	-1.0000	-1.0000	-1.0000	-1.0000	-1.0000	-1.0000	-1.0000	-1.0000	-1.0000	-1.0000		0		-1.0000	-1	0.000000	None	None	-1	0	0	None	None	None	None	None	-1	-1	-1.000000	-1.000000	-1.000000	-1.000000	Hydro	5000	30
WLH-07	Wilson-Unit7	WLSA1	34.792500	-87.625275	0.000000	0.0000	0.0000	0.000000	None	-1.0000	-1					-1	-1	-1	0	0	0.0000	-1.0000	-1.0000	-1.0000	-1.0000	-1.0000	-1.0000	-1.0000	-1.0000	-1.0000	-1.0000	-1.0000	-1.0000	-1.0000	-1.0000	-1.0000	-1.0000		0		-1.0000	-1	0.000000	None	None	-1	0	0	None	None	None	None	None	-1	-1	-1.000000	-1.000000	-1.000000	-1.000000	Hydro	5000	30
WLH-08	Wilson-Unit8	WLSA1	34.792500	-87.625275	0.000000	0.0000	0.0000	0.000000	None	-1.0000	-1					-1	-1	-1	0	0	0.0000	-1.0000	-1.0000	-1.0000	-1.0000	-1.0000	-1.0000	-1.0000	-1.0000	-1.0000	-1.0000	-1.0000	-1.0000	-1.0000	-1.0000	-1.0000	-1.0000		0		-1.0000	-1	0.000000	None	None	-1	0	0	None	None	None	None	None	-1	-1	-1.000000	-1.000000	-1.000000	-1.000000	Hydro	5000	26
WLH-09	Wilson-Unit9	WLSA1	34.792500	-87.625275	0.000000	0.0000	0.0000	0.000000	None	-1.0000	-1					-1	-1	-1	0	0	0.0000	-1.0000	-1.0000	-1.0000	-1.0000	-1.0000	-1.0000	-1.0000	-1.0000	-1.0000	-1.0000	-1.0000	-1.0000	-1.0000	-1.0000	-1.0000	-1.0000		0		-1.0000	-1	0.000000	None	None	-1	0	0	None	None	None	None	None	-1	-1	-1.000000	-1.000000	-1.000000	-1.000000	Hydro	5000	29
WLH-10	Wilson-Unit10	WLSA1	34.792500	-87.625275	0.000000	0.0000	0.0000	0.000000	None	-1.0000	-1					-1	-1	-1	0	0	0.0000	-1.0000	-1.0000	-1.0000	-1.0000	-1.0000	-1.0000	-1.0000	-1.0000	-1.0000	-1.0000	-1.0000	-1.0000	-1.0000	-1.0000	-1.0000	-1.0000		0		-1.0000	-1	0.000000	None	None	-1	0	0	None	None	None	None	None	-1	-1	-1.000000	-1.000000	-1.000000	-1.000000	Hydro	5000	29
WLH-11	Wilson-Unit11	WLSA1	34.792500	-87.625275	0.000000	0.0000	0.0000	0.000000	None	-1.0000	-1					-1	-1	-1	0	0	0.0000	-1.0000	-1.0000	-1.0000	-1.0000	-1.0000	-1.0000	-1.0000	-1.0000	-1.0000	-1.0000	-1.0000	-1.0000	-1.0000	-1.0000	-1.0000	-1.0000		0		-1.0000	-1	0.000000	None	None	-1	0	0	None	None	None	None	None	-1	-1	-1.000000	-1.000000	-1.000000	-1.000000	Hydro	5000	29
WLH-12	Wilson-Unit12	WLSA1	34.792500	-87.625275	0.000000	0.0000	0.0000	0.000000	None	-1.0000	-1					-1	-1	-1	0	0	0.0000	-1.0000	-1.0000	-1.0000	-1.0000	-1.0000	-1.0000	-1.0000	-1.0000	-1.0000	-1.0000	-1.0000	-1.0000	-1.0000	-1.0000	-1.0000	-1.0000		0		-1.0000	-1	0.000000	None	None	-1	0	0	None	None	None	None	None	-1	-1	-1.000000	-1.000000	-1.000000	-1.000000	Hydro	5000	29
WLH-13	Wilson-Unit13	WLSA1	34.792500	-87.625275	0.000000	0.0000	0.0000	0.000000	None	-1.0000	-1					-1	-1	-1	0	0	0.0000	-1.0000	-1.0000	-1.0000	-1.0000	-1.0000	-1.0000	-1.0000	-1.0000	-1.0000	-1.0000	-1.0000	-1.0000	-1.0000	-1.0000	-1.0000	-1.0000		0		-1.0000	-1	0.000000	None	None	-1	0	0	None	None	None	None	None	-1	-1	-1.000000	-1.000000	-1.000000	-1.000000	Hydro	5000	29
WLH-14	Wilson-Unit14	WLSA1	34.792500	-87.625275	0.000000	0.0000	0.0000	0.000000	None	-1.0000	-1					-1	-1	-1	0	0	0.0000	-1.0000	-1.0000	-1.0000	-1.0000	-1.0000	-1.0000	-1.0000	-1.0000	-1.0000	-1.0000	-1.0000	-1.0000	-1.0000	-1.0000	-1.0000	-1.0000		0		-1.0000	-1	0.000000	None	None	-1	0	0	None	None	None	None	None	-1	-1	-1.000000	-1.000000	-1.000000	-1.000000	Hydro	5000	29
WLH-15	Wilson-Unit15	WLSA1	34.792500	-87.625275	0.000000	0.0000	0.0000	0.000000	None	-1.0000	-1					-1	-1	-1	0	0	0.0000	-1.0000	-1.0000	-1.0000	-1.0000	-1.0000	-1.0000	-1.0000	-1.0000	-1.0000	-1.0000	-1.0000	-1.0000	-1.0000	-1.0000	-1.0000	-1.0000		0		-1.0000	-1	0.000000	None	None	-1	0	0	None	None	None	None	None	-1	-1	-1.000000	-1.000000	-1.000000	-1.000000	Hydro	5000	29
WLH-16	Wilson-Unit16	WLSA1	34.792500	-87.625275	0.000000	0.0000	0.0000	0.000000	None	-1.0000	-1					-1	-1	-1	0	0	0.0000	-1.0000	-1.0000	-1.0000	-1.0000	-1.0000	-1.0000	-1.0000	-1.0000	-1.0000	-1.0000	-1.0000	-1.0000	-1.0000	-1.0000	-1.0000	-1.0000		0		-1.0000	-1	0.000000	None	None	-1	0	0	None	None	None	None	None	-1	-1	-1.000000	-1.000000	-1.000000	-1.000000	Hydro	5000	29
WLH-17	Wilson-Unit17	WLSA1	34.792500	-87.625275	0.000000	0.0000	0.0000	0.000000	None	-1.0000	-1					-1	-1	-1	0	0	0.0000	-1.0000	-1.0000	-1.0000	-1.0000	-1.0000	-1.0000	-1.0000	-1.0000	-1.0000	-1.0000	-1.0000	-1.0000	-1.0000	-1.0000	-1.0000	-1.0000		0		-1.0000	-1	0.000000	None	None	-1	0	0	None	None	None	None	None	-1	-1	-1.000000	-1.000000	-1.000000	-1.000000	Hydro	5000	29
WLH-18	Wilson-Unit18	WLSA1	34.792500	-87.625275	0.000000	0.0000	0.0000	0.000000	None	-1.0000	-1					-1	-1	-1	0	0	0.0000	-1.0000	-1.0000	-1.0000	-1.0000	-1.0000	-1.0000	-1.0000	-1.0000	-1.0000	-1.0000	-1.0000	-1.0000	-1.0000	-1.0000	-1.0000	-1.0000		0		-1.0000	-1	0.000000	None	None	-1	0	0	None	None	None	None	None	-1	-1	-1.000000	-1.000000	-1.000000	-1.000000	Hydro	5000	29
WLH-19	Wilson-Unit19	WLSA1	34.792500	-87.625275	0.000000	0.0000	0.0000	0.000000	None	-1.0000	-1					-1	-1	-1	0	0	0.0000	-1.0000	-1.0000	-1.0000	-1.0000	-1.0000	-1.0000	-1.0000	-1.0000	-1.0000	-1.0000	-1.0000	-1.0000	-1.0000	-1.0000	-1.0000	-1.0000		0		-1.0000	-1	0.000000	None	None	-1	0	0	None	None	None	None	None	-1	-1	-1.000000	-1.000000	-1.000000	-1.000000	Hydro	10000	55
WLH-20	Wilson-Unit20	WLSA1	34.792500	-87.625275	0.000000	0.0000	0.0000	0.000000	None	-1.0000	-1					-1	-1	-1	0	0	0.0000	-1.0000	-1.0000	-1.0000	-1.0000	-1.0000	-1.0000	-1.0000	-1.0000	-1.0000	-1.0000	-1.0000	-1.0000	-1.0000	-1.0000	-1.0000	-1.0000		0		-1.0000	-1	0.000000	None	None	-1	0	0	None	None	None	None	None	-1	-1	-1.000000	-1.000000	-1.000000	-1.000000	Hydro	10000	55
WLH-21	Wilson-Unit21	WLSA1	34.792500	-87.625275	0.000000	0.0000	0.0000	0.000000	None	-1.0000	-1					-1	-1	-1	0	0	0.0000	-1.0000	-1.0000	-1.0000	-1.0000	-1.0000	-1.0000	-1.0000	-1.0000	-1.0000	-1.0000	-1.0000	-1.0000	-1.0000	-1.0000	-1.0000	-1.0000		0		-1.0000	-1	0.000000	None	None	-1	0	0	None	None	None	None	None	-1	-1	-1.000000	-1.000000	-1.000000	-1.000000	Hydro	10000	55
WLH-DS	Wilson-Downstream	WLSA1	34.792500	-87.625275	0.000000	0.0000	0.0000	0.000000	None	-1.0000	-1					-1	-1	-1	0	0	0.0000	-1.0000	-1.0000	-1.0000	-1.0000	-1.0000	-1.0000	-1.0000	-1.0000	-1.0000	-1.0000	-1.0000	-1.0000	-1.0000	-1.0000	-1.0000	-1.0000		0		-1.0000	-1	0.000000	None	None	-1	0	0	None	None	None	None	None	-1	-1	-1.000000	-1.000000	-1.000000	-1.000000	Other	-1	-1
WLH-OG-01	Wilson Dam	WLSA1	34.792500	-87.625275	0.000000	0.0000	0.0000	0.000000	None	-1.0000	-1					-1	-1	-1	0	0	0.0000	-1.0000	-1.0000	-1.0000	-1.0000	-1.0000	-1.0000	-1.0000	-1.0000	-1.0000	-1.0000	-1.0000	-1.0000	-1.0000	-1.0000	-1.0000	-1.0000		0		-1.0000	-1	0.000000	None	None	-1	0	0	None	None	None	None	None	-1	-1	-1.000000	-1.000000	-1.000000	-1.000000		-1	-1	OTHER	DISC
WLH-OG-02	Wilson Dam	WLSA1	34.792500	-87.625275	0.000000	0.0000	0.0000	0.000000	None	-1.0000	-1					-1	-1	-1	0	0	0.0000	-1.0000	-1.0000	-1.0000	-1.0000	-1.0000	-1.0000	-1.0000	-1.0000	-1.0000	-1.0000	-1.0000	-1.0000	-1.0000	-1.0000	-1.0000	-1.0000		0		-1.0000	-1	0.000000	None	None	-1	0	0	None	None	None	None	None	-1	-1	-1.000000	-1.000000	-1.000000	-1.000000		-1	-1	OTHER	DISC
WLH-OG-03	Wilson Dam	WLSA1	34.792500	-87.625275	0.000000	0.0000	0.0000	0.000000	None	-1.0000	-1					-1	-1	-1	0	0	0.0000	-1.0000	-1.0000	-1.0000	-1.0000	-1.0000	-1.0000	-1.0000	-1.0000	-1.0000	-1.0000	-1.0000	-1.0000	-1.0000	-1.0000	-1.0000	-1.0000		0		-1.0000	-1	0.000000	None	None	-1	0	0	None	None	None	None	None	-1	-1	-1.000000	-1.000000	-1.000000	-1.000000		-1	-1	OTHER	DISC
WLH-OG-04	Wilson Dam	WLSA1	34.792500	-87.625275	0.000000	0.0000	0.0000	0.000000	None	-1.0000	-1					-1	-1	-1	0	0	0.0000	-1.0000	-1.0000	-1.0000	-1.0000	-1.0000	-1.0000	-1.0000	-1.0000	-1.0000	-1.0000	-1.0000	-1.0000	-1.0000	-1.0000	-1.0000	-1.0000		0		-1.0000	-1	0.000000	None	None	-1	0	0	None	None	None	None	None	-1	-1	-1.000000	-1.000000	-1.000000	-1.000000		-1	-1	OTHER	DISC
WLH-OG-05	Wilson Dam	WLSA1	34.792500	-87.625275	0.000000	0.0000	0.0000	0.000000	None	-1.0000	-1					-1	-1	-1	0	0	0.0000	-1.0000	-1.0000	-1.0000	-1.0000	-1.0000	-1.0000	-1.0000	-1.0000	-1.0000	-1.0000	-1.0000	-1.0000	-1.0000	-1.0000	-1.0000	-1.0000		0		-1.0000	-1	0.000000	None	None	-1	0	0	None	None	None	None	None	-1	-1	-1.000000	-1.000000	-1.000000	-1.000000		-1	-1	OTHER	DISC
WLH-OG-06	Wilson Dam	WLSA1	34.792500	-87.625275	0.000000	0.0000	0.0000	0.000000	None	-1.0000	-1					-1	-1	-1	0	0	0.0000	-1.0000	-1.0000	-1.0000	-1.0000	-1.0000	-1.0000	-1.0000	-1.0000	-1.0000	-1.0000	-1.0000	-1.0000	-1.0000	-1.0000	-1.0000	-1.0000		0		-1.0000	-1	0.000000	None	None	-1	0	0	None	None	None	None	None	-1	-1	-1.000000	-1.000000	-1.000000	-1.000000		-1	-1	OTHER	DISC
WLH-SP-01	Wilson Dam	WLSA1	34.792500	-87.625275	0.000000	0.0000	0.0000	0.000000	None	-1.0000	-1					-1	-1	-1	0	0	0.0000	-1.0000	-1.0000	-1.0000	-1.0000	-1.0000	-1.0000	-1.0000	-1.0000	-1.0000	-1.0000	-1.0000	-1.0000	-1.0000	-1.0000	-1.0000	-1.0000		0		-1.0000	-1	0.000000	None	None	-1	0	0	None	None	None	None	None	-1	-1	-1.000000	-1.000000	-1.000000	-1.000000		-1	-1	SPILL	DISC
WLH-SP-02	Wilson Dam	WLSA1	34.792500	-87.625275	0.000000	0.0000	0.0000	0.000000	None	-1.0000	-1					-1	-1	-1	0	0	0.0000	-1.0000	-1.0000	-1.0000	-1.0000	-1.0000	-1.0000	-1.0000	-1.0000	-1.0000	-1.0000	-1.0000	-1.0000	-1.0000	-1.0000	-1.0000	-1.0000		0		-1.0000	-1	0.000000	None	None	-1	0	0	None	None	None	None	None	-1	-1	-1.000000	-1.000000	-1.000000	-1.000000		-1	-1	SPILL	DISC
WLH-SP-03	Wilson Dam	WLSA1	34.792500	-87.625275	0.000000	0.0000	0.0000	0.000000	None	-1.0000	-1					-1	-1	-1	0	0	0.0000	-1.0000	-1.0000	-1.0000	-1.0000	-1.0000	-1.0000	-1.0000	-1.0000	-1.0000	-1.0000	-1.0000	-1.0000	-1.0000	-1.0000	-1.0000	-1.0000		0		-1.0000	-1	0.000000	None	None	-1	0	0	None	None	None	None	None	-1	-1	-1.000000	-1.000000	-1.000000	-1.000000		-1	-1	SPILL	DISC
WLH-SP-04	Wilson Dam	WLSA1	34.792500	-87.625275	0.000000	0.0000	0.0000	0.000000	None	-1.0000	-1					-1	-1	-1	0	0	0.0000	-1.0000	-1.0000	-1.0000	-1.0000	-1.0000	-1.0000	-1.0000	-1.0000	-1.0000	-1.0000	-1.0000	-1.0000	-1.0000	-1.0000	-1.0000	-1.0000		0		-1.0000	-1	0.000000	None	None	-1	0	0	None	None	None	None	None	-1	-1	-1.000000	-1.000000	-1.000000	-1.000000		-1	-1	SPILL	DISC
WLH-SP-05	Wilson Dam	WLSA1	34.792500	-87.625275	0.000000	0.0000	0.0000	0.000000	None	-1.0000	-1					-1	-1	-1	0	0	0.0000	-1.0000	-1.0000	-1.0000	-1.0000	-1.0000	-1.0000	-1.0000	-1.0000	-1.0000	-1.0000	-1.0000	-1.0000	-1.0000	-1.0000	-1.0000	-1.0000		0		-1.0000	-1	0.000000	None	None	-1	0	0	None	None	None	None	None	-1	-1	-1.000000	-1.000000	-1.000000	-1.000000		-1	-1	SPILL	DISC
WLH-SP-06	Wilson Dam	WLSA1	34.792500	-87.625275	0.000000	0.0000	0.0000	0.000000	None	-1.0000	-1					-1	-1	-1	0	0	0.0000	-1.0000	-1.0000	-1.0000	-1.0000	-1.0000	-1.0000	-1.0000	-1.0000	-1.0000	-1.0000	-1.0000	-1.0000	-1.0000	-1.0000	-1.0000	-1.0000		0		-1.0000	-1	0.000000	None	None	-1	0	0	None	None	None	None	None	-1	-1	-1.000000	-1.000000	-1.000000	-1.000000		-1	-1	SPILL	DISC
WLH-SP-07	Wilson Dam	WLSA1	34.792500	-87.625275	0.000000	0.0000	0.0000	0.000000	None	-1.0000	-1					-1	-1	-1	0	0	0.0000	-1.0000	-1.0000	-1.0000	-1.0000	-1.0000	-1.0000	-1.0000	-1.0000	-1.0000	-1.0000	-1.0000	-1.0000	-1.0000	-1.0000	-1.0000	-1.0000		0		-1.0000	-1	0.000000	None	None	-1	0	0	None	None	None	None	None	-1	-1	-1.000000	-1.000000	-1.000000	-1.000000		-1	-1	SPILL	DISC
WLH-SP-08	Wilson Dam	WLSA1	34.792500	-87.625275	0.000000	0.0000	0.0000	0.000000	None	-1.0000	-1					-1	-1	-1	0	0	0.0000	-1.0000	-1.0000	-1.0000	-1.0000	-1.0000	-1.0000	-1.0000	-1.0000	-1.0000	-1.0000	-1.0000	-1.0000	-1.0000	-1.0000	-1.0000	-1.0000		0		-1.0000	-1	0.000000	None	None	-1	0	0	None	None	None	None	None	-1	-1	-1.000000	-1.000000	-1.000000	-1.000000		-1	-1	SPILL	DISC
WLH-SP-09	Wilson Dam	WLSA1	34.792500	-87.625275	0.000000	0.0000	0.0000	0.000000	None	-1.0000	-1					-1	-1	-1	0	0	0.0000	-1.0000	-1.0000	-1.0000	-1.0000	-1.0000	-1.0000	-1.0000	-1.0000	-1.0000	-1.0000	-1.0000	-1.0000	-1.0000	-1.0000	-1.0000	-1.0000		0		-1.0000	-1	0.000000	None	None	-1	0	0	None	None	None	None	None	-1	-1	-1.000000	-1.000000	-1.000000	-1.000000		-1	-1	SPILL	DISC
WLH-SP-10	Wilson Dam	WLSA1	34.792500	-87.625275	0.000000	0.0000	0.0000	0.000000	None	-1.0000	-1					-1	-1	-1	0	0	0.0000	-1.0000	-1.0000	-1.0000	-1.0000	-1.0000	-1.0000	-1.0000	-1.0000	-1.0000	-1.0000	-1.0000	-1.0000	-1.0000	-1.0000	-1.0000	-1.0000		0		-1.0000	-1	0.000000	None	None	-1	0	0	None	None	None	None	None	-1	-1	-1.000000	-1.000000	-1.000000	-1.000000		-1	-1	SPILL	DISC
WLH-SP-11	Wilson Dam	WLSA1	34.792500	-87.625275	0.000000	0.0000	0.0000	0.000000	None	-1.0000	-1					-1	-1	-1	0	0	0.0000	-1.0000	-1.0000	-1.0000	-1.0000	-1.0000	-1.0000	-1.0000	-1.0000	-1.0000	-1.0000	-1.0000	-1.0000	-1.0000	-1.0000	-1.0000	-1.0000		0		-1.0000	-1	0.000000	None	None	-1	0	0	None	None	None	None	None	-1	-1	-1.000000	-1.000000	-1.000000	-1.000000		-1	-1	SPILL	DISC
WLH-SP-12	Wilson Dam	WLSA1	34.792500	-87.625275	0.000000	0.0000	0.0000	0.000000	None	-1.0000	-1					-1	-1	-1	0	0	0.0000	-1.0000	-1.0000	-1.0000	-1.0000	-1.0000	-1.0000	-1.0000	-1.0000	-1.0000	-1.0000	-1.0000	-1.0000	-1.0000	-1.0000	-1.0000	-1.0000		0		-1.0000	-1	0.000000	None	None	-1	0	0	None	None	None	None	None	-1	-1	-1.000000	-1.000000	-1.000000	-1.000000		-1	-1	SPILL	DISC
WLH-SP-13	Wilson Dam	WLSA1	34.792500	-87.625275	0.000000	0.0000	0.0000	0.000000	None	-1.0000	-1					-1	-1	-1	0	0	0.0000	-1.0000	-1.0000	-1.0000	-1.0000	-1.0000	-1.0000	-1.0000	-1.0000	-1.0000	-1.0000	-1.0000	-1.0000	-1.0000	-1.0000	-1.0000	-1.0000		0		-1.0000	-1	0.000000	None	None	-1	0	0	None	None	None	None	None	-1	-1	-1.000000	-1.000000	-1.000000	-1.000000		-1	-1	SPILL	DISC
WLH-SP-14	Wilson Dam	WLSA1	34.792500	-87.625275	0.000000	0.0000	0.0000	0.000000	None	-1.0000	-1					-1	-1	-1	0	0	0.0000	-1.0000	-1.0000	-1.0000	-1.0000	-1.0000	-1.0000	-1.0000	-1.0000	-1.0000	-1.0000	-1.0000	-1.0000	-1.0000	-1.0000	-1.0000	-1.0000		0		-1.0000	-1	0.000000	None	None	-1	0	0	None	None	None	None	None	-1	-1	-1.000000	-1.000000	-1.000000	-1.000000		-1	-1	SPILL	DISC
WLH-SP-15	Wilson Dam	WLSA1	34.792500	-87.625275	0.000000	0.0000	0.0000	0.000000	None	-1.0000	-1					-1	-1	-1	0	0	0.0000	-1.0000	-1.0000	-1.0000	-1.0000	-1.0000	-1.0000	-1.0000	-1.0000	-1.0000	-1.0000	-1.0000	-1.0000	-1.0000	-1.0000	-1.0000	-1.0000		0		-1.0000	-1	0.000000	None	None	-1	0	0	None	None	None	None	None	-1	-1	-1.000000	-1.000000	-1.000000	-1.000000		-1	-1	SPILL	DISC
WLH-SP-16	Wilson Dam	WLSA1	34.792500	-87.625275	0.000000	0.0000	0.0000	0.000000	None	-1.0000	-1					-1	-1	-1	0	0	0.0000	-1.0000	-1.0000	-1.0000	-1.0000	-1.0000	-1.0000	-1.0000	-1.0000	-1.0000	-1.0000	-1.0000	-1.0000	-1.0000	-1.0000	-1.0000	-1.0000		0		-1.0000	-1	0.000000	None	None	-1	0	0	None	None	None	None	None	-1	-1	-1.000000	-1.000000	-1.000000	-1.000000		-1	-1	SPILL	DISC
WLH-SP-17	Wilson Dam	WLSA1	34.792500	-87.625275	0.000000	0.0000	0.0000	0.000000	None	-1.0000	-1					-1	-1	-1	0	0	0.0000	-1.0000	-1.0000	-1.0000	-1.0000	-1.0000	-1.0000	-1.0000	-1.0000	-1.0000	-1.0000	-1.0000	-1.0000	-1.0000	-1.0000	-1.0000	-1.0000		0		-1.0000	-1	0.000000	None	None	-1	0	0	None	None	None	None	None	-1	-1	-1.000000	-1.000000	-1.000000	-1.000000		-1	-1	SPILL	DISC
WLH-SP-18	Wilson Dam	WLSA1	34.792500	-87.625275	0.000000	0.0000	0.0000	0.000000	None	-1.0000	-1					-1	-1	-1	0	0	0.0000	-1.0000	-1.0000	-1.0000	-1.0000	-1.0000	-1.0000	-1.0000	-1.0000	-1.0000	-1.0000	-1.0000	-1.0000	-1.0000	-1.0000	-1.0000	-1.0000		0		-1.0000	-1	0.000000	None	None	-1	0	0	None	None	None	None	None	-1	-1	-1.000000	-1.000000	-1.000000	-1.000000		-1	-1	SPILL	DISC
WLH-SP-19	Wilson Dam	WLSA1	34.792500	-87.625275	0.000000	0.0000	0.0000	0.000000	None	-1.0000	-1					-1	-1	-1	0	0	0.0000	-1.0000	-1.0000	-1.0000	-1.0000	-1.0000	-1.0000	-1.0000	-1.0000	-1.0000	-1.0000	-1.0000	-1.0000	-1.0000	-1.0000	-1.0000	-1.0000		0		-1.0000	-1	0.000000	None	None	-1	0	0	None	None	None	None	None	-1	-1	-1.000000	-1.000000	-1.000000	-1.000000		-1	-1	SPILL	DISC
WLH-SP-20	Wilson Dam	WLSA1	34.792500	-87.625275	0.000000	0.0000	0.0000	0.000000	None	-1.0000	-1					-1	-1	-1	0	0	0.0000	-1.0000	-1.0000	-1.0000	-1.0000	-1.0000	-1.0000	-1.0000	-1.0000	-1.0000	-1.0000	-1.0000	-1.0000	-1.0000	-1.0000	-1.0000	-1.0000		0		-1.0000	-1	0.000000	None	None	-1	0	0	None	None	None	None	None	-1	-1	-1.000000	-1.000000	-1.000000	-1.000000		-1	-1	SPILL	DISC
WLH-SP-21	Wilson Dam	WLSA1	34.792500	-87.625275	0.000000	0.0000	0.0000	0.000000	None	-1.0000	-1					-1	-1	-1	0	0	0.0000	-1.0000	-1.0000	-1.0000	-1.0000	-1.0000	-1.0000	-1.0000	-1.0000	-1.0000	-1.0000	-1.0000	-1.0000	-1.0000	-1.0000	-1.0000	-1.0000		0		-1.0000	-1	0.000000	None	None	-1	0	0	None	None	None	None	None	-1	-1	-1.000000	-1.000000	-1.000000	-1.000000		-1	-1	SPILL	DISC
WLH-SP-22	Wilson Dam	WLSA1	34.792500	-87.625275	0.000000	0.0000	0.0000	0.000000	None	-1.0000	-1					-1	-1	-1	0	0	0.0000	-1.0000	-1.0000	-1.0000	-1.0000	-1.0000	-1.0000	-1.0000	-1.0000	-1.0000	-1.0000	-1.0000	-1.0000	-1.0000	-1.0000	-1.0000	-1.0000		0		-1.0000	-1	0.000000	None	None	-1	0	0	None	None	None	None	None	-1	-1	-1.000000	-1.000000	-1.000000	-1.000000		-1	-1	SPILL	DISC
WLH-SP-23	Wilson Dam	WLSA1	34.792500	-87.625275	0.000000	0.0000	0.0000	0.000000	None	-1.0000	-1					-1	-1	-1	0	0	0.0000	-1.0000	-1.0000	-1.0000	-1.0000	-1.0000	-1.0000	-1.0000	-1.0000	-1.0000	-1.0000	-1.0000	-1.0000	-1.0000	-1.0000	-1.0000	-1.0000		0		-1.0000	-1	0.000000	None	None	-1	0	0	None	None	None	None	None	-1	-1	-1.000000	-1.000000	-1.000000	-1.000000		-1	-1	SPILL	DISC
WLH-SP-24	Wilson Dam	WLSA1	34.792500	-87.625275	0.000000	0.0000	0.0000	0.000000	None	-1.0000	-1					-1	-1	-1	0	0	0.0000	-1.0000	-1.0000	-1.0000	-1.0000	-1.0000	-1.0000	-1.0000	-1.0000	-1.0000	-1.0000	-1.0000	-1.0000	-1.0000	-1.0000	-1.0000	-1.0000		0		-1.0000	-1	0.000000	None	None	-1	0	0	None	None	None	None	None	-1	-1	-1.000000	-1.000000	-1.000000	-1.000000		-1	-1	SPILL	DISC
WLH-SP-25	Wilson Dam	WLSA1	34.792500	-87.625275	0.000000	0.0000	0.0000	0.000000	None	-1.0000	-1					-1	-1	-1	0	0	0.0000	-1.0000	-1.0000	-1.0000	-1.0000	-1.0000	-1.0000	-1.0000	-1.0000	-1.0000	-1.0000	-1.0000	-1.0000	-1.0000	-1.0000	-1.0000	-1.0000		0		-1.0000	-1	0.000000	None	None	-1	0	0	None	None	None	None	None	-1	-1	-1.000000	-1.000000	-1.000000	-1.000000		-1	-1	SPILL	DISC
WLH-SP-26	Wilson Dam	WLSA1	34.792500	-87.625275	0.000000	0.0000	0.0000	0.000000	None	-1.0000	-1					-1	-1	-1	0	0	0.0000	-1.0000	-1.0000	-1.0000	-1.0000	-1.0000	-1.0000	-1.0000	-1.0000	-1.0000	-1.0000	-1.0000	-1.0000	-1.0000	-1.0000	-1.0000	-1.0000		0		-1.0000	-1	0.000000	None	None	-1	0	0	None	None	None	None	None	-1	-1	-1.000000	-1.000000	-1.000000	-1.000000		-1	-1	SPILL	DISC
WLH-SP-27	Wilson Dam	WLSA1	34.792500	-87.625275	0.000000	0.0000	0.0000	0.000000	None	-1.0000	-1					-1	-1	-1	0	0	0.0000	-1.0000	-1.0000	-1.0000	-1.0000	-1.0000	-1.0000	-1.0000	-1.0000	-1.0000	-1.0000	-1.0000	-1.0000	-1.0000	-1.0000	-1.0000	-1.0000		0		-1.0000	-1	0.000000	None	None	-1	0	0	None	None	None	None	None	-1	-1	-1.000000	-1.000000	-1.000000	-1.000000		-1	-1	SPILL	DISC
WLH-SP-28	Wilson Dam	WLSA1	34.792500	-87.625275	0.000000	0.0000	0.0000	0.000000	None	-1.0000	-1					-1	-1	-1	0	0	0.0000	-1.0000	-1.0000	-1.0000	-1.0000	-1.0000	-1.0000	-1.0000	-1.0000	-1.0000	-1.0000	-1.0000	-1.0000	-1.0000	-1.0000	-1.0000	-1.0000		0		-1.0000	-1	0.000000	None	None	-1	0	0	None	None	None	None	None	-1	-1	-1.000000	-1.000000	-1.000000	-1.000000		-1	-1	SPILL	DISC
WLH-SP-29	Wilson Dam	WLSA1	34.792500	-87.625275	0.000000	0.0000	0.0000	0.000000	None	-1.0000	-1					-1	-1	-1	0	0	0.0000	-1.0000	-1.0000	-1.0000	-1.0000	-1.0000	-1.0000	-1.0000	-1.0000	-1.0000	-1.0000	-1.0000	-1.0000	-1.0000	-1.0000	-1.0000	-1.0000		0		-1.0000	-1	0.000000	None	None	-1	0	0	None	None	None	None	None	-1	-1	-1.000000	-1.000000	-1.000000	-1.000000		-1	-1	SPILL	DISC
WLH-SP-30	Wilson Dam	WLSA1	34.792500	-87.625275	0.000000	0.0000	0.0000	0.000000	None	-1.0000	-1					-1	-1	-1	0	0	0.0000	-1.0000	-1.0000	-1.0000	-1.0000	-1.0000	-1.0000	-1.0000	-1.0000	-1.0000	-1.0000	-1.0000	-1.0000	-1.0000	-1.0000	-1.0000	-1.0000		0		-1.0000	-1	0.000000	None	None	-1	0	0	None	None	None	None	None	-1	-1	-1.000000	-1.000000	-1.000000	-1.000000		-1	-1	SPILL	DISC
WLH-SP-31	Wilson Dam	WLSA1	34.792500	-87.625275	0.000000	0.0000	0.0000	0.000000	None	-1.0000	-1					-1	-1	-1	0	0	0.0000	-1.0000	-1.0000	-1.0000	-1.0000	-1.0000	-1.0000	-1.0000	-1.0000	-1.0000	-1.0000	-1.0000	-1.0000	-1.0000	-1.0000	-1.0000	-1.0000		0		-1.0000	-1	0.000000	None	None	-1	0	0	None	None	None	None	None	-1	-1	-1.000000	-1.000000	-1.000000	-1.000000		-1	-1	SPILL	DISC
WLH-SP-32	Wilson Dam	WLSA1	34.792500	-87.625275	0.000000	0.0000	0.0000	0.000000	None	-1.0000	-1					-1	-1	-1	0	0	0.0000	-1.0000	-1.0000	-1.0000	-1.0000	-1.0000	-1.0000	-1.0000	-1.0000	-1.0000	-1.0000	-1.0000	-1.0000	-1.0000	-1.0000	-1.0000	-1.0000		0		-1.0000	-1	0.000000	None	None	-1	0	0	None	None	None	None	None	-1	-1	-1.000000	-1.000000	-1.000000	-1.000000		-1	-1	SPILL	DISC
WLH-SP-33	Wilson Dam	WLSA1	34.792500	-87.625275	0.000000	0.0000	0.0000	0.000000	None	-1.0000	-1					-1	-1	-1	0	0	0.0000	-1.0000	-1.0000	-1.0000	-1.0000	-1.0000	-1.0000	-1.0000	-1.0000	-1.0000	-1.0000	-1.0000	-1.0000	-1.0000	-1.0000	-1.0000	-1.0000		0		-1.0000	-1	0.000000	None	None	-1	0	0	None	None	None	None	None	-1	-1	-1.000000	-1.000000	-1.000000	-1.000000		-1	-1	SPILL	DISC
WLH-SP-34	Wilson Dam	WLSA1	34.792500	-87.625275	0.000000	0.0000	0.0000	0.000000	None	-1.0000	-1					-1	-1	-1	0	0	0.0000	-1.0000	-1.0000	-1.0000	-1.0000	-1.0000	-1.0000	-1.0000	-1.0000	-1.0000	-1.0000	-1.0000	-1.0000	-1.0000	-1.0000	-1.0000	-1.0000		0		-1.0000	-1	0.000000	None	None	-1	0	0	None	None	None	None	None	-1	-1	-1.000000	-1.000000	-1.000000	-1.000000		-1	-1	SPILL	DISC
WLH-SP-35	Wilson Dam	WLSA1	34.792500	-87.625275	0.000000	0.0000	0.0000	0.000000	None	-1.0000	-1					-1	-1	-1	0	0	0.0000	-1.0000	-1.0000	-1.0000	-1.0000	-1.0000	-1.0000	-1.0000	-1.0000	-1.0000	-1.0000	-1.0000	-1.0000	-1.0000	-1.0000	-1.0000	-1.0000		0		-1.0000	-1	0.000000	None	None	-1	0	0	None	None	None	None	None	-1	-1	-1.000000	-1.000000	-1.000000	-1.000000		-1	-1	SPILL	DISC
WLH-SP-36	Wilson Dam	WLSA1	34.792500	-87.625275	0.000000	0.0000	0.0000	0.000000	None	-1.0000	-1					-1	-1	-1	0	0	0.0000	-1.0000	-1.0000	-1.0000	-1.0000	-1.0000	-1.0000	-1.0000	-1.0000	-1.0000	-1.0000	-1.0000	-1.0000	-1.0000	-1.0000	-1.0000	-1.0000		0		-1.0000	-1	0.000000	None	None	-1	0	0	None	None	None	None	None	-1	-1	-1.000000	-1.000000	-1.000000	-1.000000		-1	-1	SPILL	DISC
WLH-SP-37	Wilson Dam	WLSA1	34.792500	-87.625275	0.000000	0.0000	0.0000	0.000000	None	-1.0000	-1					-1	-1	-1	0	0	0.0000	-1.0000	-1.0000	-1.0000	-1.0000	-1.0000	-1.0000	-1.0000	-1.0000	-1.0000	-1.0000	-1.0000	-1.0000	-1.0000	-1.0000	-1.0000	-1.0000		0		-1.0000	-1	0.000000	None	None	-1	0	0	None	None	None	None	None	-1	-1	-1.000000	-1.000000	-1.000000	-1.000000		-1	-1	SPILL	DISC
WLH-SP-38	Wilson Dam	WLSA1	34.792500	-87.625275	0.000000	0.0000	0.0000	0.000000	None	-1.0000	-1					-1	-1	-1	0	0	0.0000	-1.0000	-1.0000	-1.0000	-1.0000	-1.0000	-1.0000	-1.0000	-1.0000	-1.0000	-1.0000	-1.0000	-1.0000	-1.0000	-1.0000	-1.0000	-1.0000		0		-1.0000	-1	0.000000	None	None	-1	0	0	None	None	None	None	None	-1	-1	-1.000000	-1.000000	-1.000000	-1.000000		-1	-1	SPILL	DISC
WLH-SP-39	Wilson Dam	WLSA1	34.792500	-87.625275	0.000000	0.0000	0.0000	0.000000	None	-1.0000	-1					-1	-1	-1	0	0	0.0000	-1.0000	-1.0000	-1.0000	-1.0000	-1.0000	-1.0000	-1.0000	-1.0000	-1.0000	-1.0000	-1.0000	-1.0000	-1.0000	-1.0000	-1.0000	-1.0000		0		-1.0000	-1	0.000000	None	None	-1	0	0	None	None	None	None	None	-1	-1	-1.000000	-1.000000	-1.000000	-1.000000		-1	-1	SPILL	DISC
WLH-SP-40	Wilson Dam	WLSA1	34.792500	-87.625275	0.000000	0.0000	0.0000	0.000000	None	-1.0000	-1					-1	-1	-1	0	0	0.0000	-1.0000	-1.0000	-1.0000	-1.0000	-1.0000	-1.0000	-1.0000	-1.0000	-1.0000	-1.0000	-1.0000	-1.0000	-1.0000	-1.0000	-1.0000	-1.0000		0		-1.0000	-1	0.000000	None	None	-1	0	0	None	None	None	None	None	-1	-1	-1.000000	-1.000000	-1.000000	-1.000000		-1	-1	SPILL	DISC
WLH-SP-41	Wilson Dam	WLSA1	34.792500	-87.625275	0.000000	0.0000	0.0000	0.000000	None	-1.0000	-1					-1	-1	-1	0	0	0.0000	-1.0000	-1.0000	-1.0000	-1.0000	-1.0000	-1.0000	-1.0000	-1.0000	-1.0000	-1.0000	-1.0000	-1.0000	-1.0000	-1.0000	-1.0000	-1.0000		0		-1.0000	-1	0.000000	None	None	-1	0	0	None	None	None	None	None	-1	-1	-1.000000	-1.000000	-1.000000	-1.000000		-1	-1	SPILL	DISC
WLH-SP-42	Wilson Dam	WLSA1	34.792500	-87.625275	0.000000	0.0000	0.0000	0.000000	None	-1.0000	-1					-1	-1	-1	0	0	0.0000	-1.0000	-1.0000	-1.0000	-1.0000	-1.0000	-1.0000	-1.0000	-1.0000	-1.0000	-1.0000	-1.0000	-1.0000	-1.0000	-1.0000	-1.0000	-1.0000		0		-1.0000	-1	0.000000	None	None	-1	0	0	None	None	None	None	None	-1	-1	-1.000000	-1.000000	-1.000000	-1.000000		-1	-1	SPILL	DISC
WLH-SP-43	Wilson Dam	WLSA1	34.792500	-87.625275	0.000000	0.0000	0.0000	0.000000	None	-1.0000	-1					-1	-1	-1	0	0	0.0000	-1.0000	-1.0000	-1.0000	-1.0000	-1.0000	-1.0000	-1.0000	-1.0000	-1.0000	-1.0000	-1.0000	-1.0000	-1.0000	-1.0000	-1.0000	-1.0000		0		-1.0000	-1	0.000000	None	None	-1	0	0	None	None	None	None	None	-1	-1	-1.000000	-1.000000	-1.000000	-1.000000		-1	-1	SPILL	DISC
WLH-SP-44	Wilson Dam	WLSA1	34.792500	-87.625275	0.000000	0.0000	0.0000	0.000000	None	-1.0000	-1					-1	-1	-1	0	0	0.0000	-1.0000	-1.0000	-1.0000	-1.0000	-1.0000	-1.0000	-1.0000	-1.0000	-1.0000	-1.0000	-1.0000	-1.0000	-1.0000	-1.0000	-1.0000	-1.0000		0		-1.0000	-1	0.000000	None	None	-1	0	0	None	None	None	None	None	-1	-1	-1.000000	-1.000000	-1.000000	-1.000000		-1	-1	SPILL	DISC
WLH-SP-45	Wilson Dam	WLSA1	34.792500	-87.625275	0.000000	0.0000	0.0000	0.000000	None	-1.0000	-1					-1	-1	-1	0	0	0.0000	-1.0000	-1.0000	-1.0000	-1.0000	-1.0000	-1.0000	-1.0000	-1.0000	-1.0000	-1.0000	-1.0000	-1.0000	-1.0000	-1.0000	-1.0000	-1.0000		0		-1.0000	-1	0.000000	None	None	-1	0	0	None	None	None	None	None	-1	-1	-1.000000	-1.000000	-1.000000	-1.000000		-1	-1	SPILL	DISC
WLH-SP-46	Wilson Dam	WLSA1	34.792500	-87.625275	0.000000	0.0000	0.0000	0.000000	None	-1.0000	-1					-1	-1	-1	0	0	0.0000	-1.0000	-1.0000	-1.0000	-1.0000	-1.0000	-1.0000	-1.0000	-1.0000	-1.0000	-1.0000	-1.0000	-1.0000	-1.0000	-1.0000	-1.0000	-1.0000		0		-1.0000	-1	0.000000	None	None	-1	0	0	None	None	None	None	None	-1	-1	-1.000000	-1.000000	-1.000000	-1.000000		-1	-1	SPILL	DISC
WLH-SP-47	Wilson Dam	WLSA1	34.792500	-87.625275	0.000000	0.0000	0.0000	0.000000	None	-1.0000	-1					-1	-1	-1	0	0	0.0000	-1.0000	-1.0000	-1.0000	-1.0000	-1.0000	-1.0000	-1.0000	-1.0000	-1.0000	-1.0000	-1.0000	-1.0000	-1.0000	-1.0000	-1.0000	-1.0000		0		-1.0000	-1	0.000000	None	None	-1	0	0	None	None	None	None	None	-1	-1	-1.000000	-1.000000	-1.000000	-1.000000		-1	-1	SPILL	DISC
WLH-SP-48	Wilson Dam	WLSA1	34.792500	-87.625275	0.000000	0.0000	0.0000	0.000000	None	-1.0000	-1					-1	-1	-1	0	0	0.0000	-1.0000	-1.0000	-1.0000	-1.0000	-1.0000	-1.0000	-1.0000	-1.0000	-1.0000	-1.0000	-1.0000	-1.0000	-1.0000	-1.0000	-1.0000	-1.0000		0		-1.0000	-1	0.000000	None	None	-1	0	0	None	None	None	None	None	-1	-1	-1.000000	-1.000000	-1.000000	-1.000000		-1	-1	SPILL	DISC
WLH-SP-49	Wilson Dam	WLSA1	34.792500	-87.625275	0.000000	0.0000	0.0000	0.000000	None	-1.0000	-1					-1	-1	-1	0	0	0.0000	-1.0000	-1.0000	-1.0000	-1.0000	-1.0000	-1.0000	-1.0000	-1.0000	-1.0000	-1.0000	-1.0000	-1.0000	-1.0000	-1.0000	-1.0000	-1.0000		0		-1.0000	-1	0.000000	None	None	-1	0	0	None	None	None	None	None	-1	-1	-1.000000	-1.000000	-1.000000	-1.000000		-1	-1	SPILL	DISC
WLSA1	Wilson Dam	WLSA1	34.792500	-87.625275	0.000000	121.9200	0.0000	0.000000	Tennessee	259.4000	1110		CST	Hydro	WLH	21	650	31	0	1	0.0000	31.0000	7.0000	-1.0000	504.5000	504.5000	-1.0000	-1.0000	487.3400	-1.0000	507.8800	513.3000	-1.0000	-1.0000	8.0000	-1.0000	200.0000	AL	0	TVA	507.9000	-1	0.000000	Precip	Guntersville=>Wheeler=>Wilson=>Pickwick=>Kentucky	3	26	16	TVA	Hydropower	WLH	WLH	None	-1	-1	-1.000000	-1.000000	-1.000000	-1.000000		-1	-1
WLTN7	Walters Dam	WLTN7	35.694443	-83.050552	0.000000	0.0000	0.0000	0.000000	Pigeon	38.0000	340		EST			-1	-1	-1	0	0	0.0000	6.0000	-1.0000	-1.0000	-1.0000	-1.0000	-1.0000	-1.0000	-1.0000	-1.0000	-1.0000	-1.0000	-1.0000	-1.0000	-1.0000	-1.0000	-1.0000	NC	0	DUKE	-1.0000	-1	0.000000	Precip	None	-1	0	0	Duke Energy	Non-hydropower	None	None	None	-1	-1	-1.000000	-1.000000	-1.000000	-1.000000		-1	-1
WMorgan_ELawrence	W Morgan/E Lawrence	WMorgan_ELawrence	34.779000	-87.221000	0.000000	0.0000	0.0000	0.000000	None	-1.0000	-1					-1	-1	-1	0	0	0.0000	-1.0000	-1.0000	-1.0000	-1.0000	-1.0000	-1.0000	-1.0000	-1.0000	-1.0000	-1.0000	-1.0000	-1.0000	-1.0000	-1.0000	-1.0000	-1.0000		0		-1.0000	-1	0.000000	None	None	-1	0	0	None	None	None	None	None	-1	-1	-1.000000	-1.000000	-1.000000	-1.000000		-1	-1
WNBT1	Waynesboro	WNBT1	35.332222	-87.691391	0.000000	0.0000	0.0000	0.000000	None	-1.0000	-1		CST			-1	-1	-1	0	0	0.0000	-1.0000	-1.0000	-1.0000	-1.0000	-1.0000	-1.0000	-1.0000	-1.0000	-1.0000	-1.0000	-1.0000	-1.0000	-1.0000	-1.0000	-1.0000	-1.0000	TN	0		-1.0000	-1	0.000000	Precip	None	-1	0	0	None	None	None	None	None	-1	-1	-1.000000	-1.000000	-1.000000	-1.000000		-1	-1
WNEN7	Wine Springs Bald	WNEN7	35.172780	-83.580560	0.000000	0.0000	0.0000	0.000000	None	-1.0000	-1		EST			-1	-1	-1	0	0	0.0000	-1.0000	-1.0000	-1.0000	-1.0000	-1.0000	-1.0000	-1.0000	-1.0000	-1.0000	-1.0000	-1.0000	-1.0000	-1.0000	-1.0000	-1.0000	-1.0000	NC	0		-1.0000	-1	0.000000	Precip	None	-1	0	0	None	None	None	None	None	-1	-1	-1.000000	-1.000000	-1.000000	-1.000000		-1	-1
WQFloat1_Middle	Water Quality Float 1 (Wheeler-Decatur)	WQFloat1_Middle	34.654000	-87.011000	0.000000	0.0000	0.0000	0.000000	None	-1.0000	-1					-1	-1	-1	0	0	0.0000	-1.0000	-1.0000	-1.0000	-1.0000	-1.0000	-1.0000	-1.0000	-1.0000	-1.0000	-1.0000	-1.0000	-1.0000	-1.0000	-1.0000	-1.0000	-1.0000		0		-1.0000	-1	0.000000	None	None	-1	0	0	None	None	None	None	None	-1	-1	-1.000000	-1.000000	-1.000000	-1.000000		-1	-1
WQFloat2_US	Water Quality Float 2 (Guntersville)	WQFloat2_US	34.421112	-86.393059	0.000000	0.0000	0.0000	0.000000	None	-1.0000	-1					-1	-1	-1	0	0	0.0000	-1.0000	-1.0000	-1.0000	-1.0000	-1.0000	-1.0000	-1.0000	-1.0000	-1.0000	-1.0000	-1.0000	-1.0000	-1.0000	-1.0000	-1.0000	-1.0000		0		-1.0000	-1	0.000000	None	None	-1	0	0	None	None	None	None	None	-1	-1	-1.000000	-1.000000	-1.000000	-1.000000		-1	-1
WQFloat3_DS	Water Quality Float 3 (Wheeler-Downstream)	WQFloat3_DS	34.666000	-87.025000	0.000000	0.0000	0.0000	0.000000	None	-1.0000	-1					-1	-1	-1	0	0	0.0000	-1.0000	-1.0000	-1.0000	-1.0000	-1.0000	-1.0000	-1.0000	-1.0000	-1.0000	-1.0000	-1.0000	-1.0000	-1.0000	-1.0000	-1.0000	-1.0000		0		-1.0000	-1	0.000000	None	None	-1	0	0	None	None	None	None	None	-1	-1	-1.000000	-1.000000	-1.000000	-1.000000		-1	-1
WRTA1	Wright	WRTA1	34.956390	-87.953888	0.000000	0.0000	0.0000	0.000000	None	-1.0000	-1		CST			-1	-1	-1	0	0	0.0000	-1.0000	-1.0000	-1.0000	-1.0000	-1.0000	-1.0000	-1.0000	-1.0000	-1.0000	-1.0000	-1.0000	-1.0000	-1.0000	-1.0000	-1.0000	-1.0000	AL	0		-1.0000	-1	0.000000	Precip	None	-1	0	0	None	None	None	None	None	-1	-1	-1.000000	-1.000000	-1.000000	-1.000000		-1	-1
WTBA1	Whitesburg	WTBA1	34.601389	-86.551111	0.000000	0.0000	0.0000	0.000000	None	-1.0000	-1					-1	-1	-1	0	0	0.0000	-1.0000	-1.0000	-1.0000	-1.0000	-1.0000	-1.0000	-1.0000	-1.0000	-1.0000	-1.0000	-1.0000	-1.0000	-1.0000	-1.0000	-1.0000	-1.0000	AL	0		-1.0000	-1	0.000000	Precip	None	-1	0	0	None	None	None	None	None	-1	-1	-1.000000	-1.000000	-1.000000	-1.000000		-1	-1
WTBT1	Wartburg	WTBT1	36.114166	-84.604164	0.000000	0.0000	0.0000	0.000000	None	-1.0000	-1		EST			-1	-1	-1	0	0	0.0000	-1.0000	-1.0000	-1.0000	-1.0000	-1.0000	-1.0000	-1.0000	-1.0000	-1.0000	-1.0000	-1.0000	-1.0000	-1.0000	-1.0000	-1.0000	-1.0000	TN	0		-1.0000	-1	0.000000	Precip	None	-1	0	0	None	None	None	None	None	-1	-1	-1.000000	-1.000000	-1.000000	-1.000000		-1	-1
WTGT1	Watauga Dam	WTGT1	36.329166	-82.125275	0.000000	1741.6500	0.0000	0.000000	Watauga	36.7000	100	3483500	EST		WTH	2	70	35	0	1	0.0000	2.0000	5.0000	-1.0000	-1.0000	1915.0000	1815.0000	-1.0000	1975.0000	-1.0000	1975.0000	2012.0000	-1.0000	-1.0000	-1.0000	-1.0000	8.0000	TN	1	TVA	1975.0000	1949	0.000000	Precip	South Holston=>Watauga=>Boone=>Cherokee	2	2	23	TVA	Hydropower	Wata	WTH	None	-1	-1	-1.000000	-1.000000	-1.000000	-1.000000		-1	-1
WTH-01	Watauga-Unit1	WTGT1	36.329166	-82.125275	0.000000	0.0000	0.0000	0.000000	None	-1.0000	-1					-1	-1	-1	0	0	0.0000	-1.0000	-1.0000	-1.0000	-1.0000	-1.0000	-1.0000	-1.0000	-1.0000	-1.0000	-1.0000	-1.0000	-1.0000	-1.0000	-1.0000	-1.0000	-1.0000		0		-1.0000	-1	0.000000	None	None	-1	0	0	None	None	None	None	None	-1	-1	-1.000000	-1.000000	-1.000000	-1.000000	Hydro	2500	40
WTH-02	Watauga-Unit2	WTGT1	36.329166	-82.125275	0.000000	0.0000	0.0000	0.000000	None	-1.0000	-1					-1	-1	-1	0	0	0.0000	-1.0000	-1.0000	-1.0000	-1.0000	-1.0000	-1.0000	-1.0000	-1.0000	-1.0000	-1.0000	-1.0000	-1.0000	-1.0000	-1.0000	-1.0000	-1.0000		0		-1.0000	-1	0.000000	None	None	-1	0	0	None	None	None	None	None	-1	-1	-1.000000	-1.000000	-1.000000	-1.000000	Hydro	2500	30
WTH-SL-01	Watauga Dam	WTGT1	36.329166	-82.125275	0.000000	0.0000	0.0000	0.000000	None	-1.0000	-1					-1	-1	-1	0	0	0.0000	-1.0000	-1.0000	-1.0000	-1.0000	-1.0000	-1.0000	-1.0000	-1.0000	-1.0000	-1.0000	-1.0000	-1.0000	-1.0000	-1.0000	-1.0000	-1.0000		0		-1.0000	-1	0.000000	None	None	-1	0	0	None	None	None	None	None	-1	-1	-1.000000	-1.000000	-1.000000	-1.000000		-1	-1	SLUICE	CONT
WTH-SL-02	Watauga Dam	WTGT1	36.329166	-82.125275	0.000000	0.0000	0.0000	0.000000	None	-1.0000	-1					-1	-1	-1	0	0	0.0000	-1.0000	-1.0000	-1.0000	-1.0000	-1.0000	-1.0000	-1.0000	-1.0000	-1.0000	-1.0000	-1.0000	-1.0000	-1.0000	-1.0000	-1.0000	-1.0000		0		-1.0000	-1	0.000000	None	None	-1	0	0	None	None	None	None	None	-1	-1	-1.000000	-1.000000	-1.000000	-1.000000		-1	-1	SLUICE	CONT
WTH-SP-01	Watauga Dam	WTGT1	36.329166	-82.125275	0.000000	0.0000	0.0000	0.000000	None	-1.0000	-1					-1	-1	-1	0	0	0.0000	-1.0000	-1.0000	-1.0000	-1.0000	-1.0000	-1.0000	-1.0000	-1.0000	-1.0000	-1.0000	-1.0000	-1.0000	-1.0000	-1.0000	-1.0000	-1.0000		0		-1.0000	-1	0.000000	None	None	-1	0	0	None	None	None	None	None	-1	-1	-1.000000	-1.000000	-1.000000	-1.000000		-1	-1	SPILL	DISC
WTP_Knoxville	WTP (Knoxville)	WTP_Knoxville	35.961731	-83.887686	0.000000	0.0000	0.0000	0.000000	None	-1.0000	-1					-1	-1	-1	0	0	0.0000	-1.0000	-1.0000	-1.0000	-1.0000	-1.0000	-1.0000	-1.0000	-1.0000	-1.0000	-1.0000	-1.0000	-1.0000	-1.0000	-1.0000	-1.0000	-1.0000		0		-1.0000	-1	0.000000	None	None	-1	0	0	None	None	None	None	None	-1	-1	-1.000000	-1.000000	-1.000000	-1.000000		-1	-1
WTP_Sevierville	WTP (Sevierville)	WTP_Sevierville	35.932395	-83.593834	0.000000	0.0000	0.0000	0.000000	None	-1.0000	-1					-1	-1	-1	0	0	0.0000	-1.0000	-1.0000	-1.0000	-1.0000	-1.0000	-1.0000	-1.0000	-1.0000	-1.0000	-1.0000	-1.0000	-1.0000	-1.0000	-1.0000	-1.0000	-1.0000		0		-1.0000	-1	0.000000	None	None	-1	0	0	None	None	None	None	None	-1	-1	-1.000000	-1.000000	-1.000000	-1.000000		-1	-1
WWLT1	Whitwell	WWLT1	35.208611	-85.519447	0.000000	0.0000	0.0000	0.000000	None	-1.0000	-1		CST			-1	-1	-1	0	0	0.0000	-1.0000	-1.0000	-1.0000	-1.0000	-1.0000	-1.0000	-1.0000	-1.0000	-1.0000	-1.0000	-1.0000	-1.0000	-1.0000	-1.0000	-1.0000	-1.0000	TN	0		-1.0000	-1	0.000000	Precip	None	-1	0	0	None	None	None	None	None	-1	-1	-1.000000	-1.000000	-1.000000	-1.000000		-1	-1
WWTP_Lakeshore_Park	WWTP (Lakeshore Park)	WWTP_Lakeshore_Park	35.915185	-83.982083	0.000000	0.0000	0.0000	0.000000	None	-1.0000	-1					-1	-1	-1	0	0	0.0000	-1.0000	-1.0000	-1.0000	-1.0000	-1.0000	-1.0000	-1.0000	-1.0000	-1.0000	-1.0000	-1.0000	-1.0000	-1.0000	-1.0000	-1.0000	-1.0000		0		-1.0000	-1	0.000000	None	None	-1	0	0	None	None	None	None	None	-1	-1	-1.000000	-1.000000	-1.000000	-1.000000		-1	-1
WWTP_Loves_Creek	WWTP (Loves Creek)	WWTP_Loves_Creek	36.010541	-83.828023	0.000000	0.0000	0.0000	0.000000	None	-1.0000	-1					-1	-1	-1	0	0	0.0000	-1.0000	-1.0000	-1.0000	-1.0000	-1.0000	-1.0000	-1.0000	-1.0000	-1.0000	-1.0000	-1.0000	-1.0000	-1.0000	-1.0000	-1.0000	-1.0000		0		-1.0000	-1	0.000000	None	None	-1	0	0	None	None	None	None	None	-1	-1	-1.000000	-1.000000	-1.000000	-1.000000		-1	-1
WWTP_Neyland_Dr	WWTP (Neyland Dr)	WWTP_Neyland_Dr	35.942174	-83.931677	0.000000	0.0000	0.0000	0.000000	None	-1.0000	-1					-1	-1	-1	0	0	0.0000	-1.0000	-1.0000	-1.0000	-1.0000	-1.0000	-1.0000	-1.0000	-1.0000	-1.0000	-1.0000	-1.0000	-1.0000	-1.0000	-1.0000	-1.0000	-1.0000		0		-1.0000	-1	0.000000	None	None	-1	0	0	None	None	None	None	None	-1	-1	-1.000000	-1.000000	-1.000000	-1.000000		-1	-1
YGHG1	Young Harris	YGHG1	34.946945	-83.846107	0.000000	0.0000	0.0000	0.000000	None	-1.0000	-1		EST			-1	-1	-1	0	0	0.0000	-1.0000	-1.0000	-1.0000	-1.0000	-1.0000	-1.0000	-1.0000	-1.0000	-1.0000	-1.0000	-1.0000	-1.0000	-1.0000	-1.0000	-1.0000	-1.0000	GA	0		-1.0000	-1	0.000000	Precip	None	-1	0	0	None	None	None	None	None	-1	-1	-1.000000	-1.000000	-1.000000	-1.000000		-1	-1
YNCN7	Yancey	YNCN7	35.912498	-82.294724	0.000000	0.0000	0.0000	0.000000	None	-1.0000	-1		EST			-1	-1	-1	0	0	0.0000	-1.0000	-1.0000	-1.0000	-1.0000	-1.0000	-1.0000	-1.0000	-1.0000	-1.0000	-1.0000	-1.0000	-1.0000	-1.0000	-1.0000	-1.0000	-1.0000	NC	0		-1.0000	-1	0.000000	Precip	None	-1	0	0	None	None	None	None	None	-1	-1	-1.000000	-1.000000	-1.000000	-1.000000		-1	-1